-- phpMyAdmin SQL Dump
-- version 4.6.6
-- https://www.phpmyadmin.net/
--
-- Host: localhost:3306
-- Erstellungszeit: 25. Jan 2019 um 14:37
-- Server-Version: 5.7.20-0ubuntu0.16.04.1
-- PHP-Version: 5.6.30

SET SQL_MODE = "NO_AUTO_VALUE_ON_ZERO";
SET time_zone = "+00:00";


/*!40101 SET @OLD_CHARACTER_SET_CLIENT=@@CHARACTER_SET_CLIENT */;
/*!40101 SET @OLD_CHARACTER_SET_RESULTS=@@CHARACTER_SET_RESULTS */;
/*!40101 SET @OLD_COLLATION_CONNECTION=@@COLLATION_CONNECTION */;
/*!40101 SET NAMES utf8mb4 */;

--
-- Datenbank: `db_hm_vsoh`
--

-- --------------------------------------------------------

--
-- Tabellenstruktur für Tabelle `action`
--

CREATE TABLE `action` (
  `id` bigint(20) UNSIGNED NOT NULL,
  `name` varchar(120) COLLATE utf8_bin NOT NULL,
  `resource` varchar(255) COLLATE utf8_bin NOT NULL,
  `controller_id` bigint(20) UNSIGNED NOT NULL,
  `role_id` int(10) UNSIGNED NOT NULL,
  `is_allowed` tinyint(1) DEFAULT '0',
  `is_action_method` tinyint(1) DEFAULT '0',
  `is_html_view` tinyint(1) DEFAULT '0',
  `is_ajax_view` tinyint(1) DEFAULT '0',
  `is_json_view` tinyint(1) DEFAULT '0',
  `layout` varchar(120) COLLATE utf8_bin DEFAULT NULL,
  `content_partial` varchar(120) COLLATE utf8_bin DEFAULT NULL,
  `canonical_lang` varchar(2) COLLATE utf8_bin DEFAULT NULL,
  `robots` varchar(45) COLLATE utf8_bin DEFAULT NULL,
  `created_at` datetime NOT NULL,
  `updated_at` datetime NOT NULL,
  `deleted_at` datetime DEFAULT NULL
) ENGINE=InnoDB DEFAULT CHARSET=utf8 COLLATE=utf8_bin;

--
-- Daten für Tabelle `action`
--

INSERT INTO `action` (`id`, `name`, `resource`, `controller_id`, `role_id`, `is_allowed`, `is_action_method`, `is_html_view`, `is_ajax_view`, `is_json_view`, `layout`, `content_partial`, `canonical_lang`, `robots`, `created_at`, `updated_at`, `deleted_at`) VALUES
(1, 'activate', 'default.activation.activate', 1, 6, 1, 0, 0, 0, 0, NULL, NULL, NULL, NULL, '2018-11-26 10:10:27', '2018-11-26 10:10:27', NULL),
(2, 'expired', 'default.activation.expired', 1, 6, 1, 0, 0, 0, 0, NULL, NULL, NULL, NULL, '2018-11-26 10:10:27', '2018-11-26 10:10:27', NULL),
(3, 'unknown', 'default.activation.unknown', 1, 6, 1, 0, 0, 0, 0, NULL, NULL, NULL, NULL, '2018-11-26 10:10:27', '2018-11-26 10:10:27', NULL),
(4, 'used', 'default.activation.used', 1, 6, 1, 0, 0, 0, 0, NULL, NULL, NULL, NULL, '2018-11-26 10:10:27', '2018-11-26 10:10:27', NULL),
(5, 'index', 'default.blog.index', 2, 6, 1, 0, 0, 0, 0, NULL, NULL, NULL, NULL, '2018-11-26 10:10:27', '2018-11-26 10:10:27', NULL),
(6, 'rss', 'default.blog.rss', 2, 6, 1, 0, 0, 0, 0, NULL, NULL, NULL, NULL, '2018-11-26 10:10:27', '2018-11-26 10:10:27', NULL),
(7, 'detail', 'default.blog.detail', 2, 6, 1, 0, 0, 0, 0, NULL, NULL, NULL, NULL, '2018-11-26 10:10:27', '2018-11-26 10:10:27', NULL),
(8, 'index', 'default.commissions.index', 3, 6, 1, 0, 0, 0, 0, NULL, NULL, NULL, NULL, '2018-11-26 10:10:27', '2018-11-26 10:10:27', NULL),
(9, 'detail', 'default.commissions.detail', 3, 6, 1, 0, 0, 0, 0, NULL, NULL, NULL, NULL, '2018-11-26 10:10:27', '2018-11-26 10:10:27', NULL),
(10, 'index', 'default.contact.index', 4, 6, 1, 0, 0, 0, 0, NULL, 'content_left_contact', NULL, NULL, '2018-11-26 10:10:27', '2018-11-26 10:10:28', NULL),
(11, 'error', 'default.error.error', 5, 6, 1, 0, 0, 0, 0, NULL, NULL, NULL, NULL, '2018-11-26 10:10:27', '2018-11-26 10:10:27', NULL),
(12, 'error403', 'default.error.error403', 5, 6, 1, 0, 0, 0, 0, NULL, NULL, NULL, NULL, '2018-11-26 10:10:27', '2018-11-26 10:10:27', NULL),
(13, 'error404', 'default.error.error404', 5, 6, 1, 0, 0, 0, 0, NULL, NULL, NULL, NULL, '2018-11-26 10:10:27', '2018-11-26 10:10:27', NULL),
(14, 'error503', 'default.error.error503', 5, 6, 1, 0, 0, 0, 0, NULL, NULL, NULL, NULL, '2018-11-26 10:10:27', '2018-11-26 10:10:27', NULL),
(15, 'error-hacking-attempt', 'default.error.error-hacking-attempt', 5, 6, 1, 0, 0, 0, 0, NULL, NULL, NULL, NULL, '2018-11-26 10:10:27', '2018-11-26 10:10:27', NULL),
(16, 'index', 'default.faq.index', 6, 6, 1, 0, 0, 0, 0, NULL, NULL, NULL, NULL, '2018-11-26 10:10:27', '2018-11-26 10:10:27', NULL),
(17, 'empty', 'default.index.empty', 7, 6, 1, 0, 0, 0, 0, NULL, NULL, NULL, NULL, '2018-11-26 10:10:27', '2018-11-26 10:10:27', NULL),
(18, 'index', 'default.index.index', 7, 6, 1, 0, 0, 0, 0, NULL, NULL, NULL, NULL, '2018-11-26 10:10:27', '2018-11-26 10:10:27', NULL),
(19, 'index', 'default.login.index', 8, 6, 1, 0, 0, 0, 0, NULL, NULL, NULL, NULL, '2018-11-26 10:10:27', '2018-11-26 10:10:27', NULL),
(20, 'index', 'default.logout.index', 9, 6, 1, 0, 0, 0, 0, NULL, NULL, NULL, NULL, '2018-11-26 10:10:27', '2018-11-26 10:10:27', NULL),
(21, 'index', 'default.news.index', 10, 6, 1, 0, 0, 0, 0, NULL, NULL, NULL, NULL, '2018-11-26 10:10:27', '2018-11-26 10:10:27', NULL),
(22, 'page', 'default.news.page', 10, 6, 1, 0, 0, 0, 0, NULL, NULL, NULL, NULL, '2018-11-26 10:10:27', '2018-11-26 10:10:27', NULL),
(23, 'detail', 'default.news.detail', 10, 6, 1, 0, 0, 0, 0, NULL, NULL, NULL, NULL, '2018-11-26 10:10:27', '2018-11-26 10:10:27', NULL),
(24, 'index', 'default.newsletter.index', 11, 6, 1, 0, 0, 0, 0, NULL, NULL, NULL, NULL, '2018-11-26 10:10:27', '2018-11-26 10:10:27', NULL),
(25, 'subscribe', 'default.newsletter.subscribe', 11, 6, 1, 0, 0, 0, 0, NULL, 'content_left_newsletter', NULL, NULL, '2018-11-26 10:10:27', '2018-11-26 10:10:28', NULL),
(26, 'unsubscribe', 'default.newsletter.unsubscribe', 11, 6, 1, 0, 0, 0, 0, NULL, 'content_left_newsletter', NULL, NULL, '2018-11-26 10:10:27', '2018-11-26 10:10:28', NULL),
(27, 'index', 'default.team.index', 12, 6, 1, 0, 0, 0, 0, NULL, NULL, NULL, NULL, '2018-11-26 10:10:27', '2018-11-26 10:10:27', NULL),
(28, 'detail', 'default.team.detail', 12, 6, 1, 0, 0, 0, 0, NULL, NULL, NULL, NULL, '2018-11-26 10:10:27', '2018-11-26 10:10:27', NULL),
(29, 'index', 'default.user.index', 13, 6, 1, 0, 0, 0, 0, NULL, NULL, NULL, NULL, '2018-11-26 10:10:27', '2018-11-26 10:10:27', NULL),
(30, 'accountoverview', 'default.user.accountoverview', 13, 5, 1, 0, 0, 0, 0, NULL, NULL, NULL, NULL, '2018-11-26 10:10:27', '2018-11-26 10:10:27', NULL),
(31, 'addressbook', 'default.user.addressbook', 13, 5, 1, 0, 0, 0, 0, NULL, NULL, NULL, NULL, '2018-11-26 10:10:27', '2018-11-26 10:10:27', NULL),
(32, 'orders', 'default.user.orders', 13, 5, 1, 0, 0, 0, 0, NULL, NULL, NULL, NULL, '2018-11-26 10:10:27', '2018-11-26 10:10:27', NULL),
(33, 'coupons', 'default.user.coupons', 13, 5, 1, 0, 0, 0, 0, NULL, NULL, NULL, NULL, '2018-11-26 10:10:27', '2018-11-26 10:10:27', NULL),
(34, 'retrieve-password', 'default.user.retrieve-password', 13, 6, 1, 0, 0, 0, 0, NULL, NULL, NULL, NULL, '2018-11-26 10:10:27', '2018-11-26 10:10:27', NULL),
(35, 'enable-account', 'default.user.enable-account', 13, 6, 1, 0, 0, 0, 0, NULL, NULL, NULL, NULL, '2018-11-26 10:10:27', '2018-11-26 10:10:27', NULL),
(36, 'reset-password', 'default.user.reset-password', 13, 6, 1, 0, 0, 0, 0, NULL, NULL, NULL, NULL, '2018-11-26 10:10:27', '2018-11-26 10:10:27', NULL),
(37, 'register', 'default.user.register', 13, 6, 1, 0, 0, 0, 0, NULL, NULL, NULL, NULL, '2018-11-26 10:10:27', '2018-11-26 10:10:27', NULL),
(38, 'registration-complete', 'default.user.registration-complete', 13, 6, 1, 0, 0, 0, 0, NULL, NULL, NULL, NULL, '2018-11-26 10:10:27', '2018-11-26 10:10:27', NULL),
(39, 'account-activated', 'default.user.account-activated', 13, 6, 1, 0, 0, 0, 0, NULL, NULL, NULL, NULL, '2018-11-26 10:10:27', '2018-11-26 10:10:27', NULL),
(40, 'personal-data', 'default.user.personal-data', 13, 5, 1, 0, 0, 0, 0, NULL, NULL, NULL, NULL, '2018-11-26 10:10:27', '2018-11-26 10:10:27', NULL),
(41, 'settings', 'default.user.settings', 13, 5, 1, 0, 0, 0, 0, NULL, NULL, NULL, NULL, '2018-11-26 10:10:27', '2018-11-26 10:10:27', NULL),
(42, 'index', 'admin.background-image.index', 14, 2, 1, 0, 0, 0, 0, NULL, NULL, NULL, NULL, '2018-11-26 10:10:27', '2018-11-26 10:10:27', NULL),
(43, 'list', 'admin.background-image.list', 14, 2, 1, 0, 0, 0, 0, NULL, NULL, NULL, NULL, '2018-11-26 10:10:27', '2018-11-26 10:10:27', NULL),
(44, 'create', 'admin.background-image.create', 14, 2, 1, 0, 0, 0, 0, NULL, NULL, NULL, NULL, '2018-11-26 10:10:27', '2018-11-26 10:10:27', NULL),
(45, 'delete', 'admin.background-image.delete', 14, 2, 1, 0, 0, 0, 0, NULL, NULL, NULL, NULL, '2018-11-26 10:10:27', '2018-11-26 10:10:27', NULL),
(46, 'edit', 'admin.background-image.edit', 14, 2, 1, 0, 0, 0, 0, NULL, NULL, NULL, NULL, '2018-11-26 10:10:27', '2018-11-26 10:10:27', NULL),
(47, 'export', 'admin.background-image.export', 14, 2, 1, 0, 0, 0, 0, NULL, NULL, NULL, NULL, '2018-11-26 10:10:27', '2018-11-26 10:10:27', NULL),
(48, 'index', 'admin.blog.index', 15, 2, 1, 0, 0, 0, 0, NULL, NULL, NULL, NULL, '2018-11-26 10:10:27', '2018-11-26 10:10:27', NULL),
(49, 'list', 'admin.blog.list', 15, 2, 1, 0, 0, 0, 0, NULL, NULL, NULL, NULL, '2018-11-26 10:10:27', '2018-11-26 10:10:27', NULL),
(50, 'create', 'admin.blog.create', 15, 2, 1, 0, 0, 0, 0, NULL, NULL, NULL, NULL, '2018-11-26 10:10:27', '2018-11-26 10:10:27', NULL),
(51, 'delete', 'admin.blog.delete', 15, 2, 1, 0, 0, 0, 0, NULL, NULL, NULL, NULL, '2018-11-26 10:10:27', '2018-11-26 10:10:27', NULL),
(52, 'edit', 'admin.blog.edit', 15, 2, 1, 0, 0, 0, 0, NULL, NULL, NULL, NULL, '2018-11-26 10:10:27', '2018-11-26 10:10:27', NULL),
(53, 'export', 'admin.blog.export', 15, 2, 1, 0, 0, 0, 0, NULL, NULL, NULL, NULL, '2018-11-26 10:10:27', '2018-11-26 10:10:27', NULL),
(54, 'index', 'admin.content-box.index', 16, 2, 1, 0, 0, 0, 0, NULL, NULL, NULL, NULL, '2018-11-26 10:10:27', '2018-11-26 10:10:27', NULL),
(55, 'list', 'admin.content-box.list', 16, 2, 1, 0, 0, 0, 0, NULL, NULL, NULL, NULL, '2018-11-26 10:10:27', '2018-11-26 10:10:27', NULL),
(56, 'create', 'admin.content-box.create', 16, 2, 1, 0, 0, 0, 0, NULL, NULL, NULL, NULL, '2018-11-26 10:10:27', '2018-11-26 10:10:27', NULL),
(57, 'delete', 'admin.content-box.delete', 16, 2, 1, 0, 0, 0, 0, NULL, NULL, NULL, NULL, '2018-11-26 10:10:27', '2018-11-26 10:10:27', NULL),
(58, 'edit', 'admin.content-box.edit', 16, 2, 1, 0, 0, 0, 0, NULL, NULL, NULL, NULL, '2018-11-26 10:10:27', '2018-11-26 10:10:27', NULL),
(59, 'export', 'admin.content-box.export', 16, 2, 1, 0, 0, 0, 0, NULL, NULL, NULL, NULL, '2018-11-26 10:10:27', '2018-11-26 10:10:27', NULL),
(60, 'index', 'admin.content.index', 17, 2, 1, 0, 0, 0, 0, NULL, NULL, NULL, NULL, '2018-11-26 10:10:27', '2018-11-26 10:10:27', NULL),
(61, 'list', 'admin.content.list', 17, 2, 1, 0, 0, 0, 0, NULL, NULL, NULL, NULL, '2018-11-26 10:10:27', '2018-11-26 10:10:27', NULL),
(62, 'create', 'admin.content.create', 17, 2, 1, 0, 0, 0, 0, NULL, NULL, NULL, NULL, '2018-11-26 10:10:27', '2018-11-26 10:10:27', NULL),
(63, 'delete', 'admin.content.delete', 17, 2, 1, 0, 0, 0, 0, NULL, NULL, NULL, NULL, '2018-11-26 10:10:27', '2018-11-26 10:10:27', NULL),
(64, 'edit', 'admin.content.edit', 17, 2, 1, 0, 0, 0, 0, NULL, NULL, NULL, NULL, '2018-11-26 10:10:27', '2018-11-26 10:10:27', NULL),
(65, 'export', 'admin.content.export', 17, 2, 1, 0, 0, 0, 0, NULL, NULL, NULL, NULL, '2018-11-26 10:10:27', '2018-11-26 10:10:27', NULL),
(66, 'index', 'admin.content-site-images.index', 18, 2, 1, 0, 0, 0, 0, NULL, NULL, NULL, NULL, '2018-11-26 10:10:27', '2018-11-26 10:10:27', NULL),
(67, 'list', 'admin.content-site-images.list', 18, 2, 1, 0, 0, 0, 0, NULL, NULL, NULL, NULL, '2018-11-26 10:10:27', '2018-11-26 10:10:27', NULL),
(68, 'create', 'admin.content-site-images.create', 18, 2, 1, 0, 0, 0, 0, NULL, NULL, NULL, NULL, '2018-11-26 10:10:27', '2018-11-26 10:10:27', NULL),
(69, 'delete', 'admin.content-site-images.delete', 18, 2, 1, 0, 0, 0, 0, NULL, NULL, NULL, NULL, '2018-11-26 10:10:27', '2018-11-26 10:10:27', NULL),
(70, 'edit', 'admin.content-site-images.edit', 18, 2, 1, 0, 0, 0, 0, NULL, NULL, NULL, NULL, '2018-11-26 10:10:27', '2018-11-26 10:10:27', NULL),
(71, 'export', 'admin.content-site-images.export', 18, 2, 1, 0, 0, 0, 0, NULL, NULL, NULL, NULL, '2018-11-26 10:10:27', '2018-11-26 10:10:27', NULL),
(72, 'index', 'admin.email-template.index', 19, 2, 1, 0, 0, 0, 0, NULL, NULL, NULL, NULL, '2018-11-26 10:10:27', '2018-11-26 10:10:27', NULL),
(73, 'list', 'admin.email-template.list', 19, 2, 1, 0, 0, 0, 0, NULL, NULL, NULL, NULL, '2018-11-26 10:10:27', '2018-11-26 10:10:27', NULL),
(74, 'create', 'admin.email-template.create', 19, 2, 1, 0, 0, 0, 0, NULL, NULL, NULL, NULL, '2018-11-26 10:10:27', '2018-11-26 10:10:27', NULL),
(75, 'delete', 'admin.email-template.delete', 19, 2, 1, 0, 0, 0, 0, NULL, NULL, NULL, NULL, '2018-11-26 10:10:27', '2018-11-26 10:10:27', NULL),
(76, 'edit', 'admin.email-template.edit', 19, 2, 1, 0, 0, 0, 0, NULL, NULL, NULL, NULL, '2018-11-26 10:10:27', '2018-11-26 10:10:27', NULL),
(77, 'export', 'admin.email-template.export', 19, 2, 1, 0, 0, 0, 0, NULL, NULL, NULL, NULL, '2018-11-26 10:10:27', '2018-11-26 10:10:27', NULL),
(78, 'index', 'admin.email-template-part.index', 20, 2, 1, 0, 0, 0, 0, NULL, NULL, NULL, NULL, '2018-11-26 10:10:27', '2018-11-26 10:10:27', NULL),
(79, 'list', 'admin.email-template-part.list', 20, 2, 1, 0, 0, 0, 0, NULL, NULL, NULL, NULL, '2018-11-26 10:10:27', '2018-11-26 10:10:27', NULL),
(80, 'create', 'admin.email-template-part.create', 20, 2, 1, 0, 0, 0, 0, NULL, NULL, NULL, NULL, '2018-11-26 10:10:27', '2018-11-26 10:10:27', NULL),
(81, 'delete', 'admin.email-template-part.delete', 20, 2, 1, 0, 0, 0, 0, NULL, NULL, NULL, NULL, '2018-11-26 10:10:27', '2018-11-26 10:10:27', NULL),
(82, 'edit', 'admin.email-template-part.edit', 20, 2, 1, 0, 0, 0, 0, NULL, NULL, NULL, NULL, '2018-11-26 10:10:27', '2018-11-26 10:10:27', NULL),
(83, 'export', 'admin.email-template-part.export', 20, 2, 1, 0, 0, 0, 0, NULL, NULL, NULL, NULL, '2018-11-26 10:10:27', '2018-11-26 10:10:27', NULL),
(84, 'index', 'admin.email-template-replacement.index', 21, 2, 1, 0, 0, 0, 0, NULL, NULL, NULL, NULL, '2018-11-26 10:10:27', '2018-11-26 10:10:27', NULL),
(85, 'list', 'admin.email-template-replacement.list', 21, 2, 1, 0, 0, 0, 0, NULL, NULL, NULL, NULL, '2018-11-26 10:10:27', '2018-11-26 10:10:27', NULL),
(86, 'create', 'admin.email-template-replacement.create', 21, 2, 1, 0, 0, 0, 0, NULL, NULL, NULL, NULL, '2018-11-26 10:10:27', '2018-11-26 10:10:27', NULL),
(87, 'delete', 'admin.email-template-replacement.delete', 21, 2, 1, 0, 0, 0, 0, NULL, NULL, NULL, NULL, '2018-11-26 10:10:27', '2018-11-26 10:10:27', NULL),
(88, 'edit', 'admin.email-template-replacement.edit', 21, 2, 1, 0, 0, 0, 0, NULL, NULL, NULL, NULL, '2018-11-26 10:10:27', '2018-11-26 10:10:27', NULL),
(89, 'export', 'admin.email-template-replacement.export', 21, 2, 1, 0, 0, 0, 0, NULL, NULL, NULL, NULL, '2018-11-26 10:10:27', '2018-11-26 10:10:27', NULL),
(90, 'index', 'admin.faq.index', 22, 2, 1, 0, 0, 0, 0, NULL, NULL, NULL, NULL, '2018-11-26 10:10:27', '2018-11-26 10:10:27', NULL),
(91, 'list', 'admin.faq.list', 22, 2, 1, 0, 0, 0, 0, NULL, NULL, NULL, NULL, '2018-11-26 10:10:27', '2018-11-26 10:10:27', NULL),
(92, 'create', 'admin.faq.create', 22, 2, 1, 0, 0, 0, 0, NULL, NULL, NULL, NULL, '2018-11-26 10:10:27', '2018-11-26 10:10:27', NULL),
(93, 'delete', 'admin.faq.delete', 22, 2, 1, 0, 0, 0, 0, NULL, NULL, NULL, NULL, '2018-11-26 10:10:27', '2018-11-26 10:10:27', NULL),
(94, 'edit', 'admin.faq.edit', 22, 2, 1, 0, 0, 0, 0, NULL, NULL, NULL, NULL, '2018-11-26 10:10:27', '2018-11-26 10:10:27', NULL),
(95, 'export', 'admin.faq.export', 22, 2, 1, 0, 0, 0, 0, NULL, NULL, NULL, NULL, '2018-11-26 10:10:27', '2018-11-26 10:10:27', NULL),
(96, 'index', 'admin.image-config.index', 23, 2, 1, 0, 0, 0, 0, NULL, NULL, NULL, NULL, '2018-11-26 10:10:27', '2018-11-26 10:10:27', NULL),
(97, 'list', 'admin.image-config.list', 23, 2, 1, 0, 0, 0, 0, NULL, NULL, NULL, NULL, '2018-11-26 10:10:27', '2018-11-26 10:10:27', NULL),
(98, 'create', 'admin.image-config.create', 23, 2, 1, 0, 0, 0, 0, NULL, NULL, NULL, NULL, '2018-11-26 10:10:27', '2018-11-26 10:10:27', NULL),
(99, 'delete', 'admin.image-config.delete', 23, 2, 1, 0, 0, 0, 0, NULL, NULL, NULL, NULL, '2018-11-26 10:10:27', '2018-11-26 10:10:27', NULL),
(100, 'edit', 'admin.image-config.edit', 23, 2, 1, 0, 0, 0, 0, NULL, NULL, NULL, NULL, '2018-11-26 10:10:27', '2018-11-26 10:10:27', NULL),
(101, 'export', 'admin.image-config.export', 23, 2, 1, 0, 0, 0, 0, NULL, NULL, NULL, NULL, '2018-11-26 10:10:27', '2018-11-26 10:10:27', NULL),
(102, 'index', 'admin.index.index', 24, 2, 1, 0, 0, 0, 0, NULL, NULL, NULL, NULL, '2018-11-26 10:10:27', '2018-11-26 10:10:27', NULL),
(103, 'index', 'admin.info-page.index', 25, 2, 1, 0, 0, 0, 0, NULL, NULL, NULL, NULL, '2018-11-26 10:10:27', '2018-11-26 10:10:27', NULL),
(104, 'list', 'admin.info-page.list', 25, 2, 1, 0, 0, 0, 0, NULL, NULL, NULL, NULL, '2018-11-26 10:10:27', '2018-11-26 10:10:27', NULL),
(105, 'create', 'admin.info-page.create', 25, 2, 1, 0, 0, 0, 0, NULL, NULL, NULL, NULL, '2018-11-26 10:10:27', '2018-11-26 10:10:27', NULL),
(106, 'delete', 'admin.info-page.delete', 25, 2, 1, 0, 0, 0, 0, NULL, NULL, NULL, NULL, '2018-11-26 10:10:27', '2018-11-26 10:10:27', NULL),
(107, 'edit', 'admin.info-page.edit', 25, 2, 1, 0, 0, 0, 0, NULL, NULL, NULL, NULL, '2018-11-26 10:10:27', '2018-11-26 10:10:27', NULL),
(108, 'export', 'admin.info-page.export', 25, 2, 1, 0, 0, 0, 0, NULL, NULL, NULL, NULL, '2018-11-26 10:10:27', '2018-11-26 10:10:27', NULL),
(109, 'index', 'admin.login.index', 26, 6, 1, 0, 0, 0, 0, NULL, NULL, NULL, NULL, '2018-11-26 10:10:27', '2018-11-26 10:10:27', NULL),
(110, 'index', 'admin.media-config.index', 27, 2, 1, 0, 0, 0, 0, NULL, NULL, NULL, NULL, '2018-11-26 10:10:27', '2018-11-26 10:10:27', NULL),
(111, 'list', 'admin.media-config.list', 27, 2, 1, 0, 0, 0, 0, NULL, NULL, NULL, NULL, '2018-11-26 10:10:27', '2018-11-26 10:10:27', NULL),
(112, 'create', 'admin.media-config.create', 27, 2, 1, 0, 0, 0, 0, NULL, NULL, NULL, NULL, '2018-11-26 10:10:27', '2018-11-26 10:10:27', NULL),
(113, 'delete', 'admin.media-config.delete', 27, 2, 1, 0, 0, 0, 0, NULL, NULL, NULL, NULL, '2018-11-26 10:10:27', '2018-11-26 10:10:27', NULL),
(114, 'edit', 'admin.media-config.edit', 27, 2, 1, 0, 0, 0, 0, NULL, NULL, NULL, NULL, '2018-11-26 10:10:27', '2018-11-26 10:10:27', NULL),
(115, 'export', 'admin.media-config.export', 27, 2, 1, 0, 0, 0, 0, NULL, NULL, NULL, NULL, '2018-11-26 10:10:27', '2018-11-26 10:10:27', NULL),
(116, 'index', 'admin.meta-configuration.index', 28, 2, 1, 0, 0, 0, 0, NULL, NULL, NULL, NULL, '2018-11-26 10:10:27', '2018-11-26 10:10:27', NULL),
(117, 'list', 'admin.meta-configuration.list', 28, 2, 1, 0, 0, 0, 0, NULL, NULL, NULL, NULL, '2018-11-26 10:10:27', '2018-11-26 10:10:27', NULL),
(118, 'create', 'admin.meta-configuration.create', 28, 2, 1, 0, 0, 0, 0, NULL, NULL, NULL, NULL, '2018-11-26 10:10:27', '2018-11-26 10:10:27', NULL),
(119, 'delete', 'admin.meta-configuration.delete', 28, 2, 1, 0, 0, 0, 0, NULL, NULL, NULL, NULL, '2018-11-26 10:10:27', '2018-11-26 10:10:27', NULL),
(120, 'edit', 'admin.meta-configuration.edit', 28, 2, 1, 0, 0, 0, 0, NULL, NULL, NULL, NULL, '2018-11-26 10:10:27', '2018-11-26 10:10:27', NULL),
(121, 'export', 'admin.meta-configuration.export', 28, 2, 1, 0, 0, 0, 0, NULL, NULL, NULL, NULL, '2018-11-26 10:10:27', '2018-11-26 10:10:27', NULL),
(122, 'index', 'admin.news.index', 29, 2, 1, 0, 0, 0, 0, NULL, NULL, NULL, NULL, '2018-11-26 10:10:27', '2018-11-26 10:10:27', NULL),
(123, 'list', 'admin.news.list', 29, 2, 1, 0, 0, 0, 0, NULL, NULL, NULL, NULL, '2018-11-26 10:10:27', '2018-11-26 10:10:27', NULL),
(124, 'create', 'admin.news.create', 29, 2, 1, 0, 0, 0, 0, NULL, NULL, NULL, NULL, '2018-11-26 10:10:27', '2018-11-26 10:10:27', NULL),
(125, 'delete', 'admin.news.delete', 29, 2, 1, 0, 0, 0, 0, NULL, NULL, NULL, NULL, '2018-11-26 10:10:27', '2018-11-26 10:10:27', NULL),
(126, 'edit', 'admin.news.edit', 29, 2, 1, 0, 0, 0, 0, NULL, NULL, NULL, NULL, '2018-11-26 10:10:27', '2018-11-26 10:10:27', NULL),
(127, 'export', 'admin.news.export', 29, 2, 1, 0, 0, 0, 0, NULL, NULL, NULL, NULL, '2018-11-26 10:10:27', '2018-11-26 10:10:27', NULL),
(128, 'index', 'admin.newsletter.index', 30, 2, 1, 0, 0, 0, 0, NULL, NULL, NULL, NULL, '2018-11-26 10:10:27', '2018-11-26 10:10:27', NULL),
(129, 'list', 'admin.newsletter.list', 30, 2, 1, 0, 0, 0, 0, NULL, NULL, NULL, NULL, '2018-11-26 10:10:27', '2018-11-26 10:10:27', NULL),
(130, 'create', 'admin.newsletter.create', 30, 2, 1, 0, 0, 0, 0, NULL, NULL, NULL, NULL, '2018-11-26 10:10:27', '2018-11-26 10:10:27', NULL),
(131, 'delete', 'admin.newsletter.delete', 30, 2, 1, 0, 0, 0, 0, NULL, NULL, NULL, NULL, '2018-11-26 10:10:27', '2018-11-26 10:10:27', NULL),
(132, 'edit', 'admin.newsletter.edit', 30, 2, 1, 0, 0, 0, 0, NULL, NULL, NULL, NULL, '2018-11-26 10:10:27', '2018-11-26 10:10:27', NULL),
(133, 'sender', 'admin.newsletter.sender', 30, 2, 1, 0, 0, 0, 0, NULL, NULL, NULL, NULL, '2018-11-26 10:10:27', '2018-11-26 10:10:27', NULL),
(134, 'tester', 'admin.newsletter.tester', 30, 2, 1, 0, 0, 0, 0, NULL, NULL, NULL, NULL, '2018-11-26 10:10:27', '2018-11-26 10:10:27', NULL),
(135, 'export', 'admin.newsletter.export', 30, 2, 1, 0, 0, 0, 0, NULL, NULL, NULL, NULL, '2018-11-26 10:10:27', '2018-11-26 10:10:27', NULL),
(136, 'index', 'admin.newsletter-subscriber-type.index', 31, 2, 1, 0, 0, 0, 0, NULL, NULL, NULL, NULL, '2018-11-26 10:10:27', '2018-11-26 10:10:27', NULL),
(137, 'list', 'admin.newsletter-subscriber-type.list', 31, 2, 1, 0, 0, 0, 0, NULL, NULL, NULL, NULL, '2018-11-26 10:10:27', '2018-11-26 10:10:27', NULL),
(138, 'create', 'admin.newsletter-subscriber-type.create', 31, 2, 1, 0, 0, 0, 0, NULL, NULL, NULL, NULL, '2018-11-26 10:10:27', '2018-11-26 10:10:27', NULL),
(139, 'delete', 'admin.newsletter-subscriber-type.delete', 31, 2, 1, 0, 0, 0, 0, NULL, NULL, NULL, NULL, '2018-11-26 10:10:27', '2018-11-26 10:10:27', NULL),
(140, 'edit', 'admin.newsletter-subscriber-type.edit', 31, 2, 1, 0, 0, 0, 0, NULL, NULL, NULL, NULL, '2018-11-26 10:10:27', '2018-11-26 10:10:27', NULL),
(141, 'export', 'admin.newsletter-subscriber-type.export', 31, 2, 1, 0, 0, 0, 0, NULL, NULL, NULL, NULL, '2018-11-26 10:10:27', '2018-11-26 10:10:27', NULL),
(142, 'index', 'admin.newsletter-user.index', 32, 2, 1, 0, 0, 0, 0, NULL, NULL, NULL, NULL, '2018-11-26 10:10:27', '2018-11-26 10:10:27', NULL),
(143, 'list', 'admin.newsletter-user.list', 32, 2, 1, 0, 0, 0, 0, NULL, NULL, NULL, NULL, '2018-11-26 10:10:27', '2018-11-26 10:10:27', NULL),
(144, 'create', 'admin.newsletter-user.create', 32, 2, 1, 0, 0, 0, 0, NULL, NULL, NULL, NULL, '2018-11-26 10:10:27', '2018-11-26 10:10:27', NULL),
(145, 'delete', 'admin.newsletter-user.delete', 32, 2, 1, 0, 0, 0, 0, NULL, NULL, NULL, NULL, '2018-11-26 10:10:27', '2018-11-26 10:10:27', NULL),
(146, 'edit', 'admin.newsletter-user.edit', 32, 2, 1, 0, 0, 0, 0, NULL, NULL, NULL, NULL, '2018-11-26 10:10:27', '2018-11-26 10:10:27', NULL),
(147, 'export', 'admin.newsletter-user.export', 32, 2, 1, 0, 0, 0, 0, NULL, NULL, NULL, NULL, '2018-11-26 10:10:27', '2018-11-26 10:10:27', NULL),
(148, 'index', 'admin.shop-coupon.index', 33, 2, 1, 0, 0, 0, 0, NULL, NULL, NULL, NULL, '2018-11-26 10:10:27', '2018-11-26 10:10:27', NULL),
(149, 'list', 'admin.shop-coupon.list', 33, 2, 1, 0, 0, 0, 0, NULL, NULL, NULL, NULL, '2018-11-26 10:10:27', '2018-11-26 10:10:27', NULL),
(150, 'create', 'admin.shop-coupon.create', 33, 2, 1, 0, 0, 0, 0, NULL, NULL, NULL, NULL, '2018-11-26 10:10:27', '2018-11-26 10:10:27', NULL),
(151, 'delete', 'admin.shop-coupon.delete', 33, 2, 1, 0, 0, 0, 0, NULL, NULL, NULL, NULL, '2018-11-26 10:10:27', '2018-11-26 10:10:27', NULL),
(152, 'edit', 'admin.shop-coupon.edit', 33, 2, 1, 0, 0, 0, 0, NULL, NULL, NULL, NULL, '2018-11-26 10:10:27', '2018-11-26 10:10:27', NULL),
(153, 'export', 'admin.shop-coupon.export', 33, 2, 1, 0, 0, 0, 0, NULL, NULL, NULL, NULL, '2018-11-26 10:10:27', '2018-11-26 10:10:27', NULL),
(154, 'index', 'admin.shop-groups.index', 34, 2, 1, 0, 0, 0, 0, NULL, NULL, NULL, NULL, '2018-11-26 10:10:27', '2018-11-26 10:10:27', NULL),
(155, 'list', 'admin.shop-groups.list', 34, 2, 1, 0, 0, 0, 0, NULL, NULL, NULL, NULL, '2018-11-26 10:10:27', '2018-11-26 10:10:27', NULL),
(156, 'create', 'admin.shop-groups.create', 34, 2, 1, 0, 0, 0, 0, NULL, NULL, NULL, NULL, '2018-11-26 10:10:27', '2018-11-26 10:10:27', NULL),
(157, 'delete', 'admin.shop-groups.delete', 34, 2, 1, 0, 0, 0, 0, NULL, NULL, NULL, NULL, '2018-11-26 10:10:27', '2018-11-26 10:10:27', NULL),
(158, 'edit', 'admin.shop-groups.edit', 34, 2, 1, 0, 0, 0, 0, NULL, NULL, NULL, NULL, '2018-11-26 10:10:27', '2018-11-26 10:10:27', NULL),
(159, 'export', 'admin.shop-groups.export', 34, 2, 1, 0, 0, 0, 0, NULL, NULL, NULL, NULL, '2018-11-26 10:10:27', '2018-11-26 10:10:27', NULL),
(160, 'index', 'admin.shop-holiday.index', 35, 2, 1, 0, 0, 0, 0, NULL, NULL, NULL, NULL, '2018-11-26 10:10:27', '2018-11-26 10:10:27', NULL),
(161, 'list', 'admin.shop-holiday.list', 35, 2, 1, 0, 0, 0, 0, NULL, NULL, NULL, NULL, '2018-11-26 10:10:27', '2018-11-26 10:10:27', NULL),
(162, 'create', 'admin.shop-holiday.create', 35, 2, 1, 0, 0, 0, 0, NULL, NULL, NULL, NULL, '2018-11-26 10:10:27', '2018-11-26 10:10:27', NULL),
(163, 'delete', 'admin.shop-holiday.delete', 35, 2, 1, 0, 0, 0, 0, NULL, NULL, NULL, NULL, '2018-11-26 10:10:27', '2018-11-26 10:10:27', NULL),
(164, 'edit', 'admin.shop-holiday.edit', 35, 2, 1, 0, 0, 0, 0, NULL, NULL, NULL, NULL, '2018-11-26 10:10:27', '2018-11-26 10:10:27', NULL),
(165, 'export', 'admin.shop-holiday.export', 35, 2, 1, 0, 0, 0, 0, NULL, NULL, NULL, NULL, '2018-11-26 10:10:27', '2018-11-26 10:10:27', NULL),
(166, 'index', 'admin.shop-manage-product-options.index', 36, 2, 1, 0, 0, 0, 0, NULL, NULL, NULL, NULL, '2018-11-26 10:10:27', '2018-11-26 10:10:27', NULL),
(167, 'list', 'admin.shop-manage-product-options.list', 36, 2, 1, 0, 0, 0, 0, NULL, NULL, NULL, NULL, '2018-11-26 10:10:27', '2018-11-26 10:10:27', NULL),
(168, 'create', 'admin.shop-manage-product-options.create', 36, 2, 1, 0, 0, 0, 0, NULL, NULL, NULL, NULL, '2018-11-26 10:10:27', '2018-11-26 10:10:27', NULL),
(169, 'delete', 'admin.shop-manage-product-options.delete', 36, 2, 1, 0, 0, 0, 0, NULL, NULL, NULL, NULL, '2018-11-26 10:10:27', '2018-11-26 10:10:27', NULL),
(170, 'edit', 'admin.shop-manage-product-options.edit', 36, 2, 1, 0, 0, 0, 0, NULL, NULL, NULL, NULL, '2018-11-26 10:10:27', '2018-11-26 10:10:27', NULL),
(171, 'export', 'admin.shop-manage-product-options.export', 36, 2, 1, 0, 0, 0, 0, NULL, NULL, NULL, NULL, '2018-11-26 10:10:27', '2018-11-26 10:10:27', NULL),
(172, 'create-model-name', 'admin.shop-manage-product-options.create-model-name', 36, 2, 1, 0, 0, 0, 0, NULL, NULL, NULL, NULL, '2018-11-26 10:10:27', '2018-11-26 10:10:27', NULL),
(173, 'index', 'admin.shop-order.index', 37, 2, 1, 0, 0, 0, 0, NULL, NULL, NULL, NULL, '2018-11-26 10:10:27', '2018-11-26 10:10:27', NULL),
(174, 'list', 'admin.shop-order.list', 37, 2, 1, 0, 0, 0, 0, NULL, NULL, NULL, NULL, '2018-11-26 10:10:27', '2018-11-26 10:10:27', NULL),
(175, 'create', 'admin.shop-order.create', 37, 2, 1, 0, 0, 0, 0, NULL, NULL, NULL, NULL, '2018-11-26 10:10:27', '2018-11-26 10:10:27', NULL),
(176, 'delete', 'admin.shop-order.delete', 37, 2, 1, 0, 0, 0, 0, NULL, NULL, NULL, NULL, '2018-11-26 10:10:27', '2018-11-26 10:10:27', NULL),
(177, 'edit', 'admin.shop-order.edit', 37, 2, 1, 0, 0, 0, 0, NULL, NULL, NULL, NULL, '2018-11-26 10:10:27', '2018-11-26 10:10:27', NULL),
(178, 'rechnung', 'admin.shop-order.rechnung', 37, 2, 1, 0, 0, 0, 0, NULL, NULL, NULL, NULL, '2018-11-26 10:10:27', '2018-11-26 10:10:27', NULL),
(179, 'lieferschein', 'admin.shop-order.lieferschein', 37, 2, 1, 0, 0, 0, 0, NULL, NULL, NULL, NULL, '2018-11-26 10:10:27', '2018-11-26 10:10:27', NULL),
(180, 'export', 'admin.shop-order.export', 37, 2, 1, 0, 0, 0, 0, NULL, NULL, NULL, NULL, '2018-11-26 10:10:27', '2018-11-26 10:10:27', NULL),
(181, 'download', 'admin.shop-order.download', 37, 2, 1, 0, 0, 0, 0, NULL, NULL, NULL, NULL, '2018-11-26 10:10:27', '2018-11-26 10:10:27', NULL),
(182, 'index', 'admin.shop-payment-services.index', 38, 2, 1, 0, 0, 0, 0, NULL, NULL, NULL, NULL, '2018-11-26 10:10:27', '2018-11-26 10:10:27', NULL),
(183, 'list', 'admin.shop-payment-services.list', 38, 2, 1, 0, 0, 0, 0, NULL, NULL, NULL, NULL, '2018-11-26 10:10:27', '2018-11-26 10:10:27', NULL),
(184, 'create', 'admin.shop-payment-services.create', 38, 2, 1, 0, 0, 0, 0, NULL, NULL, NULL, NULL, '2018-11-26 10:10:27', '2018-11-26 10:10:27', NULL),
(185, 'delete', 'admin.shop-payment-services.delete', 38, 2, 1, 0, 0, 0, 0, NULL, NULL, NULL, NULL, '2018-11-26 10:10:27', '2018-11-26 10:10:27', NULL),
(186, 'edit', 'admin.shop-payment-services.edit', 38, 2, 1, 0, 0, 0, 0, NULL, NULL, NULL, NULL, '2018-11-26 10:10:27', '2018-11-26 10:10:27', NULL),
(187, 'export', 'admin.shop-payment-services.export', 38, 2, 1, 0, 0, 0, 0, NULL, NULL, NULL, NULL, '2018-11-26 10:10:27', '2018-11-26 10:10:27', NULL),
(188, 'index', 'admin.shop-producer.index', 39, 2, 1, 0, 0, 0, 0, NULL, NULL, NULL, NULL, '2018-11-26 10:10:27', '2018-11-26 10:10:27', NULL),
(189, 'list', 'admin.shop-producer.list', 39, 2, 1, 0, 0, 0, 0, NULL, NULL, NULL, NULL, '2018-11-26 10:10:27', '2018-11-26 10:10:27', NULL),
(190, 'create', 'admin.shop-producer.create', 39, 2, 1, 0, 0, 0, 0, NULL, NULL, NULL, NULL, '2018-11-26 10:10:27', '2018-11-26 10:10:27', NULL),
(191, 'delete', 'admin.shop-producer.delete', 39, 2, 1, 0, 0, 0, 0, NULL, NULL, NULL, NULL, '2018-11-26 10:10:27', '2018-11-26 10:10:27', NULL),
(192, 'edit', 'admin.shop-producer.edit', 39, 2, 1, 0, 0, 0, 0, NULL, NULL, NULL, NULL, '2018-11-26 10:10:27', '2018-11-26 10:10:27', NULL),
(193, 'export', 'admin.shop-producer.export', 39, 2, 1, 0, 0, 0, 0, NULL, NULL, NULL, NULL, '2018-11-26 10:10:27', '2018-11-26 10:10:27', NULL),
(194, 'index', 'admin.shop-product-information.index', 40, 2, 1, 0, 0, 0, 0, NULL, NULL, NULL, NULL, '2018-11-26 10:10:27', '2018-11-26 10:10:27', NULL),
(195, 'list', 'admin.shop-product-information.list', 40, 2, 1, 0, 0, 0, 0, NULL, NULL, NULL, NULL, '2018-11-26 10:10:27', '2018-11-26 10:10:27', NULL),
(196, 'create', 'admin.shop-product-information.create', 40, 2, 1, 0, 0, 0, 0, NULL, NULL, NULL, NULL, '2018-11-26 10:10:27', '2018-11-26 10:10:27', NULL),
(197, 'delete', 'admin.shop-product-information.delete', 40, 2, 1, 0, 0, 0, 0, NULL, NULL, NULL, NULL, '2018-11-26 10:10:27', '2018-11-26 10:10:27', NULL),
(198, 'edit', 'admin.shop-product-information.edit', 40, 2, 1, 0, 0, 0, 0, NULL, NULL, NULL, NULL, '2018-11-26 10:10:27', '2018-11-26 10:10:27', NULL),
(199, 'export', 'admin.shop-product-information.export', 40, 2, 1, 0, 0, 0, 0, NULL, NULL, NULL, NULL, '2018-11-26 10:10:27', '2018-11-26 10:10:27', NULL),
(200, 'index', 'admin.shop-product-option-items.index', 41, 2, 1, 0, 0, 0, 0, NULL, NULL, NULL, NULL, '2018-11-26 10:10:27', '2018-11-26 10:10:27', NULL),
(201, 'list', 'admin.shop-product-option-items.list', 41, 2, 1, 0, 0, 0, 0, NULL, NULL, NULL, NULL, '2018-11-26 10:10:27', '2018-11-26 10:10:27', NULL),
(202, 'create', 'admin.shop-product-option-items.create', 41, 2, 1, 0, 0, 0, 0, NULL, NULL, NULL, NULL, '2018-11-26 10:10:27', '2018-11-26 10:10:27', NULL),
(203, 'delete', 'admin.shop-product-option-items.delete', 41, 2, 1, 0, 0, 0, 0, NULL, NULL, NULL, NULL, '2018-11-26 10:10:27', '2018-11-26 10:10:27', NULL),
(204, 'edit', 'admin.shop-product-option-items.edit', 41, 2, 1, 0, 0, 0, 0, NULL, NULL, NULL, NULL, '2018-11-26 10:10:27', '2018-11-26 10:10:27', NULL),
(205, 'export', 'admin.shop-product-option-items.export', 41, 2, 1, 0, 0, 0, 0, NULL, NULL, NULL, NULL, '2018-11-26 10:10:27', '2018-11-26 10:10:27', NULL),
(206, 'index', 'admin.shop-product-options.index', 42, 2, 1, 0, 0, 0, 0, NULL, NULL, NULL, NULL, '2018-11-26 10:10:27', '2018-11-26 10:10:27', NULL),
(207, 'list', 'admin.shop-product-options.list', 42, 2, 1, 0, 0, 0, 0, NULL, NULL, NULL, NULL, '2018-11-26 10:10:27', '2018-11-26 10:10:27', NULL),
(208, 'create', 'admin.shop-product-options.create', 42, 2, 1, 0, 0, 0, 0, NULL, NULL, NULL, NULL, '2018-11-26 10:10:27', '2018-11-26 10:10:27', NULL),
(209, 'delete', 'admin.shop-product-options.delete', 42, 2, 1, 0, 0, 0, 0, NULL, NULL, NULL, NULL, '2018-11-26 10:10:27', '2018-11-26 10:10:27', NULL),
(210, 'edit', 'admin.shop-product-options.edit', 42, 2, 1, 0, 0, 0, 0, NULL, NULL, NULL, NULL, '2018-11-26 10:10:27', '2018-11-26 10:10:27', NULL),
(211, 'export', 'admin.shop-product-options.export', 42, 2, 1, 0, 0, 0, 0, NULL, NULL, NULL, NULL, '2018-11-26 10:10:27', '2018-11-26 10:10:27', NULL),
(212, 'index', 'admin.shop-products.index', 43, 2, 1, 0, 0, 0, 0, NULL, NULL, NULL, NULL, '2018-11-26 10:10:27', '2018-11-26 10:10:27', NULL),
(213, 'list', 'admin.shop-products.list', 43, 2, 1, 0, 0, 0, 0, NULL, NULL, NULL, NULL, '2018-11-26 10:10:27', '2018-11-26 10:10:27', NULL),
(214, 'create', 'admin.shop-products.create', 43, 2, 1, 0, 0, 0, 0, NULL, NULL, NULL, NULL, '2018-11-26 10:10:27', '2018-11-26 10:10:27', NULL),
(215, 'delete', 'admin.shop-products.delete', 43, 2, 1, 0, 0, 0, 0, NULL, NULL, NULL, NULL, '2018-11-26 10:10:27', '2018-11-26 10:10:27', NULL),
(216, 'edit', 'admin.shop-products.edit', 43, 2, 1, 0, 0, 0, 0, NULL, NULL, NULL, NULL, '2018-11-26 10:10:27', '2018-11-26 10:10:27', NULL),
(217, 'export', 'admin.shop-products.export', 43, 2, 1, 0, 0, 0, 0, NULL, NULL, NULL, NULL, '2018-11-26 10:10:27', '2018-11-26 10:10:27', NULL),
(218, 'index', 'admin.shop-product-status.index', 44, 2, 1, 0, 0, 0, 0, NULL, NULL, NULL, NULL, '2018-11-26 10:10:27', '2018-11-26 10:10:27', NULL),
(219, 'list', 'admin.shop-product-status.list', 44, 2, 1, 0, 0, 0, 0, NULL, NULL, NULL, NULL, '2018-11-26 10:10:27', '2018-11-26 10:10:27', NULL),
(220, 'create', 'admin.shop-product-status.create', 44, 2, 1, 0, 0, 0, 0, NULL, NULL, NULL, NULL, '2018-11-26 10:10:27', '2018-11-26 10:10:27', NULL),
(221, 'delete', 'admin.shop-product-status.delete', 44, 2, 1, 0, 0, 0, 0, NULL, NULL, NULL, NULL, '2018-11-26 10:10:27', '2018-11-26 10:10:27', NULL),
(222, 'edit', 'admin.shop-product-status.edit', 44, 2, 1, 0, 0, 0, 0, NULL, NULL, NULL, NULL, '2018-11-26 10:10:27', '2018-11-26 10:10:27', NULL),
(223, 'export', 'admin.shop-product-status.export', 44, 2, 1, 0, 0, 0, 0, NULL, NULL, NULL, NULL, '2018-11-26 10:10:27', '2018-11-26 10:10:27', NULL),
(224, 'index', 'admin.shop-product-unit.index', 45, 2, 1, 0, 0, 0, 0, NULL, NULL, NULL, NULL, '2018-11-26 10:10:27', '2018-11-26 10:10:27', NULL),
(225, 'list', 'admin.shop-product-unit.list', 45, 2, 1, 0, 0, 0, 0, NULL, NULL, NULL, NULL, '2018-11-26 10:10:27', '2018-11-26 10:10:27', NULL),
(226, 'create', 'admin.shop-product-unit.create', 45, 2, 1, 0, 0, 0, 0, NULL, NULL, NULL, NULL, '2018-11-26 10:10:27', '2018-11-26 10:10:27', NULL),
(227, 'delete', 'admin.shop-product-unit.delete', 45, 2, 1, 0, 0, 0, 0, NULL, NULL, NULL, NULL, '2018-11-26 10:10:27', '2018-11-26 10:10:27', NULL),
(228, 'edit', 'admin.shop-product-unit.edit', 45, 2, 1, 0, 0, 0, 0, NULL, NULL, NULL, NULL, '2018-11-26 10:10:27', '2018-11-26 10:10:27', NULL),
(229, 'export', 'admin.shop-product-unit.export', 45, 2, 1, 0, 0, 0, 0, NULL, NULL, NULL, NULL, '2018-11-26 10:10:27', '2018-11-26 10:10:27', NULL),
(230, 'index', 'admin.shop-shipping-cost.index', 46, 2, 1, 0, 0, 0, 0, NULL, NULL, NULL, NULL, '2018-11-26 10:10:27', '2018-11-26 10:10:27', NULL),
(231, 'list', 'admin.shop-shipping-cost.list', 46, 2, 1, 0, 0, 0, 0, NULL, NULL, NULL, NULL, '2018-11-26 10:10:27', '2018-11-26 10:10:27', NULL),
(232, 'create', 'admin.shop-shipping-cost.create', 46, 2, 1, 0, 0, 0, 0, NULL, NULL, NULL, NULL, '2018-11-26 10:10:27', '2018-11-26 10:10:27', NULL),
(233, 'delete', 'admin.shop-shipping-cost.delete', 46, 2, 1, 0, 0, 0, 0, NULL, NULL, NULL, NULL, '2018-11-26 10:10:27', '2018-11-26 10:10:27', NULL),
(234, 'edit', 'admin.shop-shipping-cost.edit', 46, 2, 1, 0, 0, 0, 0, NULL, NULL, NULL, NULL, '2018-11-26 10:10:27', '2018-11-26 10:10:27', NULL),
(235, 'export', 'admin.shop-shipping-cost.export', 46, 2, 1, 0, 0, 0, 0, NULL, NULL, NULL, NULL, '2018-11-26 10:10:27', '2018-11-26 10:10:27', NULL),
(236, 'index', 'admin.shop-shipping-country.index', 47, 2, 1, 0, 0, 0, 0, NULL, NULL, NULL, NULL, '2018-11-26 10:10:27', '2018-11-26 10:10:27', NULL),
(237, 'list', 'admin.shop-shipping-country.list', 47, 2, 1, 0, 0, 0, 0, NULL, NULL, NULL, NULL, '2018-11-26 10:10:27', '2018-11-26 10:10:27', NULL),
(238, 'create', 'admin.shop-shipping-country.create', 47, 2, 1, 0, 0, 0, 0, NULL, NULL, NULL, NULL, '2018-11-26 10:10:27', '2018-11-26 10:10:27', NULL),
(239, 'delete', 'admin.shop-shipping-country.delete', 47, 2, 1, 0, 0, 0, 0, NULL, NULL, NULL, NULL, '2018-11-26 10:10:27', '2018-11-26 10:10:27', NULL),
(240, 'edit', 'admin.shop-shipping-country.edit', 47, 2, 1, 0, 0, 0, 0, NULL, NULL, NULL, NULL, '2018-11-26 10:10:27', '2018-11-26 10:10:27', NULL),
(241, 'export', 'admin.shop-shipping-country.export', 47, 2, 1, 0, 0, 0, 0, NULL, NULL, NULL, NULL, '2018-11-26 10:10:27', '2018-11-26 10:10:27', NULL),
(242, 'index', 'admin.shop-tag.index', 48, 2, 1, 0, 0, 0, 0, NULL, NULL, NULL, NULL, '2018-11-26 10:10:27', '2018-11-26 10:10:27', NULL),
(243, 'list', 'admin.shop-tag.list', 48, 2, 1, 0, 0, 0, 0, NULL, NULL, NULL, NULL, '2018-11-26 10:10:27', '2018-11-26 10:10:27', NULL),
(244, 'create', 'admin.shop-tag.create', 48, 2, 1, 0, 0, 0, 0, NULL, NULL, NULL, NULL, '2018-11-26 10:10:27', '2018-11-26 10:10:27', NULL),
(245, 'delete', 'admin.shop-tag.delete', 48, 2, 1, 0, 0, 0, 0, NULL, NULL, NULL, NULL, '2018-11-26 10:10:27', '2018-11-26 10:10:27', NULL),
(246, 'edit', 'admin.shop-tag.edit', 48, 2, 1, 0, 0, 0, 0, NULL, NULL, NULL, NULL, '2018-11-26 10:10:27', '2018-11-26 10:10:27', NULL),
(247, 'export', 'admin.shop-tag.export', 48, 2, 1, 0, 0, 0, 0, NULL, NULL, NULL, NULL, '2018-11-26 10:10:27', '2018-11-26 10:10:27', NULL),
(248, 'index', 'admin.shop-taxes.index', 49, 2, 1, 0, 0, 0, 0, NULL, NULL, NULL, NULL, '2018-11-26 10:10:27', '2018-11-26 10:10:27', NULL),
(249, 'list', 'admin.shop-taxes.list', 49, 2, 1, 0, 0, 0, 0, NULL, NULL, NULL, NULL, '2018-11-26 10:10:27', '2018-11-26 10:10:27', NULL),
(250, 'create', 'admin.shop-taxes.create', 49, 2, 1, 0, 0, 0, 0, NULL, NULL, NULL, NULL, '2018-11-26 10:10:27', '2018-11-26 10:10:27', NULL),
(251, 'delete', 'admin.shop-taxes.delete', 49, 2, 1, 0, 0, 0, 0, NULL, NULL, NULL, NULL, '2018-11-26 10:10:27', '2018-11-26 10:10:27', NULL),
(252, 'edit', 'admin.shop-taxes.edit', 49, 2, 1, 0, 0, 0, 0, NULL, NULL, NULL, NULL, '2018-11-26 10:10:27', '2018-11-26 10:10:27', NULL),
(253, 'export', 'admin.shop-taxes.export', 49, 2, 1, 0, 0, 0, 0, NULL, NULL, NULL, NULL, '2018-11-26 10:10:27', '2018-11-26 10:10:27', NULL),
(254, 'index', 'admin.shop-temporary-offer.index', 50, 2, 1, 0, 0, 0, 0, NULL, NULL, NULL, NULL, '2018-11-26 10:10:27', '2018-11-26 10:10:27', NULL),
(255, 'list', 'admin.shop-temporary-offer.list', 50, 2, 1, 0, 0, 0, 0, NULL, NULL, NULL, NULL, '2018-11-26 10:10:27', '2018-11-26 10:10:27', NULL),
(256, 'create', 'admin.shop-temporary-offer.create', 50, 2, 1, 0, 0, 0, 0, NULL, NULL, NULL, NULL, '2018-11-26 10:10:27', '2018-11-26 10:10:27', NULL),
(257, 'delete', 'admin.shop-temporary-offer.delete', 50, 2, 1, 0, 0, 0, 0, NULL, NULL, NULL, NULL, '2018-11-26 10:10:27', '2018-11-26 10:10:27', NULL),
(258, 'edit', 'admin.shop-temporary-offer.edit', 50, 2, 1, 0, 0, 0, 0, NULL, NULL, NULL, NULL, '2018-11-26 10:10:27', '2018-11-26 10:10:27', NULL),
(259, 'export', 'admin.shop-temporary-offer.export', 50, 2, 1, 0, 0, 0, 0, NULL, NULL, NULL, NULL, '2018-11-26 10:10:27', '2018-11-26 10:10:27', NULL),
(260, 'index', 'admin.site-config.index', 51, 2, 1, 0, 0, 0, 0, NULL, NULL, NULL, NULL, '2018-11-26 10:10:27', '2018-11-26 10:10:27', NULL),
(261, 'list', 'admin.site-config.list', 51, 2, 1, 0, 0, 0, 0, NULL, NULL, NULL, NULL, '2018-11-26 10:10:27', '2018-11-26 10:10:27', NULL),
(262, 'create', 'admin.site-config.create', 51, 2, 1, 0, 0, 0, 0, NULL, NULL, NULL, NULL, '2018-11-26 10:10:27', '2018-11-26 10:10:27', NULL),
(263, 'delete', 'admin.site-config.delete', 51, 2, 1, 0, 0, 0, 0, NULL, NULL, NULL, NULL, '2018-11-26 10:10:27', '2018-11-26 10:10:27', NULL),
(264, 'edit', 'admin.site-config.edit', 51, 2, 1, 0, 0, 0, 0, NULL, NULL, NULL, NULL, '2018-11-26 10:10:27', '2018-11-26 10:10:27', NULL),
(265, 'export', 'admin.site-config.export', 51, 2, 1, 0, 0, 0, 0, NULL, NULL, NULL, NULL, '2018-11-26 10:10:27', '2018-11-26 10:10:27', NULL),
(266, 'index', 'admin.sitemap.index', 52, 2, 1, 0, 0, 0, 0, NULL, NULL, NULL, NULL, '2018-11-26 10:10:27', '2018-11-26 10:10:27', NULL),
(267, 'index', 'admin.site-rights.index', 53, 2, 1, 0, 0, 0, 0, NULL, NULL, NULL, NULL, '2018-11-26 10:10:27', '2018-11-26 10:10:27', NULL),
(268, 'list', 'admin.site-rights.list', 53, 2, 1, 0, 0, 0, 0, NULL, NULL, NULL, NULL, '2018-11-26 10:10:27', '2018-11-26 10:10:27', NULL),
(269, 'create', 'admin.site-rights.create', 53, 2, 1, 0, 0, 0, 0, NULL, NULL, NULL, NULL, '2018-11-26 10:10:27', '2018-11-26 10:10:27', NULL),
(270, 'delete', 'admin.site-rights.delete', 53, 2, 1, 0, 0, 0, 0, NULL, NULL, NULL, NULL, '2018-11-26 10:10:27', '2018-11-26 10:10:27', NULL),
(271, 'edit', 'admin.site-rights.edit', 53, 2, 1, 0, 0, 0, 0, NULL, NULL, NULL, NULL, '2018-11-26 10:10:27', '2018-11-26 10:10:27', NULL),
(272, 'export', 'admin.site-rights.export', 53, 2, 1, 0, 0, 0, 0, NULL, NULL, NULL, NULL, '2018-11-26 10:10:27', '2018-11-26 10:10:27', NULL),
(273, 'index', 'admin.spo-only.index', 54, 2, 1, 0, 0, 0, 0, NULL, NULL, NULL, NULL, '2018-11-26 10:10:27', '2018-11-26 10:10:27', NULL),
(274, 'list', 'admin.spo-only.list', 54, 2, 1, 0, 0, 0, 0, NULL, NULL, NULL, NULL, '2018-11-26 10:10:27', '2018-11-26 10:10:27', NULL),
(275, 'create', 'admin.spo-only.create', 54, 2, 1, 0, 0, 0, 0, NULL, NULL, NULL, NULL, '2018-11-26 10:10:27', '2018-11-26 10:10:27', NULL),
(276, 'delete', 'admin.spo-only.delete', 54, 2, 1, 0, 0, 0, 0, NULL, NULL, NULL, NULL, '2018-11-26 10:10:27', '2018-11-26 10:10:27', NULL),
(277, 'edit', 'admin.spo-only.edit', 54, 2, 1, 0, 0, 0, 0, NULL, NULL, NULL, NULL, '2018-11-26 10:10:27', '2018-11-26 10:10:27', NULL),
(278, 'export', 'admin.spo-only.export', 54, 2, 1, 0, 0, 0, 0, NULL, NULL, NULL, NULL, '2018-11-26 10:10:27', '2018-11-26 10:10:27', NULL),
(279, 'index', 'admin.team.index', 55, 2, 1, 0, 0, 0, 0, NULL, NULL, NULL, NULL, '2018-11-26 10:10:27', '2018-11-26 10:10:27', NULL),
(280, 'list', 'admin.team.list', 55, 2, 1, 0, 0, 0, 0, NULL, NULL, NULL, NULL, '2018-11-26 10:10:27', '2018-11-26 10:10:27', NULL),
(281, 'create', 'admin.team.create', 55, 2, 1, 0, 0, 0, 0, NULL, NULL, NULL, NULL, '2018-11-26 10:10:27', '2018-11-26 10:10:27', NULL),
(282, 'delete', 'admin.team.delete', 55, 2, 1, 0, 0, 0, 0, NULL, NULL, NULL, NULL, '2018-11-26 10:10:27', '2018-11-26 10:10:27', NULL),
(283, 'edit', 'admin.team.edit', 55, 2, 1, 0, 0, 0, 0, NULL, NULL, NULL, NULL, '2018-11-26 10:10:27', '2018-11-26 10:10:27', NULL),
(284, 'export', 'admin.team.export', 55, 2, 1, 0, 0, 0, 0, NULL, NULL, NULL, NULL, '2018-11-26 10:10:27', '2018-11-26 10:10:27', NULL),
(285, 'index', 'admin.tinymce-template.index', 56, 2, 1, 0, 0, 0, 0, NULL, NULL, NULL, NULL, '2018-11-26 10:10:27', '2018-11-26 10:10:27', NULL),
(286, 'list', 'admin.tinymce-template.list', 56, 2, 1, 0, 0, 0, 0, NULL, NULL, NULL, NULL, '2018-11-26 10:10:27', '2018-11-26 10:10:27', NULL),
(287, 'create', 'admin.tinymce-template.create', 56, 2, 1, 0, 0, 0, 0, NULL, NULL, NULL, NULL, '2018-11-26 10:10:27', '2018-11-26 10:10:27', NULL),
(288, 'delete', 'admin.tinymce-template.delete', 56, 2, 1, 0, 0, 0, 0, NULL, NULL, NULL, NULL, '2018-11-26 10:10:27', '2018-11-26 10:10:27', NULL),
(289, 'edit', 'admin.tinymce-template.edit', 56, 2, 1, 0, 0, 0, 0, NULL, NULL, NULL, NULL, '2018-11-26 10:10:27', '2018-11-26 10:10:27', NULL),
(290, 'export', 'admin.tinymce-template.export', 56, 2, 1, 0, 0, 0, 0, NULL, NULL, NULL, NULL, '2018-11-26 10:10:27', '2018-11-26 10:10:27', NULL),
(291, 'index', 'admin.translator.index', 57, 2, 1, 0, 0, 0, 0, NULL, NULL, NULL, NULL, '2018-11-26 10:10:27', '2018-11-26 10:10:27', NULL),
(292, 'list', 'admin.translator.list', 57, 2, 1, 0, 0, 0, 0, NULL, NULL, NULL, NULL, '2018-11-26 10:10:27', '2018-11-26 10:10:27', NULL),
(293, 'create', 'admin.translator.create', 57, 2, 1, 0, 0, 0, 0, NULL, NULL, NULL, NULL, '2018-11-26 10:10:27', '2018-11-26 10:10:27', NULL),
(294, 'delete', 'admin.translator.delete', 57, 2, 1, 0, 0, 0, 0, NULL, NULL, NULL, NULL, '2018-11-26 10:10:27', '2018-11-26 10:10:27', NULL),
(295, 'edit', 'admin.translator.edit', 57, 2, 1, 0, 0, 0, 0, NULL, NULL, NULL, NULL, '2018-11-26 10:10:27', '2018-11-26 10:10:27', NULL),
(296, 'export', 'admin.translator.export', 57, 2, 1, 0, 0, 0, 0, NULL, NULL, NULL, NULL, '2018-11-26 10:10:27', '2018-11-26 10:10:27', NULL),
(297, 'index', 'admin.translator-param.index', 58, 2, 1, 0, 0, 0, 0, NULL, NULL, NULL, NULL, '2018-11-26 10:10:27', '2018-11-26 10:10:27', NULL),
(298, 'list', 'admin.translator-param.list', 58, 2, 1, 0, 0, 0, 0, NULL, NULL, NULL, NULL, '2018-11-26 10:10:27', '2018-11-26 10:10:27', NULL),
(299, 'create', 'admin.translator-param.create', 58, 2, 1, 0, 0, 0, 0, NULL, NULL, NULL, NULL, '2018-11-26 10:10:27', '2018-11-26 10:10:27', NULL),
(300, 'delete', 'admin.translator-param.delete', 58, 2, 1, 0, 0, 0, 0, NULL, NULL, NULL, NULL, '2018-11-26 10:10:27', '2018-11-26 10:10:27', NULL),
(301, 'edit', 'admin.translator-param.edit', 58, 2, 1, 0, 0, 0, 0, NULL, NULL, NULL, NULL, '2018-11-26 10:10:27', '2018-11-26 10:10:27', NULL),
(302, 'export', 'admin.translator-param.export', 58, 2, 1, 0, 0, 0, 0, NULL, NULL, NULL, NULL, '2018-11-26 10:10:27', '2018-11-26 10:10:27', NULL),
(303, 'index', 'admin.translator-resource.index', 59, 2, 1, 0, 0, 0, 0, NULL, NULL, NULL, NULL, '2018-11-26 10:10:27', '2018-11-26 10:10:27', NULL),
(304, 'list', 'admin.translator-resource.list', 59, 2, 1, 0, 0, 0, 0, NULL, NULL, NULL, NULL, '2018-11-26 10:10:27', '2018-11-26 10:10:27', NULL),
(305, 'create', 'admin.translator-resource.create', 59, 2, 1, 0, 0, 0, 0, NULL, NULL, NULL, NULL, '2018-11-26 10:10:27', '2018-11-26 10:10:27', NULL),
(306, 'delete', 'admin.translator-resource.delete', 59, 2, 1, 0, 0, 0, 0, NULL, NULL, NULL, NULL, '2018-11-26 10:10:27', '2018-11-26 10:10:27', NULL),
(307, 'edit', 'admin.translator-resource.edit', 59, 2, 1, 0, 0, 0, 0, NULL, NULL, NULL, NULL, '2018-11-26 10:10:27', '2018-11-26 10:10:27', NULL),
(308, 'export', 'admin.translator-resource.export', 59, 2, 1, 0, 0, 0, 0, NULL, NULL, NULL, NULL, '2018-11-26 10:10:27', '2018-11-26 10:10:27', NULL),
(309, 'index', 'admin.user.index', 60, 2, 1, 0, 0, 0, 0, NULL, NULL, NULL, NULL, '2018-11-26 10:10:27', '2018-11-26 10:10:27', NULL),
(310, 'list', 'admin.user.list', 60, 2, 1, 0, 0, 0, 0, NULL, NULL, NULL, NULL, '2018-11-26 10:10:27', '2018-11-26 10:10:27', NULL),
(311, 'create', 'admin.user.create', 60, 2, 1, 0, 0, 0, 0, NULL, NULL, NULL, NULL, '2018-11-26 10:10:27', '2018-11-26 10:10:27', NULL),
(312, 'delete', 'admin.user.delete', 60, 2, 1, 0, 0, 0, 0, NULL, NULL, NULL, NULL, '2018-11-26 10:10:27', '2018-11-26 10:10:27', NULL),
(313, 'edit', 'admin.user.edit', 60, 2, 1, 0, 0, 0, 0, NULL, NULL, NULL, NULL, '2018-11-26 10:10:27', '2018-11-26 10:10:27', NULL),
(314, 'export', 'admin.user.export', 60, 2, 1, 0, 0, 0, 0, NULL, NULL, NULL, NULL, '2018-11-26 10:10:27', '2018-11-26 10:10:27', NULL),
(315, 'index', 'author.blog.index', 61, 3, 1, 0, 0, 0, 0, NULL, NULL, NULL, NULL, '2018-11-26 10:10:27', '2018-11-26 10:10:27', NULL),
(316, 'list', 'author.blog.list', 61, 3, 1, 0, 0, 0, 0, NULL, NULL, NULL, NULL, '2018-11-26 10:10:27', '2018-11-26 10:10:27', NULL),
(317, 'create', 'author.blog.create', 61, 3, 1, 0, 0, 0, 0, NULL, NULL, NULL, NULL, '2018-11-26 10:10:27', '2018-11-26 10:10:27', NULL),
(318, 'delete', 'author.blog.delete', 61, 3, 1, 0, 0, 0, 0, NULL, NULL, NULL, NULL, '2018-11-26 10:10:27', '2018-11-26 10:10:27', NULL),
(319, 'edit', 'author.blog.edit', 61, 3, 1, 0, 0, 0, 0, NULL, NULL, NULL, NULL, '2018-11-26 10:10:27', '2018-11-26 10:10:27', NULL),
(320, 'export', 'author.blog.export', 61, 3, 1, 0, 0, 0, 0, NULL, NULL, NULL, NULL, '2018-11-26 10:10:27', '2018-11-26 10:10:27', NULL),
(321, 'index', 'author.content-box.index', 62, 3, 1, 0, 0, 0, 0, NULL, NULL, NULL, NULL, '2018-11-26 10:10:27', '2018-11-26 10:10:27', NULL),
(322, 'list', 'author.content-box.list', 62, 3, 1, 0, 0, 0, 0, NULL, NULL, NULL, NULL, '2018-11-26 10:10:27', '2018-11-26 10:10:27', NULL),
(323, 'create', 'author.content-box.create', 62, 3, 1, 0, 0, 0, 0, NULL, NULL, NULL, NULL, '2018-11-26 10:10:27', '2018-11-26 10:10:27', NULL),
(324, 'delete', 'author.content-box.delete', 62, 3, 1, 0, 0, 0, 0, NULL, NULL, NULL, NULL, '2018-11-26 10:10:27', '2018-11-26 10:10:27', NULL),
(325, 'edit', 'author.content-box.edit', 62, 3, 1, 0, 0, 0, 0, NULL, NULL, NULL, NULL, '2018-11-26 10:10:27', '2018-11-26 10:10:27', NULL),
(326, 'export', 'author.content-box.export', 62, 3, 1, 0, 0, 0, 0, NULL, NULL, NULL, NULL, '2018-11-26 10:10:27', '2018-11-26 10:10:27', NULL),
(327, 'index', 'author.content.index', 63, 3, 1, 0, 0, 0, 0, NULL, NULL, NULL, NULL, '2018-11-26 10:10:27', '2018-11-26 10:10:27', NULL),
(328, 'list', 'author.content.list', 63, 3, 1, 0, 0, 0, 0, NULL, NULL, NULL, NULL, '2018-11-26 10:10:27', '2018-11-26 10:10:27', NULL),
(329, 'create', 'author.content.create', 63, 3, 1, 0, 0, 0, 0, NULL, NULL, NULL, NULL, '2018-11-26 10:10:27', '2018-11-26 10:10:27', NULL),
(330, 'delete', 'author.content.delete', 63, 3, 1, 0, 0, 0, 0, NULL, NULL, NULL, NULL, '2018-11-26 10:10:27', '2018-11-26 10:10:27', NULL),
(331, 'edit', 'author.content.edit', 63, 3, 1, 0, 0, 0, 0, NULL, NULL, NULL, NULL, '2018-11-26 10:10:27', '2018-11-26 10:10:27', NULL),
(332, 'export', 'author.content.export', 63, 3, 1, 0, 0, 0, 0, NULL, NULL, NULL, NULL, '2018-11-26 10:10:27', '2018-11-26 10:10:27', NULL),
(333, 'index', 'author.faq.index', 64, 3, 1, 0, 0, 0, 0, NULL, NULL, NULL, NULL, '2018-11-26 10:10:27', '2018-11-26 10:10:27', NULL),
(334, 'list', 'author.faq.list', 64, 3, 1, 0, 0, 0, 0, NULL, NULL, NULL, NULL, '2018-11-26 10:10:27', '2018-11-26 10:10:27', NULL),
(335, 'create', 'author.faq.create', 64, 3, 1, 0, 0, 0, 0, NULL, NULL, NULL, NULL, '2018-11-26 10:10:27', '2018-11-26 10:10:27', NULL),
(336, 'delete', 'author.faq.delete', 64, 3, 1, 0, 0, 0, 0, NULL, NULL, NULL, NULL, '2018-11-26 10:10:27', '2018-11-26 10:10:27', NULL),
(337, 'edit', 'author.faq.edit', 64, 3, 1, 0, 0, 0, 0, NULL, NULL, NULL, NULL, '2018-11-26 10:10:27', '2018-11-26 10:10:27', NULL),
(338, 'export', 'author.faq.export', 64, 3, 1, 0, 0, 0, 0, NULL, NULL, NULL, NULL, '2018-11-26 10:10:27', '2018-11-26 10:10:27', NULL),
(339, 'index', 'author.image-config.index', 65, 3, 1, 0, 0, 0, 0, NULL, NULL, NULL, NULL, '2018-11-26 10:10:27', '2018-11-26 10:10:27', NULL),
(340, 'list', 'author.image-config.list', 65, 3, 1, 0, 0, 0, 0, NULL, NULL, NULL, NULL, '2018-11-26 10:10:27', '2018-11-26 10:10:27', NULL),
(341, 'create', 'author.image-config.create', 65, 3, 1, 0, 0, 0, 0, NULL, NULL, NULL, NULL, '2018-11-26 10:10:27', '2018-11-26 10:10:27', NULL),
(342, 'delete', 'author.image-config.delete', 65, 3, 1, 0, 0, 0, 0, NULL, NULL, NULL, NULL, '2018-11-26 10:10:27', '2018-11-26 10:10:27', NULL),
(343, 'edit', 'author.image-config.edit', 65, 3, 1, 0, 0, 0, 0, NULL, NULL, NULL, NULL, '2018-11-26 10:10:27', '2018-11-26 10:10:27', NULL),
(344, 'export', 'author.image-config.export', 65, 3, 1, 0, 0, 0, 0, NULL, NULL, NULL, NULL, '2018-11-26 10:10:27', '2018-11-26 10:10:27', NULL),
(345, 'index', 'author.index.index', 66, 3, 1, 0, 0, 0, 0, NULL, NULL, NULL, NULL, '2018-11-26 10:10:27', '2018-11-26 10:10:27', NULL),
(346, 'index', 'author.info-page.index', 67, 3, 1, 0, 0, 0, 0, NULL, NULL, NULL, NULL, '2018-11-26 10:10:27', '2018-11-26 10:10:27', NULL),
(347, 'list', 'author.info-page.list', 67, 3, 1, 0, 0, 0, 0, NULL, NULL, NULL, NULL, '2018-11-26 10:10:27', '2018-11-26 10:10:27', NULL),
(348, 'create', 'author.info-page.create', 67, 3, 1, 0, 0, 0, 0, NULL, NULL, NULL, NULL, '2018-11-26 10:10:27', '2018-11-26 10:10:27', NULL),
(349, 'delete', 'author.info-page.delete', 67, 3, 1, 0, 0, 0, 0, NULL, NULL, NULL, NULL, '2018-11-26 10:10:27', '2018-11-26 10:10:27', NULL),
(350, 'edit', 'author.info-page.edit', 67, 3, 1, 0, 0, 0, 0, NULL, NULL, NULL, NULL, '2018-11-26 10:10:27', '2018-11-26 10:10:27', NULL);
INSERT INTO `action` (`id`, `name`, `resource`, `controller_id`, `role_id`, `is_allowed`, `is_action_method`, `is_html_view`, `is_ajax_view`, `is_json_view`, `layout`, `content_partial`, `canonical_lang`, `robots`, `created_at`, `updated_at`, `deleted_at`) VALUES
(351, 'export', 'author.info-page.export', 67, 3, 1, 0, 0, 0, 0, NULL, NULL, NULL, NULL, '2018-11-26 10:10:27', '2018-11-26 10:10:27', NULL),
(352, 'index', 'author.login.index', 68, 6, 1, 0, 0, 0, 0, NULL, NULL, NULL, NULL, '2018-11-26 10:10:27', '2018-11-26 10:10:27', NULL),
(353, 'index', 'author.meta-configuration.index', 69, 3, 1, 0, 0, 0, 0, NULL, NULL, NULL, NULL, '2018-11-26 10:10:27', '2018-11-26 10:10:27', NULL),
(354, 'list', 'author.meta-configuration.list', 69, 3, 1, 0, 0, 0, 0, NULL, NULL, NULL, NULL, '2018-11-26 10:10:27', '2018-11-26 10:10:27', NULL),
(355, 'create', 'author.meta-configuration.create', 69, 3, 1, 0, 0, 0, 0, NULL, NULL, NULL, NULL, '2018-11-26 10:10:27', '2018-11-26 10:10:27', NULL),
(356, 'delete', 'author.meta-configuration.delete', 69, 3, 1, 0, 0, 0, 0, NULL, NULL, NULL, NULL, '2018-11-26 10:10:27', '2018-11-26 10:10:27', NULL),
(357, 'edit', 'author.meta-configuration.edit', 69, 3, 1, 0, 0, 0, 0, NULL, NULL, NULL, NULL, '2018-11-26 10:10:27', '2018-11-26 10:10:27', NULL),
(358, 'export', 'author.meta-configuration.export', 69, 3, 1, 0, 0, 0, 0, NULL, NULL, NULL, NULL, '2018-11-26 10:10:27', '2018-11-26 10:10:27', NULL),
(359, 'index', 'author.news.index', 70, 3, 1, 0, 0, 0, 0, NULL, NULL, NULL, NULL, '2018-11-26 10:10:27', '2018-11-26 10:10:27', NULL),
(360, 'list', 'author.news.list', 70, 3, 1, 0, 0, 0, 0, NULL, NULL, NULL, NULL, '2018-11-26 10:10:27', '2018-11-26 10:10:27', NULL),
(361, 'create', 'author.news.create', 70, 3, 1, 0, 0, 0, 0, NULL, NULL, NULL, NULL, '2018-11-26 10:10:27', '2018-11-26 10:10:27', NULL),
(362, 'delete', 'author.news.delete', 70, 3, 1, 0, 0, 0, 0, NULL, NULL, NULL, NULL, '2018-11-26 10:10:27', '2018-11-26 10:10:27', NULL),
(363, 'edit', 'author.news.edit', 70, 3, 1, 0, 0, 0, 0, NULL, NULL, NULL, NULL, '2018-11-26 10:10:27', '2018-11-26 10:10:27', NULL),
(364, 'export', 'author.news.export', 70, 3, 1, 0, 0, 0, 0, NULL, NULL, NULL, NULL, '2018-11-26 10:10:27', '2018-11-26 10:10:27', NULL),
(365, 'index', 'author.newsletter.index', 71, 3, 1, 0, 0, 0, 0, NULL, NULL, NULL, NULL, '2018-11-26 10:10:27', '2018-11-26 10:10:27', NULL),
(366, 'list', 'author.newsletter.list', 71, 3, 1, 0, 0, 0, 0, NULL, NULL, NULL, NULL, '2018-11-26 10:10:27', '2018-11-26 10:10:27', NULL),
(367, 'create', 'author.newsletter.create', 71, 3, 1, 0, 0, 0, 0, NULL, NULL, NULL, NULL, '2018-11-26 10:10:27', '2018-11-26 10:10:27', NULL),
(368, 'delete', 'author.newsletter.delete', 71, 3, 1, 0, 0, 0, 0, NULL, NULL, NULL, NULL, '2018-11-26 10:10:27', '2018-11-26 10:10:27', NULL),
(369, 'edit', 'author.newsletter.edit', 71, 3, 1, 0, 0, 0, 0, NULL, NULL, NULL, NULL, '2018-11-26 10:10:27', '2018-11-26 10:10:27', NULL),
(370, 'sender', 'author.newsletter.sender', 71, 3, 1, 0, 0, 0, 0, NULL, NULL, NULL, NULL, '2018-11-26 10:10:27', '2018-11-26 10:10:27', NULL),
(371, 'tester', 'author.newsletter.tester', 71, 3, 1, 0, 0, 0, 0, NULL, NULL, NULL, NULL, '2018-11-26 10:10:27', '2018-11-26 10:10:27', NULL),
(372, 'export', 'author.newsletter.export', 71, 3, 1, 0, 0, 0, 0, NULL, NULL, NULL, NULL, '2018-11-26 10:10:27', '2018-11-26 10:10:27', NULL),
(373, 'index', 'author.newsletter-subscriber-type.index', 72, 3, 1, 0, 0, 0, 0, NULL, NULL, NULL, NULL, '2018-11-26 10:10:27', '2018-11-26 10:10:27', NULL),
(374, 'list', 'author.newsletter-subscriber-type.list', 72, 3, 1, 0, 0, 0, 0, NULL, NULL, NULL, NULL, '2018-11-26 10:10:27', '2018-11-26 10:10:27', NULL),
(375, 'create', 'author.newsletter-subscriber-type.create', 72, 3, 1, 0, 0, 0, 0, NULL, NULL, NULL, NULL, '2018-11-26 10:10:27', '2018-11-26 10:10:27', NULL),
(376, 'delete', 'author.newsletter-subscriber-type.delete', 72, 3, 1, 0, 0, 0, 0, NULL, NULL, NULL, NULL, '2018-11-26 10:10:27', '2018-11-26 10:10:27', NULL),
(377, 'edit', 'author.newsletter-subscriber-type.edit', 72, 3, 1, 0, 0, 0, 0, NULL, NULL, NULL, NULL, '2018-11-26 10:10:27', '2018-11-26 10:10:27', NULL),
(378, 'export', 'author.newsletter-subscriber-type.export', 72, 3, 1, 0, 0, 0, 0, NULL, NULL, NULL, NULL, '2018-11-26 10:10:27', '2018-11-26 10:10:27', NULL),
(379, 'index', 'author.newsletter-user.index', 73, 3, 1, 0, 0, 0, 0, NULL, NULL, NULL, NULL, '2018-11-26 10:10:27', '2018-11-26 10:10:27', NULL),
(380, 'list', 'author.newsletter-user.list', 73, 3, 1, 0, 0, 0, 0, NULL, NULL, NULL, NULL, '2018-11-26 10:10:27', '2018-11-26 10:10:27', NULL),
(381, 'create', 'author.newsletter-user.create', 73, 3, 1, 0, 0, 0, 0, NULL, NULL, NULL, NULL, '2018-11-26 10:10:27', '2018-11-26 10:10:27', NULL),
(382, 'delete', 'author.newsletter-user.delete', 73, 3, 1, 0, 0, 0, 0, NULL, NULL, NULL, NULL, '2018-11-26 10:10:27', '2018-11-26 10:10:27', NULL),
(383, 'edit', 'author.newsletter-user.edit', 73, 3, 1, 0, 0, 0, 0, NULL, NULL, NULL, NULL, '2018-11-26 10:10:27', '2018-11-26 10:10:27', NULL),
(384, 'export', 'author.newsletter-user.export', 73, 3, 1, 0, 0, 0, 0, NULL, NULL, NULL, NULL, '2018-11-26 10:10:27', '2018-11-26 10:10:27', NULL),
(385, 'index', 'author.site-config.index', 74, 3, 1, 0, 0, 0, 0, NULL, NULL, NULL, NULL, '2018-11-26 10:10:27', '2018-11-26 10:10:27', NULL),
(386, 'list', 'author.site-config.list', 74, 3, 1, 0, 0, 0, 0, NULL, NULL, NULL, NULL, '2018-11-26 10:10:27', '2018-11-26 10:10:27', NULL),
(387, 'create', 'author.site-config.create', 74, 3, 1, 0, 0, 0, 0, NULL, NULL, NULL, NULL, '2018-11-26 10:10:27', '2018-11-26 10:10:27', NULL),
(388, 'delete', 'author.site-config.delete', 74, 3, 1, 0, 0, 0, 0, NULL, NULL, NULL, NULL, '2018-11-26 10:10:27', '2018-11-26 10:10:27', NULL),
(389, 'edit', 'author.site-config.edit', 74, 3, 1, 0, 0, 0, 0, NULL, NULL, NULL, NULL, '2018-11-26 10:10:27', '2018-11-26 10:10:27', NULL),
(390, 'export', 'author.site-config.export', 74, 3, 1, 0, 0, 0, 0, NULL, NULL, NULL, NULL, '2018-11-26 10:10:27', '2018-11-26 10:10:27', NULL),
(391, 'index', 'author.team.index', 75, 3, 1, 0, 0, 0, 0, NULL, NULL, NULL, NULL, '2018-11-26 10:10:27', '2018-11-26 10:10:27', NULL),
(392, 'list', 'author.team.list', 75, 3, 1, 0, 0, 0, 0, NULL, NULL, NULL, NULL, '2018-11-26 10:10:27', '2018-11-26 10:10:27', NULL),
(393, 'create', 'author.team.create', 75, 3, 1, 0, 0, 0, 0, NULL, NULL, NULL, NULL, '2018-11-26 10:10:27', '2018-11-26 10:10:27', NULL),
(394, 'delete', 'author.team.delete', 75, 3, 1, 0, 0, 0, 0, NULL, NULL, NULL, NULL, '2018-11-26 10:10:27', '2018-11-26 10:10:27', NULL),
(395, 'edit', 'author.team.edit', 75, 3, 1, 0, 0, 0, 0, NULL, NULL, NULL, NULL, '2018-11-26 10:10:27', '2018-11-26 10:10:27', NULL),
(396, 'export', 'author.team.export', 75, 3, 1, 0, 0, 0, 0, NULL, NULL, NULL, NULL, '2018-11-26 10:10:27', '2018-11-26 10:10:27', NULL),
(397, 'index', 'author.tinymce-template.index', 76, 3, 1, 0, 0, 0, 0, NULL, NULL, NULL, NULL, '2018-11-26 10:10:27', '2018-11-26 10:10:27', NULL),
(398, 'list', 'author.tinymce-template.list', 76, 3, 1, 0, 0, 0, 0, NULL, NULL, NULL, NULL, '2018-11-26 10:10:27', '2018-11-26 10:10:27', NULL),
(399, 'create', 'author.tinymce-template.create', 76, 3, 1, 0, 0, 0, 0, NULL, NULL, NULL, NULL, '2018-11-26 10:10:27', '2018-11-26 10:10:27', NULL),
(400, 'delete', 'author.tinymce-template.delete', 76, 3, 1, 0, 0, 0, 0, NULL, NULL, NULL, NULL, '2018-11-26 10:10:27', '2018-11-26 10:10:27', NULL),
(401, 'edit', 'author.tinymce-template.edit', 76, 3, 1, 0, 0, 0, 0, NULL, NULL, NULL, NULL, '2018-11-26 10:10:27', '2018-11-26 10:10:27', NULL),
(402, 'export', 'author.tinymce-template.export', 76, 3, 1, 0, 0, 0, 0, NULL, NULL, NULL, NULL, '2018-11-26 10:10:27', '2018-11-26 10:10:27', NULL),
(403, 'index', 'author.translator.index', 77, 3, 1, 0, 0, 0, 0, NULL, NULL, NULL, NULL, '2018-11-26 10:10:27', '2018-11-26 10:10:27', NULL),
(404, 'list', 'author.translator.list', 77, 3, 1, 0, 0, 0, 0, NULL, NULL, NULL, NULL, '2018-11-26 10:10:27', '2018-11-26 10:10:27', NULL),
(405, 'create', 'author.translator.create', 77, 3, 1, 0, 0, 0, 0, NULL, NULL, NULL, NULL, '2018-11-26 10:10:27', '2018-11-26 10:10:27', NULL),
(406, 'delete', 'author.translator.delete', 77, 3, 1, 0, 0, 0, 0, NULL, NULL, NULL, NULL, '2018-11-26 10:10:27', '2018-11-26 10:10:27', NULL),
(407, 'edit', 'author.translator.edit', 77, 3, 1, 0, 0, 0, 0, NULL, NULL, NULL, NULL, '2018-11-26 10:10:27', '2018-11-26 10:10:27', NULL),
(408, 'export', 'author.translator.export', 77, 3, 1, 0, 0, 0, 0, NULL, NULL, NULL, NULL, '2018-11-26 10:10:27', '2018-11-26 10:10:27', NULL),
(409, 'index', 'system.action.index', 78, 1, 1, 0, 0, 0, 0, NULL, NULL, NULL, NULL, '2018-11-26 10:10:27', '2018-11-26 10:10:27', NULL),
(410, 'list', 'system.action.list', 78, 1, 1, 0, 0, 0, 0, NULL, NULL, NULL, NULL, '2018-11-26 10:10:27', '2018-11-26 10:10:27', NULL),
(411, 'create', 'system.action.create', 78, 1, 1, 0, 0, 0, 0, NULL, NULL, NULL, NULL, '2018-11-26 10:10:27', '2018-11-26 10:10:27', NULL),
(412, 'delete', 'system.action.delete', 78, 1, 1, 0, 0, 0, 0, NULL, NULL, NULL, NULL, '2018-11-26 10:10:27', '2018-11-26 10:10:27', NULL),
(413, 'edit', 'system.action.edit', 78, 1, 1, 0, 0, 0, 0, NULL, NULL, NULL, NULL, '2018-11-26 10:10:27', '2018-11-26 10:10:27', NULL),
(414, 'update', 'system.action.update', 78, 1, 1, 0, 0, 0, 0, NULL, NULL, NULL, NULL, '2018-11-26 10:10:27', '2018-11-26 10:10:27', NULL),
(415, 'export', 'system.action.export', 78, 1, 1, 0, 0, 0, 0, NULL, NULL, NULL, NULL, '2018-11-26 10:10:27', '2018-11-26 10:10:27', NULL),
(416, 'index', 'system.admin-boxes-action.index', 79, 1, 1, 0, 0, 0, 0, NULL, NULL, NULL, NULL, '2018-11-26 10:10:27', '2018-11-26 10:10:27', NULL),
(417, 'list', 'system.admin-boxes-action.list', 79, 1, 1, 0, 0, 0, 0, NULL, NULL, NULL, NULL, '2018-11-26 10:10:27', '2018-11-26 10:10:27', NULL),
(418, 'create', 'system.admin-boxes-action.create', 79, 1, 1, 0, 0, 0, 0, NULL, NULL, NULL, NULL, '2018-11-26 10:10:27', '2018-11-26 10:10:27', NULL),
(419, 'delete', 'system.admin-boxes-action.delete', 79, 1, 1, 0, 0, 0, 0, NULL, NULL, NULL, NULL, '2018-11-26 10:10:27', '2018-11-26 10:10:27', NULL),
(420, 'edit', 'system.admin-boxes-action.edit', 79, 1, 1, 0, 0, 0, 0, NULL, NULL, NULL, NULL, '2018-11-26 10:10:27', '2018-11-26 10:10:27', NULL),
(421, 'export', 'system.admin-boxes-action.export', 79, 1, 1, 0, 0, 0, 0, NULL, NULL, NULL, NULL, '2018-11-26 10:10:27', '2018-11-26 10:10:27', NULL),
(422, 'index', 'system.admin-boxes.index', 80, 1, 1, 0, 0, 0, 0, NULL, NULL, NULL, NULL, '2018-11-26 10:10:27', '2018-11-26 10:10:27', NULL),
(423, 'list', 'system.admin-boxes.list', 80, 1, 1, 0, 0, 0, 0, NULL, NULL, NULL, NULL, '2018-11-26 10:10:27', '2018-11-26 10:10:27', NULL),
(424, 'create', 'system.admin-boxes.create', 80, 1, 1, 0, 0, 0, 0, NULL, NULL, NULL, NULL, '2018-11-26 10:10:27', '2018-11-26 10:10:27', NULL),
(425, 'delete', 'system.admin-boxes.delete', 80, 1, 1, 0, 0, 0, 0, NULL, NULL, NULL, NULL, '2018-11-26 10:10:27', '2018-11-26 10:10:27', NULL),
(426, 'edit', 'system.admin-boxes.edit', 80, 1, 1, 0, 0, 0, 0, NULL, NULL, NULL, NULL, '2018-11-26 10:10:27', '2018-11-26 10:10:27', NULL),
(427, 'export', 'system.admin-boxes.export', 80, 1, 1, 0, 0, 0, 0, NULL, NULL, NULL, NULL, '2018-11-26 10:10:27', '2018-11-26 10:10:27', NULL),
(428, 'application', 'system.auto-complete.application', 81, 3, 1, 0, 0, 0, 0, NULL, NULL, NULL, NULL, '2018-11-26 10:10:27', '2018-11-26 10:10:27', NULL),
(429, 'module', 'system.auto-complete.module', 81, 3, 1, 0, 0, 0, 0, NULL, NULL, NULL, NULL, '2018-11-26 10:10:27', '2018-11-26 10:10:27', NULL),
(430, 'controller', 'system.auto-complete.controller', 81, 3, 1, 0, 0, 0, 0, NULL, NULL, NULL, NULL, '2018-11-26 10:10:27', '2018-11-26 10:10:27', NULL),
(431, 'action', 'system.auto-complete.action', 81, 3, 1, 0, 0, 0, 0, NULL, NULL, NULL, NULL, '2018-11-26 10:10:27', '2018-11-26 10:10:27', NULL),
(432, 'act', 'system.auto-complete.act', 81, 3, 1, 0, 0, 0, 0, NULL, NULL, NULL, NULL, '2018-11-26 10:10:27', '2018-11-26 10:10:27', NULL),
(433, 'position', 'system.auto-complete.position', 81, 3, 1, 0, 0, 0, 0, NULL, NULL, NULL, NULL, '2018-11-26 10:10:27', '2018-11-26 10:10:27', NULL),
(434, 'load', 'system.auto-complete.load', 81, 3, 1, 0, 0, 0, 0, NULL, NULL, NULL, NULL, '2018-11-26 10:10:27', '2018-11-26 10:10:27', NULL),
(435, 'auto', 'system.auto-complete.auto', 81, 3, 1, 0, 0, 0, 0, NULL, NULL, NULL, NULL, '2018-11-26 10:10:27', '2018-11-26 10:10:27', NULL),
(436, 'model-collection', 'system.auto-complete.model-collection', 81, 3, 1, 0, 0, 0, 0, NULL, NULL, NULL, NULL, '2018-11-26 10:10:27', '2018-11-26 10:10:27', NULL),
(437, 'role', 'system.auto-complete.role', 81, 3, 1, 0, 0, 0, 0, NULL, NULL, NULL, NULL, '2018-11-26 10:10:27', '2018-11-26 10:10:27', NULL),
(438, 'user', 'system.auto-complete.user', 81, 3, 1, 0, 0, 0, 0, NULL, NULL, NULL, NULL, '2018-11-26 10:10:27', '2018-11-26 10:10:27', NULL),
(439, 'clear', 'system.cache.clear', 82, 1, 1, 0, 0, 0, 0, NULL, NULL, NULL, NULL, '2018-11-26 10:10:27', '2018-11-26 10:10:27', NULL),
(440, 'index', 'system.configuration.index', 83, 1, 1, 0, 0, 0, 0, NULL, NULL, NULL, NULL, '2018-11-26 10:10:27', '2018-11-26 10:10:27', NULL),
(441, 'index', 'system.controller.index', 84, 1, 1, 0, 0, 0, 0, NULL, NULL, NULL, NULL, '2018-11-26 10:10:27', '2018-11-26 10:10:27', NULL),
(442, 'list', 'system.controller.list', 84, 1, 1, 0, 0, 0, 0, NULL, NULL, NULL, NULL, '2018-11-26 10:10:27', '2018-11-26 10:10:27', NULL),
(443, 'create', 'system.controller.create', 84, 1, 1, 0, 0, 0, 0, NULL, NULL, NULL, NULL, '2018-11-26 10:10:27', '2018-11-26 10:10:27', NULL),
(444, 'delete', 'system.controller.delete', 84, 1, 1, 0, 0, 0, 0, NULL, NULL, NULL, NULL, '2018-11-26 10:10:27', '2018-11-26 10:10:27', NULL),
(445, 'edit', 'system.controller.edit', 84, 1, 1, 0, 0, 0, 0, NULL, NULL, NULL, NULL, '2018-11-26 10:10:27', '2018-11-26 10:10:27', NULL),
(446, 'export', 'system.controller.export', 84, 1, 1, 0, 0, 0, 0, NULL, NULL, NULL, NULL, '2018-11-26 10:10:27', '2018-11-26 10:10:27', NULL),
(447, 'index', 'system.css.index', 85, 1, 1, 0, 0, 0, 0, NULL, NULL, NULL, NULL, '2018-11-26 10:10:27', '2018-11-26 10:10:27', NULL),
(448, 'generate-iconized-list-css', 'system.css.generate-iconized-list-css', 85, 1, 1, 0, 0, 0, 0, NULL, NULL, NULL, NULL, '2018-11-26 10:10:27', '2018-11-26 10:10:27', NULL),
(449, 'index', 'system.dash-board.index', 86, 1, 1, 0, 0, 0, 0, NULL, NULL, NULL, NULL, '2018-11-26 10:10:27', '2018-11-26 10:10:27', NULL),
(450, 'index', 'system.index.index', 87, 1, 1, 0, 0, 0, 0, NULL, NULL, NULL, NULL, '2018-11-26 10:10:27', '2018-11-26 10:10:27', NULL),
(451, 'index', 'system.login.index', 88, 6, 1, 0, 0, 0, 0, NULL, NULL, NULL, NULL, '2018-11-26 10:10:27', '2018-11-26 10:10:27', NULL),
(452, 'renew', 'system.mark-for-editor.renew', 89, 3, 1, 0, 0, 0, 0, NULL, NULL, NULL, NULL, '2018-11-26 10:10:27', '2018-11-26 10:10:27', NULL),
(453, 'index', 'system.media.index', 90, 3, 1, 0, 0, 0, 0, NULL, NULL, NULL, NULL, '2018-11-26 10:10:27', '2018-11-26 10:10:27', NULL),
(454, 'list', 'system.media.list', 90, 3, 1, 0, 0, 0, 0, NULL, NULL, NULL, NULL, '2018-11-26 10:10:27', '2018-11-26 10:10:27', NULL),
(455, 'create', 'system.media.create', 90, 3, 1, 0, 0, 0, 0, NULL, NULL, NULL, NULL, '2018-11-26 10:10:27', '2018-11-26 10:10:27', NULL),
(456, 'replace', 'system.media.replace', 90, 3, 1, 0, 0, 0, 0, NULL, NULL, NULL, NULL, '2018-11-26 10:10:27', '2018-11-26 10:10:27', NULL),
(457, 'delete', 'system.media.delete', 90, 3, 1, 0, 0, 0, 0, NULL, NULL, NULL, NULL, '2018-11-26 10:10:27', '2018-11-26 10:10:27', NULL),
(458, 'edit', 'system.media.edit', 90, 3, 1, 0, 0, 0, 0, NULL, NULL, NULL, NULL, '2018-11-26 10:10:27', '2018-11-26 10:10:27', NULL),
(459, 'select', 'system.media.select', 90, 3, 1, 0, 0, 0, 0, NULL, NULL, NULL, NULL, '2018-11-26 10:10:27', '2018-11-26 10:10:27', NULL),
(460, 'crop', 'system.media.crop', 90, 3, 1, 0, 0, 0, 0, NULL, NULL, NULL, NULL, '2018-11-26 10:10:27', '2018-11-26 10:10:27', NULL),
(461, 'directory', 'system.media.directory', 90, 3, 1, 0, 0, 0, 0, NULL, NULL, NULL, NULL, '2018-11-26 10:10:27', '2018-11-26 10:10:27', NULL),
(462, 'data', 'system.media.data', 90, 3, 1, 0, 0, 0, 0, NULL, NULL, NULL, NULL, '2018-11-26 10:10:27', '2018-11-26 10:10:27', NULL),
(463, 'fix-medias', 'system.media.fix-medias', 90, 3, 1, 0, 0, 0, 0, NULL, NULL, NULL, NULL, '2018-11-26 10:10:27', '2018-11-26 10:10:27', NULL),
(464, 'index', 'system.model.index', 91, 1, 1, 0, 0, 0, 0, NULL, NULL, NULL, NULL, '2018-11-26 10:10:27', '2018-11-26 10:10:27', NULL),
(465, 'list', 'system.model.list', 91, 1, 1, 0, 0, 0, 0, NULL, NULL, NULL, NULL, '2018-11-26 10:10:27', '2018-11-26 10:10:27', NULL),
(466, 'create', 'system.model.create', 91, 1, 1, 0, 0, 0, 0, NULL, NULL, NULL, NULL, '2018-11-26 10:10:27', '2018-11-26 10:10:27', NULL),
(467, 'delete', 'system.model.delete', 91, 1, 1, 0, 0, 0, 0, NULL, NULL, NULL, NULL, '2018-11-26 10:10:27', '2018-11-26 10:10:27', NULL),
(468, 'delete-all', 'system.model.delete-all', 91, 1, 1, 0, 0, 0, 0, NULL, NULL, NULL, NULL, '2018-11-26 10:10:27', '2018-11-26 10:10:27', NULL),
(469, 'edit', 'system.model.edit', 91, 1, 1, 0, 0, 0, 0, NULL, NULL, NULL, NULL, '2018-11-26 10:10:27', '2018-11-26 10:10:27', NULL),
(470, 'update', 'system.model.update', 91, 1, 1, 0, 0, 0, 0, NULL, NULL, NULL, NULL, '2018-11-26 10:10:27', '2018-11-26 10:10:27', NULL),
(471, 'export', 'system.model.export', 91, 1, 1, 0, 0, 0, 0, NULL, NULL, NULL, NULL, '2018-11-26 10:10:27', '2018-11-26 10:10:27', NULL),
(472, 'index', 'system.module.index', 92, 1, 1, 0, 0, 0, 0, NULL, NULL, NULL, NULL, '2018-11-26 10:10:27', '2018-11-26 10:10:27', NULL),
(473, 'list', 'system.module.list', 92, 1, 1, 0, 0, 0, 0, NULL, NULL, NULL, NULL, '2018-11-26 10:10:27', '2018-11-26 10:10:27', NULL),
(474, 'create', 'system.module.create', 92, 1, 1, 0, 0, 0, 0, NULL, NULL, NULL, NULL, '2018-11-26 10:10:27', '2018-11-26 10:10:27', NULL),
(475, 'delete', 'system.module.delete', 92, 1, 1, 0, 0, 0, 0, NULL, NULL, NULL, NULL, '2018-11-26 10:10:27', '2018-11-26 10:10:27', NULL),
(476, 'edit', 'system.module.edit', 92, 1, 1, 0, 0, 0, 0, NULL, NULL, NULL, NULL, '2018-11-26 10:10:27', '2018-11-26 10:10:27', NULL),
(477, 'export', 'system.module.export', 92, 1, 1, 0, 0, 0, 0, NULL, NULL, NULL, NULL, '2018-11-26 10:10:27', '2018-11-26 10:10:27', NULL),
(478, 'index', 'system.navigation.index', 93, 1, 1, 0, 0, 0, 0, NULL, NULL, NULL, NULL, '2018-11-26 10:10:27', '2018-11-26 10:10:27', NULL),
(479, 'list', 'system.navigation.list', 93, 1, 1, 0, 0, 0, 0, NULL, NULL, NULL, NULL, '2018-11-26 10:10:27', '2018-11-26 10:10:27', NULL),
(480, 'create', 'system.navigation.create', 93, 1, 1, 0, 0, 0, 0, NULL, NULL, NULL, NULL, '2018-11-26 10:10:27', '2018-11-26 10:10:27', NULL),
(481, 'delete', 'system.navigation.delete', 93, 1, 1, 0, 0, 0, 0, NULL, NULL, NULL, NULL, '2018-11-26 10:10:27', '2018-11-26 10:10:27', NULL),
(482, 'edit', 'system.navigation.edit', 93, 1, 1, 0, 0, 0, 0, NULL, NULL, NULL, NULL, '2018-11-26 10:10:27', '2018-11-26 10:10:27', NULL),
(483, 'export', 'system.navigation.export', 93, 1, 1, 0, 0, 0, 0, NULL, NULL, NULL, NULL, '2018-11-26 10:10:27', '2018-11-26 10:10:27', NULL),
(484, 'index', 'system.plugins.index', 94, 1, 1, 0, 0, 0, 0, NULL, NULL, NULL, NULL, '2018-11-26 10:10:27', '2018-11-26 10:10:27', NULL),
(485, 'list', 'system.plugins.list', 94, 1, 1, 0, 0, 0, 0, NULL, NULL, NULL, NULL, '2018-11-26 10:10:27', '2018-11-26 10:10:27', NULL),
(486, 'create', 'system.plugins.create', 94, 1, 1, 0, 0, 0, 0, NULL, NULL, NULL, NULL, '2018-11-26 10:10:27', '2018-11-26 10:10:27', NULL),
(487, 'delete', 'system.plugins.delete', 94, 1, 1, 0, 0, 0, 0, NULL, NULL, NULL, NULL, '2018-11-26 10:10:27', '2018-11-26 10:10:27', NULL),
(488, 'edit', 'system.plugins.edit', 94, 1, 1, 0, 0, 0, 0, NULL, NULL, NULL, NULL, '2018-11-26 10:10:27', '2018-11-26 10:10:27', NULL),
(489, 'export', 'system.plugins.export', 94, 1, 1, 0, 0, 0, 0, NULL, NULL, NULL, NULL, '2018-11-26 10:10:27', '2018-11-26 10:10:27', NULL),
(490, 'setup', 'system.plugins.setup', 94, 1, 1, 0, 0, 0, 0, NULL, NULL, NULL, NULL, '2018-11-26 10:10:27', '2018-11-26 10:10:27', NULL),
(491, 'index', 'system.role.index', 95, 1, 1, 0, 0, 0, 0, NULL, NULL, NULL, NULL, '2018-11-26 10:10:27', '2018-11-26 10:10:27', NULL),
(492, 'list', 'system.role.list', 95, 1, 1, 0, 0, 0, 0, NULL, NULL, NULL, NULL, '2018-11-26 10:10:27', '2018-11-26 10:10:27', NULL),
(493, 'create', 'system.role.create', 95, 1, 1, 0, 0, 0, 0, NULL, NULL, NULL, NULL, '2018-11-26 10:10:27', '2018-11-26 10:10:27', NULL),
(494, 'delete', 'system.role.delete', 95, 1, 1, 0, 0, 0, 0, NULL, NULL, NULL, NULL, '2018-11-26 10:10:27', '2018-11-26 10:10:27', NULL),
(495, 'edit', 'system.role.edit', 95, 1, 1, 0, 0, 0, 0, NULL, NULL, NULL, NULL, '2018-11-26 10:10:27', '2018-11-26 10:10:27', NULL),
(496, 'export', 'system.role.export', 95, 1, 1, 0, 0, 0, 0, NULL, NULL, NULL, NULL, '2018-11-26 10:10:27', '2018-11-26 10:10:27', NULL),
(497, 'clear', 'system.session.clear', 96, 1, 1, 0, 0, 0, 0, NULL, NULL, NULL, NULL, '2018-11-26 10:10:27', '2018-11-26 10:10:27', NULL),
(498, 'index', 'system.setup.index', 97, 1, 1, 0, 0, 0, 0, NULL, NULL, NULL, NULL, '2018-11-26 10:10:27', '2018-11-26 10:10:27', NULL),
(499, 'process', 'system.setup.process', 97, 1, 1, 0, 0, 0, 0, NULL, NULL, NULL, NULL, '2018-11-26 10:10:27', '2018-11-26 10:10:27', NULL),
(500, 'index', 'system.translator.index', 98, 1, 1, 0, 0, 0, 0, NULL, NULL, NULL, NULL, '2018-11-26 10:10:27', '2018-11-26 10:10:27', NULL),
(501, 'list', 'system.translator.list', 98, 1, 1, 0, 0, 0, 0, NULL, NULL, NULL, NULL, '2018-11-26 10:10:27', '2018-11-26 10:10:27', NULL),
(502, 'create', 'system.translator.create', 98, 1, 1, 0, 0, 0, 0, NULL, NULL, NULL, NULL, '2018-11-26 10:10:27', '2018-11-26 10:10:27', NULL),
(503, 'delete', 'system.translator.delete', 98, 1, 1, 0, 0, 0, 0, NULL, NULL, NULL, NULL, '2018-11-26 10:10:27', '2018-11-26 10:10:27', NULL),
(504, 'edit', 'system.translator.edit', 98, 1, 1, 0, 0, 0, 0, NULL, NULL, NULL, NULL, '2018-11-26 10:10:27', '2018-11-26 10:10:27', NULL),
(505, 'update', 'system.translator.update', 98, 1, 1, 0, 0, 0, 0, NULL, NULL, NULL, NULL, '2018-11-26 10:10:27', '2018-11-26 10:10:27', NULL),
(506, 'export', 'system.translator.export', 98, 1, 1, 0, 0, 0, 0, NULL, NULL, NULL, NULL, '2018-11-26 10:10:27', '2018-11-26 10:10:27', NULL),
(507, 'index', 'system.translator-model-column.index', 99, 1, 1, 0, 0, 0, 0, NULL, NULL, NULL, NULL, '2018-11-26 10:10:27', '2018-11-26 10:10:27', NULL),
(508, 'list', 'system.translator-model-column.list', 99, 1, 1, 0, 0, 0, 0, NULL, NULL, NULL, NULL, '2018-11-26 10:10:27', '2018-11-26 10:10:27', NULL),
(509, 'create', 'system.translator-model-column.create', 99, 1, 1, 0, 0, 0, 0, NULL, NULL, NULL, NULL, '2018-11-26 10:10:27', '2018-11-26 10:10:27', NULL),
(510, 'delete', 'system.translator-model-column.delete', 99, 1, 1, 0, 0, 0, 0, NULL, NULL, NULL, NULL, '2018-11-26 10:10:27', '2018-11-26 10:10:27', NULL),
(511, 'edit', 'system.translator-model-column.edit', 99, 1, 1, 0, 0, 0, 0, NULL, NULL, NULL, NULL, '2018-11-26 10:10:27', '2018-11-26 10:10:27', NULL),
(512, 'export', 'system.translator-model-column.export', 99, 1, 1, 0, 0, 0, 0, NULL, NULL, NULL, NULL, '2018-11-26 10:10:27', '2018-11-26 10:10:27', NULL),
(513, 'index', 'system.translator-model-list.index', 100, 1, 1, 0, 0, 0, 0, NULL, NULL, NULL, NULL, '2018-11-26 10:10:27', '2018-11-26 10:10:27', NULL),
(514, 'list', 'system.translator-model-list.list', 100, 1, 1, 0, 0, 0, 0, NULL, NULL, NULL, NULL, '2018-11-26 10:10:27', '2018-11-26 10:10:27', NULL),
(515, 'create', 'system.translator-model-list.create', 100, 1, 1, 0, 0, 0, 0, NULL, NULL, NULL, NULL, '2018-11-26 10:10:27', '2018-11-26 10:10:27', NULL),
(516, 'delete', 'system.translator-model-list.delete', 100, 1, 1, 0, 0, 0, 0, NULL, NULL, NULL, NULL, '2018-11-26 10:10:27', '2018-11-26 10:10:27', NULL),
(517, 'edit', 'system.translator-model-list.edit', 100, 1, 1, 0, 0, 0, 0, NULL, NULL, NULL, NULL, '2018-11-26 10:10:27', '2018-11-26 10:10:27', NULL),
(518, 'export', 'system.translator-model-list.export', 100, 1, 1, 0, 0, 0, 0, NULL, NULL, NULL, NULL, '2018-11-26 10:10:27', '2018-11-26 10:10:27', NULL),
(519, 'index', 'system.translator-param.index', 101, 1, 1, 0, 0, 0, 0, NULL, NULL, NULL, NULL, '2018-11-26 10:10:27', '2018-11-26 10:10:27', NULL),
(520, 'list', 'system.translator-param.list', 101, 1, 1, 0, 0, 0, 0, NULL, NULL, NULL, NULL, '2018-11-26 10:10:28', '2018-11-26 10:10:28', NULL),
(521, 'create', 'system.translator-param.create', 101, 1, 1, 0, 0, 0, 0, NULL, NULL, NULL, NULL, '2018-11-26 10:10:28', '2018-11-26 10:10:28', NULL),
(522, 'delete', 'system.translator-param.delete', 101, 1, 1, 0, 0, 0, 0, NULL, NULL, NULL, NULL, '2018-11-26 10:10:28', '2018-11-26 10:10:28', NULL),
(523, 'edit', 'system.translator-param.edit', 101, 1, 1, 0, 0, 0, 0, NULL, NULL, NULL, NULL, '2018-11-26 10:10:28', '2018-11-26 10:10:28', NULL),
(524, 'export', 'system.translator-param.export', 101, 1, 1, 0, 0, 0, 0, NULL, NULL, NULL, NULL, '2018-11-26 10:10:28', '2018-11-26 10:10:28', NULL),
(525, 'index', 'system.translator-resource.index', 102, 1, 1, 0, 0, 0, 0, NULL, NULL, NULL, NULL, '2018-11-26 10:10:28', '2018-11-26 10:10:28', NULL),
(526, 'list', 'system.translator-resource.list', 102, 1, 1, 0, 0, 0, 0, NULL, NULL, NULL, NULL, '2018-11-26 10:10:28', '2018-11-26 10:10:28', NULL),
(527, 'create', 'system.translator-resource.create', 102, 1, 1, 0, 0, 0, 0, NULL, NULL, NULL, NULL, '2018-11-26 10:10:28', '2018-11-26 10:10:28', NULL),
(528, 'delete', 'system.translator-resource.delete', 102, 1, 1, 0, 0, 0, 0, NULL, NULL, NULL, NULL, '2018-11-26 10:10:28', '2018-11-26 10:10:28', NULL),
(529, 'edit', 'system.translator-resource.edit', 102, 1, 1, 0, 0, 0, 0, NULL, NULL, NULL, NULL, '2018-11-26 10:10:28', '2018-11-26 10:10:28', NULL),
(530, 'export', 'system.translator-resource.export', 102, 1, 1, 0, 0, 0, 0, NULL, NULL, NULL, NULL, '2018-11-26 10:10:28', '2018-11-26 10:10:28', NULL),
(531, 'index', 'system.user.index', 103, 1, 1, 0, 0, 0, 0, NULL, NULL, NULL, NULL, '2018-11-26 10:10:28', '2018-11-26 10:10:28', NULL),
(532, 'list', 'system.user.list', 103, 1, 1, 0, 0, 0, 0, NULL, NULL, NULL, NULL, '2018-11-26 10:10:28', '2018-11-26 10:10:28', NULL),
(533, 'create', 'system.user.create', 103, 1, 1, 0, 0, 0, 0, NULL, NULL, NULL, NULL, '2018-11-26 10:10:28', '2018-11-26 10:10:28', NULL),
(534, 'delete', 'system.user.delete', 103, 1, 1, 0, 0, 0, 0, NULL, NULL, NULL, NULL, '2018-11-26 10:10:28', '2018-11-26 10:10:28', NULL),
(535, 'edit', 'system.user.edit', 103, 1, 1, 0, 0, 0, 0, NULL, NULL, NULL, NULL, '2018-11-26 10:10:28', '2018-11-26 10:10:28', NULL),
(536, 'export', 'system.user.export', 103, 1, 1, 0, 0, 0, 0, NULL, NULL, NULL, NULL, '2018-11-26 10:10:28', '2018-11-26 10:10:28', NULL),
(537, 'index', 'system-model-list.index.index', 104, 1, 1, 0, 0, 0, 0, NULL, NULL, NULL, NULL, '2018-11-26 10:10:28', '2018-11-26 10:10:28', NULL),
(538, 'list', 'system-model-list.index.list', 104, 1, 1, 0, 0, 0, 0, NULL, NULL, NULL, NULL, '2018-11-26 10:10:28', '2018-11-26 10:10:28', NULL),
(539, 'create', 'system-model-list.index.create', 104, 1, 1, 0, 0, 0, 0, NULL, NULL, NULL, NULL, '2018-11-26 10:10:28', '2018-11-26 10:10:28', NULL),
(540, 'delete', 'system-model-list.index.delete', 104, 1, 1, 0, 0, 0, 0, NULL, NULL, NULL, NULL, '2018-11-26 10:10:28', '2018-11-26 10:10:28', NULL),
(541, 'edit', 'system-model-list.index.edit', 104, 1, 1, 0, 0, 0, 0, NULL, NULL, NULL, NULL, '2018-11-26 10:10:28', '2018-11-26 10:10:28', NULL),
(542, 'index', 'default.imprint.index', 105, 6, 1, 1, 0, 0, 0, NULL, NULL, NULL, NULL, '2018-11-26 10:10:28', '2018-11-26 10:10:28', NULL),
(543, 'index', 'default.privacy-policy.index', 106, 6, 1, 1, 0, 0, 0, NULL, NULL, NULL, NULL, '2018-11-26 10:10:28', '2018-11-26 10:10:28', NULL),
(544, 'index', 'default.about-us.index', 107, 6, 1, 1, 0, 0, 0, NULL, NULL, NULL, NULL, '2018-11-26 10:10:28', '2018-11-26 10:10:28', NULL),
(545, 'index', 'default.membership.index', 108, 6, 1, 1, 0, 0, 0, NULL, NULL, NULL, NULL, '2018-11-26 10:10:28', '2018-11-26 10:10:28', NULL),
(546, 'index', 'default.partner.index', 109, 6, 1, 1, 0, 0, 0, NULL, NULL, NULL, NULL, '2018-11-26 10:10:28', '2018-11-26 10:10:28', NULL),
(547, 'index', 'default.links.index', 110, 6, 1, 1, 0, 0, 0, NULL, NULL, NULL, NULL, '2018-11-26 10:10:28', '2018-11-26 10:10:28', NULL),
(548, 'protocol', 'default.commissions.protocol', 3, 6, 1, 0, 0, 0, 0, NULL, NULL, NULL, NULL, '2018-11-30 13:19:50', '2018-11-30 13:19:50', NULL),
(549, 'index', 'default.terms-and-condition.index', 111, 6, 1, 1, 0, 0, 0, NULL, NULL, NULL, NULL, '2018-11-30 13:57:15', '2018-11-30 13:57:15', NULL),
(550, 'index', 'default.archive-sales-statistics.index', 112, 6, 1, 0, 0, 0, 0, NULL, NULL, NULL, NULL, '2018-12-04 16:02:17', '2018-12-04 16:02:17', NULL),
(551, 'protocol', 'default.archive-sales-statistics.protocol', 112, 6, 1, 0, 0, 0, 0, NULL, NULL, NULL, NULL, '2018-12-04 16:02:17', '2018-12-04 16:02:17', NULL),
(552, 'detail', 'default.archive-sales-statistics.detail', 112, 6, 1, 0, 0, 0, 0, NULL, NULL, NULL, NULL, '2018-12-04 16:02:17', '2018-12-04 16:02:17', NULL),
(553, 'index', 'default.archive-news.index', 113, 6, 1, 0, 0, 0, 0, NULL, NULL, NULL, NULL, '2018-12-04 16:02:17', '2018-12-04 16:02:17', NULL),
(554, 'page', 'default.archive-news.page', 113, 6, 1, 0, 0, 0, 0, NULL, NULL, NULL, NULL, '2018-12-04 16:02:17', '2018-12-04 16:02:17', NULL),
(555, 'detail', 'default.archive-news.detail', 113, 6, 1, 0, 0, 0, 0, NULL, NULL, NULL, NULL, '2018-12-04 16:02:17', '2018-12-04 16:02:17', NULL),
(556, 'index', 'default.sales-statistics.index', 114, 6, 1, 0, 0, 0, 0, NULL, NULL, NULL, NULL, '2018-12-04 16:02:17', '2018-12-04 16:02:17', NULL),
(557, 'protocol', 'default.sales-statistics.protocol', 114, 6, 1, 0, 0, 0, 0, NULL, NULL, NULL, NULL, '2018-12-04 16:02:17', '2018-12-04 16:02:17', NULL),
(558, 'detail', 'default.sales-statistics.detail', 114, 6, 1, 0, 0, 0, 0, NULL, NULL, NULL, NULL, '2018-12-04 16:02:17', '2018-12-04 16:02:17', NULL),
(559, 'index', 'default.archive-commissions.index', 115, 6, 1, 0, 0, 0, 0, NULL, NULL, NULL, NULL, '2018-12-04 16:02:17', '2018-12-04 16:02:17', NULL),
(560, 'protocol', 'default.archive-commissions.protocol', 115, 6, 1, 0, 0, 0, 0, NULL, NULL, NULL, NULL, '2018-12-04 16:02:17', '2018-12-04 16:02:17', NULL),
(561, 'detail', 'default.archive-commissions.detail', 115, 6, 1, 0, 0, 0, 0, NULL, NULL, NULL, NULL, '2018-12-04 16:02:17', '2018-12-04 16:02:17', NULL),
(562, 'index', 'default.archive-dates.index', 116, 6, 1, 0, 0, 0, 0, NULL, NULL, NULL, NULL, '2018-12-04 16:02:18', '2018-12-04 16:02:18', NULL),
(563, 'detail', 'default.archive-dates.detail', 116, 6, 1, 0, 0, 0, 0, NULL, NULL, NULL, NULL, '2018-12-04 16:02:18', '2018-12-04 16:02:18', NULL),
(564, 'index', 'default.dates.index', 117, 6, 1, 0, 0, 0, 0, NULL, NULL, NULL, NULL, '2018-12-04 16:02:18', '2018-12-04 16:02:18', NULL),
(565, 'detail', 'default.dates.detail', 117, 6, 1, 0, 0, 0, 0, NULL, NULL, NULL, NULL, '2018-12-04 16:02:18', '2018-12-04 16:02:18', NULL),
(566, 'index', 'default.address-management.index', 118, 6, 1, 0, 0, 0, 0, NULL, NULL, NULL, NULL, '2018-12-07 12:07:10', '2018-12-07 12:07:10', NULL),
(567, 'create-user', 'default.address-management.create-user', 118, 6, 1, 0, 0, 0, 0, NULL, NULL, NULL, NULL, '2018-12-07 12:07:10', '2018-12-07 12:07:10', NULL),
(568, 'edit-user', 'default.address-management.edit-user', 118, 6, 1, 0, 0, 0, 0, NULL, NULL, NULL, NULL, '2018-12-07 12:07:10', '2018-12-07 12:07:10', NULL),
(569, 'delete-user', 'default.address-management.delete-user', 118, 6, 1, 0, 0, 0, 0, NULL, NULL, NULL, NULL, '2018-12-07 12:07:10', '2018-12-07 12:07:10', NULL),
(570, 'index', 'admin.sales-statistics-protocol.index', 119, 2, 1, 0, 0, 0, 0, NULL, NULL, NULL, NULL, '2018-12-17 16:25:48', '2018-12-17 16:25:48', NULL),
(571, 'list', 'admin.sales-statistics-protocol.list', 119, 2, 1, 0, 0, 0, 0, NULL, NULL, NULL, NULL, '2018-12-17 16:25:48', '2018-12-17 16:25:48', NULL),
(572, 'create', 'admin.sales-statistics-protocol.create', 119, 2, 1, 0, 0, 0, 0, NULL, NULL, NULL, NULL, '2018-12-17 16:25:48', '2018-12-17 16:25:48', NULL),
(573, 'delete', 'admin.sales-statistics-protocol.delete', 119, 2, 1, 0, 0, 0, 0, NULL, NULL, NULL, NULL, '2018-12-17 16:25:48', '2018-12-17 16:25:48', NULL),
(574, 'edit', 'admin.sales-statistics-protocol.edit', 119, 2, 1, 0, 0, 0, 0, NULL, NULL, NULL, NULL, '2018-12-17 16:25:48', '2018-12-17 16:25:48', NULL),
(575, 'export', 'admin.sales-statistics-protocol.export', 119, 2, 1, 0, 0, 0, 0, NULL, NULL, NULL, NULL, '2018-12-17 16:25:48', '2018-12-17 16:25:48', NULL),
(576, 'index', 'admin.protocol.index', 120, 2, 1, 0, 0, 0, 0, NULL, NULL, NULL, NULL, '2018-12-17 16:25:48', '2018-12-17 16:25:48', NULL),
(577, 'list', 'admin.protocol.list', 120, 2, 1, 0, 0, 0, 0, NULL, NULL, NULL, NULL, '2018-12-17 16:25:48', '2018-12-17 16:25:48', NULL),
(578, 'create', 'admin.protocol.create', 120, 2, 1, 0, 0, 0, 0, NULL, NULL, NULL, NULL, '2018-12-17 16:25:48', '2018-12-17 16:25:48', NULL),
(579, 'delete', 'admin.protocol.delete', 120, 2, 1, 0, 0, 0, 0, NULL, NULL, NULL, NULL, '2018-12-17 16:25:48', '2018-12-17 16:25:48', NULL),
(580, 'edit', 'admin.protocol.edit', 120, 2, 1, 0, 0, 0, 0, NULL, NULL, NULL, NULL, '2018-12-17 16:25:48', '2018-12-17 16:25:48', NULL),
(581, 'export', 'admin.protocol.export', 120, 2, 1, 0, 0, 0, 0, NULL, NULL, NULL, NULL, '2018-12-17 16:25:48', '2018-12-17 16:25:48', NULL),
(582, 'index', 'admin.commission.index', 121, 2, 1, 0, 0, 0, 0, NULL, NULL, NULL, NULL, '2018-12-17 16:25:50', '2018-12-17 16:25:50', NULL),
(583, 'list', 'admin.commission.list', 121, 2, 1, 0, 0, 0, 0, NULL, NULL, NULL, NULL, '2018-12-17 16:25:50', '2018-12-17 16:25:50', NULL),
(584, 'create', 'admin.commission.create', 121, 2, 1, 0, 0, 0, 0, NULL, NULL, NULL, NULL, '2018-12-17 16:25:50', '2018-12-17 16:25:50', NULL),
(585, 'delete', 'admin.commission.delete', 121, 2, 1, 0, 0, 0, 0, NULL, NULL, NULL, NULL, '2018-12-17 16:25:50', '2018-12-17 16:25:50', NULL),
(586, 'edit', 'admin.commission.edit', 121, 2, 1, 0, 0, 0, 0, NULL, NULL, NULL, NULL, '2018-12-17 16:25:50', '2018-12-17 16:25:50', NULL),
(587, 'export', 'admin.commission.export', 121, 2, 1, 0, 0, 0, 0, NULL, NULL, NULL, NULL, '2018-12-17 16:25:50', '2018-12-17 16:25:50', NULL),
(588, 'index', 'admin.sales-statistics.index', 122, 2, 1, 0, 0, 0, 0, NULL, NULL, NULL, NULL, '2018-12-17 16:25:51', '2018-12-17 16:25:51', NULL),
(589, 'list', 'admin.sales-statistics.list', 122, 2, 1, 0, 0, 0, 0, NULL, NULL, NULL, NULL, '2018-12-17 16:25:51', '2018-12-17 16:25:51', NULL),
(590, 'create', 'admin.sales-statistics.create', 122, 2, 1, 0, 0, 0, 0, NULL, NULL, NULL, NULL, '2018-12-17 16:25:51', '2018-12-17 16:25:51', NULL),
(591, 'delete', 'admin.sales-statistics.delete', 122, 2, 1, 0, 0, 0, 0, NULL, NULL, NULL, NULL, '2018-12-17 16:25:51', '2018-12-17 16:25:51', NULL),
(592, 'edit', 'admin.sales-statistics.edit', 122, 2, 1, 0, 0, 0, 0, NULL, NULL, NULL, NULL, '2018-12-17 16:25:51', '2018-12-17 16:25:51', NULL),
(593, 'export', 'admin.sales-statistics.export', 122, 2, 1, 0, 0, 0, 0, NULL, NULL, NULL, NULL, '2018-12-17 16:25:51', '2018-12-17 16:25:51', NULL),
(594, 'index', 'admin.dates.index', 123, 2, 1, 0, 0, 0, 0, NULL, NULL, NULL, NULL, '2018-12-17 16:25:52', '2018-12-17 16:25:52', NULL),
(595, 'list', 'admin.dates.list', 123, 2, 1, 0, 0, 0, 0, NULL, NULL, NULL, NULL, '2018-12-17 16:25:52', '2018-12-17 16:25:52', NULL),
(596, 'create', 'admin.dates.create', 123, 2, 1, 0, 0, 0, 0, NULL, NULL, NULL, NULL, '2018-12-17 16:25:52', '2018-12-17 16:25:52', NULL),
(597, 'delete', 'admin.dates.delete', 123, 2, 1, 0, 0, 0, 0, NULL, NULL, NULL, NULL, '2018-12-17 16:25:52', '2018-12-17 16:25:52', NULL),
(598, 'edit', 'admin.dates.edit', 123, 2, 1, 0, 0, 0, 0, NULL, NULL, NULL, NULL, '2018-12-17 16:25:52', '2018-12-17 16:25:52', NULL),
(599, 'export', 'admin.dates.export', 123, 2, 1, 0, 0, 0, 0, NULL, NULL, NULL, NULL, '2018-12-17 16:25:52', '2018-12-17 16:25:52', NULL),
(600, 'update', 'admin.sales-statistics-protocol.update', 119, 2, 1, 0, 0, 0, 0, NULL, NULL, NULL, NULL, '2018-12-19 09:13:13', '2018-12-19 09:13:13', NULL),
(601, 'update', 'admin.protocol.update', 120, 2, 1, 0, 0, 0, 0, NULL, NULL, NULL, NULL, '2018-12-19 09:13:13', '2018-12-19 09:13:13', NULL),
(602, 'update', 'admin.news.update', 29, 2, 1, 0, 0, 0, 0, NULL, NULL, NULL, NULL, '2018-12-19 09:13:17', '2018-12-19 09:13:17', NULL),
(603, 'update', 'admin.dates.update', 123, 2, 1, 0, 0, 0, 0, NULL, NULL, NULL, NULL, '2018-12-19 09:13:18', '2018-12-19 09:13:18', NULL),
(604, 'index', 'admin.department.index', 124, 2, 1, 0, 0, 0, 0, NULL, NULL, NULL, NULL, '2018-12-20 11:21:08', '2018-12-20 11:21:08', NULL),
(605, 'list', 'admin.department.list', 124, 2, 1, 0, 0, 0, 0, NULL, NULL, NULL, NULL, '2018-12-20 11:21:08', '2018-12-20 11:21:08', NULL),
(606, 'create', 'admin.department.create', 124, 2, 1, 0, 0, 0, 0, NULL, NULL, NULL, NULL, '2018-12-20 11:21:08', '2018-12-20 11:21:08', NULL),
(607, 'delete', 'admin.department.delete', 124, 2, 1, 0, 0, 0, 0, NULL, NULL, NULL, NULL, '2018-12-20 11:21:08', '2018-12-20 11:21:08', NULL),
(608, 'edit', 'admin.department.edit', 124, 2, 1, 0, 0, 0, 0, NULL, NULL, NULL, NULL, '2018-12-20 11:21:08', '2018-12-20 11:21:08', NULL),
(609, 'export', 'admin.department.export', 124, 2, 1, 0, 0, 0, 0, NULL, NULL, NULL, NULL, '2018-12-20 11:21:08', '2018-12-20 11:21:08', NULL),
(610, 'index', 'default.archive-assembly.index', 125, 6, 1, 0, 0, 0, 0, NULL, NULL, NULL, NULL, '2019-01-13 20:36:22', '2019-01-13 20:36:22', NULL),
(611, 'page', 'default.archive-assembly.page', 125, 6, 1, 0, 0, 0, 0, NULL, NULL, NULL, NULL, '2019-01-13 20:36:22', '2019-01-13 20:36:22', NULL),
(612, 'detail', 'default.archive-assembly.detail', 125, 6, 1, 0, 0, 0, 0, NULL, NULL, NULL, NULL, '2019-01-13 20:36:22', '2019-01-13 20:36:22', NULL),
(613, 'index', 'default.otc.index', 126, 6, 1, 0, 0, 0, 0, NULL, NULL, NULL, NULL, '2019-01-13 20:36:22', '2019-01-13 20:36:22', NULL),
(614, 'detail', 'default.otc.detail', 126, 6, 1, 0, 0, 0, 0, NULL, NULL, NULL, NULL, '2019-01-13 20:36:22', '2019-01-13 20:36:22', NULL),
(615, 'index', 'default.archive-otc.index', 127, 6, 1, 0, 0, 0, 0, NULL, NULL, NULL, NULL, '2019-01-13 20:36:22', '2019-01-13 20:36:22', NULL),
(616, 'page', 'default.archive-otc.page', 127, 6, 1, 0, 0, 0, 0, NULL, NULL, NULL, NULL, '2019-01-13 20:36:22', '2019-01-13 20:36:22', NULL),
(617, 'detail', 'default.archive-otc.detail', 127, 6, 1, 0, 0, 0, 0, NULL, NULL, NULL, NULL, '2019-01-13 20:36:22', '2019-01-13 20:36:22', NULL),
(618, 'index', 'default.assembly.index', 128, 6, 1, 0, 0, 0, 0, NULL, NULL, NULL, NULL, '2019-01-13 20:36:22', '2019-01-13 20:36:22', NULL),
(619, 'detail', 'default.assembly.detail', 128, 6, 1, 0, 0, 0, 0, NULL, NULL, NULL, NULL, '2019-01-13 20:36:22', '2019-01-13 20:36:22', NULL),
(620, 'register-event-ajax', 'default.dates.register-event-ajax', 117, 6, 1, 0, 0, 0, 0, NULL, NULL, NULL, NULL, '2019-01-13 20:36:23', '2019-01-13 20:36:23', NULL),
(621, 'send-request-ajax', 'default.dates.send-request-ajax', 117, 6, 1, 0, 0, 0, 0, NULL, NULL, NULL, NULL, '2019-01-13 20:36:23', '2019-01-13 20:36:23', NULL),
(622, 'mail-process-ajax', 'admin.sales-statistics-protocol.mail-process-ajax', 119, 2, 1, 0, 0, 0, 0, NULL, NULL, NULL, NULL, '2019-01-13 20:36:24', '2019-01-13 20:36:24', NULL),
(623, 'get-selected-user-ajax', 'admin.sales-statistics-protocol.get-selected-user-ajax', 119, 2, 1, 0, 0, 0, 0, NULL, NULL, NULL, NULL, '2019-01-13 20:36:24', '2019-01-13 20:36:24', NULL),
(624, 'mail-process-ajax', 'admin.protocol.mail-process-ajax', 120, 2, 1, 0, 0, 0, 0, NULL, NULL, NULL, NULL, '2019-01-13 20:36:24', '2019-01-13 20:36:24', NULL),
(625, 'get-selected-user-ajax', 'admin.protocol.get-selected-user-ajax', 120, 2, 1, 0, 0, 0, 0, NULL, NULL, NULL, NULL, '2019-01-13 20:36:24', '2019-01-13 20:36:24', NULL),
(626, 'index', 'admin.otc.index', 129, 2, 1, 0, 0, 0, 0, NULL, NULL, NULL, NULL, '2019-01-13 20:36:25', '2019-01-13 20:36:25', NULL),
(627, 'list', 'admin.otc.list', 129, 2, 1, 0, 0, 0, 0, NULL, NULL, NULL, NULL, '2019-01-13 20:36:25', '2019-01-13 20:36:25', NULL),
(628, 'create', 'admin.otc.create', 129, 2, 1, 0, 0, 0, 0, NULL, NULL, NULL, NULL, '2019-01-13 20:36:25', '2019-01-13 20:36:25', NULL),
(629, 'delete', 'admin.otc.delete', 129, 2, 1, 0, 0, 0, 0, NULL, NULL, NULL, NULL, '2019-01-13 20:36:25', '2019-01-13 20:36:25', NULL),
(630, 'edit', 'admin.otc.edit', 129, 2, 1, 0, 0, 0, 0, NULL, NULL, NULL, NULL, '2019-01-13 20:36:25', '2019-01-13 20:36:25', NULL),
(631, 'export', 'admin.otc.export', 129, 2, 1, 0, 0, 0, 0, NULL, NULL, NULL, NULL, '2019-01-13 20:36:25', '2019-01-13 20:36:25', NULL),
(632, 'update', 'admin.otc.update', 129, 2, 1, 0, 0, 0, 0, NULL, NULL, NULL, NULL, '2019-01-13 20:36:25', '2019-01-13 20:36:25', NULL),
(633, 'mail-process-ajax', 'admin.otc.mail-process-ajax', 129, 2, 1, 0, 0, 0, 0, NULL, NULL, NULL, NULL, '2019-01-13 20:36:25', '2019-01-13 20:36:25', NULL),
(634, 'get-selected-user-ajax', 'admin.otc.get-selected-user-ajax', 129, 2, 1, 0, 0, 0, 0, NULL, NULL, NULL, NULL, '2019-01-13 20:36:25', '2019-01-13 20:36:25', NULL),
(635, 'index', 'admin.assembly.index', 130, 2, 1, 0, 0, 0, 0, NULL, NULL, NULL, NULL, '2019-01-13 20:36:26', '2019-01-13 20:36:26', NULL),
(636, 'list', 'admin.assembly.list', 130, 2, 1, 0, 0, 0, 0, NULL, NULL, NULL, NULL, '2019-01-13 20:36:26', '2019-01-13 20:36:26', NULL),
(637, 'create', 'admin.assembly.create', 130, 2, 1, 0, 0, 0, 0, NULL, NULL, NULL, NULL, '2019-01-13 20:36:26', '2019-01-13 20:36:26', NULL),
(638, 'delete', 'admin.assembly.delete', 130, 2, 1, 0, 0, 0, 0, NULL, NULL, NULL, NULL, '2019-01-13 20:36:26', '2019-01-13 20:36:26', NULL),
(639, 'edit', 'admin.assembly.edit', 130, 2, 1, 0, 0, 0, 0, NULL, NULL, NULL, NULL, '2019-01-13 20:36:26', '2019-01-13 20:36:26', NULL),
(640, 'export', 'admin.assembly.export', 130, 2, 1, 0, 0, 0, 0, NULL, NULL, NULL, NULL, '2019-01-13 20:36:26', '2019-01-13 20:36:26', NULL),
(641, 'update', 'admin.assembly.update', 130, 2, 1, 0, 0, 0, 0, NULL, NULL, NULL, NULL, '2019-01-13 20:36:26', '2019-01-13 20:36:26', NULL),
(642, 'mail-process-ajax', 'admin.assembly.mail-process-ajax', 130, 2, 1, 0, 0, 0, 0, NULL, NULL, NULL, NULL, '2019-01-13 20:36:26', '2019-01-13 20:36:26', NULL),
(643, 'get-selected-user-ajax', 'admin.assembly.get-selected-user-ajax', 130, 2, 1, 0, 0, 0, 0, NULL, NULL, NULL, NULL, '2019-01-13 20:36:26', '2019-01-13 20:36:26', NULL),
(644, 'mail-process-ajax', 'admin.news.mail-process-ajax', 29, 2, 1, 0, 0, 0, 0, NULL, NULL, NULL, NULL, '2019-01-13 20:36:28', '2019-01-13 20:36:28', NULL),
(645, 'get-selected-user-ajax', 'admin.news.get-selected-user-ajax', 29, 2, 1, 0, 0, 0, 0, NULL, NULL, NULL, NULL, '2019-01-13 20:36:28', '2019-01-13 20:36:28', NULL),
(646, 'mail-process-ajax', 'admin.dates.mail-process-ajax', 123, 2, 1, 0, 0, 0, 0, NULL, NULL, NULL, NULL, '2019-01-13 20:36:29', '2019-01-13 20:36:29', NULL),
(647, 'get-selected-user-ajax', 'admin.dates.get-selected-user-ajax', 123, 2, 1, 0, 0, 0, 0, NULL, NULL, NULL, NULL, '2019-01-13 20:36:29', '2019-01-13 20:36:29', NULL),
(648, 'set-pdf', 'default.commissions.set-pdf', 3, 6, 1, 0, 0, 0, 0, NULL, NULL, NULL, NULL, '2019-01-25 14:12:24', '2019-01-25 14:12:24', NULL),
(649, 'import', 'admin.user.import', 60, 2, 1, 0, 0, 0, 0, NULL, NULL, NULL, NULL, '2019-01-25 14:12:28', '2019-01-25 14:12:28', NULL),
(650, 'download-list', 'admin.dates.download-list', 123, 2, 1, 0, 0, 0, 0, NULL, NULL, NULL, NULL, '2019-01-25 14:12:29', '2019-01-25 14:12:29', NULL);

-- --------------------------------------------------------

--
-- Tabellenstruktur für Tabelle `action_translation`
--

CREATE TABLE `action_translation` (
  `id` bigint(20) UNSIGNED NOT NULL DEFAULT '0',
  `title` varchar(120) COLLATE utf8_bin DEFAULT NULL,
  `headline` varchar(120) COLLATE utf8_bin DEFAULT NULL,
  `subheadline` varchar(120) COLLATE utf8_bin DEFAULT NULL,
  `keywords` varchar(255) COLLATE utf8_bin DEFAULT NULL,
  `description` mediumtext COLLATE utf8_bin,
  `content` mediumtext COLLATE utf8_bin,
  `lang` char(2) COLLATE utf8_bin NOT NULL DEFAULT '',
  `created_at` datetime NOT NULL,
  `updated_at` datetime NOT NULL,
  `deleted_at` datetime DEFAULT NULL
) ENGINE=InnoDB DEFAULT CHARSET=utf8 COLLATE=utf8_bin;

--
-- Daten für Tabelle `action_translation`
--

INSERT INTO `action_translation` (`id`, `title`, `headline`, `subheadline`, `keywords`, `description`, `content`, `lang`, `created_at`, `updated_at`, `deleted_at`) VALUES
(1, NULL, NULL, NULL, NULL, NULL, NULL, 'de', '2019-01-17 12:40:35', '2019-01-17 12:40:35', NULL),
(1, NULL, NULL, NULL, NULL, NULL, NULL, 'en', '2019-01-17 12:40:35', '2019-01-17 12:40:35', NULL),
(1, NULL, NULL, NULL, NULL, NULL, NULL, 'fr', '2019-01-17 12:40:35', '2019-01-17 12:40:35', NULL),
(2, NULL, NULL, NULL, NULL, NULL, NULL, 'de', '2019-01-17 12:40:45', '2019-01-17 12:40:45', NULL),
(2, NULL, NULL, NULL, NULL, NULL, NULL, 'en', '2019-01-17 12:40:45', '2019-01-17 12:40:45', NULL),
(2, NULL, NULL, NULL, NULL, NULL, NULL, 'fr', '2019-01-17 12:40:45', '2019-01-17 12:40:45', NULL),
(3, NULL, NULL, NULL, NULL, NULL, NULL, 'de', '2019-01-17 12:40:52', '2019-01-17 12:40:52', NULL),
(3, NULL, NULL, NULL, NULL, NULL, NULL, 'en', '2019-01-17 12:40:52', '2019-01-17 12:40:52', NULL),
(3, NULL, NULL, NULL, NULL, NULL, NULL, 'fr', '2019-01-17 12:40:52', '2019-01-17 12:40:52', NULL),
(4, NULL, NULL, NULL, NULL, NULL, NULL, 'de', '2019-01-17 12:40:58', '2019-01-17 12:40:58', NULL),
(4, NULL, NULL, NULL, NULL, NULL, NULL, 'en', '2019-01-17 12:40:58', '2019-01-17 12:40:58', NULL),
(4, NULL, NULL, NULL, NULL, NULL, NULL, 'fr', '2019-01-17 12:40:58', '2019-01-17 12:40:58', NULL),
(5, 'Blog', 'Blog', NULL, NULL, NULL, NULL, 'de', '2018-11-26 10:10:28', '2018-11-26 10:10:28', NULL),
(5, 'Blog', 'Blog', NULL, NULL, NULL, NULL, 'en', '2018-11-26 10:10:28', '2018-11-26 10:10:28', NULL),
(5, 'Blog', 'Blog', NULL, NULL, NULL, NULL, 'fr', '2019-01-17 12:41:11', '2019-01-18 14:42:16', NULL),
(6, NULL, NULL, NULL, NULL, NULL, NULL, 'de', '2019-01-17 12:41:19', '2019-01-17 12:41:19', NULL),
(6, NULL, NULL, NULL, NULL, NULL, NULL, 'en', '2019-01-17 12:41:19', '2019-01-17 12:41:19', NULL),
(6, NULL, NULL, NULL, NULL, NULL, NULL, 'fr', '2019-01-17 12:41:19', '2019-01-17 12:41:19', NULL),
(7, 'Blog', 'Blog', 'Detail', NULL, NULL, NULL, 'de', '2018-11-26 10:10:28', '2018-11-26 10:10:28', NULL),
(7, 'Blog', 'Blog', 'Detail', NULL, NULL, NULL, 'en', '2018-11-26 10:10:28', '2018-11-26 10:10:28', NULL),
(7, 'Blog', 'Blog', 'Détail', NULL, NULL, NULL, 'fr', '2019-01-17 12:41:24', '2019-01-18 14:42:47', NULL),
(8, 'Kommissionen', 'Kommissionen', NULL, NULL, NULL, NULL, 'de', '2018-12-20 10:44:53', '2018-12-20 10:44:53', NULL),
(8, 'Kommissionen', 'Kommissionen', NULL, NULL, NULL, NULL, 'en', '2018-12-20 10:44:53', '2018-12-20 10:44:53', NULL),
(8, 'Commissions', 'Commssions', NULL, NULL, NULL, NULL, 'fr', '2019-01-17 12:41:30', '2019-01-18 08:56:33', NULL),
(9, 'Protokolldetails der Kommissionen', 'Protokolldetails der Kommissionen', NULL, NULL, NULL, NULL, 'de', '2018-12-20 10:51:05', '2019-01-18 14:44:41', NULL),
(9, 'Protokolldetails der Kommission', 'Protokolldetails der Kommission', NULL, NULL, NULL, NULL, 'en', '2018-12-20 10:51:05', '2018-12-20 10:51:05', NULL),
(9, 'Détails du protocole des commissions', 'Détails du protocole des commissions', NULL, NULL, NULL, NULL, 'fr', '2019-01-17 12:42:44', '2019-01-18 14:44:41', NULL),
(10, 'Kontakt', 'Kontakt', 'Sie möchten Kontakt zu uns aufnehmen?', NULL, NULL, '<p>Sie ben&#246;tigen unsere Adresse? Oder eine Telefonnummer?<br />Hier haben wir alle Kontaktm&#246;glichkeiten f&#252;r Sie aufgelistet.</p>\r\n<h3>Anschrift</h3>\r\n<p>Verband Schweizer Opel H&#228;ndler<br /> Hohlenweg 11b<br /> 2564 Bellmund<br /> Schweiz</p>\r\n<h3>Telefon</h3>\r\n<p>+41 79 208 44 26</p>\r\n<h3>E-Mail</h3>\r\n<p><a href=\"mailto:info@vsoh.ch\">info@vsoh.ch</a></p>', 'de', '2018-11-26 10:10:28', '2019-01-20 17:40:20', NULL),
(10, 'Contact', 'Contact', 'You would like to contact us?', NULL, NULL, '<p>Do you need our address? Or a phone number?<br />Here we have listed all the contact information for you.</p>\r\n<h3>Address</h3>\r\n<p>Verband Schweizer Opel H&#228;ndler<br />Martin B&#228;chtold<br />Hohlenweg 11b<br />2564 Bellmund<br />Schweiz</p>\r\n<h3>Phone</h3>\r\n<p>+41 79 208 44 26</p>\r\n<h3>E-mail</h3>\r\n<p><a href=\"mailto:info@vsoh.ch\">info@vsoh.ch</a></p>', 'en', '2018-11-26 10:10:28', '2019-01-17 12:52:31', NULL),
(10, 'Contact', 'Contact', 'Souhaitez-vous nous contacter ?', NULL, NULL, '<p>Vous avez besoin de notre adresse ? Ou un num&#233;ro de t&#233;l&#233;phone ?<br />Nous avons list&#233; ici toutes les possibilit&#233;s de contact pour vous.</p>\r\n<h3>Adresse</h3>\r\n<p>Union Suisse Distributeurs Opel<br />Hohlenweg 11b<br />2564 Bellmund<br />Suisse</p>\r\n<h3>T&#233;l&#233;phone</h3>\r\n<p>+41 79 208 44 26</p>\r\n<h3>E-Mail</h3>\r\n<p><a href=\"mailto:info@vsoh.ch\">info@vsoh.ch</a></p>', 'fr', '2019-01-17 12:52:31', '2019-01-20 17:40:20', NULL),
(11, NULL, NULL, NULL, NULL, NULL, NULL, 'de', '2019-01-17 12:52:44', '2019-01-17 12:52:44', NULL),
(11, NULL, NULL, NULL, NULL, NULL, NULL, 'en', '2019-01-17 12:52:44', '2019-01-17 12:52:44', NULL),
(11, NULL, NULL, NULL, NULL, NULL, NULL, 'fr', '2019-01-17 12:52:44', '2019-01-17 12:52:44', NULL),
(12, NULL, NULL, NULL, NULL, NULL, NULL, 'de', '2019-01-17 12:52:51', '2019-01-17 12:52:51', NULL),
(12, NULL, NULL, NULL, NULL, NULL, NULL, 'en', '2019-01-17 12:52:51', '2019-01-17 12:52:51', NULL),
(12, NULL, NULL, NULL, NULL, NULL, NULL, 'fr', '2019-01-17 12:52:51', '2019-01-17 12:52:51', NULL),
(13, NULL, NULL, NULL, NULL, NULL, NULL, 'de', '2019-01-17 12:52:58', '2019-01-17 12:52:58', NULL),
(13, NULL, NULL, NULL, NULL, NULL, NULL, 'en', '2019-01-17 12:52:58', '2019-01-17 12:52:58', NULL),
(13, NULL, NULL, NULL, NULL, NULL, NULL, 'fr', '2019-01-17 12:52:58', '2019-01-17 12:52:58', NULL),
(14, NULL, NULL, NULL, NULL, NULL, NULL, 'de', '2019-01-17 12:53:05', '2019-01-17 12:53:05', NULL),
(14, NULL, NULL, NULL, NULL, NULL, NULL, 'en', '2019-01-17 12:53:05', '2019-01-17 12:53:05', NULL),
(14, NULL, NULL, NULL, NULL, NULL, NULL, 'fr', '2019-01-17 12:53:05', '2019-01-17 12:53:05', NULL),
(15, NULL, NULL, NULL, NULL, NULL, NULL, 'de', '2019-01-17 12:53:14', '2019-01-17 12:53:14', NULL),
(15, NULL, NULL, NULL, NULL, NULL, NULL, 'en', '2019-01-17 12:53:14', '2019-01-17 12:53:14', NULL),
(15, NULL, NULL, NULL, NULL, NULL, NULL, 'fr', '2019-01-17 12:53:14', '2019-01-17 12:53:14', NULL),
(16, NULL, NULL, NULL, NULL, NULL, NULL, 'de', '2019-01-17 12:53:22', '2019-01-17 12:53:22', NULL),
(16, NULL, NULL, NULL, NULL, NULL, NULL, 'en', '2019-01-17 12:53:22', '2019-01-17 12:53:22', NULL),
(16, NULL, NULL, NULL, NULL, NULL, NULL, 'fr', '2019-01-17 12:53:22', '2019-01-17 12:53:22', NULL),
(17, NULL, NULL, NULL, NULL, NULL, NULL, 'de', '2019-01-17 12:53:29', '2019-01-17 12:53:29', NULL),
(17, NULL, NULL, NULL, NULL, NULL, NULL, 'en', '2019-01-17 12:53:29', '2019-01-17 12:53:29', NULL),
(17, NULL, NULL, NULL, NULL, NULL, NULL, 'fr', '2019-01-17 12:53:29', '2019-01-17 12:53:29', NULL),
(18, 'Willkommen', 'Willkommen', NULL, NULL, NULL, '<h2><strong>Generelles</strong></h2>\r\n<p>Zweck des Verbandes Schweizer Opel H&#228;ndler&#160;ist die F&#246;rderung des Absatzes und der Wartung der Produkte von Opel&#160;in der Schweiz und im F&#252;rstentum Lichtenstein durch Wahrung der Interessen von leistungsf&#228;higen und wirtschaftlich gesunden H&#228;ndlern, Agenten und Servicepartnern.<br />Der &#246;ffentliche Bereich dieser Internetseite&#160;gibt Ihnen&#160;Ihnen einen &#220;berblick &#252;ber die Aufgabenstellung und den verschiedenen Fachkommissionen.<br /><br /><br />Der geschlossene Bereich dieser&#160;Plattform ist ein Kommunikationsmedium f&#252;r <strong>Opel</strong> Partner, die Mitglied unseres Verbandes sind.<br />Der Zugang zum geschlossenen Mitgliederbereich ist nur f&#252;r legitimierte Anwender unter Angabe von Benutzernamen und Passwort m&#246;glich.<br /><br />F&#252;r Fragen und&#160;Anregungen stehen wir Ihnen jederzeit gerne zur Verf&#252;gung.</p>', 'de', '2018-11-26 10:10:28', '2019-01-22 18:08:55', NULL),
(18, 'Welcome', 'Welcome', NULL, NULL, NULL, '<p>This platform is a communication medium for <strong>Opel</strong> partners that are members of our association.</p>\r\n<p>Access to the closed member area is only possible for legitimate users by entering their user name and password.</p>\r\n<p>If you have any questions or suggestions, please do not hesitate to contact us.</p>', 'en', '2018-11-26 10:10:28', '2019-01-17 12:55:40', NULL),
(18, 'Bienvenue', 'Bienvenue', NULL, NULL, NULL, '<h2>G&#233;n&#233;ral</h2>\r\n<p>Le but de L\'Union Suisse Distributeurs Opel&#160;est&#160;de promouvoir la vente et la maintenance des produits Opel en Suisse et dans la Principaut&#233; du Liechtenstein en d&#233;fendant les int&#233;r&#234;ts des concessionnaires, agents et partenaires de service efficaces et &#233;conomiquement sains.<br />L\'espace public de ce site vous donne un aper&#231;u des t&#226;ches et des diff&#233;rentes commissions.</p>\r\n<p><br />L\'espace ferm&#233; de cette plateforme est un moyen de communication pour les partenaires <strong>Opel,</strong> qui sont membres de notre association.<br />L\'acc&#232;s &#224; l\'espace membre ferm&#233; n\'est possible que pour les utilisateurs l&#233;gitimes en saisissant leur nom d\'utilisateur et leur mot de passe.</p>\r\n<p>Si vous avez des questions ou des suggestions, n\'h&#233;sitez pas &#224; nous contacter.</p>', 'fr', '2019-01-14 10:38:09', '2019-01-22 18:08:55', NULL),
(19, 'Login', 'Login', NULL, NULL, NULL, NULL, 'de', '2018-11-26 10:10:28', '2018-11-26 10:10:28', NULL),
(19, 'Login', 'Login', NULL, NULL, NULL, NULL, 'en', '2018-11-26 10:10:28', '2018-11-26 10:10:28', NULL),
(19, 'Login', 'Login', NULL, NULL, NULL, NULL, 'fr', '2019-01-17 12:56:02', '2019-01-17 12:56:02', NULL),
(20, 'Logout', 'Logout', NULL, NULL, NULL, NULL, 'de', '2019-01-17 12:56:13', '2019-01-18 14:50:26', NULL),
(20, NULL, NULL, NULL, NULL, NULL, NULL, 'en', '2019-01-17 12:56:13', '2019-01-17 12:56:13', NULL),
(20, 'Logout', 'Logout', NULL, NULL, NULL, NULL, 'fr', '2019-01-17 12:56:13', '2019-01-18 14:50:26', NULL),
(21, 'Aktuelles', 'Aktuelles', NULL, NULL, NULL, NULL, 'de', '2018-11-26 10:10:28', '2018-12-20 10:59:02', NULL),
(21, 'News', 'News', NULL, NULL, NULL, NULL, 'en', '2018-11-26 10:10:28', '2019-01-17 12:57:12', NULL),
(21, 'Dernières actualités', 'Dernières actualités', NULL, NULL, NULL, NULL, 'fr', '2019-01-17 12:57:12', '2019-01-18 14:51:34', NULL),
(22, 'Aktuelles', 'Aktuelles', NULL, NULL, NULL, NULL, 'de', '2018-11-26 10:10:28', '2019-01-17 12:59:40', NULL),
(22, 'News', 'News', NULL, NULL, NULL, NULL, 'en', '2018-11-26 10:10:28', '2018-11-26 10:10:28', NULL),
(22, 'Dernières actualités', 'Dernières actualités', NULL, NULL, NULL, NULL, 'fr', '2019-01-17 12:59:40', '2019-01-18 14:51:55', NULL),
(23, 'Aktueller Beitrag', 'Aktueller Beitrag', NULL, NULL, NULL, NULL, 'de', '2018-11-26 10:10:28', '2018-12-20 10:58:37', NULL),
(23, 'Current contribution', 'Current contribution', NULL, NULL, NULL, NULL, 'en', '2018-11-26 10:10:28', '2019-01-17 13:00:47', NULL),
(23, 'Contribution actuelle', 'Contribution actuelle', NULL, NULL, NULL, NULL, 'fr', '2019-01-17 13:00:47', '2019-01-17 13:00:47', NULL),
(24, 'Newsletter', 'Newsletter', NULL, NULL, NULL, NULL, 'de', '2018-11-26 10:10:28', '2018-11-26 10:10:28', NULL),
(24, 'Newsletter', 'Newsletter', NULL, NULL, NULL, NULL, 'en', '2018-11-26 10:10:28', '2018-11-26 10:10:28', NULL),
(24, 'Newsletter', 'Newsletter', NULL, NULL, NULL, NULL, 'fr', '2019-01-17 13:23:28', '2019-01-18 14:52:52', NULL),
(25, 'Newsletter', 'Newsletter', 'Anmelden', NULL, NULL, '<h3>Aktuell informiert -<br />Newsletter</h3>\r\n<p>Sie interessieren sich f&#252;r die neuesten Infos aus der Welt des Automobils rund um&#160;Opel? Dann ist unser&#160;Newsletter genau das Richtige f&#252;r Sie.<br /><br />Freundliche Gr&#252;sse<br /><br />Martin B&#228;chtold</p>', 'de', '2018-11-26 10:10:28', '2019-01-18 14:57:23', NULL),
(25, 'Newsletter', 'Newsletter', 'Subscribe', NULL, NULL, '<h3>Stay tuned -<br /> Test Newsletter</h3>\r\n<p>Interested in the latest news on Opel?&#160;Then our newsletter is just the thing for you.</p>\r\n<p>Sincerelly<br /><br />Martin Baechtold</p>', 'en', '2018-11-26 10:10:28', '2019-01-17 13:38:22', NULL),
(25, 'Newsletter', 'Newsletter', 'S\'inscrire ', NULL, NULL, '<h3>Au courant de l\'&#233;volution de la situation -<br />Bulletin d\'information</h3>\r\n<p>&#202;tes-vous int&#233;ress&#233; par les derni&#232;res informations du monde de l\'automobile autour de&#160;Opel ? Alors notre newsletter est exactement ce qu\'il vous faut.</p>\r\n<p>Salutations amicales</p>\r\n<p>Martin B&#228;chtold</p>', 'fr', '2019-01-17 13:38:22', '2019-01-18 14:57:23', NULL),
(26, 'Newsletter', 'Newsletter', 'Abmelden', NULL, NULL, '<h3>Aktuell informiert -<br />der VSOH-Newsletter</h3>\r\n<p>Um sich vom Newsletter abzumelden, best&#228;tigen Sie dies bitte im nebenstehend Formular, indem Sie Ihre E-Mail angeben und&#160;den Anweisungen folgen.</p>\r\n<p>Freundliche Gr&#252;sse<br /><br />Martin B&#228;chtold</p>', 'de', '2018-11-26 10:10:28', '2019-01-18 14:58:16', NULL),
(26, 'Newsletter', 'Newsletter', 'Unsubscribe', NULL, NULL, '<h3>Stay tuned -<br /> VSOH Newsletter</h3>\r\n<p>You need to confirm your unsubscription from our newsletter by typing in your email in the form and following the instructions.</p>\r\n<p>Kind regards<br /><br />Martin Baechtold</p>', 'en', '2018-11-26 10:10:28', '2019-01-17 13:52:27', NULL),
(26, 'Newsletter', 'Newsletter', 'Annuler', NULL, NULL, '<h3>Au courant de l\'&#233;volution de la situation -<br />le bulletin d\'information&#160;VSOH</h3>\r\n<p>Pour vous d&#233;sabonner de la newsletter, veuillez le confirmer dans le formulaire ci-contre en saisissant votre adresse e-mail et en suivant les instructions.</p>\r\n<p>Meilleures salutations</p>\r\n<p>Martin B&#228;chtold</p>', 'fr', '2019-01-17 13:52:27', '2019-01-18 14:58:16', NULL),
(27, 'Team', 'Team', NULL, NULL, NULL, NULL, 'de', '2018-11-26 10:10:28', '2018-11-26 10:10:28', NULL),
(27, 'Team', 'Team', NULL, NULL, NULL, NULL, 'en', '2018-11-26 10:10:28', '2018-11-26 10:10:28', NULL),
(27, 'Team', 'Team', NULL, NULL, NULL, NULL, 'fr', '2019-01-17 13:55:04', '2019-01-17 13:55:04', NULL),
(28, 'Team', 'Team', 'Detail', NULL, NULL, NULL, 'de', '2018-11-26 10:10:28', '2018-11-26 10:10:28', NULL),
(28, 'Team', 'Team', 'Detail', NULL, NULL, NULL, 'en', '2018-11-26 10:10:28', '2018-11-26 10:10:28', NULL),
(28, 'Team', 'Team', 'Détail', NULL, NULL, NULL, 'fr', '2019-01-17 13:55:30', '2019-01-17 13:55:30', NULL),
(29, NULL, NULL, NULL, NULL, NULL, NULL, 'de', '2019-01-17 13:55:38', '2019-01-17 13:55:38', NULL),
(29, NULL, NULL, NULL, NULL, NULL, NULL, 'en', '2019-01-17 13:55:38', '2019-01-17 13:55:38', NULL),
(29, NULL, NULL, NULL, NULL, NULL, NULL, 'fr', '2019-01-17 13:55:38', '2019-01-17 13:55:38', NULL),
(34, NULL, NULL, NULL, NULL, NULL, NULL, 'de', '2019-01-17 13:55:47', '2019-01-17 13:55:47', NULL),
(34, NULL, NULL, NULL, NULL, NULL, NULL, 'en', '2019-01-17 13:55:47', '2019-01-17 13:55:47', NULL),
(34, NULL, NULL, NULL, NULL, NULL, NULL, 'fr', '2019-01-17 13:55:47', '2019-01-17 13:55:47', NULL),
(35, NULL, NULL, NULL, NULL, NULL, NULL, 'de', '2019-01-17 13:55:59', '2019-01-17 13:55:59', NULL),
(35, NULL, NULL, NULL, NULL, NULL, NULL, 'en', '2019-01-17 13:55:59', '2019-01-17 13:55:59', NULL),
(35, NULL, NULL, NULL, NULL, NULL, NULL, 'fr', '2019-01-17 13:55:59', '2019-01-17 13:55:59', NULL),
(36, NULL, NULL, NULL, NULL, NULL, NULL, 'de', '2019-01-17 13:56:14', '2019-01-17 13:56:14', NULL),
(36, NULL, NULL, NULL, NULL, NULL, NULL, 'en', '2019-01-17 13:56:14', '2019-01-17 13:56:14', NULL),
(36, NULL, NULL, NULL, NULL, NULL, NULL, 'fr', '2019-01-17 13:56:14', '2019-01-17 13:56:14', NULL),
(37, NULL, NULL, NULL, NULL, NULL, NULL, 'de', '2019-01-17 13:56:23', '2019-01-17 13:56:23', NULL),
(37, NULL, NULL, NULL, NULL, NULL, NULL, 'en', '2019-01-17 13:56:23', '2019-01-17 13:56:23', NULL),
(37, NULL, NULL, NULL, NULL, NULL, NULL, 'fr', '2019-01-17 13:56:23', '2019-01-17 13:56:23', NULL),
(38, NULL, NULL, NULL, NULL, NULL, NULL, 'de', '2019-01-17 13:56:28', '2019-01-17 13:56:28', NULL),
(38, NULL, NULL, NULL, NULL, NULL, NULL, 'en', '2019-01-17 13:56:28', '2019-01-17 13:56:28', NULL),
(38, NULL, NULL, NULL, NULL, NULL, NULL, 'fr', '2019-01-17 13:56:28', '2019-01-17 13:56:28', NULL),
(39, NULL, NULL, NULL, NULL, NULL, NULL, 'de', '2019-01-17 13:56:41', '2019-01-17 13:56:41', NULL),
(39, NULL, NULL, NULL, NULL, NULL, NULL, 'en', '2019-01-17 13:56:41', '2019-01-17 13:56:41', NULL),
(39, NULL, NULL, NULL, NULL, NULL, NULL, 'fr', '2019-01-17 13:56:41', '2019-01-17 13:56:41', NULL),
(109, NULL, NULL, NULL, NULL, NULL, NULL, 'de', '2019-01-17 13:56:47', '2019-01-17 13:56:47', NULL),
(109, NULL, NULL, NULL, NULL, NULL, NULL, 'en', '2019-01-17 13:56:47', '2019-01-17 13:56:47', NULL),
(109, NULL, NULL, NULL, NULL, NULL, NULL, 'fr', '2019-01-17 13:56:47', '2019-01-17 13:56:47', NULL),
(352, NULL, NULL, NULL, NULL, NULL, NULL, 'de', '2019-01-17 13:56:56', '2019-01-17 13:56:56', NULL),
(352, NULL, NULL, NULL, NULL, NULL, NULL, 'en', '2019-01-17 13:56:56', '2019-01-17 13:56:56', NULL),
(352, NULL, NULL, NULL, NULL, NULL, NULL, 'fr', '2019-01-17 13:56:56', '2019-01-17 13:56:56', NULL),
(451, NULL, NULL, NULL, NULL, NULL, NULL, 'de', '2019-01-17 13:57:06', '2019-01-17 13:57:06', NULL),
(451, NULL, NULL, NULL, NULL, NULL, NULL, 'en', '2019-01-17 13:57:06', '2019-01-17 13:57:06', NULL),
(451, NULL, NULL, NULL, NULL, NULL, NULL, 'fr', '2019-01-17 13:57:06', '2019-01-17 13:57:06', NULL),
(542, 'Impressum', 'Impressum', NULL, NULL, NULL, '<div class=\"sysviewhelper l8m-object\" style=\"width: 16px; height: 16px;\" data-parameters=\"imprint\" data-ignoredimension=\"true\" data-rel=\"PRJ_View_Helper_TinyMCE_TmceSiteRights\">###:PRJ_View_Helper_TinyMCE_TmceSiteRights:###</div>', 'de', '2018-11-26 10:10:28', '2019-01-17 13:58:18', NULL),
(542, 'Imprint', 'Imprint', NULL, NULL, NULL, '<div class=\"sysviewhelper l8m-object\" style=\"width: 16px; height: 16px;\" data-parameters=\"imprint\" data-ignoredimension=\"true\" data-rel=\"PRJ_View_Helper_TinyMCE_TmceSiteRights\">###:PRJ_View_Helper_TinyMCE_TmceSiteRights:###</div>', 'en', '2018-11-26 10:10:28', '2019-01-17 13:58:18', NULL),
(542, 'Mentions légales', 'Mentions légales', NULL, NULL, NULL, '<div class=\"sysviewhelper l8m-object\" style=\"width: 16px; height: 16px;\" data-removesysview=\"\" data-parameters=\"imprint\" data-ignoredimension=\"true\" data-rel=\"PRJ_View_Helper_TinyMCE_TmceSiteRights\">###:PRJ_View_Helper_TinyMCE_TmceSiteRights:###</div>', 'fr', '2019-01-17 13:58:18', '2019-01-19 08:00:00', NULL),
(543, 'Datenschutzbestimmungen', 'Datenschutzbestimmungen', NULL, NULL, NULL, '<div class=\"sysviewhelper l8m-object\" style=\"width: 16px; height: 16px;\" data-parameters=\"privacy\" data-ignoredimension=\"true\" data-rel=\"PRJ_View_Helper_TinyMCE_TmceSiteRights\">###:PRJ_View_Helper_TinyMCE_TmceSiteRights:###</div>', 'de', '2018-11-26 10:10:28', '2019-01-18 15:01:05', NULL),
(543, 'Privacy', 'Privacy', NULL, NULL, NULL, '<div class=\"sysviewhelper l8m-object\" style=\"width: 16px; height: 16px;\" data-parameters=\"privacy\" data-ignoredimension=\"true\" data-rel=\"PRJ_View_Helper_TinyMCE_TmceSiteRights\">###:PRJ_View_Helper_TinyMCE_TmceSiteRights:###</div>', 'en', '2018-11-26 10:10:28', '2019-01-17 13:59:32', NULL),
(543, 'Politique de confidentialité', 'Politique de confidentialité', NULL, NULL, NULL, '<div class=\"sysviewhelper l8m-object\" style=\"width: 16px; height: 16px;\" data-parameters=\"privacy\" data-rel=\"PRJ_View_Helper_TinyMCE_TmceSiteRights\">###:PRJ_View_Helper_TinyMCE_TmceSiteRights:###</div>', 'fr', '2019-01-17 13:59:32', '2019-01-19 08:17:32', NULL),
(544, 'Über uns', 'Über uns', NULL, NULL, NULL, '<p><img src=\"/mediafile/hw-neu4-2016.jpg\" alt=\"\" width=\"150\" height=\"200\" /><br /><br />Hubert Waeber<br /><strong>Pr&#228;sident</strong>, <strong>GL-Ausschuss<br /></strong>Sprecher OTC, Obmann US-Kommission<br />Obmann Vertragskommission<br />Obmann Region WEST<br /><a href=\"mailto:h.waeber@ahg-cars.ch\">h.waeber@ahg-cars.ch</a>&#160; <br /><br />_________________________________________________</p>\r\n<p><br /><br /></p>', 'de', '2018-11-26 10:10:28', '2019-01-22 18:23:05', NULL),
(544, 'About Us', 'About Us', NULL, NULL, NULL, NULL, 'en', '2018-11-26 10:10:28', '2018-11-26 10:10:28', NULL),
(544, 'À propos de nous', 'À propos de nous', NULL, NULL, NULL, NULL, 'fr', '2019-01-17 14:00:12', '2019-01-17 14:00:12', NULL),
(545, 'Mitglied werden', 'Mitglied werden', NULL, NULL, NULL, NULL, 'de', '2018-11-26 10:10:28', '2019-01-18 15:03:13', NULL),
(545, 'Membership', 'Membership', NULL, NULL, NULL, NULL, 'en', '2018-11-26 10:10:28', '2018-11-26 10:10:28', NULL),
(545, 'Devenir membre', 'Devenir membre', NULL, NULL, NULL, NULL, 'fr', '2019-01-17 14:55:53', '2019-01-18 15:03:13', NULL),
(546, 'Statuten des Verbandes', 'Statuten des Verbandes', NULL, NULL, NULL, '<h1><span class=\"subtitle\"><br /><img src=\"/mediafile/1806_logo_final_pfade.png\" alt=\"\" width=\"191\" height=\"45\" /><br /><br /><br /><strong><span class=\"subtitle\">Statuten des Verbandes Schweizer Opel H&#228;ndler&#160;&#160;&#160;</span></strong></span></h1>\r\n<h2><br /><br />Name und Sitz</h2>\r\n<span class=\"norm\"><span class=\"norm\"><strong>1. Name, Sitz</strong><br />Unter der Bezeichnung &#8222;Verband Schweizer Opel H&#228;ndler&#8220; &#8222;Union Suisse Distributeurs Opel&#8220;, &#8222;Unione Svizzera Distributori Opel&#8220; besteht ein Verein im Sinne von Art. 60 ff ZGB, mit Sitz an der Adresse des Gesch&#228;ftsf&#252;hrers. Er ist im Handelsregister eingetragen.<br /><br /><strong>2. Zweck</strong><br />Zweck des Verbandes ist die F&#246;rderung des Absatzes und der Wartung der Produkte von Opel in der Schweiz und im F&#252;rstentum Lichtenstein durch Wahrung der In&#173;teres&#173;sen von leistungsf&#228;higen und wirtschaftlich gesunden H&#228;ndlern, Agenten und Service-Part&#173;nern.<br /><br /><br /></span></span>\r\n<h2>Mitgliedschaft</h2>\r\n<span class=\"norm\"><span class=\"norm\"><strong>3. Mitglieder<br /></strong>Mitglieder des Verbandes k&#246;nnen alle Opel H&#228;ndler, Agenten und Service-Partner in der Schweiz und im F&#252;rstentum Lichtenstein werden, sofern sie einen entsprechenden Vertrag mit Opel abgeschlossen haben.<br /><br /><strong>4. Der Beitritt</strong><br />Beitrittsgesuche mit den n&#246;tigen Unterlagen werden an den Vorstand gerichtet, welcher sie mit einer Mehrheit von zwei Dritteln der anwesenden Vorstandmitglieder zu ge&#173;nehmigen hat. Der Vorstand kann ein Beitrittsgesuch &#8211; nach Anh&#246;rung des Gesuchstellers &#8211; ohne Begr&#252;n&#173;dung ablehnen.&#160;Ein ablehnender Entscheid des Vorstands kann innert 30 Tagen ab Empfang der ablehnen&#173;den Mit&#173;teilung schriftlich angefochten werden. Den endg&#252;ltigen Entscheid trifft die n&#228;chste ordent&#173;liche Mitgliederversammlung.<br /><br /><strong>5. Erl&#246;schen der Mitgliedschaft</strong><br />Die Mitgliedschaft erlischt:<br />-&#160;durch schriftliche Austrittserkl&#228;rung des Mitglieds an den Vorstand mindestens drei Mo&#173;nate im Voraus auf das Ende eines Kalenderjahres.<br />-&#160;bei Beendigung des Opel H&#228;ndler- bzw. Servicevertrages oder des Agenturver&#173;trages&#160;auf Ende des Kalender&#173;jahres.<br />-&#160;durch Entscheid des Vorstands, wobei die Angabe von Gr&#252;nden nicht n&#246;tig ist, das&#160;Mit&#173;glied jedoch vorg&#228;ngig anzuh&#246;ren ist. Das ausge&#173;schlossene Mitglied kann den&#160;Aus&#173;schluss innert 30 Tagen schriftlich anfechten. Den endg&#252;ltigen Entscheid trifft&#160;die n&#228;chste Mitgliederversammlung.<br />-&#160;durch Nichtbezahlung des Mitgliederbeitrags bis sp&#228;testens 31. Dezember des&#160;betreffenden Beitragsjahres.&#160;&#160;<br /><br /><br /></span></span>\r\n<h2>Finanzen und Haftung</h2>\r\n<span class=\"norm\"><span class=\"norm\"><strong>6. Mittel</strong><br />Der Verband finanziert sich durch die Jahresbeitr&#228;ge der Mitglieder.<br /><br /><strong>7. Jahresbeitrag</strong><br />Der Jahresbeitrag besteht aus einem Basisbeitrag und einem Fahrzeugbeitrag, welche beide allj&#228;hrlich von der ordentlichen Mitgliederversammlung f&#252;r das betreffende Gesch&#228;ftsjahr festgelegt werden.&#160;Der j&#228;hrliche Basisbeitrag ist f&#252;r H&#228;ndler, Agenten und Service-Partner getrennt festzulegen, kann aber h&#246;chstens CHF 1&#8217;000.- betragen.&#160;Mitglieder mit einem H&#228;ndlervertrag bezahlen zus&#228;tzlich zum Basisbeitrag einen Fahr&#173;zeugbeitrag, welcher sich nach der Anzahl der vom Mitglied im letzten Jahr - auch &#252;ber Agenten verkauften - Opel-Neuwagen berechnet. Jedes Mitglied ist verpflichtet, diese Anzahl dem Vorstand genau anzugeben.&#160;Einbezahlte Betr&#228;ge werden auch bei Erl&#246;schen der Mitgliedschaft w&#228;hrend des Gesch&#228;fts&#173;jahres nicht pro rata zur&#252;ckbezahlt.<br /><br /><strong>8. Verm&#246;gen des Verbandes und pers&#246;nliche Haftung</strong><br />Ausscheidende Mitglieder haben keinen Anspruch auf das Verbandsverm&#246;gen.&#160;F&#252;r die Verbindlichkeiten des Verbands haftet ausschliesslich das Verbandsverm&#246;gen, unter Aus&#173;schluss jeder pers&#246;nlichen Haftbarkeit der Verbandsmitglieder.<br /><br /><strong>9. Rechnungsjahr</strong><br />Das Rechnungsjahr des Verbands beginnt jeweils am 1. Januar und endet am 31. Dezem&#173;ber.&#160;&#160;<br /><br /><br /></span></span>\r\n<h2>Organisation des Verbandes</h2>\r\n<span class=\"norm\"><span class=\"norm\"><strong>10. Organe</strong><br />Die Organe des Verbands sind:<br />-&#160;die Mitgliederversammlung<br />-&#160;der Vorstand<br />-&#160;die Revisionsstelle<br /><br /><br /></span></span>\r\n<h2>Mitgliederversammlung</h2>\r\n<span class=\"norm\"><span class=\"norm\"><strong>11. Einberufung der Mitgliederversammlung</strong><br />Die Mitgliederversammlung wird ordentlicherweise einmal j&#228;hrlich einberufen. Die Einla&#173;dung erfolgt schriftlich unter Bekanntgabe der Traktandenliste und mindestens 20 Tage im Voraus. Der Termin f&#252;r die ordentliche Mitgliederversammlung wird mindestens 40 Tage im Voraus bekannt gegeben.&#160;Antr&#228;ge an die Mitgliederversammlung, die dem Vorstand mindestens 30 Tage vor der Mit&#173;gliederversammlung schriftlich eingereicht werden, sind auf die Traktandenliste der Mit&#173;glie&#173;derversammlung zu setzen.&#160;Treffen Antr&#228;ge sp&#228;ter ein oder handelt es sich um blosse Anfragen, so sind sie an der Mit&#173;gliederversammlung unter &#8222;Varia&#8220; kurz zu besprechen.&#160;Ausserordentliche Mitgliederversammlungen werden auf Beschluss des Vor&#173;stan&#173;des einbe&#173;ru&#173;fen, wenn ein F&#252;nftel der Mitglieder des Verbands dies begehrt oder auf Verlangen der Revi&#173;sions&#173;stelle.&#160;Beschl&#252;sse k&#246;nnen in jedem Fall nur zu traktandierten Themen gef&#228;llt werden.<br /><br /><strong>12. Vorsitz und Protokoll</strong><br />Den Vorsitz an der Mitgliederversammlung f&#252;hrt der Pr&#228;sident, der Vizepr&#228;sident oder, wenn diese verhindert sind, ein anderes Mitglied des Vorstandes. &#220;ber die Verhandlung ist ein Be&#173;schlussprotokoll zu f&#252;hren.<br /><br /><strong>13. Befugnisse</strong><br />Der Mitgliederversammlung stehen abschliessend folgende Befugnisse zu:<br />-&#160;Wahl des Pr&#228;sidenten, des Vizepr&#228;sidenten sowie der &#252;brigen Vorstandsmitglieder und der Revisionsstelle;<br />-&#160;Wahl der Vertreter in das Franchise Board (OTC) von Opel, gem&#228;ss H&#228;ndler- und&#160;Servicever&#173;trag;<br />-&#160;Abnahme der T&#228;tigkeitsberichte, der Jahresrechnung und des Budgets;<br />-&#160;Festsetzung des Jahresbeitrags;<br />-&#160;Endentscheide &#252;ber Aufnahme oder Ausschluss eines Mitglieds;<br />-&#160;&#196;nderung der Statuten und Aufl&#246;sung des Verbandes.<br /><br /><strong>14. Beschlussfassung</strong><br />Jedes Mitglied hat in der Mitgliederversammlung mindestens eine Stimme. Die nach der H&#246;he des Jahresbeitrags gestaffelte Stimmrechts&#173;zuteilung wird in einem separaten Anhang geregelt.&#160;Stellvertretung durch ein anderes Mitglied ist gestattet, sofern eine schriftliche Vollmacht vorgelegt wird. Vorbehalten bleibt die gesetzliche Vertretung. &#220;ber die An&#173;erkennung einer Vollmacht entscheiden die an&#173;wesenden Mitglieder des Vorstandes. Ein Mitglied kann maxi&#173;mal zwei andere Mitglieder vertreten.&#160;Vorbeh&#228;ltlich besonderer Bestimmungen in den Statuten erfolgt die Beschlussfassung in offener Abstimmung mit dem einfachen Mehr der vertretenen Mitgliederstimmen. Wird ge&#173;heime Abstimmung oder Wahl mit einem Drittel der vertretenen Mitgliederstimmen verlangt, so sind diese geheim durchzuf&#252;hren.<br /><br /><strong>15. Statuten&#228;nderungen</strong><br />Statuten&#228;nderungen bed&#252;rfen einer Mehrheit von zwei Dritteln der vertretenen Mitglieder&#173;stimmen.<br /><br /><strong>16. Aufl&#246;sung des Verbands</strong><br />Die Aufl&#246;sung des Verbands kann durch Beschluss der Mitgliederversammlung mit einer Mehr&#173;heit von drei Vierteln der vertretenen Stimmen erfolgen. Mit der Aufl&#246;sung ist auch &#252;ber die Verwendung des Verbandsverm&#246;gens zu entscheiden.<br /><br /><br /></span></span>\r\n<h2>Vorstand</h2>\r\n<span class=\"norm\"><span class=\"norm\"><strong>17. Zusammensetzung und Organisation des Vorstandes</strong><br />Der Vorstand besteht aus mindestens sieben Personen.&#160;Die Vorstandsmitglieder werden f&#252;r eine Amtsdauer von einem Jahr gew&#228;hlt; Wiederwahl ist m&#246;glich. Der Pr&#228;sident und der Vizepr&#228;sident werden von der Mitgliederversammlung be&#173;stimmt, im &#220;brigen konstituiert sich der Vor&#173;stand selbst und regelt die Zeichnungsbe&#173;fug&#173;nisse.&#160;Der Vorstand amtet von einer ordentlichen Jahresversammlung zur andern. F&#228;llt w&#228;hrend des Jahres ein Vorstandsmitglied aus, so kann der Vorstand eine ausserordentliche Mit&#173;glie&#173;derversammlung einberufen, um eine Ersatzwahl vorzunehmen. F&#228;llt die Zahl der Vor&#173;standsmitglieder unter sieben, so muss eine solche Versammlung innert 60 Tagen durchge&#173;f&#252;hrt werden.&#160;Der Vorstand tagt so oft es die Gesch&#228;fte des Verbands erfordern. Zwei Mitglieder des Vorstandes k&#246;nnen die Durchf&#252;hrung einer Vorstandssitzung verlangen.&#160;<br /><br /><strong>18. Vorsitz und Protokoll</strong><br />Den Vorsitz in der Vorstandssitzung f&#252;hrt der Pr&#228;sident, der Vizepr&#228;sident oder, wenn diese verhin&#173;dert sind, ein anderes Mitglied des Vorstands. &#220;ber die Verhandlungen ist ein Proto&#173;koll zu f&#252;hren.<br /><br /><strong>19. Befugnisse des Vorstands und Delegation der Gesch&#228;ftsf&#252;hrung</strong><br />Der Vorstand f&#252;hrt die Angelegenheiten des Verbands und erledigt alle Gesch&#228;fte, sofern sie nicht ausdr&#252;cklich der Mitgliederversammlung zugewiesen sind. Er vertritt den Verband nach aussen, insbesondere gegen&#252;ber Opel, anderen Verb&#228;nden und Beh&#246;rden.&#160;Der Vorstand ist berechtigt und verpflichtet, die Interessen der Mitglieder als Opel- H&#228;ndler, Agenten und Service-Partner mit Nachdruck zu vertreten.&#160;Der Vorstand kann Aussch&#252;sse bilden und Spezialaufgaben delegieren. Er ist berechtigt, unter seiner Aufsicht einen Gesch&#228;ftsf&#252;hrer ganz oder teilweise mit der Gesch&#228;ftsf&#252;hrung und insbesondere auch mit der Vertretung der Verbandsinteressen sowie mit der F&#252;hrung eines Sekretariates zu beauftragen. Er bestimmt das Gesch&#228;ftsdomizil.<br /><br /><strong>20. Beschlussfassung</strong><br />Beschl&#252;sse des Vorstands erfolgen mit dem einfachen Mehr der Anwesenden, sofern in diesen Statuten nicht anderes vorgesehen ist. Der Vor&#173;stand ist beschlussf&#228;hig, wenn die Mehrheit seiner Mitglieder anwesend ist. Bei Stimmengleich&#173;heit hat der Vorsitzende den Stichentscheid.&#160;Sofern alle Vorstandmitglieder ihr Einverst&#228;ndnis geben und keines eine Sitzung verlangt, k&#246;nnen Beschl&#252;sse auch im Zirkulationsverfahren getroffen werden. Sie sind in das Protokoll der n&#228;chsten Vorstandssitzung aufzunehmen.&#160;Stellvertretung im Vorstand ist ausgeschlossen.<br /><br />&#160;</span></span>\r\n<h2>Revisionsstelle</h2>\r\n<span class=\"norm\"><strong>21. Revisionsstelle</strong><br />Die Mitgliederversammlung w&#228;hlt jedes Jahr einen B&#252;cherexperten oder eine Revisionsge&#173;sellschaft als Revisionsstelle, die die Jahresrechnung &#252;berpr&#252;ft und der Mitgliederver&#173;samm&#173;lung &#252;ber das Ergebnis der Pr&#252;fung Bericht erstattet und Antrag stellt.<br /><br /><br /><br />Die Statuten&#228;nderungen wurden anl&#228;sslich der Mitgliederversammlung vom 15. Juni 2018 genehmigt und sind sofort in Kraft getreten.<br /><br /><br /><br />Ort und Datum:&#160;Bellmund, 15. Juni 2018&#160;&#160;<br /><br /><br />Der Pr&#228;sident:&#160;&#160;&#160;&#160;&#160;&#160;&#160;&#160;&#160;&#160;&#160;&#160;&#160;&#160;&#160;&#160;&#160;&#160;&#160;&#160;&#160;&#160;&#160;&#160;&#160;&#160;&#160;&#160;&#160;&#160;&#160;&#160;&#160;&#160;&#160;&#160;&#160;&#160;&#160;&#160;&#160;&#160;&#160;&#160;&#160;&#160;&#160; Der Vizepr&#228;sident:<br /><br />Hubert Waeber&#160;&#160;&#160;&#160;&#160;&#160;&#160;&#160;&#160;&#160;&#160;&#160;&#160;&#160;&#160;&#160;&#160;&#160;&#160;&#160;&#160;&#160;&#160;&#160;&#160;&#160;&#160;&#160;&#160;&#160;&#160;&#160;&#160;&#160;&#160;&#160;&#160;&#160;&#160;&#160;&#160;&#160;&#160;&#160;&#160;&#160; Patrick Germann</span>', 'de', '2018-11-26 10:10:28', '2019-01-22 22:11:46', NULL),
(546, 'Partner', 'Partner', NULL, NULL, NULL, NULL, 'en', '2018-11-26 10:10:28', '2018-11-26 10:10:28', NULL),
(546, 'Statuts de l\'Union', 'Statuts de l\'Union', NULL, NULL, NULL, '<h1><strong><span class=\"subtitle\"><span class=\"subtitle\"><img style=\"width: 191px; height: 41px;\" src=\"/mediafile/1806_logo_final_pfade.png\" alt=\"\" width=\"191\" height=\"45\" /></span></span><br /><br /><br />Statuts de l\'union Suisse Distributeurs Opel<br /><br /><br /></strong></h1>\r\n<h2><strong>Nom et si&#232;ge</strong></h2>\r\n<p><strong><br />1. Nom, si&#232;ge</strong><br />Sous la d&#233;nomination &#8222;Verband Schweizer Opel H&#228;ndler&#8220; &#8222;Union Suisse Distributeurs Opel&#8220;, &#8222;Unione Svizzera Distributori Opel&#8220; existe une association au sens des articles 60 ss du Code civil, dont le si&#232;ge est &#224; l&#8217;adresse du g&#233;rant. Elle est inscrite au registre du commerce.</p>\r\n<p><strong>2. But</strong><br />Le but de l&#8217;Union est de promouvoir la distribution et l&#8217;entretien des produits d&#8217;Opel en Suisse et dans la Principaut&#233; du Lichtenstein par la protection des int&#233;r&#234;ts de distributeurs, agents et partenaires de service performants et &#233;conomiquement solides.</p>\r\n<p>&#160;</p>\r\n<h2><strong>Qualit&#233; de membre</strong></h2>\r\n<p><strong><br />3. Membres</strong><br />Tous les distributeurs, agents et partenaires de service Opel en Suisse et dans la Principaut&#233; du Lichtenstein peuvent devenir membres de l&#8217;Union, dans la mesure o&#249; ils ont conclu un contrat correspondant avec Opel.</p>\r\n<p>&#160;<strong>4. Adh&#233;sion</strong><br />Les demandes d&#8217;adh&#233;sion sont adress&#233;es avec les documents n&#233;cessaires au comit&#233; directeur, lequel doit les approuver &#224; la majorit&#233; des deux tiers des membres pr&#233;sents. Le comit&#233; directeur peut, apr&#232;s avoir entendu le requ&#233;rant, refuser une adh&#233;sion sans motivation de sa d&#233;cision.</p>\r\n<p>Une d&#233;cision de refus du comit&#233; directeur peut &#234;tre contest&#233;e par &#233;crit dans les 30 jours d&#232;s r&#233;ception de la communication du refus. La prochaine assembl&#233;e g&#233;n&#233;rale ordinaire statue d&#233;finitivement.&#160;</p>\r\n<p><strong>5. Perte de la qualit&#233; de membre</strong><br />La qualit&#233; de membre s&#8217;&#233;teint:</p>\r\n<ul>\r\n<li>\r\n<p>&#224; la remise d&#8217;une d&#233;mission &#233;crite au comit&#233; directeur, au moins trois mois avant la fin d&#8217;une ann&#233;e civile.</p>\r\n</li>\r\n<li>\r\n<p>&#224; la fin de l&#8217;ann&#233;e civile pendant laquelle le contrat de distribution, respectivement de service avec Opel ou le contrat d&#8217;agence du membre en question prend fin.</p>\r\n</li>\r\n<li>\r\n<p>par d&#233;cision du comit&#233; directeur, sans que la motivation de la d&#233;cision ne soit n&#233;cessaire, le membre devant cependant &#234;tre entendu auparavant. Le membre&#160;exclu peut contester l&#8217;exclusion par &#233;crit dans les 30 jours. La prochaine assembl&#233;e&#160;g&#233;n&#233;rale statue d&#233;finitivement.</p>\r\n</li>\r\n<li>\r\n<p>par le non-paiement de la cotisation de membre jusqu&#8217;au 31 d&#233;cembre au plus tard&#160;de l&#8217;ann&#233;e civile en cours.</p>\r\n</li>\r\n</ul>\r\n<p>&#160;</p>\r\n<h2><strong>Finances et responsabilit&#233;</strong></h2>\r\n<p><strong><br />6. Ressources</strong><br />L&#8217;Union se finance par les cotisations annuelles de ses membres.</p>\r\n<p><strong>7. Cotisation anuelle</strong><br />La cotisation annuelle se compose d&#8217;un montant de base et d&#8217;une cotisation-v&#233;hicule, qui sont les deux fix&#233;s annuellement par l&#8217;assembl&#233;e g&#233;n&#233;rale pour l&#8217;exercice concern&#233;.&#160;</p>\r\n<p>Le montant de base annuel est fix&#233; s&#233;par&#233;ment pour les distributeurs, les agents et les partenaires de service, mais ne peut d&#233;passer CHF 1000.-.</p>\r\n<p>Les membres qui ont un contrat de distribution paient en compl&#233;ment &#224; la cotisation de base une cotisation-v&#233;hicule, laquelle se calcule d&#8217;apr&#232;s le nombre de nouvelles voitures Opel vendues l&#8217;ann&#233;e derni&#232;re par le membre, y compris &#224; travers ses agents. Chaque membre est tenu de d&#233;clarer ce montant de fa&#231;on exacte au comit&#233; directeur.&#160;</p>\r\n<p>Les cotisations d&#233;j&#224; pay&#233;es ne seront pas rembours&#233;s au pro rata, m&#234;me en cas de perte de la qualit&#233; de membre durant l&#8217;exercice en cours.</p>\r\n<p><strong>8. Patrimoine de l\'Union et responsabilit&#233; personnelle</strong><br />Les membres sortants n&#8217;ont aucun droit sur le patrimoine de l&#8217;Union.</p>\r\n<p>Le patrimoine de l&#8217;Union r&#233;pond seul des obligations de l&#8217;Union. Toute responsabilit&#233; personnelle des membres de l&#8217;Union est exclue.</p>\r\n<p><strong>9. L\'exercice commercial</strong><br />L&#8217;exercice commercial de l&#8217;Union commence chaque ann&#233;e le 1er janvier et se termine le 31 d&#233;cembre.</p>\r\n<p>&#160;</p>\r\n<h2><strong>Organisation de l&#8217;Union</strong></h2>\r\n<p><strong><br />10. Organes</strong><br />Les organes de l&#8217;Union sont&#160;:</p>\r\n<ul>\r\n<li>\r\n<p>l\'assembl&#233;e g&#233;n&#233;rale</p>\r\n</li>\r\n<li>\r\n<p>le comit&#233; directeur</p>\r\n</li>\r\n<li>\r\n<p>l&#8217;organe de r&#233;vision</p>\r\n</li>\r\n</ul>\r\n<p>&#160;</p>\r\n<h2><strong>Assembl&#233;e g&#233;n&#233;rale</strong></h2>\r\n<p><strong>11. Convoction de l\'assembl&#233;e g&#233;n&#233;rale</strong><br />L&#8217;assembl&#233;e g&#233;n&#233;rale ordinaire est convoqu&#233;e une fois par ann&#233;e. L&#8217;invitation est faite par &#233;crit au moins 20 jours &#224; l&#8217;avance et comprend l&#8217;annonce de l&#8217;ordre du jour. La date de l&#8217;assembl&#233;e g&#233;n&#233;rale est communiqu&#233;e au minimum 40 jours &#224; l&#8217;avance.</p>\r\n<p>Les requ&#234;tes adress&#233;es &#224; l&#8217;assembl&#233;e g&#233;n&#233;rale, pour autant qu&#8217;elles parviennent par &#233;crit au comit&#233; directeur au minimum 30 jours avant l&#8217;assembl&#233;e g&#233;n&#233;rale, doivent &#234;tre port&#233;es &#224; l&#8217;ordre du jour de l&#8217;assembl&#233;e g&#233;n&#233;rale.</p>\r\n<p>Les requ&#234;tes tardives ainsi que les simples questions seront bri&#232;vement discut&#233;es &#224; l&#8217;assembl&#233;e g&#233;n&#233;rale sous&#160;&#171;&#160;divers&#160;&#187;.</p>\r\n<p>Les assembl&#233;es g&#233;n&#233;rales extraordinaires sont convoqu&#233;es sur d&#233;cision du comit&#233; directeur, lorsqu&#8217;un cinqui&#232;me des membres de l&#8217;Union le demande ou sur requ&#234;te de l&#8217;organe de r&#233;vision.</p>\r\n<p>En toutes circonstances, des d&#233;cisions ne peuvent &#234;tre prises que sur des objets port&#233;s &#224; l&#8217;ordre du jour.</p>\r\n<p><strong>12. Pr&#233;sidence et proc&#232;s-verbal</strong><br />La pr&#233;sidence &#224; l&#8217;assembl&#233;e g&#233;n&#233;rale est exerc&#233;e par le pr&#233;sident, le vice-pr&#233;sident ou, lorsque ceux-ci sont emp&#234;ch&#233;s, un autre membre du comit&#233; directeur. Un proc&#232;s-verbal est dress&#233; sur les d&#233;bats.&#160;</p>\r\n<p><strong>13. Attribution</strong><br />L&#8217;assembl&#233;e g&#233;n&#233;rale a de fa&#231;on limitative les attributions suivantes&#160;:</p>\r\n<ul>\r\n<li>\r\n<p>&#233;lection du pr&#233;sident, du vice-pr&#233;sident et des autres membres du comit&#233; directeur ainsi que de l&#8217;organe de r&#233;vision&#160;;</p>\r\n</li>\r\n<li>\r\n<p>&#233;lection des repr&#233;sentants aupr&#232;s du &#171;&#160;Franchise Board&#160;&#187; (OTC) d&#8217;Opel, selon les contrats de distribution et de service&#160;;</p>\r\n</li>\r\n<li>\r\n<p>approbation des rapports d&#8216;activit&#233;, des comptes annuels et du budget&#160;;</p>\r\n</li>\r\n<li>\r\n<p>fixation de la cotisation annuelle&#160;;</p>\r\n</li>\r\n<li>\r\n<p>d&#233;cision d&#233;finitive concernant l&#8217;adh&#233;sion et l&#8217;exclusion de membres&#160;;</p>\r\n</li>\r\n<li>\r\n<p>changement des statuts et dissolution de l&#8217;Union.</p>\r\n</li>\r\n</ul>\r\n<p><strong>14. D&#233;cisions</strong><br />A l&#8217;assembl&#233;e g&#233;n&#233;rale, chaque membre a droit au moins &#224; une voix. L&#8217;attribution du droit de vote en fonction de la cotisation annuelle sera r&#233;gl&#233;e dans une annexe s&#233;par&#233;e.</p>\r\n<p>La repr&#233;sentation par un autre membre est autoris&#233;e, si une procuration &#233;crite est pr&#233;sent&#233;e. La repr&#233;sentation l&#233;gale est r&#233;serv&#233;e. Les membres du comit&#233; directeur pr&#233;sents d&#233;cident de la reconnaissance d&#8217;une procuration. Un membre peut repr&#233;senter au maximum deux autres membres.</p>\r\n<p>Sous r&#233;serve de dispositions sp&#233;ciales dans les statuts, les d&#233;cisions sont prises en votation ouverte &#224; la majorit&#233; simple des voix repr&#233;sent&#233;es. Si un tiers des voix repr&#233;sent&#233;es l&#8217;exige, la votation ou l&#8217;&#233;lection se fera de mani&#232;re secr&#232;te.</p>\r\n<p><strong>15. Changements des statuts</strong><br />Les changements des statuts n&#233;cessitent une majorit&#233; de deux tiers des voix repr&#233;sent&#233;es.</p>\r\n<p><strong>16. Dissolution</strong><br />L&#8217;Union peut &#234;tre dissoutepar d&#233;cision de l&#8217;assembl&#233;e g&#233;n&#233;rale &#224; la majorit&#233; des trois quarts des voix repr&#233;sent&#233;es. L&#8217;affection du patrimoine de l&#8217;Union doit &#234;tre d&#233;cid&#233;e en m&#234;me temps que sa dissolution.</p>\r\n<p>&#160;</p>\r\n<h2><strong>Comit&#233; directeur</strong></h2>\r\n<p><strong><br />17. Constitution et organisation du comit&#233; directeur</strong><br />Le comit&#233; directeur est compos&#233; d&#8217;au moins sept personnes.</p>\r\n<p>Les membres du comit&#233; directeur sont &#233;lus &#224; leur fonction pour une dur&#233;e d&#8217;une ann&#233;e&#160;; la r&#233;&#233;lection est possible. Le pr&#233;sident et le vice-pr&#233;sident sont &#233;lus par l&#8217;assembl&#233;e g&#233;n&#233;rale. Par ailleurs le comit&#233; directeur se constitue lui-m&#234;me et r&#232;gle les droits de signature.</p>\r\n<p>Le comit&#233; directeur reste en fonction d&#8217;une assembl&#233;e annuelle ordinaire &#224; l&#8217;autre. En cas de d&#233;part d&#8217;un membre du comit&#233; en cours d&#8217;ann&#233;e, le comit&#233; directeur peut convoquer une assembl&#233;e g&#233;n&#233;rale extraordinaire, afin de proc&#233;der &#224; une &#233;lection de remplacement. Si le nombre des membres du comit&#233; directeur tombe en dessous de sept, une telle assembl&#233;e doit avoir lieu dans les 60 jours.</p>\r\n<p>Le comit&#233; directeur se r&#233;unit aussi souvent que les affaires de l&#8217;Union l&#8217;exigent. Deux membres du comit&#233; directeur peuvent exiger la tenue d&#8217;une s&#233;ance.</p>\r\n<p><strong>18. La pr&#233;sidence</strong><br />La pr&#233;sidence de la s&#233;ance du comit&#233; directeur est exerc&#233;e par le pr&#233;sident, le vice-pr&#233;sident ou, lorsque ceux-ci sont emp&#234;ch&#233;s, un autre membre du comit&#233; directeur. Un proc&#232;s-verbal est dress&#233; sur les d&#233;bats.</p>\r\n<p><strong>19. Attribution du comit&#233; et d&#233;l&#233;gation de la gestion</strong><br />Le comit&#233; directeur dirige les affaires de l&#8217;Union et s&#8217;occupe de toutes les activit&#233;s, &#224; moins qu&#8217;elles ne soient express&#233;ment attribu&#233;es &#224; l&#8217;assembl&#233;e g&#233;n&#233;rale. Il repr&#233;sente l\'Union &#224; l&#8217;&#233;gard des tiers, particuli&#232;rement face &#224; Opel, &#224; d\'autres associations et aux autorit&#233;s.</p>\r\n<p>Il est le devoir du comit&#233; directeur de repr&#233;senter avec vigueur les int&#233;r&#234;ts des membres comme distributeurs, agents et partenaires de service Opel.</p>\r\n<p>Le comit&#233; directeur peut constituer des commissions et d&#233;l&#233;guer des t&#226;ches sp&#233;ciales. Il est autoris&#233; &#224; charger, sous sa surveillance, totalement ou partiellement un g&#233;rant de la gestion et particuli&#232;rement de la repr&#233;sentation des int&#233;r&#234;ts de l&#8217;Union comme de la conduite d\'un secr&#233;tariat. Il d&#233;termine le domicile commercial.</p>\r\n<p><strong>20. D&#233;cisions</strong><br />Les d&#233;cisions du comit&#233; directeur sont prises &#224; la majorit&#233; simple des personnes pr&#233;sentes, &#224; moins que ces statuts ne pr&#233;voient autre chose. Le comit&#233; directeur peut d&#233;lib&#233;rer valablement lorsque la majorit&#233; de ses membres est pr&#233;sente. En cas d&#8217;&#233;galit&#233; de voix, la voix du pr&#233;sident est pr&#233;pond&#233;rante.</p>\r\n<p>Si tous les membres du comit&#233; directeur ont donn&#233; leur accord et qu&#8217;aucun n&#8217;exige une s&#233;ance, les d&#233;cisions peuvent aussi &#234;tre prises par voie circulaire. Elles doivent figurer au proc&#232;s-verbal de la prochaine s&#233;ance du comit&#233; directeur.</p>\r\n<p>La repr&#233;sentation dans le comit&#233; directeur est exclue.<br /><br />&#160;</p>\r\n<h2><strong>Organe de r&#233;vision</strong></h2>\r\n<p><strong><br />21. Organe de r&#233;vision</strong><br />L&#8217;assembl&#233;e g&#233;n&#233;rale &#233;lit chaque ann&#233;e un expert-comptable ou une soci&#233;t&#233; d&#8217;expertise comme organe de r&#233;vision, laquelle contr&#244;le les comptes annuels, rapporte &#224; l\'assembl&#233;e g&#233;n&#233;rale le r&#233;sultat de sa v&#233;rification et lui soumet une proposition quant &#224; l\'approbation des comptes.</p>\r\n<p><br /><br /></p>\r\n<p>Ces statuts ont &#233;t&#233; approuv&#233;s lors de l&#8217;assembl&#233;e g&#233;n&#233;rale du 15 juin 2018 et sont imm&#233;diatement entr&#233;s en vigueur.</p>\r\n<p>&#160;</p>\r\n<p>&#160;</p>\r\n<p>Lieu et date&#160;:</p>\r\n<p>&#160;</p>\r\n<p>Bellmund, 15 juin 2018</p>\r\n<p>&#160;</p>\r\n<p>&#160;</p>\r\n<p>Le pr&#233;sident&#160;:&#160;&#160;&#160;&#160;&#160;&#160;&#160;&#160;&#160;&#160;&#160;&#160;&#160;&#160;&#160;&#160;&#160;&#160;&#160;&#160;&#160;&#160;&#160;&#160;&#160;&#160;&#160;&#160;&#160;&#160;&#160;&#160;&#160;&#160;&#160;&#160;&#160;&#160;&#160;&#160;&#160;&#160;&#160;&#160;&#160;&#160;&#160;&#160; le vice-pr&#233;sident&#160;:<br /><br /><br /><br />Hubert Waeber&#160;&#160;&#160;&#160;&#160;&#160;&#160;&#160;&#160;&#160;&#160;&#160;&#160;&#160;&#160;&#160;&#160;&#160;&#160;&#160;&#160;&#160;&#160;&#160;&#160;&#160;&#160;&#160;&#160;&#160;&#160;&#160;&#160;&#160;&#160;&#160;&#160;&#160;&#160;&#160;&#160;&#160;&#160;&#160;&#160; &#160; Patrick Germann&#160;&#160;&#160;&#160;&#160;&#160;&#160;&#160;&#160;&#160;&#160;&#160;&#160;&#160;&#160;&#160;&#160;&#160;&#160;&#160;&#160;&#160;&#160;&#160;&#160;&#160;&#160;&#160;&#160;&#160;&#160;&#160;</p>\r\n<h1><span class=\"subtitle\"><span class=\"subtitle\"><br /><br /><br /></span><br /><span class=\"subtitle\"><strong><br /><br /></strong></span></span></h1>\r\nXX', 'fr', '2019-01-17 14:56:25', '2019-01-23 13:21:44', NULL),
(547, 'Links', 'Links', NULL, NULL, NULL, '<h3>Verb&#228;nde</h3>\r\n<p><a href=\"http://www.agvs.ch/\" target=\"_blank\">AGVS Autogewerbeverband der Schweiz</a><br /> <a href=\"http://www.vsai.ch/\" target=\"_blank\">VSAI Verband Schweizerischer Automobilimporteure</a><br /> <a href=\"http://www.vsci.ch/\" target=\"_blank\">VSCI</a><br /> <a href=\"http://www.esa.ch\" target=\"_blank\">ESA<br /></a></p>\r\n<h3>OPEL-Links</h3>\r\n<p><a href=\"http://www.opel.ch/\" target=\"_blank\">OPEL</a><br /> <a href=\"http://www.irmscher.de/ch/\" target=\"_blank\">IRMSCHER</a></p>\r\n<h3>GM-US</h3>\r\n<p><a href=\"http://www.chevrolet.com/corvette/\" target=\"_blank\">CORVETTE</a><br /> <a href=\"http://www.cadillac.ch/\" target=\"_blank\">CADILLAC</a><br /> <a href=\"http://chevroleteurope.com/\" target=\"_blank\">CHEVROLET</a></p>', 'de', '2018-11-26 10:10:28', '2018-12-20 13:23:36', NULL),
(547, 'Links', 'Links', NULL, NULL, NULL, NULL, 'en', '2018-11-26 10:10:28', '2018-11-26 10:10:28', NULL),
(547, 'Liens', 'Liens', NULL, NULL, NULL, NULL, 'fr', '2019-01-17 14:56:54', '2019-01-17 14:56:54', NULL),
(548, 'Protokolle der Kommission', 'Protokolle der Kommission', NULL, NULL, NULL, NULL, 'de', '2018-12-20 10:50:26', '2018-12-20 10:50:26', NULL);
INSERT INTO `action_translation` (`id`, `title`, `headline`, `subheadline`, `keywords`, `description`, `content`, `lang`, `created_at`, `updated_at`, `deleted_at`) VALUES
(548, 'Minutes of the Commissions', 'Minutes of the Commissions', NULL, NULL, NULL, NULL, 'en', '2018-12-20 10:50:26', '2019-01-17 14:57:55', NULL),
(548, 'Procès-verbaux des commissions', 'Procès-verbaux des commissions', NULL, NULL, NULL, NULL, 'fr', '2019-01-17 14:57:55', '2019-01-17 14:57:55', NULL),
(549, NULL, NULL, NULL, NULL, NULL, '<div class=\"sysviewhelper l8m-object\" style=\"width: 16px; height: 16px;\" data-removesysview=\"true\" data-parameters=\"terms-and-condition\" data-ignoredimension=\"true\" data-rel=\"PRJ_View_Helper_TinyMCE_TmceSiteRights\">###:PRJ_View_Helper_TinyMCE_TmceSiteRights:###</div>', 'de', '2018-11-30 13:57:15', '2018-11-30 13:57:15', NULL),
(549, NULL, NULL, NULL, NULL, NULL, NULL, 'en', '2018-11-30 13:57:15', '2018-11-30 13:57:15', NULL),
(549, NULL, NULL, NULL, NULL, NULL, NULL, 'fr', '2019-01-17 14:58:09', '2019-01-17 14:58:09', NULL),
(550, 'Verkaufsstatistiken (Archiv)', 'Verkaufsstatistiken (Archiv)', NULL, NULL, NULL, NULL, 'de', '2018-12-20 10:55:50', '2018-12-20 10:55:50', NULL),
(550, 'Sales statistics (archive)', 'Sales statistics (archive)', NULL, NULL, NULL, NULL, 'en', '2018-12-20 10:55:50', '2019-01-17 14:59:21', NULL),
(550, 'Statistiques des ventes (archives)', 'Statistiques des ventes (archives)', NULL, NULL, NULL, NULL, 'fr', '2019-01-17 14:59:21', '2019-01-17 14:59:21', NULL),
(551, 'Protokolle der Verkaufsstatistik (Archiv)', 'Protokolle der Verkaufsstatistik (Archiv)', NULL, NULL, NULL, NULL, 'de', '2018-12-20 10:56:52', '2018-12-20 10:56:52', NULL),
(551, 'Protokolle der Verkaufsstatistik (Archiv)', 'Protokolle der Verkaufsstatistik (Archiv)', NULL, NULL, NULL, NULL, 'en', '2018-12-20 10:56:52', '2018-12-20 10:56:52', NULL),
(551, NULL, NULL, NULL, NULL, NULL, NULL, 'fr', '2019-01-17 15:03:23', '2019-01-17 15:03:23', NULL),
(552, 'Protokolldetails der Verkaufsstatistik (Archiv)', 'Protokolldetails der Verkaufsstatistik (Archiv)', NULL, NULL, NULL, NULL, 'de', '2018-12-20 10:55:14', '2018-12-20 10:55:14', NULL),
(552, 'Protokolldetails der Verkaufsstatistik (Archiv)', 'Protokolldetails der Verkaufsstatistik (Archiv)', NULL, NULL, NULL, NULL, 'en', '2018-12-20 10:55:14', '2018-12-20 10:55:14', NULL),
(552, NULL, NULL, NULL, NULL, NULL, NULL, 'fr', '2019-01-17 15:03:33', '2019-01-17 15:03:33', NULL),
(553, 'Aktuelles (Archiv)', 'Aktuelles (Archiv)', NULL, NULL, NULL, NULL, 'de', '2018-12-20 10:53:40', '2018-12-20 10:53:40', NULL),
(553, 'News (archive)', 'News (archive)', NULL, NULL, NULL, NULL, 'en', '2018-12-20 10:53:40', '2019-01-17 15:05:59', NULL),
(553, 'Actualités (archive)', 'Actualités (archive)', NULL, NULL, NULL, NULL, 'fr', '2019-01-17 15:05:59', '2019-01-17 15:05:59', NULL),
(554, 'Aktuelles (Archiv)', 'Aktuelles (Archiv)', NULL, NULL, NULL, NULL, 'de', '2019-01-17 15:06:08', '2019-01-19 08:28:17', NULL),
(554, NULL, NULL, NULL, NULL, NULL, NULL, 'en', '2019-01-17 15:06:08', '2019-01-17 15:06:08', NULL),
(554, 'Actualités (archive)', 'Actualités (archive)', NULL, NULL, NULL, NULL, 'fr', '2019-01-17 15:06:08', '2019-01-19 08:29:01', NULL),
(555, 'Aktuelles (Archiv)', 'Aktuelles (Archiv)', NULL, NULL, NULL, NULL, 'de', '2018-12-20 10:54:09', '2019-01-19 08:29:37', NULL),
(555, 'Current contribution (Archive)', 'Current contribution (Archive)', NULL, NULL, NULL, NULL, 'en', '2018-12-20 10:54:09', '2019-01-17 15:12:35', NULL),
(555, 'Actualités (archive)', 'Actualités (archive)', NULL, NULL, NULL, NULL, 'fr', '2019-01-17 15:12:35', '2019-01-19 08:29:37', NULL),
(556, 'Verkaufsstatistiken', 'Verkaufsstatistiken', NULL, NULL, NULL, NULL, 'de', '2018-12-20 10:56:15', '2018-12-20 10:56:15', NULL),
(556, 'Sales statistics', 'Sales statistics', NULL, NULL, NULL, NULL, 'en', '2018-12-20 10:56:15', '2019-01-17 15:13:20', NULL),
(556, 'Statistiques des ventes', 'Statistiques des ventes', NULL, NULL, NULL, NULL, 'fr', '2019-01-17 15:13:20', '2019-01-17 15:13:20', NULL),
(557, 'Protokolle der Verkaufsstatistik', 'Protokolle der Verkaufsstatistik', NULL, NULL, NULL, NULL, 'de', '2018-12-20 10:57:13', '2018-12-20 10:57:13', NULL),
(557, 'Protokolle der Verkaufsstatistik', 'Protokolle der Verkaufsstatistik', NULL, NULL, NULL, NULL, 'en', '2018-12-20 10:57:13', '2018-12-20 10:57:13', NULL),
(557, NULL, NULL, NULL, NULL, NULL, NULL, 'fr', '2019-01-17 15:13:31', '2019-01-17 15:13:31', NULL),
(558, 'Protokolldetails der Verkaufsstatistik', 'Protokolldetails der Verkaufsstatistik', NULL, NULL, NULL, NULL, 'de', '2018-12-20 10:58:01', '2018-12-20 10:58:01', NULL),
(558, 'Protokolldetails der Verkaufsstatistik', 'Protokolldetails der Verkaufsstatistik', NULL, NULL, NULL, NULL, 'en', '2018-12-20 10:58:01', '2018-12-20 10:58:01', NULL),
(558, NULL, NULL, NULL, NULL, NULL, NULL, 'fr', '2019-01-17 15:13:36', '2019-01-17 15:13:36', NULL),
(559, 'Kommissionen (Archiv)', 'Kommissionen (Archiv)', NULL, NULL, NULL, NULL, 'de', '2019-01-17 15:13:45', '2019-01-19 08:30:51', NULL),
(559, NULL, NULL, NULL, NULL, NULL, NULL, 'en', '2019-01-17 15:13:45', '2019-01-17 15:13:45', NULL),
(559, 'Commissions (archive)', 'Commissions (archive)', NULL, NULL, NULL, NULL, 'fr', '2019-01-17 15:13:45', '2019-01-19 08:30:51', NULL),
(560, 'Protokolle der Kommissionen (Archiv)', 'Protokolle der Kommissionen (Archiv)', NULL, NULL, NULL, NULL, 'de', '2018-12-20 10:45:51', '2019-01-18 15:29:43', NULL),
(560, 'Minutes of the commission (Archive)', 'Minutes of the commission (Archive)', NULL, NULL, NULL, NULL, 'en', '2018-12-20 10:45:51', '2019-01-17 15:15:51', NULL),
(560, 'Procès-verbaux des commissions (archive)', 'Procès-verbaux des commissions (archive)', NULL, NULL, NULL, NULL, 'fr', '2019-01-17 15:15:51', '2019-01-18 15:29:43', NULL),
(561, 'Protokolle der Kommissionen (Archiv)', 'Protokolle der Kommissionen (Archiv)', NULL, NULL, NULL, NULL, 'de', '2018-12-20 10:46:26', '2019-01-18 15:30:32', NULL),
(561, 'Minutes of the commission (archive)', 'Minutes of the commission (archive)', NULL, NULL, NULL, NULL, 'en', '2018-12-20 10:46:26', '2019-01-17 15:19:41', NULL),
(561, 'Procès-verbaux des commissions (archive)', 'Procès-verbaux des commissions (archive)', NULL, NULL, NULL, NULL, 'fr', '2019-01-17 15:19:41', '2019-01-18 15:30:32', NULL),
(562, 'Termine (Archiv)', 'Termine (Archiv)', NULL, NULL, NULL, NULL, 'de', '2018-12-20 10:53:11', '2018-12-20 10:53:11', NULL),
(562, 'Dates & Events (archive)', 'Dates & Events (archive)', NULL, NULL, NULL, NULL, 'en', '2018-12-20 10:53:11', '2019-01-17 15:22:36', NULL),
(562, 'Dates et événements (archive)', 'Dates et événements (archive)', NULL, NULL, NULL, NULL, 'fr', '2019-01-17 15:22:36', '2019-01-17 15:22:36', NULL),
(563, 'Termine (Archiv)', 'Termine (Archiv)', NULL, NULL, NULL, NULL, 'de', '2018-12-20 10:52:22', '2019-01-18 15:31:21', NULL),
(563, 'Dates & Events (archive)', 'Dates & Events (archive)', NULL, NULL, NULL, NULL, 'en', '2018-12-20 10:52:22', '2019-01-17 15:28:37', NULL),
(563, 'Dates et événements (archive)', 'Dates et événements (archive)', NULL, NULL, NULL, NULL, 'fr', '2019-01-17 15:28:37', '2019-01-17 15:28:37', NULL),
(564, 'Termine und Veranstaltungen', 'Termine und Veranstaltungen', NULL, NULL, NULL, NULL, 'de', '2018-12-20 11:00:34', '2019-01-18 15:32:17', NULL),
(564, 'Dates', 'Dates', NULL, NULL, NULL, NULL, 'en', '2018-12-20 11:00:34', '2019-01-17 15:29:32', NULL),
(564, 'Dates et événements', 'Dates et événements', NULL, NULL, NULL, NULL, 'fr', '2019-01-17 15:29:32', '2019-01-18 15:32:17', NULL),
(565, 'Termine und Veranstaltungen', 'Termine und Veranstaltungen', NULL, NULL, NULL, NULL, 'de', '2018-12-20 11:00:00', '2019-01-18 15:33:10', NULL),
(565, 'Details of the appointment', 'Details of the appointment', NULL, NULL, NULL, NULL, 'en', '2018-12-20 11:00:00', '2019-01-17 15:33:05', NULL),
(565, 'Dates et événements', 'Dates et événements', NULL, NULL, NULL, NULL, 'fr', '2019-01-17 15:33:05', '2019-01-18 15:33:10', NULL),
(566, 'Adressverwaltung', 'Adressverwaltung', NULL, NULL, NULL, NULL, 'de', '2018-12-20 10:47:24', '2019-01-17 15:34:20', NULL),
(566, 'address administration', 'address administration', NULL, NULL, NULL, NULL, 'en', '2018-12-20 10:47:24', '2019-01-17 15:34:20', NULL),
(566, 'gestion des adresses', 'gestion des adresses', NULL, NULL, NULL, NULL, 'fr', '2019-01-17 15:34:20', '2019-01-17 15:34:20', NULL),
(567, 'Nutzer erstellen in der Adressverwaltung', 'Nutzer erstellen in der Adressverwaltung', NULL, NULL, NULL, NULL, 'de', '2018-12-20 10:47:50', '2019-01-17 15:35:52', NULL),
(567, 'Create user in address management', 'Create user in address management', NULL, NULL, NULL, NULL, 'en', '2018-12-20 10:47:50', '2019-01-17 15:35:52', NULL),
(567, 'Créer un utilisateur dans la gestion des adresses', 'Créer un utilisateur dans la gestion des adresses', NULL, NULL, NULL, NULL, 'fr', '2019-01-17 15:35:52', '2019-01-17 15:35:52', NULL),
(568, 'Nutzer bearbeiten in der Adressverwaltung', 'Nutzer bearbeiten in der Adressverwaltung', NULL, NULL, NULL, NULL, 'de', '2018-12-20 10:48:32', '2019-01-17 15:37:10', NULL),
(568, 'Edit user in address management', 'Edit user in address management', NULL, NULL, NULL, NULL, 'en', '2018-12-20 10:48:32', '2019-01-17 15:37:10', NULL),
(568, 'Modifier un utilisateur dans la gestion des adresses', 'Modifier un utilisateur dans la gestion des adresses', NULL, NULL, NULL, NULL, 'fr', '2019-01-17 15:37:10', '2019-01-17 15:37:10', NULL),
(569, 'Nutzer löschen in der Adressverwaltung', 'Nutzer löschen in der Adressverwaltung', NULL, NULL, NULL, NULL, 'de', '2018-12-20 10:48:13', '2019-01-17 15:40:04', NULL),
(569, 'Delete user in address management', 'Delete user in address management', NULL, NULL, NULL, NULL, 'en', '2018-12-20 10:48:13', '2019-01-17 15:40:04', NULL),
(569, 'Supprimer un utilisateur dans la gestion des adresses', 'Supprimer un utilisateur dans la gestion des adresses', NULL, NULL, NULL, NULL, 'fr', '2019-01-17 15:40:04', '2019-01-17 15:40:04', NULL),
(610, 'Mitgliederversammlung (Archiv)', 'Mitgliederversammlung (Archiv)', NULL, NULL, NULL, NULL, 'de', '2019-01-17 15:40:12', '2019-01-19 08:32:53', NULL),
(610, NULL, NULL, NULL, NULL, NULL, NULL, 'en', '2019-01-17 15:40:12', '2019-01-17 15:40:12', NULL),
(610, 'Assemblée générale (archive)', 'Assemblée générale (archive)', NULL, NULL, NULL, NULL, 'fr', '2019-01-17 15:40:12', '2019-01-19 08:32:53', NULL),
(611, 'Mitgiederversammlung (Archiv)', 'Mitgiederversammlung (Archiv)', NULL, NULL, NULL, NULL, 'de', '2019-01-17 15:40:18', '2019-01-19 08:33:31', NULL),
(611, NULL, NULL, NULL, NULL, NULL, NULL, 'en', '2019-01-17 15:40:18', '2019-01-17 15:40:18', NULL),
(611, 'Assemblée générale (archive)', 'Assemblée générale (archive)', NULL, NULL, NULL, NULL, 'fr', '2019-01-17 15:40:18', '2019-01-19 08:33:31', NULL),
(612, 'Mitgliederversammlung (Archiv)', 'Mitgliederversammlung (Archiv)', NULL, NULL, NULL, NULL, 'de', '2019-01-17 15:40:25', '2019-01-19 08:24:17', NULL),
(612, NULL, NULL, NULL, NULL, NULL, NULL, 'en', '2019-01-17 15:40:25', '2019-01-17 15:40:25', NULL),
(612, 'Assemblée générale (archive)', 'Assemblée générale (archive)', NULL, NULL, NULL, NULL, 'fr', '2019-01-17 15:40:25', '2019-01-19 08:24:17', NULL),
(613, 'OTC', 'OTC', NULL, NULL, NULL, NULL, 'de', '2019-01-17 15:40:36', '2019-01-18 16:02:02', NULL),
(613, NULL, NULL, NULL, NULL, NULL, NULL, 'en', '2019-01-17 15:40:36', '2019-01-17 15:40:36', NULL),
(613, 'OTC', 'OTC', NULL, NULL, NULL, NULL, 'fr', '2019-01-17 15:40:36', '2019-01-18 16:02:02', NULL),
(614, 'OTC', 'OTC', NULL, NULL, NULL, NULL, 'de', '2019-01-17 15:40:45', '2019-01-18 16:02:23', NULL),
(614, NULL, NULL, NULL, NULL, NULL, NULL, 'en', '2019-01-17 15:40:45', '2019-01-17 15:40:45', NULL),
(614, 'OTC', 'OTC', NULL, NULL, NULL, NULL, 'fr', '2019-01-17 15:40:45', '2019-01-18 16:02:23', NULL),
(615, 'OTC (Archiv)', 'OTC (Archiv)', NULL, NULL, NULL, NULL, 'de', '2019-01-17 15:40:52', '2019-01-19 08:34:27', NULL),
(615, NULL, NULL, NULL, NULL, NULL, NULL, 'en', '2019-01-17 15:40:52', '2019-01-17 15:40:52', NULL),
(615, 'OTC (archive)', 'OTC (archive)', NULL, NULL, NULL, NULL, 'fr', '2019-01-17 15:40:52', '2019-01-19 08:34:27', NULL),
(616, 'OTC (Archiv)', 'OTC (Archiv)', NULL, NULL, NULL, NULL, 'de', '2019-01-17 15:41:07', '2019-01-19 08:34:55', NULL),
(616, NULL, NULL, NULL, NULL, NULL, NULL, 'en', '2019-01-17 15:41:07', '2019-01-17 15:41:07', NULL),
(616, 'OTC (archive)', 'OTC (archive)', NULL, NULL, NULL, NULL, 'fr', '2019-01-17 15:41:07', '2019-01-19 08:34:55', NULL),
(617, 'OTC (Archiv)', 'OTC (Archiv)', NULL, NULL, NULL, NULL, 'de', '2019-01-17 15:41:15', '2019-01-19 08:35:30', NULL),
(617, NULL, NULL, NULL, NULL, NULL, NULL, 'en', '2019-01-17 15:41:15', '2019-01-17 15:41:15', NULL),
(617, 'OTC (archive)', 'OTC (archive)', NULL, NULL, NULL, NULL, 'fr', '2019-01-17 15:41:15', '2019-01-19 08:35:30', NULL),
(618, 'Mitgliederversammlung', 'Mitgliederversammlung', NULL, NULL, NULL, NULL, 'de', '2019-01-17 15:41:21', '2019-01-19 08:25:31', NULL),
(618, NULL, NULL, NULL, NULL, NULL, NULL, 'en', '2019-01-17 15:41:21', '2019-01-17 15:41:21', NULL),
(618, 'Assemblée générale', 'Assemblée générale', NULL, NULL, NULL, NULL, 'fr', '2019-01-17 15:41:21', '2019-01-19 08:35:51', NULL),
(619, 'Mitgliederversammlung', 'Mitgliederversammlung', NULL, NULL, NULL, NULL, 'de', '2019-01-17 15:41:28', '2019-01-19 08:26:14', NULL),
(619, NULL, NULL, NULL, NULL, NULL, NULL, 'en', '2019-01-17 15:41:28', '2019-01-17 15:41:28', NULL),
(619, 'Assemblée générale', 'Assemblée générale', NULL, NULL, NULL, NULL, 'fr', '2019-01-17 15:41:28', '2019-01-19 08:26:14', NULL),
(620, 'Event-Registrierung', 'Event-Registrierung', NULL, NULL, NULL, NULL, 'de', '2019-01-17 15:41:38', '2019-01-18 16:38:44', NULL),
(620, NULL, NULL, NULL, NULL, NULL, NULL, 'en', '2019-01-17 15:41:38', '2019-01-17 15:41:38', NULL),
(620, 'inscription à l\'événement', 'inscription à l\'événement', NULL, NULL, NULL, NULL, 'fr', '2019-01-17 15:41:38', '2019-01-18 16:38:44', NULL),
(621, 'Event-Anfrage senden', 'Event-Anfrage senden', NULL, NULL, NULL, NULL, 'de', '2019-01-17 15:41:45', '2019-01-18 16:40:42', NULL),
(621, NULL, NULL, NULL, NULL, NULL, NULL, 'en', '2019-01-17 15:41:45', '2019-01-17 15:41:45', NULL),
(621, 'Envoyer la demande d\'événement', 'Envoyer la demande d\'événement', NULL, NULL, NULL, NULL, 'fr', '2019-01-17 15:41:45', '2019-01-18 16:40:42', NULL);

-- --------------------------------------------------------

--
-- Tabellenstruktur für Tabelle `activation`
--

CREATE TABLE `activation` (
  `id` bigint(20) UNSIGNED NOT NULL,
  `disabled` tinyint(1) DEFAULT '0',
  `activation_code` varchar(32) COLLATE utf8_bin NOT NULL,
  `target` varchar(255) COLLATE utf8_bin NOT NULL,
  `target_id` bigint(20) UNSIGNED NOT NULL,
  `redirect_url` mediumtext COLLATE utf8_bin,
  `remote_ip` varchar(15) COLLATE utf8_bin DEFAULT NULL,
  `expires_at` datetime DEFAULT NULL,
  `used_at` datetime DEFAULT NULL,
  `created_at` datetime NOT NULL,
  `updated_at` datetime NOT NULL,
  `deleted_at` datetime DEFAULT NULL
) ENGINE=InnoDB DEFAULT CHARSET=utf8 COLLATE=utf8_bin;

-- --------------------------------------------------------

--
-- Tabellenstruktur für Tabelle `address`
--

CREATE TABLE `address` (
  `id` bigint(20) UNSIGNED NOT NULL,
  `product_order_id` bigint(20) UNSIGNED NOT NULL,
  `house_type_id` bigint(20) UNSIGNED DEFAULT NULL,
  `etage_id` bigint(20) UNSIGNED DEFAULT NULL,
  `lift` tinyint(1) DEFAULT '0',
  `barrier_free` tinyint(1) DEFAULT '0',
  `room_number` bigint(20) DEFAULT NULL,
  `working_hours_from` varchar(45) COLLATE utf8_bin DEFAULT NULL,
  `working_hours_till` varchar(45) COLLATE utf8_bin DEFAULT NULL,
  `pause_hours_from` varchar(45) COLLATE utf8_bin DEFAULT NULL,
  `pause_hours_till` varchar(45) COLLATE utf8_bin DEFAULT NULL,
  `return_of_empties` bigint(20) DEFAULT NULL,
  `created_at` datetime NOT NULL,
  `updated_at` datetime NOT NULL,
  `deleted_at` datetime DEFAULT NULL
) ENGINE=InnoDB DEFAULT CHARSET=utf8 COLLATE=utf8_bin;

-- --------------------------------------------------------

--
-- Tabellenstruktur für Tabelle `assembly`
--

CREATE TABLE `assembly` (
  `id` bigint(20) UNSIGNED NOT NULL,
  `short` varchar(120) COLLATE utf8_bin NOT NULL,
  `publish_datetime` datetime DEFAULT NULL,
  `fr_media_id` bigint(20) UNSIGNED DEFAULT NULL,
  `de_media_id` bigint(20) UNSIGNED DEFAULT NULL,
  `fr_presentation_media_id` bigint(20) UNSIGNED DEFAULT NULL,
  `de_presentation_media_id` bigint(20) UNSIGNED DEFAULT NULL,
  `published` tinyint(1) DEFAULT '0',
  `created_at` datetime NOT NULL,
  `updated_at` datetime NOT NULL,
  `deleted_at` datetime DEFAULT NULL
) ENGINE=InnoDB DEFAULT CHARSET=utf8 COLLATE=utf8_bin;

-- --------------------------------------------------------

--
-- Tabellenstruktur für Tabelle `assembly_m2n_department`
--

CREATE TABLE `assembly_m2n_department` (
  `id` bigint(20) UNSIGNED NOT NULL,
  `assembly_id` bigint(20) UNSIGNED NOT NULL,
  `department_id` bigint(20) UNSIGNED NOT NULL,
  `created_at` datetime NOT NULL,
  `updated_at` datetime NOT NULL,
  `deleted_at` datetime DEFAULT NULL
) ENGINE=InnoDB DEFAULT CHARSET=utf8 COLLATE=utf8_bin;

-- --------------------------------------------------------

--
-- Tabellenstruktur für Tabelle `assembly_translation`
--

CREATE TABLE `assembly_translation` (
  `id` bigint(20) UNSIGNED NOT NULL DEFAULT '0',
  `ushort` varchar(120) COLLATE utf8_bin NOT NULL,
  `uname` varchar(120) COLLATE utf8_bin NOT NULL,
  `title` varchar(255) COLLATE utf8_bin DEFAULT NULL,
  `description` mediumtext COLLATE utf8_bin,
  `content` mediumtext COLLATE utf8_bin,
  `lang` char(2) COLLATE utf8_bin NOT NULL DEFAULT '',
  `created_at` datetime NOT NULL,
  `updated_at` datetime NOT NULL,
  `deleted_at` datetime DEFAULT NULL
) ENGINE=InnoDB DEFAULT CHARSET=utf8 COLLATE=utf8_bin;

-- --------------------------------------------------------

--
-- Tabellenstruktur für Tabelle `backend_admin_boxes`
--

CREATE TABLE `backend_admin_boxes` (
  `id` bigint(20) UNSIGNED NOT NULL,
  `short` varchar(45) COLLATE utf8_bin NOT NULL,
  `name` varchar(45) COLLATE utf8_bin NOT NULL,
  `position` bigint(20) DEFAULT NULL,
  `created_at` datetime NOT NULL,
  `updated_at` datetime NOT NULL,
  `deleted_at` datetime DEFAULT NULL
) ENGINE=InnoDB DEFAULT CHARSET=utf8 COLLATE=utf8_bin;

-- --------------------------------------------------------

--
-- Tabellenstruktur für Tabelle `backend_admin_boxes_action`
--

CREATE TABLE `backend_admin_boxes_action` (
  `id` bigint(20) UNSIGNED NOT NULL,
  `short` varchar(120) COLLATE utf8_bin NOT NULL,
  `model_name_id` bigint(20) UNSIGNED DEFAULT NULL,
  `action_id` bigint(20) UNSIGNED NOT NULL,
  `count_not_new` tinyint(1) DEFAULT '0',
  `created_at` datetime NOT NULL,
  `updated_at` datetime NOT NULL,
  `deleted_at` datetime DEFAULT NULL
) ENGINE=InnoDB DEFAULT CHARSET=utf8 COLLATE=utf8_bin;

-- --------------------------------------------------------

--
-- Tabellenstruktur für Tabelle `backend_admin_boxes_action_m2n_backend_admin_boxes`
--

CREATE TABLE `backend_admin_boxes_action_m2n_backend_admin_boxes` (
  `id` bigint(20) UNSIGNED NOT NULL,
  `backend_admin_boxes_id` bigint(20) UNSIGNED NOT NULL,
  `backend_admin_boxes_action_id` bigint(20) UNSIGNED NOT NULL,
  `position` bigint(20) UNSIGNED DEFAULT NULL,
  `created_at` datetime NOT NULL,
  `updated_at` datetime NOT NULL,
  `deleted_at` datetime DEFAULT NULL
) ENGINE=InnoDB DEFAULT CHARSET=utf8 COLLATE=utf8_bin;

-- --------------------------------------------------------

--
-- Tabellenstruktur für Tabelle `backend_admin_boxes_action_translation`
--

CREATE TABLE `backend_admin_boxes_action_translation` (
  `id` bigint(20) UNSIGNED NOT NULL DEFAULT '0',
  `name` varchar(120) COLLATE utf8_bin NOT NULL,
  `title` varchar(120) COLLATE utf8_bin NOT NULL,
  `lang` char(2) COLLATE utf8_bin NOT NULL DEFAULT '',
  `created_at` datetime NOT NULL,
  `updated_at` datetime NOT NULL,
  `deleted_at` datetime DEFAULT NULL
) ENGINE=InnoDB DEFAULT CHARSET=utf8 COLLATE=utf8_bin;

-- --------------------------------------------------------

--
-- Tabellenstruktur für Tabelle `backend_admin_boxes_translation`
--

CREATE TABLE `backend_admin_boxes_translation` (
  `id` bigint(20) UNSIGNED NOT NULL DEFAULT '0',
  `title` varchar(120) COLLATE utf8_bin DEFAULT NULL,
  `description` varchar(255) COLLATE utf8_bin DEFAULT NULL,
  `lang` char(2) COLLATE utf8_bin NOT NULL DEFAULT '',
  `created_at` datetime NOT NULL,
  `updated_at` datetime NOT NULL,
  `deleted_at` datetime DEFAULT NULL
) ENGINE=InnoDB DEFAULT CHARSET=utf8 COLLATE=utf8_bin;

-- --------------------------------------------------------

--
-- Tabellenstruktur für Tabelle `background_image`
--

CREATE TABLE `background_image` (
  `id` bigint(20) UNSIGNED NOT NULL,
  `short` varchar(120) COLLATE utf8_bin NOT NULL,
  `name` varchar(120) COLLATE utf8_bin NOT NULL,
  `action_id` bigint(20) UNSIGNED NOT NULL,
  `media_image_id` bigint(20) UNSIGNED NOT NULL,
  `background_attachment` varchar(45) COLLATE utf8_bin DEFAULT NULL,
  `background_size` varchar(45) COLLATE utf8_bin DEFAULT NULL,
  `created_at` datetime NOT NULL,
  `updated_at` datetime NOT NULL,
  `deleted_at` datetime DEFAULT NULL
) ENGINE=InnoDB DEFAULT CHARSET=utf8 COLLATE=utf8_bin;

-- --------------------------------------------------------

--
-- Tabellenstruktur für Tabelle `blog`
--

CREATE TABLE `blog` (
  `id` bigint(20) UNSIGNED NOT NULL,
  `short` varchar(120) COLLATE utf8_bin NOT NULL,
  `publish_datetime` datetime DEFAULT NULL,
  `created_at` datetime NOT NULL,
  `updated_at` datetime NOT NULL,
  `deleted_at` datetime DEFAULT NULL
) ENGINE=InnoDB DEFAULT CHARSET=utf8 COLLATE=utf8_bin;

-- --------------------------------------------------------

--
-- Tabellenstruktur für Tabelle `blog_translation`
--

CREATE TABLE `blog_translation` (
  `id` bigint(20) UNSIGNED NOT NULL DEFAULT '0',
  `ushort` varchar(120) COLLATE utf8_bin NOT NULL,
  `uname` varchar(120) COLLATE utf8_bin NOT NULL,
  `title` varchar(255) COLLATE utf8_bin DEFAULT NULL,
  `description` mediumtext COLLATE utf8_bin,
  `content` mediumtext COLLATE utf8_bin,
  `lang` char(2) COLLATE utf8_bin NOT NULL DEFAULT '',
  `created_at` datetime NOT NULL,
  `updated_at` datetime NOT NULL,
  `deleted_at` datetime DEFAULT NULL
) ENGINE=InnoDB DEFAULT CHARSET=utf8 COLLATE=utf8_bin;

-- --------------------------------------------------------

--
-- Tabellenstruktur für Tabelle `commission`
--

CREATE TABLE `commission` (
  `id` bigint(20) UNSIGNED NOT NULL,
  `short` varchar(45) COLLATE utf8_bin NOT NULL,
  `name` varchar(45) COLLATE utf8_bin NOT NULL,
  `media_image_id` bigint(20) UNSIGNED NOT NULL,
  `position` bigint(20) UNSIGNED DEFAULT NULL,
  `created_at` datetime NOT NULL,
  `updated_at` datetime NOT NULL,
  `deleted_at` datetime DEFAULT NULL
) ENGINE=InnoDB DEFAULT CHARSET=utf8 COLLATE=utf8_bin;

--
-- Daten für Tabelle `commission`
--

INSERT INTO `commission` (`id`, `short`, `name`, `media_image_id`, `position`, `created_at`, `updated_at`, `deleted_at`) VALUES
(1, 'nutzfahrzeuge', 'Nutzfahrzeuge', 57, 3, '2018-11-26 10:10:41', '2019-01-18 07:43:34', NULL),
(2, 'aftersales', 'Aftersales', 48, 2, '2018-11-26 10:10:41', '2018-12-20 15:52:56', NULL),
(3, 'us', 'US', 63, 6, '2018-11-26 10:10:41', '2019-01-18 07:33:12', NULL),
(4, 'marketing', 'Marketing', 54, 1, '2018-11-26 10:10:41', '2019-01-18 07:36:29', NULL),
(5, 'it-edv', 'IT-EDV', 52, 4, '2018-11-26 10:10:41', '2018-12-20 15:53:37', NULL),
(6, 'business-management', 'Business Managment', 50, 5, '2018-11-26 10:10:41', '2018-12-20 15:53:17', NULL),
(7, 'sport', 'Sport', 60, 7, '2018-11-26 10:10:41', '2019-01-18 07:56:49', NULL),
(8, 'reserve', 'Reserve', 11, 9, '2018-11-26 10:10:41', '2018-11-26 10:10:41', NULL),
(9, 'vertrag', 'Vertrag', 86, 8, '2019-01-18 08:07:49', '2019-01-23 18:11:40', NULL);

-- --------------------------------------------------------

--
-- Tabellenstruktur für Tabelle `commission_m2n_media_image`
--

CREATE TABLE `commission_m2n_media_image` (
  `id` bigint(20) UNSIGNED NOT NULL,
  `commission_id` bigint(20) UNSIGNED NOT NULL,
  `media_image_id` bigint(20) UNSIGNED NOT NULL,
  `position` bigint(20) UNSIGNED DEFAULT NULL,
  `created_at` datetime NOT NULL,
  `updated_at` datetime NOT NULL,
  `deleted_at` datetime DEFAULT NULL
) ENGINE=InnoDB DEFAULT CHARSET=utf8 COLLATE=utf8_bin;

-- --------------------------------------------------------

--
-- Tabellenstruktur für Tabelle `commission_translation`
--

CREATE TABLE `commission_translation` (
  `id` bigint(20) UNSIGNED NOT NULL DEFAULT '0',
  `title` varchar(45) COLLATE utf8_bin NOT NULL,
  `description` varchar(120) COLLATE utf8_bin NOT NULL,
  `lang` char(2) COLLATE utf8_bin NOT NULL DEFAULT '',
  `created_at` datetime NOT NULL,
  `updated_at` datetime NOT NULL,
  `deleted_at` datetime DEFAULT NULL
) ENGINE=InnoDB DEFAULT CHARSET=utf8 COLLATE=utf8_bin;

--
-- Daten für Tabelle `commission_translation`
--

INSERT INTO `commission_translation` (`id`, `title`, `description`, `lang`, `created_at`, `updated_at`, `deleted_at`) VALUES
(1, 'Nutzfahrzeuge und Kompetenzcenter', 'Alles Neue und Interessante zu den Opel Nutzfahrzeugen', 'de', '2018-11-26 10:10:41', '2019-01-18 07:43:34', NULL),
(1, 'Commercial vehicles and competence centres', 'Everything new and interesting about Opel commercial vehicles', 'en', '2018-11-26 10:10:41', '2019-01-18 07:43:34', NULL),
(1, 'Véhicules utilitaires et centres de compétenc', 'Tout ce qu\'il y a de nouveau et d\'intéressant sur les véhicules utilitaires Opel', 'fr', '2019-01-17 19:02:35', '2019-01-17 19:02:35', NULL),
(2, 'Aftersales', 'Alle Informationen zu Aftersales und Ersatzteilen von Opel', 'de', '2018-11-26 10:10:41', '2019-01-17 19:06:10', NULL),
(2, 'Aftersales', 'All information about aftersales and spare parts from Opel', 'en', '2018-11-26 10:10:41', '2019-01-18 07:44:56', NULL),
(2, 'Service Après-Vente', 'Toutes les informations sur le service après-vente et les pièces détachées Opel', 'fr', '2019-01-17 19:06:10', '2019-01-17 19:06:10', NULL),
(3, 'US-Fahrzeuge', 'Informationen aus der Arbeitsgruppe US-Fahrzeuge', 'de', '2018-11-26 10:10:41', '2019-01-18 07:46:41', NULL),
(3, 'US Vehicles', 'Information from the US Vehicles Working Group', 'en', '2018-11-26 10:10:41', '2019-01-18 07:46:41', NULL),
(3, 'Véhicules US', 'Informations fournies par le groupe de travail des véhicules US', 'fr', '2019-01-18 07:33:12', '2019-01-18 07:46:41', NULL),
(4, 'Marketing', 'Die Marketingaktivitäten von Opel', 'de', '2018-11-26 10:10:41', '2019-01-18 07:36:29', NULL),
(4, 'Marketing', 'The marketing activities of Opel', 'en', '2018-11-26 10:10:41', '2019-01-18 07:47:31', NULL),
(4, 'Marketing', 'Les activités marketing de Opel', 'fr', '2019-01-18 07:36:29', '2019-01-18 07:36:29', NULL),
(5, 'IT-EDV', 'Wichtiges aus der IT-Welt von Opel', 'de', '2018-11-26 10:10:41', '2019-01-18 07:49:00', NULL),
(5, 'IT-EDP', 'Important information from Opel\'s IT world', 'en', '2018-11-26 10:10:41', '2019-01-18 07:49:00', NULL),
(5, 'IT-Informatique', 'Informations importantes du monde informatique de Opel', 'fr', '2019-01-18 07:40:59', '2019-01-18 07:49:00', NULL),
(6, 'Business Management', 'Die Ertragssituation im Opel Händlernetz', 'de', '2018-11-26 10:10:41', '2019-01-18 07:53:12', NULL),
(6, 'Business Management', 'The profitability situation in the Opel dealer network', 'en', '2018-11-26 10:10:41', '2019-01-18 07:53:12', NULL),
(6, 'Business Management', 'La situation des revenus dans le réseau de concessionnaires Opel', 'fr', '2019-01-18 07:53:12', '2019-01-18 07:53:12', NULL),
(7, 'Sport', 'OPC Challenge und andere sportliche Aktivitäten', 'de', '2018-11-26 10:10:41', '2019-01-18 07:56:49', NULL),
(7, 'Sport', 'OPC Challenge and other sports activities', 'en', '2018-11-26 10:10:41', '2019-01-18 07:56:49', NULL),
(7, 'Sport', 'OPC Challenge et autres activités sportives', 'fr', '2019-01-18 07:56:49', '2019-01-18 07:56:49', NULL),
(8, 'Reserve', 'Wer weiss, was noch kommt...', 'de', '2018-11-26 10:10:41', '2019-01-18 07:58:46', NULL),
(8, 'Reserve', 'Who knows what\'s to come...', 'en', '2018-11-26 10:10:41', '2019-01-18 07:58:46', NULL),
(8, 'Réserve', 'Qui sait ce qui va arriver....', 'fr', '2019-01-18 07:58:46', '2019-01-18 07:58:46', NULL),
(9, 'Händlerverträge', 'Stand der Vertragsverhandlungen', 'de', '2019-01-18 08:07:49', '2019-01-18 08:07:49', NULL),
(9, 'Dealer Agreements', 'Status of contract negotiations', 'en', '2019-01-18 08:07:49', '2019-01-18 08:07:49', NULL),
(9, 'Contrats de distributeurs', 'État d\'avancement des négociations contractuelles', 'fr', '2019-01-18 08:07:49', '2019-01-18 08:07:49', NULL);

-- --------------------------------------------------------

--
-- Tabellenstruktur für Tabelle `content_box`
--

CREATE TABLE `content_box` (
  `id` bigint(20) UNSIGNED NOT NULL,
  `short` varchar(120) COLLATE utf8_bin NOT NULL,
  `name` varchar(120) COLLATE utf8_bin NOT NULL,
  `media_image_id` bigint(20) UNSIGNED NOT NULL,
  `rollover_media_image_id` bigint(20) UNSIGNED NOT NULL,
  `action_id` bigint(20) UNSIGNED DEFAULT NULL,
  `position` bigint(20) UNSIGNED DEFAULT NULL,
  `created_at` datetime NOT NULL,
  `updated_at` datetime NOT NULL,
  `deleted_at` datetime DEFAULT NULL
) ENGINE=InnoDB DEFAULT CHARSET=utf8 COLLATE=utf8_bin;

-- --------------------------------------------------------

--
-- Tabellenstruktur für Tabelle `content_box_translation`
--

CREATE TABLE `content_box_translation` (
  `id` bigint(20) UNSIGNED NOT NULL DEFAULT '0',
  `title` varchar(120) COLLATE utf8_bin DEFAULT NULL,
  `content` mediumtext COLLATE utf8_bin,
  `lang` char(2) COLLATE utf8_bin NOT NULL DEFAULT '',
  `created_at` datetime NOT NULL,
  `updated_at` datetime NOT NULL,
  `deleted_at` datetime DEFAULT NULL
) ENGINE=InnoDB DEFAULT CHARSET=utf8 COLLATE=utf8_bin;

-- --------------------------------------------------------

--
-- Tabellenstruktur für Tabelle `contract_type`
--

CREATE TABLE `contract_type` (
  `id` bigint(20) UNSIGNED NOT NULL,
  `short` varchar(120) COLLATE utf8_bin NOT NULL,
  `name` varchar(120) COLLATE utf8_bin NOT NULL,
  `created_at` datetime NOT NULL,
  `updated_at` datetime NOT NULL,
  `deleted_at` datetime DEFAULT NULL
) ENGINE=InnoDB DEFAULT CHARSET=utf8 COLLATE=utf8_bin;

--
-- Daten für Tabelle `contract_type`
--

INSERT INTO `contract_type` (`id`, `short`, `name`, `created_at`, `updated_at`, `deleted_at`) VALUES
(1, 'vollmitglied', 'Vollmitglied', '2019-01-14 08:38:40', '2019-01-14 08:38:40', NULL),
(2, 'halbbmitglied', 'HALBmitglied', '2019-01-14 08:38:40', '2019-01-14 08:38:40', NULL);

-- --------------------------------------------------------

--
-- Tabellenstruktur für Tabelle `contract_type_translation`
--

CREATE TABLE `contract_type_translation` (
  `id` bigint(20) UNSIGNED NOT NULL DEFAULT '0',
  `title` varchar(120) COLLATE utf8_bin DEFAULT NULL,
  `lang` char(2) COLLATE utf8_bin NOT NULL DEFAULT '',
  `created_at` datetime NOT NULL,
  `updated_at` datetime NOT NULL,
  `deleted_at` datetime DEFAULT NULL
) ENGINE=InnoDB DEFAULT CHARSET=utf8 COLLATE=utf8_bin;

--
-- Daten für Tabelle `contract_type_translation`
--

INSERT INTO `contract_type_translation` (`id`, `title`, `lang`, `created_at`, `updated_at`, `deleted_at`) VALUES
(1, 'Vollmitglied', 'de', '2019-01-14 08:39:19', '2019-01-14 08:39:19', NULL),
(2, 'HALBmitglied', 'de', '2019-01-14 08:39:19', '2019-01-14 08:39:19', NULL);

-- --------------------------------------------------------

--
-- Tabellenstruktur für Tabelle `controller`
--

CREATE TABLE `controller` (
  `id` bigint(20) UNSIGNED NOT NULL,
  `name` varchar(64) COLLATE utf8_bin NOT NULL,
  `resource` varchar(128) COLLATE utf8_bin NOT NULL,
  `module_id` bigint(20) UNSIGNED NOT NULL,
  `description` varchar(255) COLLATE utf8_bin DEFAULT NULL,
  `created_at` datetime NOT NULL,
  `updated_at` datetime NOT NULL,
  `deleted_at` datetime DEFAULT NULL
) ENGINE=InnoDB DEFAULT CHARSET=utf8 COLLATE=utf8_bin;

--
-- Daten für Tabelle `controller`
--

INSERT INTO `controller` (`id`, `name`, `resource`, `module_id`, `description`, `created_at`, `updated_at`, `deleted_at`) VALUES
(1, 'activation', 'default.activation', 1, NULL, '2018-11-26 10:10:27', '2018-11-26 10:10:27', NULL),
(2, 'blog', 'default.blog', 1, NULL, '2018-11-26 10:10:27', '2018-11-26 10:10:27', NULL),
(3, 'commissions', 'default.commissions', 1, NULL, '2018-11-26 10:10:27', '2018-11-26 10:10:27', NULL),
(4, 'contact', 'default.contact', 1, NULL, '2018-11-26 10:10:27', '2018-11-26 10:10:27', NULL),
(5, 'error', 'default.error', 1, NULL, '2018-11-26 10:10:27', '2018-11-26 10:10:27', NULL),
(6, 'faq', 'default.faq', 1, NULL, '2018-11-26 10:10:27', '2018-11-26 10:10:27', NULL),
(7, 'index', 'default.index', 1, NULL, '2018-11-26 10:10:27', '2018-11-26 10:10:27', NULL),
(8, 'login', 'default.login', 1, NULL, '2018-11-26 10:10:27', '2018-11-26 10:10:27', NULL),
(9, 'logout', 'default.logout', 1, NULL, '2018-11-26 10:10:27', '2018-11-26 10:10:27', NULL),
(10, 'news', 'default.news', 1, NULL, '2018-11-26 10:10:27', '2018-11-26 10:10:27', NULL),
(11, 'newsletter', 'default.newsletter', 1, NULL, '2018-11-26 10:10:27', '2018-11-26 10:10:27', NULL),
(12, 'team', 'default.team', 1, NULL, '2018-11-26 10:10:27', '2018-11-26 10:10:27', NULL),
(13, 'user', 'default.user', 1, NULL, '2018-11-26 10:10:27', '2018-11-26 10:10:27', NULL),
(14, 'background-image', 'admin.background-image', 2, NULL, '2018-11-26 10:10:27', '2018-11-26 10:10:27', NULL),
(15, 'blog', 'admin.blog', 2, NULL, '2018-11-26 10:10:27', '2018-11-26 10:10:27', NULL),
(16, 'content-box', 'admin.content-box', 2, NULL, '2018-11-26 10:10:27', '2018-11-26 10:10:27', NULL),
(17, 'content', 'admin.content', 2, NULL, '2018-11-26 10:10:27', '2018-11-26 10:10:27', NULL),
(18, 'content-site-images', 'admin.content-site-images', 2, NULL, '2018-11-26 10:10:27', '2018-11-26 10:10:27', NULL),
(19, 'email-template', 'admin.email-template', 2, NULL, '2018-11-26 10:10:27', '2018-11-26 10:10:27', NULL),
(20, 'email-template-part', 'admin.email-template-part', 2, NULL, '2018-11-26 10:10:27', '2018-11-26 10:10:27', NULL),
(21, 'email-template-replacement', 'admin.email-template-replacement', 2, NULL, '2018-11-26 10:10:27', '2018-11-26 10:10:27', NULL),
(22, 'faq', 'admin.faq', 2, NULL, '2018-11-26 10:10:27', '2018-11-26 10:10:27', NULL),
(23, 'image-config', 'admin.image-config', 2, NULL, '2018-11-26 10:10:27', '2018-11-26 10:10:27', NULL),
(24, 'index', 'admin.index', 2, NULL, '2018-11-26 10:10:27', '2018-11-26 10:10:27', NULL),
(25, 'info-page', 'admin.info-page', 2, NULL, '2018-11-26 10:10:27', '2018-11-26 10:10:27', NULL),
(26, 'login', 'admin.login', 2, NULL, '2018-11-26 10:10:27', '2018-11-26 10:10:27', NULL),
(27, 'media-config', 'admin.media-config', 2, NULL, '2018-11-26 10:10:27', '2018-11-26 10:10:27', NULL),
(28, 'meta-configuration', 'admin.meta-configuration', 2, NULL, '2018-11-26 10:10:27', '2018-11-26 10:10:27', NULL),
(29, 'news', 'admin.news', 2, NULL, '2018-11-26 10:10:27', '2018-11-26 10:10:27', NULL),
(30, 'newsletter', 'admin.newsletter', 2, NULL, '2018-11-26 10:10:27', '2018-11-26 10:10:27', NULL),
(31, 'newsletter-subscriber-type', 'admin.newsletter-subscriber-type', 2, NULL, '2018-11-26 10:10:27', '2018-11-26 10:10:27', NULL),
(32, 'newsletter-user', 'admin.newsletter-user', 2, NULL, '2018-11-26 10:10:27', '2018-11-26 10:10:27', NULL),
(33, 'shop-coupon', 'admin.shop-coupon', 2, NULL, '2018-11-26 10:10:27', '2018-11-26 10:10:27', NULL),
(34, 'shop-groups', 'admin.shop-groups', 2, NULL, '2018-11-26 10:10:27', '2018-11-26 10:10:27', NULL),
(35, 'shop-holiday', 'admin.shop-holiday', 2, NULL, '2018-11-26 10:10:27', '2018-11-26 10:10:27', NULL),
(36, 'shop-manage-product-options', 'admin.shop-manage-product-options', 2, NULL, '2018-11-26 10:10:27', '2018-11-26 10:10:27', NULL),
(37, 'shop-order', 'admin.shop-order', 2, NULL, '2018-11-26 10:10:27', '2018-11-26 10:10:27', NULL),
(38, 'shop-payment-services', 'admin.shop-payment-services', 2, NULL, '2018-11-26 10:10:27', '2018-11-26 10:10:27', NULL),
(39, 'shop-producer', 'admin.shop-producer', 2, NULL, '2018-11-26 10:10:27', '2018-11-26 10:10:27', NULL),
(40, 'shop-product-information', 'admin.shop-product-information', 2, NULL, '2018-11-26 10:10:27', '2018-11-26 10:10:27', NULL),
(41, 'shop-product-option-items', 'admin.shop-product-option-items', 2, NULL, '2018-11-26 10:10:27', '2018-11-26 10:10:27', NULL),
(42, 'shop-product-options', 'admin.shop-product-options', 2, NULL, '2018-11-26 10:10:27', '2018-11-26 10:10:27', NULL),
(43, 'shop-products', 'admin.shop-products', 2, NULL, '2018-11-26 10:10:27', '2018-11-26 10:10:27', NULL),
(44, 'shop-product-status', 'admin.shop-product-status', 2, NULL, '2018-11-26 10:10:27', '2018-11-26 10:10:27', NULL),
(45, 'shop-product-unit', 'admin.shop-product-unit', 2, NULL, '2018-11-26 10:10:27', '2018-11-26 10:10:27', NULL),
(46, 'shop-shipping-cost', 'admin.shop-shipping-cost', 2, NULL, '2018-11-26 10:10:27', '2018-11-26 10:10:27', NULL),
(47, 'shop-shipping-country', 'admin.shop-shipping-country', 2, NULL, '2018-11-26 10:10:27', '2018-11-26 10:10:27', NULL),
(48, 'shop-tag', 'admin.shop-tag', 2, NULL, '2018-11-26 10:10:27', '2018-11-26 10:10:27', NULL),
(49, 'shop-taxes', 'admin.shop-taxes', 2, NULL, '2018-11-26 10:10:27', '2018-11-26 10:10:27', NULL),
(50, 'shop-temporary-offer', 'admin.shop-temporary-offer', 2, NULL, '2018-11-26 10:10:27', '2018-11-26 10:10:27', NULL),
(51, 'site-config', 'admin.site-config', 2, NULL, '2018-11-26 10:10:27', '2018-11-26 10:10:27', NULL),
(52, 'sitemap', 'admin.sitemap', 2, NULL, '2018-11-26 10:10:27', '2018-11-26 10:10:27', NULL),
(53, 'site-rights', 'admin.site-rights', 2, NULL, '2018-11-26 10:10:27', '2018-11-26 10:10:27', NULL),
(54, 'spo-only', 'admin.spo-only', 2, NULL, '2018-11-26 10:10:27', '2018-11-26 10:10:27', NULL),
(55, 'team', 'admin.team', 2, NULL, '2018-11-26 10:10:27', '2018-11-26 10:10:27', NULL),
(56, 'tinymce-template', 'admin.tinymce-template', 2, NULL, '2018-11-26 10:10:27', '2018-11-26 10:10:27', NULL),
(57, 'translator', 'admin.translator', 2, NULL, '2018-11-26 10:10:27', '2018-11-26 10:10:27', NULL),
(58, 'translator-param', 'admin.translator-param', 2, NULL, '2018-11-26 10:10:27', '2018-11-26 10:10:27', NULL),
(59, 'translator-resource', 'admin.translator-resource', 2, NULL, '2018-11-26 10:10:27', '2018-11-26 10:10:27', NULL),
(60, 'user', 'admin.user', 2, NULL, '2018-11-26 10:10:27', '2018-11-26 10:10:27', NULL),
(61, 'blog', 'author.blog', 3, NULL, '2018-11-26 10:10:27', '2018-11-26 10:10:27', NULL),
(62, 'content-box', 'author.content-box', 3, NULL, '2018-11-26 10:10:27', '2018-11-26 10:10:27', NULL),
(63, 'content', 'author.content', 3, NULL, '2018-11-26 10:10:27', '2018-11-26 10:10:27', NULL),
(64, 'faq', 'author.faq', 3, NULL, '2018-11-26 10:10:27', '2018-11-26 10:10:27', NULL),
(65, 'image-config', 'author.image-config', 3, NULL, '2018-11-26 10:10:27', '2018-11-26 10:10:27', NULL),
(66, 'index', 'author.index', 3, NULL, '2018-11-26 10:10:27', '2018-11-26 10:10:27', NULL),
(67, 'info-page', 'author.info-page', 3, NULL, '2018-11-26 10:10:27', '2018-11-26 10:10:27', NULL),
(68, 'login', 'author.login', 3, NULL, '2018-11-26 10:10:27', '2018-11-26 10:10:27', NULL),
(69, 'meta-configuration', 'author.meta-configuration', 3, NULL, '2018-11-26 10:10:27', '2018-11-26 10:10:27', NULL),
(70, 'news', 'author.news', 3, NULL, '2018-11-26 10:10:27', '2018-11-26 10:10:27', NULL),
(71, 'newsletter', 'author.newsletter', 3, NULL, '2018-11-26 10:10:27', '2018-11-26 10:10:27', NULL),
(72, 'newsletter-subscriber-type', 'author.newsletter-subscriber-type', 3, NULL, '2018-11-26 10:10:27', '2018-11-26 10:10:27', NULL),
(73, 'newsletter-user', 'author.newsletter-user', 3, NULL, '2018-11-26 10:10:27', '2018-11-26 10:10:27', NULL),
(74, 'site-config', 'author.site-config', 3, NULL, '2018-11-26 10:10:27', '2018-11-26 10:10:27', NULL),
(75, 'team', 'author.team', 3, NULL, '2018-11-26 10:10:27', '2018-11-26 10:10:27', NULL),
(76, 'tinymce-template', 'author.tinymce-template', 3, NULL, '2018-11-26 10:10:27', '2018-11-26 10:10:27', NULL),
(77, 'translator', 'author.translator', 3, NULL, '2018-11-26 10:10:27', '2018-11-26 10:10:27', NULL),
(78, 'action', 'system.action', 4, NULL, '2018-11-26 10:10:27', '2018-11-26 10:10:27', NULL),
(79, 'admin-boxes-action', 'system.admin-boxes-action', 4, NULL, '2018-11-26 10:10:27', '2018-11-26 10:10:27', NULL),
(80, 'admin-boxes', 'system.admin-boxes', 4, NULL, '2018-11-26 10:10:27', '2018-11-26 10:10:27', NULL),
(81, 'auto-complete', 'system.auto-complete', 4, NULL, '2018-11-26 10:10:27', '2018-11-26 10:10:27', NULL),
(82, 'cache', 'system.cache', 4, NULL, '2018-11-26 10:10:27', '2018-11-26 10:10:27', NULL),
(83, 'configuration', 'system.configuration', 4, NULL, '2018-11-26 10:10:27', '2018-11-26 10:10:27', NULL),
(84, 'controller', 'system.controller', 4, NULL, '2018-11-26 10:10:27', '2018-11-26 10:10:27', NULL),
(85, 'css', 'system.css', 4, NULL, '2018-11-26 10:10:27', '2018-11-26 10:10:27', NULL),
(86, 'dash-board', 'system.dash-board', 4, NULL, '2018-11-26 10:10:27', '2018-11-26 10:10:27', NULL),
(87, 'index', 'system.index', 4, NULL, '2018-11-26 10:10:27', '2018-11-26 10:10:27', NULL),
(88, 'login', 'system.login', 4, NULL, '2018-11-26 10:10:27', '2018-11-26 10:10:27', NULL),
(89, 'mark-for-editor', 'system.mark-for-editor', 4, NULL, '2018-11-26 10:10:27', '2018-11-26 10:10:27', NULL),
(90, 'media', 'system.media', 4, NULL, '2018-11-26 10:10:27', '2018-11-26 10:10:27', NULL),
(91, 'model', 'system.model', 4, NULL, '2018-11-26 10:10:27', '2018-11-26 10:10:27', NULL),
(92, 'module', 'system.module', 4, NULL, '2018-11-26 10:10:27', '2018-11-26 10:10:27', NULL),
(93, 'navigation', 'system.navigation', 4, NULL, '2018-11-26 10:10:27', '2018-11-26 10:10:27', NULL),
(94, 'plugins', 'system.plugins', 4, NULL, '2018-11-26 10:10:27', '2018-11-26 10:10:27', NULL),
(95, 'role', 'system.role', 4, NULL, '2018-11-26 10:10:27', '2018-11-26 10:10:27', NULL),
(96, 'session', 'system.session', 4, NULL, '2018-11-26 10:10:27', '2018-11-26 10:10:27', NULL),
(97, 'setup', 'system.setup', 4, NULL, '2018-11-26 10:10:27', '2018-11-26 10:10:27', NULL),
(98, 'translator', 'system.translator', 4, NULL, '2018-11-26 10:10:27', '2018-11-26 10:10:27', NULL),
(99, 'translator-model-column', 'system.translator-model-column', 4, NULL, '2018-11-26 10:10:27', '2018-11-26 10:10:27', NULL),
(100, 'translator-model-list', 'system.translator-model-list', 4, NULL, '2018-11-26 10:10:27', '2018-11-26 10:10:27', NULL),
(101, 'translator-param', 'system.translator-param', 4, NULL, '2018-11-26 10:10:27', '2018-11-26 10:10:27', NULL),
(102, 'translator-resource', 'system.translator-resource', 4, NULL, '2018-11-26 10:10:28', '2018-11-26 10:10:28', NULL),
(103, 'user', 'system.user', 4, NULL, '2018-11-26 10:10:28', '2018-11-26 10:10:28', NULL),
(104, 'index', 'system-model-list.index', 5, NULL, '2018-11-26 10:10:28', '2018-11-26 10:10:28', NULL),
(105, 'imprint', 'default.imprint', 1, NULL, '2018-11-26 10:10:28', '2018-11-26 10:10:28', NULL),
(106, 'privacy-policy', 'default.privacy-policy', 1, NULL, '2018-11-26 10:10:28', '2018-11-26 10:10:28', NULL),
(107, 'about-us', 'default.about-us', 1, NULL, '2018-11-26 10:10:28', '2018-11-26 10:10:28', NULL),
(108, 'membership', 'default.membership', 1, NULL, '2018-11-26 10:10:28', '2018-11-26 10:10:28', NULL),
(109, 'partner', 'default.partner', 1, NULL, '2018-11-26 10:10:28', '2018-11-26 10:10:28', NULL),
(110, 'links', 'default.links', 1, NULL, '2018-11-26 10:10:28', '2018-11-26 10:10:28', NULL),
(111, 'terms-and-condition', 'default.terms-and-condition', 1, NULL, '2018-11-30 13:57:15', '2018-11-30 13:57:15', NULL),
(112, 'archive-sales-statistics', 'default.archive-sales-statistics', 1, NULL, '2018-12-04 16:01:45', '2018-12-04 16:01:45', NULL),
(113, 'archive-news', 'default.archive-news', 1, NULL, '2018-12-04 16:01:45', '2018-12-04 16:01:45', NULL),
(114, 'sales-statistics', 'default.sales-statistics', 1, NULL, '2018-12-04 16:01:45', '2018-12-04 16:01:45', NULL),
(115, 'archive-commissions', 'default.archive-commissions', 1, NULL, '2018-12-04 16:01:45', '2018-12-04 16:01:45', NULL),
(116, 'archive-dates', 'default.archive-dates', 1, NULL, '2018-12-04 16:01:45', '2018-12-04 16:01:45', NULL),
(117, 'dates', 'default.dates', 1, NULL, '2018-12-04 16:01:45', '2018-12-04 16:01:45', NULL),
(118, 'address-management', 'default.address-management', 1, NULL, '2018-12-07 12:06:48', '2018-12-07 12:06:48', NULL),
(119, 'sales-statistics-protocol', 'admin.sales-statistics-protocol', 2, NULL, '2018-12-17 16:06:00', '2018-12-17 16:06:00', NULL),
(120, 'protocol', 'admin.protocol', 2, NULL, '2018-12-17 16:06:00', '2018-12-17 16:06:00', NULL),
(121, 'commission', 'admin.commission', 2, NULL, '2018-12-17 16:06:01', '2018-12-17 16:06:01', NULL),
(122, 'sales-statistics', 'admin.sales-statistics', 2, NULL, '2018-12-17 16:06:02', '2018-12-17 16:06:02', NULL),
(123, 'dates', 'admin.dates', 2, NULL, '2018-12-17 16:06:03', '2018-12-17 16:06:03', NULL),
(124, 'department', 'admin.department', 2, NULL, '2018-12-20 11:20:57', '2018-12-20 11:20:57', NULL),
(125, 'archive-assembly', 'default.archive-assembly', 1, NULL, '2019-01-13 20:35:08', '2019-01-13 20:35:08', NULL),
(126, 'otc', 'default.otc', 1, NULL, '2019-01-13 20:35:08', '2019-01-13 20:35:08', NULL),
(127, 'archive-otc', 'default.archive-otc', 1, NULL, '2019-01-13 20:35:08', '2019-01-13 20:35:08', NULL),
(128, 'assembly', 'default.assembly', 1, NULL, '2019-01-13 20:35:08', '2019-01-13 20:35:08', NULL),
(129, 'otc', 'admin.otc', 2, NULL, '2019-01-13 20:35:10', '2019-01-13 20:35:10', NULL),
(130, 'assembly', 'admin.assembly', 2, NULL, '2019-01-13 20:35:10', '2019-01-13 20:35:10', NULL);

-- --------------------------------------------------------

--
-- Tabellenstruktur für Tabelle `country`
--

CREATE TABLE `country` (
  `id` bigint(20) UNSIGNED NOT NULL,
  `iso_2` varchar(2) COLLATE utf8_bin NOT NULL,
  `iso_3` varchar(3) COLLATE utf8_bin NOT NULL,
  `territory_iso_nr` bigint(20) UNSIGNED DEFAULT NULL,
  `name_local` varchar(255) COLLATE utf8_bin DEFAULT NULL,
  `created_at` datetime NOT NULL,
  `updated_at` datetime NOT NULL,
  `deleted_at` datetime DEFAULT NULL
) ENGINE=InnoDB DEFAULT CHARSET=utf8 COLLATE=utf8_bin;

--
-- Daten für Tabelle `country`
--

INSERT INTO `country` (`id`, `iso_2`, `iso_3`, `territory_iso_nr`, `name_local`, `created_at`, `updated_at`, `deleted_at`) VALUES
(1, 'AD', 'AND', 39, 'Andorra', '2018-11-26 10:10:28', '2018-11-26 10:10:28', NULL),
(2, 'AE', 'ARE', NULL, 'الإمارات العربيّة المتّحدة', '2018-11-26 10:10:28', '2018-11-26 10:10:28', NULL),
(3, 'AF', 'AFG', 34, 'افغانستان', '2018-11-26 10:10:28', '2018-11-26 10:10:28', NULL),
(4, 'AG', 'ATG', 29, 'Antigua and Barbuda', '2018-11-26 10:10:28', '2018-11-26 10:10:28', NULL),
(5, 'AI', 'AIA', 29, 'Anguilla', '2018-11-26 10:10:28', '2018-11-26 10:10:28', NULL),
(6, 'AL', 'ALB', 39, 'Shqipëria', '2018-11-26 10:10:28', '2018-11-26 10:10:28', NULL),
(7, 'AM', 'ARM', NULL, 'Հայաստան', '2018-11-26 10:10:28', '2018-11-26 10:10:28', NULL),
(8, 'AN', 'ANT', 29, 'Nederlandse Antillen', '2018-11-26 10:10:28', '2018-11-26 10:10:28', NULL),
(9, 'AO', 'AGO', 17, 'Angola', '2018-11-26 10:10:28', '2018-11-26 10:10:28', NULL),
(10, 'AQ', 'ATA', NULL, 'Antarctica', '2018-11-26 10:10:28', '2018-11-26 10:10:28', NULL),
(11, 'AR', 'ARG', 5, 'Argentina', '2018-11-26 10:10:28', '2018-11-26 10:10:28', NULL),
(12, 'AS', 'ASM', 61, 'Amerika Samoa', '2018-11-26 10:10:28', '2018-11-26 10:10:28', NULL),
(13, 'AT', 'AUT', 155, 'Österreich', '2018-11-26 10:10:28', '2018-11-26 10:10:28', NULL),
(14, 'AU', 'AUS', 53, 'Australia', '2018-11-26 10:10:28', '2018-11-26 10:10:28', NULL),
(15, 'AW', 'ABW', 29, 'Aruba', '2018-11-26 10:10:28', '2018-11-26 10:10:28', NULL),
(16, 'AZ', 'AZE', NULL, 'Azərbaycan', '2018-11-26 10:10:28', '2018-11-26 10:10:28', NULL),
(17, 'BA', 'BIH', 39, 'BiH/БиХ', '2018-11-26 10:10:28', '2018-11-26 10:10:28', NULL),
(18, 'BB', 'BRB', 29, 'Barbados', '2018-11-26 10:10:28', '2018-11-26 10:10:28', NULL),
(19, 'BD', 'BGD', 34, 'বাংলাদেশ', '2018-11-26 10:10:28', '2018-11-26 10:10:28', NULL),
(20, 'BE', 'BEL', 155, 'Belgique', '2018-11-26 10:10:28', '2018-11-26 10:10:28', NULL),
(21, 'BF', 'BFA', 11, 'Burkina', '2018-11-26 10:10:28', '2018-11-26 10:10:28', NULL),
(22, 'BG', 'BGR', 151, 'България', '2018-11-26 10:10:28', '2018-11-26 10:10:28', NULL),
(23, 'BH', 'BHR', 145, 'البحري', '2018-11-26 10:10:28', '2018-11-26 10:10:28', NULL),
(24, 'BI', 'BDI', 14, 'Burundi', '2018-11-26 10:10:28', '2018-11-26 10:10:28', NULL),
(25, 'BJ', 'BEN', 11, 'Bénin', '2018-11-26 10:10:28', '2018-11-26 10:10:28', NULL),
(26, 'BM', 'BMU', 21, 'Bermuda', '2018-11-26 10:10:28', '2018-11-26 10:10:28', NULL),
(27, 'BN', 'BRN', 35, 'دارالسلام', '2018-11-26 10:10:28', '2018-11-26 10:10:28', NULL),
(28, 'BO', 'BOL', 5, 'Bolivia', '2018-11-26 10:10:28', '2018-11-26 10:10:28', NULL),
(29, 'BR', 'BRA', 5, 'Brasil', '2018-11-26 10:10:28', '2018-11-26 10:10:28', NULL),
(30, 'BS', 'BHS', 29, 'The Bahamas', '2018-11-26 10:10:28', '2018-11-26 10:10:28', NULL),
(31, 'BT', 'BTN', 34, 'Druk-Yul', '2018-11-26 10:10:28', '2018-11-26 10:10:28', NULL),
(32, 'BV', 'BVT', NULL, 'Bouvet Island', '2018-11-26 10:10:28', '2018-11-26 10:10:28', NULL),
(33, 'BW', 'BWA', 18, 'Botswana', '2018-11-26 10:10:28', '2018-11-26 10:10:28', NULL),
(34, 'BY', 'BLR', NULL, 'Беларусь', '2018-11-26 10:10:28', '2018-11-26 10:10:28', NULL),
(35, 'BZ', 'BLZ', 13, 'Belize', '2018-11-26 10:10:28', '2018-11-26 10:10:28', NULL),
(36, 'CA', 'CAN', 21, 'Canada', '2018-11-26 10:10:28', '2018-11-26 10:10:28', NULL),
(37, 'CC', 'CCK', 53, 'Cocos (Keeling) Islands', '2018-11-26 10:10:28', '2018-11-26 10:10:28', NULL),
(38, 'CD', 'COD', 17, 'Congo', '2018-11-26 10:10:28', '2018-11-26 10:10:28', NULL),
(39, 'CF', 'CAF', 17, 'Centrafrique', '2018-11-26 10:10:28', '2018-11-26 10:10:28', NULL),
(40, 'CG', 'COG', 17, 'Congo-Brazzaville', '2018-11-26 10:10:28', '2018-11-26 10:10:28', NULL),
(41, 'CH', 'CHE', 155, 'Schweiz', '2018-11-26 10:10:28', '2018-11-26 10:10:28', NULL),
(42, 'CI', 'CIV', 11, 'Côte d’Ivoire', '2018-11-26 10:10:28', '2018-11-26 10:10:28', NULL),
(43, 'CK', 'COK', 61, 'Cook Islands', '2018-11-26 10:10:28', '2018-11-26 10:10:28', NULL),
(44, 'CL', 'CHL', 5, 'Chile', '2018-11-26 10:10:28', '2018-11-26 10:10:28', NULL),
(45, 'CM', 'CMR', 17, 'Cameroun', '2018-11-26 10:10:28', '2018-11-26 10:10:28', NULL),
(46, 'CN', 'CHN', 30, '中华', '2018-11-26 10:10:28', '2018-11-26 10:10:28', NULL),
(47, 'CO', 'COL', 5, 'Colombia', '2018-11-26 10:10:28', '2018-11-26 10:10:28', NULL),
(48, 'CR', 'CRI', 13, 'Costa Rica', '2018-11-26 10:10:28', '2018-11-26 10:10:28', NULL),
(49, 'CU', 'CUB', 29, 'Cuba', '2018-11-26 10:10:28', '2018-11-26 10:10:28', NULL),
(50, 'CV', 'CPV', 11, 'Cabo Verde', '2018-11-26 10:10:28', '2018-11-26 10:10:28', NULL),
(51, 'CX', 'CXR', NULL, 'Christmas Island', '2018-11-26 10:10:28', '2018-11-26 10:10:28', NULL),
(52, 'CY', 'CYP', 145, 'Κύπρος / Kıbrıs', '2018-11-26 10:10:28', '2018-11-26 10:10:28', NULL),
(53, 'CZ', 'CZE', 151, 'Cesko', '2018-11-26 10:10:28', '2018-11-26 10:10:28', NULL),
(54, 'DE', 'DEU', 155, 'Deutschland', '2018-11-26 10:10:28', '2018-11-26 10:10:28', NULL),
(55, 'DJ', 'DJI', 14, 'جيبوتي /Djibouti', '2018-11-26 10:10:28', '2018-11-26 10:10:28', NULL),
(56, 'DK', 'DNK', 154, 'Danmark', '2018-11-26 10:10:28', '2018-11-26 10:10:28', NULL),
(57, 'DM', 'DMA', 29, 'Dominica', '2018-11-26 10:10:28', '2018-11-26 10:10:28', NULL),
(58, 'DO', 'DOM', 29, 'Quisqueya', '2018-11-26 10:10:28', '2018-11-26 10:10:28', NULL),
(59, 'DZ', 'DZA', 15, 'الجزائ', '2018-11-26 10:10:28', '2018-11-26 10:10:28', NULL),
(60, 'EC', 'ECU', 5, 'Ecuador', '2018-11-26 10:10:28', '2018-11-26 10:10:28', NULL),
(61, 'EE', 'EST', 154, 'Eesti', '2018-11-26 10:10:28', '2018-11-26 10:10:28', NULL),
(62, 'EG', 'EGY', 15, 'مصر', '2018-11-26 10:10:28', '2018-11-26 10:10:28', NULL),
(63, 'EH', 'ESH', 15, 'الصحراء الغربي', '2018-11-26 10:10:28', '2018-11-26 10:10:28', NULL),
(64, 'ER', 'ERI', 14, 'ኤርትራ', '2018-11-26 10:10:28', '2018-11-26 10:10:28', NULL),
(65, 'ES', 'ESP', 39, 'España', '2018-11-26 10:10:28', '2018-11-26 10:10:28', NULL),
(66, 'ET', 'ETH', 14, 'ኢትዮጵያ', '2018-11-26 10:10:28', '2018-11-26 10:10:28', NULL),
(67, 'FI', 'FIN', 154, 'Suomi', '2018-11-26 10:10:28', '2018-11-26 10:10:28', NULL),
(68, 'FJ', 'FJI', 54, 'Viti', '2018-11-26 10:10:28', '2018-11-26 10:10:28', NULL),
(69, 'FK', 'FLK', 5, 'Falkland Islands', '2018-11-26 10:10:28', '2018-11-26 10:10:28', NULL),
(70, 'FM', 'FSM', 57, 'Micronesia', '2018-11-26 10:10:28', '2018-11-26 10:10:28', NULL),
(71, 'FO', 'FRO', 154, 'Føroyar / Færøerne', '2018-11-26 10:10:28', '2018-11-26 10:10:28', NULL),
(72, 'FR', 'FRA', 155, 'France', '2018-11-26 10:10:28', '2018-11-26 10:10:28', NULL),
(73, 'GA', 'GAB', 17, 'Gabon', '2018-11-26 10:10:28', '2018-11-26 10:10:28', NULL),
(74, 'GB', 'GBR', 154, 'United Kingdom', '2018-11-26 10:10:28', '2018-11-26 10:10:28', NULL),
(75, 'GD', 'GRD', 29, 'Grenada', '2018-11-26 10:10:28', '2018-11-26 10:10:28', NULL),
(76, 'GE', 'GEO', NULL, 'საქართველო', '2018-11-26 10:10:28', '2018-11-26 10:10:28', NULL),
(77, 'GF', 'GUF', 5, 'Guyane française', '2018-11-26 10:10:28', '2018-11-26 10:10:28', NULL),
(78, 'GH', 'GHA', 11, 'Ghana', '2018-11-26 10:10:28', '2018-11-26 10:10:28', NULL),
(79, 'GI', 'GIB', 39, 'Gibraltar', '2018-11-26 10:10:28', '2018-11-26 10:10:28', NULL),
(80, 'GL', 'GRL', 21, 'Grønland', '2018-11-26 10:10:28', '2018-11-26 10:10:28', NULL),
(81, 'GM', 'GMB', 11, 'Gambia', '2018-11-26 10:10:28', '2018-11-26 10:10:28', NULL),
(82, 'GN', 'GIN', 11, 'Guinée', '2018-11-26 10:10:28', '2018-11-26 10:10:28', NULL),
(83, 'GP', 'GLP', 29, 'Guadeloupe', '2018-11-26 10:10:28', '2018-11-26 10:10:28', NULL),
(84, 'GQ', 'GNQ', 17, 'Guinea Ecuatorial', '2018-11-26 10:10:28', '2018-11-26 10:10:28', NULL),
(85, 'GR', 'GRC', 39, 'Ελλάδα', '2018-11-26 10:10:28', '2018-11-26 10:10:28', NULL),
(86, 'GS', 'SGS', NULL, 'South Georgia and the South Sandwich Islands', '2018-11-26 10:10:28', '2018-11-26 10:10:28', NULL),
(87, 'GT', 'GTM', 13, 'Guatemala', '2018-11-26 10:10:28', '2018-11-26 10:10:28', NULL),
(88, 'GU', 'GUM', 57, 'Guåhån', '2018-11-26 10:10:28', '2018-11-26 10:10:28', NULL),
(89, 'GW', 'GNB', 11, 'Guiné-Bissau', '2018-11-26 10:10:28', '2018-11-26 10:10:28', NULL),
(90, 'GY', 'GUY', 5, 'Guyana', '2018-11-26 10:10:28', '2018-11-26 10:10:28', NULL),
(91, 'HK', 'HKG', 30, '香港', '2018-11-26 10:10:28', '2018-11-26 10:10:28', NULL),
(92, 'HN', 'HND', 13, 'Honduras', '2018-11-26 10:10:28', '2018-11-26 10:10:28', NULL),
(93, 'HR', 'HRV', 39, 'Hrvatska', '2018-11-26 10:10:28', '2018-11-26 10:10:28', NULL),
(94, 'HT', 'HTI', 29, 'Ayiti', '2018-11-26 10:10:28', '2018-11-26 10:10:28', NULL),
(95, 'HU', 'HUN', 151, 'Magyarország', '2018-11-26 10:10:28', '2018-11-26 10:10:28', NULL),
(96, 'ID', 'IDN', 35, 'Indonesia', '2018-11-26 10:10:28', '2018-11-26 10:10:28', NULL),
(97, 'IE', 'IRL', 154, 'Éire', '2018-11-26 10:10:28', '2018-11-26 10:10:28', NULL),
(98, 'IL', 'ISR', 145, 'ישראל', '2018-11-26 10:10:28', '2018-11-26 10:10:28', NULL),
(99, 'IN', 'IND', 34, 'India', '2018-11-26 10:10:28', '2018-11-26 10:10:28', NULL),
(100, 'IO', 'IOT', NULL, 'British Indian Ocean Territory', '2018-11-26 10:10:28', '2018-11-26 10:10:28', NULL),
(101, 'IQ', 'IRQ', 145, 'العراق / عيَراق', '2018-11-26 10:10:28', '2018-11-26 10:10:28', NULL),
(102, 'IR', 'IRN', 34, 'ايران', '2018-11-26 10:10:28', '2018-11-26 10:10:28', NULL),
(103, 'IS', 'ISL', 154, 'Ísland', '2018-11-26 10:10:28', '2018-11-26 10:10:28', NULL),
(104, 'IT', 'ITA', 39, 'Italia', '2018-11-26 10:10:28', '2018-11-26 10:10:28', NULL),
(105, 'JM', 'JAM', 29, 'Jamaica', '2018-11-26 10:10:28', '2018-11-26 10:10:28', NULL),
(106, 'JO', 'JOR', 145, 'أردنّ', '2018-11-26 10:10:28', '2018-11-26 10:10:28', NULL),
(107, 'JP', 'JPN', 30, '日本', '2018-11-26 10:10:28', '2018-11-26 10:10:28', NULL),
(108, 'KE', 'KEN', 14, 'Kenya', '2018-11-26 10:10:28', '2018-11-26 10:10:28', NULL),
(109, 'KG', 'KGZ', 143, 'Кыргызстан', '2018-11-26 10:10:28', '2018-11-26 10:10:28', NULL),
(110, 'KH', 'KHM', 35, 'Kâmpŭchea', '2018-11-26 10:10:28', '2018-11-26 10:10:28', NULL),
(111, 'KI', 'KIR', 57, 'Kiribati', '2018-11-26 10:10:28', '2018-11-26 10:10:28', NULL),
(112, 'KM', 'COM', 14, 'اتحاد القمر', '2018-11-26 10:10:28', '2018-11-26 10:10:28', NULL),
(113, 'KN', 'KNA', 29, 'Saint Kitts and Nevis', '2018-11-26 10:10:28', '2018-11-26 10:10:28', NULL),
(114, 'KP', 'PRK', 30, '북조선', '2018-11-26 10:10:28', '2018-11-26 10:10:28', NULL),
(115, 'KR', 'KOR', 30, '한국', '2018-11-26 10:10:28', '2018-11-26 10:10:28', NULL),
(116, 'KW', 'KWT', 145, 'الكويت', '2018-11-26 10:10:28', '2018-11-26 10:10:28', NULL),
(117, 'KY', 'CYM', 29, 'Cayman Islands', '2018-11-26 10:10:28', '2018-11-26 10:10:28', NULL),
(118, 'KZ', 'KAZ', 143, 'Қазақстан /Казахстан', '2018-11-26 10:10:28', '2018-11-26 10:10:28', NULL),
(119, 'LA', 'LAO', 35, 'ເມືອງລາວ', '2018-11-26 10:10:28', '2018-11-26 10:10:28', NULL),
(120, 'LB', 'LBN', 145, 'لبنان', '2018-11-26 10:10:28', '2018-11-26 10:10:28', NULL),
(121, 'LC', 'LCA', 29, 'Saint Lucia', '2018-11-26 10:10:28', '2018-11-26 10:10:28', NULL),
(122, 'LI', 'LIE', 155, 'Liechtenstein', '2018-11-26 10:10:28', '2018-11-26 10:10:28', NULL),
(123, 'LK', 'LKA', 34, 'ශ්‍රී ලංකා / இலங்கை', '2018-11-26 10:10:28', '2018-11-26 10:10:28', NULL),
(124, 'LR', 'LBR', 11, 'Liberia', '2018-11-26 10:10:28', '2018-11-26 10:10:28', NULL),
(125, 'LS', 'LSO', 18, 'Lesotho', '2018-11-26 10:10:28', '2018-11-26 10:10:28', NULL),
(126, 'LT', 'LTU', 154, 'Lietuva', '2018-11-26 10:10:28', '2018-11-26 10:10:28', NULL),
(127, 'LU', 'LUX', 155, 'Luxemburg', '2018-11-26 10:10:28', '2018-11-26 10:10:28', NULL),
(128, 'LV', 'LVA', 154, 'Latvija', '2018-11-26 10:10:28', '2018-11-26 10:10:28', NULL),
(129, 'LY', 'LBY', 15, 'الليبية', '2018-11-26 10:10:28', '2018-11-26 10:10:28', NULL),
(130, 'MA', 'MAR', 15, 'المغربية', '2018-11-26 10:10:28', '2018-11-26 10:10:28', NULL),
(131, 'MC', 'MCO', 155, 'Monaco', '2018-11-26 10:10:28', '2018-11-26 10:10:28', NULL),
(132, 'MD', 'MDA', NULL, 'Moldova', '2018-11-26 10:10:28', '2018-11-26 10:10:28', NULL),
(133, 'MG', 'MDG', 14, 'Madagascar', '2018-11-26 10:10:28', '2018-11-26 10:10:28', NULL),
(134, 'MH', 'MHL', 57, 'Marshall Islands', '2018-11-26 10:10:28', '2018-11-26 10:10:28', NULL),
(135, 'MK', 'MKD', 39, 'Македонија', '2018-11-26 10:10:28', '2018-11-26 10:10:28', NULL),
(136, 'ML', 'MLI', 11, 'Mali', '2018-11-26 10:10:28', '2018-11-26 10:10:28', NULL),
(137, 'MM', 'MMR', 35, 'Myanmar', '2018-11-26 10:10:28', '2018-11-26 10:10:28', NULL),
(138, 'MN', 'MNG', 30, 'Монгол Улс', '2018-11-26 10:10:28', '2018-11-26 10:10:28', NULL),
(139, 'MO', 'MAC', 30, '澳門 / Macau', '2018-11-26 10:10:28', '2018-11-26 10:10:28', NULL),
(140, 'MP', 'MNP', 57, 'Northern Marianas', '2018-11-26 10:10:28', '2018-11-26 10:10:28', NULL),
(141, 'MQ', 'MTQ', 29, 'Martinique', '2018-11-26 10:10:28', '2018-11-26 10:10:28', NULL),
(142, 'MR', 'MRT', 11, 'الموريتانية', '2018-11-26 10:10:28', '2018-11-26 10:10:28', NULL),
(143, 'MS', 'MSR', 29, 'Montserrat', '2018-11-26 10:10:28', '2018-11-26 10:10:28', NULL),
(144, 'MT', 'MLT', 39, 'Malta', '2018-11-26 10:10:28', '2018-11-26 10:10:28', NULL),
(145, 'MU', 'MUS', 14, 'Mauritius', '2018-11-26 10:10:28', '2018-11-26 10:10:28', NULL),
(146, 'MV', 'MDV', 34, 'ޖުމުހޫރިއްޔ', '2018-11-26 10:10:28', '2018-11-26 10:10:28', NULL),
(147, 'MW', 'MWI', 14, 'Malawi', '2018-11-26 10:10:28', '2018-11-26 10:10:28', NULL),
(148, 'MX', 'MEX', 13, 'México', '2018-11-26 10:10:28', '2018-11-26 10:10:28', NULL),
(149, 'MY', 'MYS', 35, 'مليسيا', '2018-11-26 10:10:28', '2018-11-26 10:10:28', NULL),
(150, 'MZ', 'MOZ', 14, 'Moçambique', '2018-11-26 10:10:28', '2018-11-26 10:10:28', NULL),
(151, 'NA', 'NAM', 18, 'Namibia', '2018-11-26 10:10:28', '2018-11-26 10:10:28', NULL),
(152, 'NC', 'NCL', 54, 'Nouvelle-Calédonie', '2018-11-26 10:10:28', '2018-11-26 10:10:28', NULL),
(153, 'NE', 'NER', 11, 'Niger', '2018-11-26 10:10:28', '2018-11-26 10:10:28', NULL),
(154, 'NF', 'NFK', 53, 'Norfolk Island', '2018-11-26 10:10:28', '2018-11-26 10:10:28', NULL),
(155, 'NG', 'NGA', 11, 'Nigeria', '2018-11-26 10:10:28', '2018-11-26 10:10:28', NULL),
(156, 'NI', 'NIC', 13, 'Nicaragua', '2018-11-26 10:10:28', '2018-11-26 10:10:28', NULL),
(157, 'NL', 'NLD', 155, 'Nederland', '2018-11-26 10:10:28', '2018-11-26 10:10:28', NULL),
(158, 'NO', 'NOR', 154, 'Norge', '2018-11-26 10:10:28', '2018-11-26 10:10:28', NULL),
(159, 'NP', 'NPL', 34, 'नेपाल', '2018-11-26 10:10:28', '2018-11-26 10:10:28', NULL),
(160, 'NR', 'NRU', 57, 'Naoero', '2018-11-26 10:10:28', '2018-11-26 10:10:28', NULL),
(161, 'NU', 'NIU', 61, 'Niue', '2018-11-26 10:10:28', '2018-11-26 10:10:28', NULL),
(162, 'NZ', 'NZL', 53, 'New Zealand / Aotearoa', '2018-11-26 10:10:28', '2018-11-26 10:10:28', NULL),
(163, 'OM', 'OMN', 145, 'عُمان', '2018-11-26 10:10:28', '2018-11-26 10:10:28', NULL),
(164, 'PA', 'PAN', 13, 'Panamá', '2018-11-26 10:10:28', '2018-11-26 10:10:28', NULL),
(165, 'PE', 'PER', 5, 'Perú', '2018-11-26 10:10:28', '2018-11-26 10:10:28', NULL),
(166, 'PF', 'PYF', 61, 'Polynésie française', '2018-11-26 10:10:29', '2018-11-26 10:10:29', NULL),
(167, 'PG', 'PNG', 54, 'Papua New Guinea  / Papua Niugini', '2018-11-26 10:10:29', '2018-11-26 10:10:29', NULL),
(168, 'PH', 'PHL', 35, 'Philippines', '2018-11-26 10:10:29', '2018-11-26 10:10:29', NULL),
(169, 'PK', 'PAK', 34, 'پاکستان', '2018-11-26 10:10:29', '2018-11-26 10:10:29', NULL),
(170, 'PL', 'POL', 151, 'Polska', '2018-11-26 10:10:29', '2018-11-26 10:10:29', NULL),
(171, 'PM', 'SPM', 21, 'Saint-Pierre-et-Miquelon', '2018-11-26 10:10:29', '2018-11-26 10:10:29', NULL),
(172, 'PN', 'PCN', 61, 'Pitcairn Islands', '2018-11-26 10:10:29', '2018-11-26 10:10:29', NULL),
(173, 'PR', 'PRI', 29, 'Puerto Rico', '2018-11-26 10:10:29', '2018-11-26 10:10:29', NULL),
(174, 'PT', 'PRT', 39, 'Portugal', '2018-11-26 10:10:29', '2018-11-26 10:10:29', NULL),
(175, 'PW', 'PLW', 57, 'Belau / Palau', '2018-11-26 10:10:29', '2018-11-26 10:10:29', NULL),
(176, 'PY', 'PRY', 5, 'Paraguay', '2018-11-26 10:10:29', '2018-11-26 10:10:29', NULL),
(177, 'QA', 'QAT', 145, 'قطر', '2018-11-26 10:10:29', '2018-11-26 10:10:29', NULL),
(178, 'RE', 'REU', 14, 'Réunion', '2018-11-26 10:10:29', '2018-11-26 10:10:29', NULL),
(179, 'RO', 'ROU', 151, 'România', '2018-11-26 10:10:29', '2018-11-26 10:10:29', NULL),
(180, 'RU', 'RUS', NULL, 'Росси́я', '2018-11-26 10:10:29', '2018-11-26 10:10:29', NULL),
(181, 'RW', 'RWA', 14, 'Rwanda', '2018-11-26 10:10:29', '2018-11-26 10:10:29', NULL),
(182, 'SA', 'SAU', 145, 'السعودية', '2018-11-26 10:10:29', '2018-11-26 10:10:29', NULL),
(183, 'SB', 'SLB', 54, 'Solomon Islands', '2018-11-26 10:10:29', '2018-11-26 10:10:29', NULL),
(184, 'SC', 'SYC', 14, 'Seychelles', '2018-11-26 10:10:29', '2018-11-26 10:10:29', NULL),
(185, 'SD', 'SDN', 15, 'السودان', '2018-11-26 10:10:29', '2018-11-26 10:10:29', NULL),
(186, 'SE', 'SWE', 154, 'Sverige', '2018-11-26 10:10:29', '2018-11-26 10:10:29', NULL),
(187, 'SG', 'SGP', 35, 'Singapore', '2018-11-26 10:10:29', '2018-11-26 10:10:29', NULL),
(188, 'SH', 'SHN', 11, 'Saint Helena', '2018-11-26 10:10:29', '2018-11-26 10:10:29', NULL),
(189, 'SI', 'SVN', 39, 'Slovenija', '2018-11-26 10:10:29', '2018-11-26 10:10:29', NULL),
(190, 'SJ', 'SJM', 154, 'Svalbard', '2018-11-26 10:10:29', '2018-11-26 10:10:29', NULL),
(191, 'SK', 'SVK', 151, 'Slovensko', '2018-11-26 10:10:29', '2018-11-26 10:10:29', NULL),
(192, 'SL', 'SLE', 11, 'Sierra Leone', '2018-11-26 10:10:29', '2018-11-26 10:10:29', NULL),
(193, 'SM', 'SMR', 39, 'San Marino', '2018-11-26 10:10:29', '2018-11-26 10:10:29', NULL),
(194, 'SN', 'SEN', 11, 'Sénégal', '2018-11-26 10:10:29', '2018-11-26 10:10:29', NULL),
(195, 'SO', 'SOM', 14, 'Soomaaliya', '2018-11-26 10:10:29', '2018-11-26 10:10:29', NULL),
(196, 'SR', 'SUR', 5, 'Suriname', '2018-11-26 10:10:29', '2018-11-26 10:10:29', NULL),
(197, 'ST', 'STP', 17, 'São Tomé e Príncipe', '2018-11-26 10:10:29', '2018-11-26 10:10:29', NULL),
(198, 'SV', 'SLV', 13, 'El Salvador', '2018-11-26 10:10:29', '2018-11-26 10:10:29', NULL),
(199, 'SY', 'SYR', 145, 'سوري', '2018-11-26 10:10:29', '2018-11-26 10:10:29', NULL),
(200, 'SZ', 'SWZ', 18, 'weSwatini', '2018-11-26 10:10:29', '2018-11-26 10:10:29', NULL),
(201, 'TC', 'TCA', 29, 'Turks and Caicos Islands', '2018-11-26 10:10:29', '2018-11-26 10:10:29', NULL),
(202, 'TD', 'TCD', 17, 'تشاد / Tchad', '2018-11-26 10:10:29', '2018-11-26 10:10:29', NULL),
(203, 'TF', 'ATF', NULL, 'Terres australes françaises', '2018-11-26 10:10:29', '2018-11-26 10:10:29', NULL),
(204, 'TG', 'TGO', 11, 'Togo', '2018-11-26 10:10:29', '2018-11-26 10:10:29', NULL),
(205, 'TH', 'THA', 35, 'ไทย', '2018-11-26 10:10:29', '2018-11-26 10:10:29', NULL),
(206, 'TJ', 'TJK', 143, 'Тоҷикистон', '2018-11-26 10:10:29', '2018-11-26 10:10:29', NULL),
(207, 'TK', 'TKL', 61, 'Tokelau', '2018-11-26 10:10:29', '2018-11-26 10:10:29', NULL),
(208, 'TM', 'TKM', 143, 'Türkmenistan', '2018-11-26 10:10:29', '2018-11-26 10:10:29', NULL),
(209, 'TN', 'TUN', 15, 'التونسية', '2018-11-26 10:10:29', '2018-11-26 10:10:29', NULL),
(210, 'TO', 'TON', 61, 'Tonga', '2018-11-26 10:10:29', '2018-11-26 10:10:29', NULL),
(211, 'TL', 'TLS', 35, 'Timor Lorosa\'e', '2018-11-26 10:10:29', '2018-11-26 10:10:29', NULL),
(212, 'TR', 'TUR', 145, 'Türkiye', '2018-11-26 10:10:29', '2018-11-26 10:10:29', NULL),
(213, 'TT', 'TTO', 29, 'Trinidad and Tobago', '2018-11-26 10:10:29', '2018-11-26 10:10:29', NULL),
(214, 'TV', 'TUV', 61, 'Tuvalu', '2018-11-26 10:10:29', '2018-11-26 10:10:29', NULL),
(215, 'TW', 'TWN', 30, '中華', '2018-11-26 10:10:29', '2018-11-26 10:10:29', NULL),
(216, 'TZ', 'TZA', 14, 'Tanzania', '2018-11-26 10:10:29', '2018-11-26 10:10:29', NULL),
(217, 'UA', 'UKR', NULL, 'Україна', '2018-11-26 10:10:29', '2018-11-26 10:10:29', NULL),
(218, 'UG', 'UGA', 14, 'Uganda', '2018-11-26 10:10:29', '2018-11-26 10:10:29', NULL),
(219, 'UM', 'UMI', NULL, 'United States Minor Outlying Islands', '2018-11-26 10:10:29', '2018-11-26 10:10:29', NULL),
(220, 'US', 'USA', 21, 'United States', '2018-11-26 10:10:29', '2018-11-26 10:10:29', NULL),
(221, 'UY', 'URY', 5, 'Uruguay', '2018-11-26 10:10:29', '2018-11-26 10:10:29', NULL),
(222, 'UZ', 'UZB', 143, 'O‘zbekiston', '2018-11-26 10:10:29', '2018-11-26 10:10:29', NULL),
(223, 'VA', 'VAT', 39, 'Vaticano', '2018-11-26 10:10:29', '2018-11-26 10:10:29', NULL),
(224, 'VC', 'VCT', 29, 'Saint Vincent and the Grenadines', '2018-11-26 10:10:29', '2018-11-26 10:10:29', NULL),
(225, 'VE', 'VEN', 5, 'Venezuela', '2018-11-26 10:10:29', '2018-11-26 10:10:29', NULL),
(226, 'VG', 'VGB', 29, 'British Virgin Islands', '2018-11-26 10:10:29', '2018-11-26 10:10:29', NULL),
(227, 'VI', 'VIR', 29, 'US Virgin Islands', '2018-11-26 10:10:29', '2018-11-26 10:10:29', NULL),
(228, 'VN', 'VNM', 35, 'Việt Nam', '2018-11-26 10:10:29', '2018-11-26 10:10:29', NULL),
(229, 'VU', 'VUT', 54, 'Vanuatu', '2018-11-26 10:10:29', '2018-11-26 10:10:29', NULL),
(230, 'WF', 'WLF', 61, 'Wallis and Futuna', '2018-11-26 10:10:29', '2018-11-26 10:10:29', NULL),
(231, 'WS', 'WSM', 61, 'Samoa', '2018-11-26 10:10:29', '2018-11-26 10:10:29', NULL),
(232, 'YE', 'YEM', 145, 'اليمنية', '2018-11-26 10:10:29', '2018-11-26 10:10:29', NULL),
(233, 'YT', 'MYT', 14, 'Mayotte', '2018-11-26 10:10:29', '2018-11-26 10:10:29', NULL),
(235, 'ZA', 'ZAF', 18, 'Afrika-Borwa', '2018-11-26 10:10:29', '2018-11-26 10:10:29', NULL),
(236, 'ZM', 'ZMB', 14, 'Zambia', '2018-11-26 10:10:29', '2018-11-26 10:10:29', NULL),
(237, 'ZW', 'ZWE', 14, 'Zimbabwe', '2018-11-26 10:10:29', '2018-11-26 10:10:29', NULL),
(238, 'PS', 'PSE', 145, 'Palestine', '2018-11-26 10:10:29', '2018-11-26 10:10:29', NULL),
(239, 'CS', 'CSG', 39, 'Србија и Црна Гора', '2018-11-26 10:10:29', '2018-11-26 10:10:29', NULL),
(240, 'AX', 'ALA', 154, 'Åland Islands', '2018-11-26 10:10:29', '2018-11-26 10:10:29', NULL),
(241, 'HM', 'HMD', 53, 'Heard Island and McDonald Islands', '2018-11-26 10:10:29', '2018-11-26 10:10:29', NULL),
(242, 'ME', 'MNE', 39, 'Crna Gora', '2018-11-26 10:10:29', '2018-11-26 10:10:29', NULL),
(243, 'RS', 'SRB', 39, 'Srbija', '2018-11-26 10:10:29', '2018-11-26 10:10:29', NULL);

-- --------------------------------------------------------

--
-- Tabellenstruktur für Tabelle `country_translation`
--

CREATE TABLE `country_translation` (
  `id` bigint(20) UNSIGNED NOT NULL DEFAULT '0',
  `name` varchar(255) COLLATE utf8_bin DEFAULT NULL,
  `lang` char(2) COLLATE utf8_bin NOT NULL DEFAULT '',
  `created_at` datetime NOT NULL,
  `updated_at` datetime NOT NULL,
  `deleted_at` datetime DEFAULT NULL
) ENGINE=InnoDB DEFAULT CHARSET=utf8 COLLATE=utf8_bin;

--
-- Daten für Tabelle `country_translation`
--

INSERT INTO `country_translation` (`id`, `name`, `lang`, `created_at`, `updated_at`, `deleted_at`) VALUES
(1, 'Andorra', 'de', '2018-11-26 10:10:28', '2018-11-26 10:10:28', NULL),
(1, 'Andorra', 'en', '2018-11-26 10:10:28', '2018-11-26 10:10:28', NULL),
(2, 'Vereinigte Arabische Emirate', 'de', '2018-11-26 10:10:28', '2018-11-26 10:10:28', NULL),
(2, 'United Arab Emirates', 'en', '2018-11-26 10:10:28', '2018-11-26 10:10:28', NULL),
(3, 'Afghanistan', 'de', '2018-11-26 10:10:28', '2018-11-26 10:10:28', NULL),
(3, 'Afghanistan', 'en', '2018-11-26 10:10:28', '2018-11-26 10:10:28', NULL),
(4, 'Antigua und Barbuda', 'de', '2018-11-26 10:10:28', '2018-11-26 10:10:28', NULL),
(4, 'Antigua and Barbuda', 'en', '2018-11-26 10:10:28', '2018-11-26 10:10:28', NULL),
(5, 'Anguilla', 'de', '2018-11-26 10:10:28', '2018-11-26 10:10:28', NULL),
(5, 'Anguilla', 'en', '2018-11-26 10:10:28', '2018-11-26 10:10:28', NULL),
(6, 'Albanien', 'de', '2018-11-26 10:10:28', '2018-11-26 10:10:28', NULL),
(6, 'Albania', 'en', '2018-11-26 10:10:28', '2018-11-26 10:10:28', NULL),
(7, 'Armenien', 'de', '2018-11-26 10:10:28', '2018-11-26 10:10:28', NULL),
(7, 'Armenia', 'en', '2018-11-26 10:10:28', '2018-11-26 10:10:28', NULL),
(8, 'Niederländische Antillen', 'de', '2018-11-26 10:10:28', '2018-11-26 10:10:28', NULL),
(8, 'Netherlands Antilles', 'en', '2018-11-26 10:10:28', '2018-11-26 10:10:28', NULL),
(9, 'Angola', 'de', '2018-11-26 10:10:28', '2018-11-26 10:10:28', NULL),
(9, 'Angola', 'en', '2018-11-26 10:10:28', '2018-11-26 10:10:28', NULL),
(10, 'Antarktis', 'de', '2018-11-26 10:10:28', '2018-11-26 10:10:28', NULL),
(10, 'Antarctica', 'en', '2018-11-26 10:10:28', '2018-11-26 10:10:28', NULL),
(11, 'Argentinien', 'de', '2018-11-26 10:10:28', '2018-11-26 10:10:28', NULL),
(11, 'Argentina', 'en', '2018-11-26 10:10:28', '2018-11-26 10:10:28', NULL),
(12, 'Amerikanisch-Samoa', 'de', '2018-11-26 10:10:28', '2018-11-26 10:10:28', NULL),
(12, 'American Samoa', 'en', '2018-11-26 10:10:28', '2018-11-26 10:10:28', NULL),
(13, 'Österreich', 'de', '2018-11-26 10:10:28', '2018-11-26 10:10:28', NULL),
(13, 'Austria', 'en', '2018-11-26 10:10:28', '2018-11-26 10:10:28', NULL),
(14, 'Australien', 'de', '2018-11-26 10:10:28', '2018-11-26 10:10:28', NULL),
(14, 'Australia', 'en', '2018-11-26 10:10:28', '2018-11-26 10:10:28', NULL),
(15, 'Aruba', 'de', '2018-11-26 10:10:28', '2018-11-26 10:10:28', NULL),
(15, 'Aruba', 'en', '2018-11-26 10:10:28', '2018-11-26 10:10:28', NULL),
(16, 'Aserbaidschan', 'de', '2018-11-26 10:10:28', '2018-11-26 10:10:28', NULL),
(16, 'Azerbaijan', 'en', '2018-11-26 10:10:28', '2018-11-26 10:10:28', NULL),
(17, 'Bosnien und Herzegowina', 'de', '2018-11-26 10:10:28', '2018-11-26 10:10:28', NULL),
(17, 'Bosnia and Herzegovina', 'en', '2018-11-26 10:10:28', '2018-11-26 10:10:28', NULL),
(18, 'Barbados', 'de', '2018-11-26 10:10:28', '2018-11-26 10:10:28', NULL),
(18, 'Barbados', 'en', '2018-11-26 10:10:28', '2018-11-26 10:10:28', NULL),
(19, 'Bangladesch', 'de', '2018-11-26 10:10:28', '2018-11-26 10:10:28', NULL),
(19, 'Bangladesh', 'en', '2018-11-26 10:10:28', '2018-11-26 10:10:28', NULL),
(20, 'Belgien', 'de', '2018-11-26 10:10:28', '2018-11-26 10:10:28', NULL),
(20, 'Belgium', 'en', '2018-11-26 10:10:28', '2018-11-26 10:10:28', NULL),
(21, 'Burkina Faso', 'de', '2018-11-26 10:10:28', '2018-11-26 10:10:28', NULL),
(21, 'Burkina Faso', 'en', '2018-11-26 10:10:28', '2018-11-26 10:10:28', NULL),
(22, 'Bulgarien', 'de', '2018-11-26 10:10:28', '2018-11-26 10:10:28', NULL),
(22, 'Bulgaria', 'en', '2018-11-26 10:10:28', '2018-11-26 10:10:28', NULL),
(23, 'Bahrain', 'de', '2018-11-26 10:10:28', '2018-11-26 10:10:28', NULL),
(23, 'Bahrain', 'en', '2018-11-26 10:10:28', '2018-11-26 10:10:28', NULL),
(24, 'Burundi', 'de', '2018-11-26 10:10:28', '2018-11-26 10:10:28', NULL),
(24, 'Burundi', 'en', '2018-11-26 10:10:28', '2018-11-26 10:10:28', NULL),
(25, 'Benin', 'de', '2018-11-26 10:10:28', '2018-11-26 10:10:28', NULL),
(25, 'Benin', 'en', '2018-11-26 10:10:28', '2018-11-26 10:10:28', NULL),
(26, 'Bermuda', 'de', '2018-11-26 10:10:28', '2018-11-26 10:10:28', NULL),
(26, 'Bermuda', 'en', '2018-11-26 10:10:28', '2018-11-26 10:10:28', NULL),
(27, 'Brunei Darussalam', 'de', '2018-11-26 10:10:28', '2018-11-26 10:10:28', NULL),
(27, 'Brunei', 'en', '2018-11-26 10:10:28', '2018-11-26 10:10:28', NULL),
(28, 'Bolivien', 'de', '2018-11-26 10:10:28', '2018-11-26 10:10:28', NULL),
(28, 'Bolivia', 'en', '2018-11-26 10:10:28', '2018-11-26 10:10:28', NULL),
(29, 'Brasilien', 'de', '2018-11-26 10:10:28', '2018-11-26 10:10:28', NULL),
(29, 'Brazil', 'en', '2018-11-26 10:10:28', '2018-11-26 10:10:28', NULL),
(30, 'Bahamas', 'de', '2018-11-26 10:10:28', '2018-11-26 10:10:28', NULL),
(30, 'The Bahamas', 'en', '2018-11-26 10:10:28', '2018-11-26 10:10:28', NULL),
(31, 'Bhutan', 'de', '2018-11-26 10:10:28', '2018-11-26 10:10:28', NULL),
(31, 'Bhutan', 'en', '2018-11-26 10:10:28', '2018-11-26 10:10:28', NULL),
(32, 'Bouvetinsel', 'de', '2018-11-26 10:10:28', '2018-11-26 10:10:28', NULL),
(32, 'Bouvet Island', 'en', '2018-11-26 10:10:28', '2018-11-26 10:10:28', NULL),
(33, 'Botsuana', 'de', '2018-11-26 10:10:28', '2018-11-26 10:10:28', NULL),
(33, 'Botswana', 'en', '2018-11-26 10:10:28', '2018-11-26 10:10:28', NULL),
(34, 'Belarus', 'de', '2018-11-26 10:10:28', '2018-11-26 10:10:28', NULL),
(34, 'Belarus', 'en', '2018-11-26 10:10:28', '2018-11-26 10:10:28', NULL),
(35, 'Belize', 'de', '2018-11-26 10:10:28', '2018-11-26 10:10:28', NULL),
(35, 'Belize', 'en', '2018-11-26 10:10:28', '2018-11-26 10:10:28', NULL),
(36, 'Kanada', 'de', '2018-11-26 10:10:28', '2018-11-26 10:10:28', NULL),
(36, 'Canada', 'en', '2018-11-26 10:10:28', '2018-11-26 10:10:28', NULL),
(37, 'Kokosinseln (Keeling)', 'de', '2018-11-26 10:10:28', '2018-11-26 10:10:28', NULL),
(37, 'Cocos (Keeling) Islands', 'en', '2018-11-26 10:10:28', '2018-11-26 10:10:28', NULL),
(38, 'Demokratische Republik Kongo', 'de', '2018-11-26 10:10:28', '2018-11-26 10:10:28', NULL),
(38, 'Congo', 'en', '2018-11-26 10:10:28', '2018-11-26 10:10:28', NULL),
(39, 'Zentralafrikanische Republik', 'de', '2018-11-26 10:10:28', '2018-11-26 10:10:28', NULL),
(39, 'Central African Republic', 'en', '2018-11-26 10:10:28', '2018-11-26 10:10:28', NULL),
(40, 'Kongo', 'de', '2018-11-26 10:10:28', '2018-11-26 10:10:28', NULL),
(40, 'Congo-Brazzaville', 'en', '2018-11-26 10:10:28', '2018-11-26 10:10:28', NULL),
(41, 'Schweiz', 'de', '2018-11-26 10:10:28', '2018-11-26 10:10:28', NULL),
(41, 'Switzerland', 'en', '2018-11-26 10:10:28', '2018-11-26 10:10:28', NULL),
(42, 'Elfenbeinküste', 'de', '2018-11-26 10:10:28', '2018-11-26 10:10:28', NULL),
(42, 'Côte d’Ivoire', 'en', '2018-11-26 10:10:28', '2018-11-26 10:10:28', NULL),
(43, 'Cookinseln', 'de', '2018-11-26 10:10:28', '2018-11-26 10:10:28', NULL),
(43, 'Cook Islands', 'en', '2018-11-26 10:10:28', '2018-11-26 10:10:28', NULL),
(44, 'Chile', 'de', '2018-11-26 10:10:28', '2018-11-26 10:10:28', NULL),
(44, 'Chile', 'en', '2018-11-26 10:10:28', '2018-11-26 10:10:28', NULL),
(45, 'Kamerun', 'de', '2018-11-26 10:10:28', '2018-11-26 10:10:28', NULL),
(45, 'Cameroon', 'en', '2018-11-26 10:10:28', '2018-11-26 10:10:28', NULL),
(46, 'China', 'de', '2018-11-26 10:10:28', '2018-11-26 10:10:28', NULL),
(46, 'China', 'en', '2018-11-26 10:10:28', '2018-11-26 10:10:28', NULL),
(47, 'Kolumbien', 'de', '2018-11-26 10:10:28', '2018-11-26 10:10:28', NULL),
(47, 'Colombia', 'en', '2018-11-26 10:10:28', '2018-11-26 10:10:28', NULL),
(48, 'Costa Rica', 'de', '2018-11-26 10:10:28', '2018-11-26 10:10:28', NULL),
(48, 'Costa Rica', 'en', '2018-11-26 10:10:28', '2018-11-26 10:10:28', NULL),
(49, 'Kuba', 'de', '2018-11-26 10:10:28', '2018-11-26 10:10:28', NULL),
(49, 'Cuba', 'en', '2018-11-26 10:10:28', '2018-11-26 10:10:28', NULL),
(50, 'Kap Verde', 'de', '2018-11-26 10:10:28', '2018-11-26 10:10:28', NULL),
(50, 'Cape Verde', 'en', '2018-11-26 10:10:28', '2018-11-26 10:10:28', NULL),
(51, 'Weihnachtsinsel', 'de', '2018-11-26 10:10:28', '2018-11-26 10:10:28', NULL),
(51, 'Christmas Island', 'en', '2018-11-26 10:10:28', '2018-11-26 10:10:28', NULL),
(52, 'Zypern', 'de', '2018-11-26 10:10:28', '2018-11-26 10:10:28', NULL),
(52, 'Cyprus', 'en', '2018-11-26 10:10:28', '2018-11-26 10:10:28', NULL),
(53, 'Tschechische Republik', 'de', '2018-11-26 10:10:28', '2018-11-26 10:10:28', NULL),
(53, 'Czech Republic', 'en', '2018-11-26 10:10:28', '2018-11-26 10:10:28', NULL),
(54, 'Deutschland', 'de', '2018-11-26 10:10:28', '2018-11-26 10:10:28', NULL),
(54, 'Germany', 'en', '2018-11-26 10:10:28', '2018-11-26 10:10:28', NULL),
(55, 'Dschibuti', 'de', '2018-11-26 10:10:28', '2018-11-26 10:10:28', NULL),
(55, 'Djibouti', 'en', '2018-11-26 10:10:28', '2018-11-26 10:10:28', NULL),
(56, 'Dänemark', 'de', '2018-11-26 10:10:28', '2018-11-26 10:10:28', NULL),
(56, 'Denmark', 'en', '2018-11-26 10:10:28', '2018-11-26 10:10:28', NULL),
(57, 'Dominica', 'de', '2018-11-26 10:10:28', '2018-11-26 10:10:28', NULL),
(57, 'Dominica', 'en', '2018-11-26 10:10:28', '2018-11-26 10:10:28', NULL),
(58, 'Dominikanische Republik', 'de', '2018-11-26 10:10:28', '2018-11-26 10:10:28', NULL),
(58, 'Dominican Republic', 'en', '2018-11-26 10:10:28', '2018-11-26 10:10:28', NULL),
(59, 'Algerien', 'de', '2018-11-26 10:10:28', '2018-11-26 10:10:28', NULL),
(59, 'Algeria', 'en', '2018-11-26 10:10:28', '2018-11-26 10:10:28', NULL),
(60, 'Ecuador', 'de', '2018-11-26 10:10:28', '2018-11-26 10:10:28', NULL),
(60, 'Ecuador', 'en', '2018-11-26 10:10:28', '2018-11-26 10:10:28', NULL),
(61, 'Estland', 'de', '2018-11-26 10:10:28', '2018-11-26 10:10:28', NULL),
(61, 'Estonia', 'en', '2018-11-26 10:10:28', '2018-11-26 10:10:28', NULL),
(62, 'Ägypten', 'de', '2018-11-26 10:10:28', '2018-11-26 10:10:28', NULL),
(62, 'Egypt', 'en', '2018-11-26 10:10:28', '2018-11-26 10:10:28', NULL),
(63, 'Westsahara', 'de', '2018-11-26 10:10:28', '2018-11-26 10:10:28', NULL),
(63, 'Western Sahara', 'en', '2018-11-26 10:10:28', '2018-11-26 10:10:28', NULL),
(64, 'Eritrea', 'de', '2018-11-26 10:10:28', '2018-11-26 10:10:28', NULL),
(64, 'Eritrea', 'en', '2018-11-26 10:10:28', '2018-11-26 10:10:28', NULL),
(65, 'Spanien', 'de', '2018-11-26 10:10:28', '2018-11-26 10:10:28', NULL),
(65, 'Spain', 'en', '2018-11-26 10:10:28', '2018-11-26 10:10:28', NULL),
(66, 'Äthiopien', 'de', '2018-11-26 10:10:28', '2018-11-26 10:10:28', NULL),
(66, 'Ethiopia', 'en', '2018-11-26 10:10:28', '2018-11-26 10:10:28', NULL),
(67, 'Finnland', 'de', '2018-11-26 10:10:28', '2018-11-26 10:10:28', NULL),
(67, 'Finland', 'en', '2018-11-26 10:10:28', '2018-11-26 10:10:28', NULL),
(68, 'Fidschi', 'de', '2018-11-26 10:10:28', '2018-11-26 10:10:28', NULL),
(68, 'Fiji', 'en', '2018-11-26 10:10:28', '2018-11-26 10:10:28', NULL),
(69, 'Falklandinseln', 'de', '2018-11-26 10:10:28', '2018-11-26 10:10:28', NULL),
(69, 'Falkland Islands', 'en', '2018-11-26 10:10:28', '2018-11-26 10:10:28', NULL),
(70, 'Mikronesien', 'de', '2018-11-26 10:10:28', '2018-11-26 10:10:28', NULL),
(70, 'Micronesia', 'en', '2018-11-26 10:10:28', '2018-11-26 10:10:28', NULL),
(71, 'Färöer', 'de', '2018-11-26 10:10:28', '2018-11-26 10:10:28', NULL),
(71, 'Faroes', 'en', '2018-11-26 10:10:28', '2018-11-26 10:10:28', NULL),
(72, 'Frankreich', 'de', '2018-11-26 10:10:28', '2018-11-26 10:10:28', NULL),
(72, 'France', 'en', '2018-11-26 10:10:28', '2018-11-26 10:10:28', NULL),
(73, 'Gabun', 'de', '2018-11-26 10:10:28', '2018-11-26 10:10:28', NULL),
(73, 'Gabon', 'en', '2018-11-26 10:10:28', '2018-11-26 10:10:28', NULL),
(74, 'Vereinigtes Königreich', 'de', '2018-11-26 10:10:28', '2018-11-26 10:10:28', NULL),
(74, 'United Kingdom', 'en', '2018-11-26 10:10:28', '2018-11-26 10:10:28', NULL),
(75, 'Grenada', 'de', '2018-11-26 10:10:28', '2018-11-26 10:10:28', NULL),
(75, 'Grenada', 'en', '2018-11-26 10:10:28', '2018-11-26 10:10:28', NULL),
(76, 'Georgien', 'de', '2018-11-26 10:10:28', '2018-11-26 10:10:28', NULL),
(76, 'Georgia', 'en', '2018-11-26 10:10:28', '2018-11-26 10:10:28', NULL),
(77, 'Französisch-Guayana', 'de', '2018-11-26 10:10:28', '2018-11-26 10:10:28', NULL),
(77, 'French Guiana', 'en', '2018-11-26 10:10:28', '2018-11-26 10:10:28', NULL),
(78, 'Ghana', 'de', '2018-11-26 10:10:28', '2018-11-26 10:10:28', NULL),
(78, 'Ghana', 'en', '2018-11-26 10:10:28', '2018-11-26 10:10:28', NULL),
(79, 'Gibraltar', 'de', '2018-11-26 10:10:28', '2018-11-26 10:10:28', NULL),
(79, 'Gibraltar', 'en', '2018-11-26 10:10:28', '2018-11-26 10:10:28', NULL),
(80, 'Grönland', 'de', '2018-11-26 10:10:28', '2018-11-26 10:10:28', NULL),
(80, 'Greenland', 'en', '2018-11-26 10:10:28', '2018-11-26 10:10:28', NULL),
(81, 'Gambia', 'de', '2018-11-26 10:10:28', '2018-11-26 10:10:28', NULL),
(81, 'Gambia', 'en', '2018-11-26 10:10:28', '2018-11-26 10:10:28', NULL),
(82, 'Guinea', 'de', '2018-11-26 10:10:28', '2018-11-26 10:10:28', NULL),
(82, 'Guinea', 'en', '2018-11-26 10:10:28', '2018-11-26 10:10:28', NULL),
(83, 'Guadeloupe', 'de', '2018-11-26 10:10:28', '2018-11-26 10:10:28', NULL),
(83, 'Guadeloupe', 'en', '2018-11-26 10:10:28', '2018-11-26 10:10:28', NULL),
(84, 'Äquatorialguinea', 'de', '2018-11-26 10:10:28', '2018-11-26 10:10:28', NULL),
(84, 'Equatorial Guinea', 'en', '2018-11-26 10:10:28', '2018-11-26 10:10:28', NULL),
(85, 'Griechenland', 'de', '2018-11-26 10:10:28', '2018-11-26 10:10:28', NULL),
(85, 'Greece', 'en', '2018-11-26 10:10:28', '2018-11-26 10:10:28', NULL),
(86, 'Südgeorgien und die Südlichen Sandwichinseln', 'de', '2018-11-26 10:10:28', '2018-11-26 10:10:28', NULL),
(86, 'South Georgia and the South Sandwich Islands', 'en', '2018-11-26 10:10:28', '2018-11-26 10:10:28', NULL),
(87, 'Guatemala', 'de', '2018-11-26 10:10:28', '2018-11-26 10:10:28', NULL),
(87, 'Guatemala', 'en', '2018-11-26 10:10:28', '2018-11-26 10:10:28', NULL),
(88, 'Guam', 'de', '2018-11-26 10:10:28', '2018-11-26 10:10:28', NULL),
(88, 'Guam', 'en', '2018-11-26 10:10:28', '2018-11-26 10:10:28', NULL),
(89, 'Guinea-Bissau', 'de', '2018-11-26 10:10:28', '2018-11-26 10:10:28', NULL),
(89, 'Guinea-Bissau', 'en', '2018-11-26 10:10:28', '2018-11-26 10:10:28', NULL),
(90, 'Guyana', 'de', '2018-11-26 10:10:28', '2018-11-26 10:10:28', NULL),
(90, 'Guyana', 'en', '2018-11-26 10:10:28', '2018-11-26 10:10:28', NULL),
(91, 'Hong Kong S.A.R., China', 'de', '2018-11-26 10:10:28', '2018-11-26 10:10:28', NULL),
(91, 'Hong Kong SAR of China', 'en', '2018-11-26 10:10:28', '2018-11-26 10:10:28', NULL),
(92, 'Honduras', 'de', '2018-11-26 10:10:28', '2018-11-26 10:10:28', NULL),
(92, 'Honduras', 'en', '2018-11-26 10:10:28', '2018-11-26 10:10:28', NULL),
(93, 'Kroatien', 'de', '2018-11-26 10:10:28', '2018-11-26 10:10:28', NULL),
(93, 'Croatia', 'en', '2018-11-26 10:10:28', '2018-11-26 10:10:28', NULL),
(94, 'Haiti', 'de', '2018-11-26 10:10:28', '2018-11-26 10:10:28', NULL),
(94, 'Haiti', 'en', '2018-11-26 10:10:28', '2018-11-26 10:10:28', NULL),
(95, 'Ungarn', 'de', '2018-11-26 10:10:28', '2018-11-26 10:10:28', NULL),
(95, 'Hungary', 'en', '2018-11-26 10:10:28', '2018-11-26 10:10:28', NULL),
(96, 'Indonesien', 'de', '2018-11-26 10:10:28', '2018-11-26 10:10:28', NULL),
(96, 'Indonesia', 'en', '2018-11-26 10:10:28', '2018-11-26 10:10:28', NULL),
(97, 'Irland', 'de', '2018-11-26 10:10:28', '2018-11-26 10:10:28', NULL),
(97, 'Ireland', 'en', '2018-11-26 10:10:28', '2018-11-26 10:10:28', NULL),
(98, 'Israel', 'de', '2018-11-26 10:10:28', '2018-11-26 10:10:28', NULL),
(98, 'Israel', 'en', '2018-11-26 10:10:28', '2018-11-26 10:10:28', NULL),
(99, 'Indien', 'de', '2018-11-26 10:10:28', '2018-11-26 10:10:28', NULL),
(99, 'India', 'en', '2018-11-26 10:10:28', '2018-11-26 10:10:28', NULL),
(100, 'Britisches Territorium im Indischen Ozean', 'de', '2018-11-26 10:10:28', '2018-11-26 10:10:28', NULL),
(100, 'British Indian Ocean Territory', 'en', '2018-11-26 10:10:28', '2018-11-26 10:10:28', NULL),
(101, 'Irak', 'de', '2018-11-26 10:10:28', '2018-11-26 10:10:28', NULL),
(101, 'Iraq', 'en', '2018-11-26 10:10:28', '2018-11-26 10:10:28', NULL),
(102, 'Iran', 'de', '2018-11-26 10:10:28', '2018-11-26 10:10:28', NULL),
(102, 'Iran', 'en', '2018-11-26 10:10:28', '2018-11-26 10:10:28', NULL),
(103, 'Island', 'de', '2018-11-26 10:10:28', '2018-11-26 10:10:28', NULL),
(103, 'Iceland', 'en', '2018-11-26 10:10:28', '2018-11-26 10:10:28', NULL),
(104, 'Italien', 'de', '2018-11-26 10:10:28', '2018-11-26 10:10:28', NULL),
(104, 'Italy', 'en', '2018-11-26 10:10:28', '2018-11-26 10:10:28', NULL),
(105, 'Jamaika', 'de', '2018-11-26 10:10:28', '2018-11-26 10:10:28', NULL),
(105, 'Jamaica', 'en', '2018-11-26 10:10:28', '2018-11-26 10:10:28', NULL),
(106, 'Jordanien', 'de', '2018-11-26 10:10:28', '2018-11-26 10:10:28', NULL),
(106, 'Jordan', 'en', '2018-11-26 10:10:28', '2018-11-26 10:10:28', NULL),
(107, 'Japan', 'de', '2018-11-26 10:10:28', '2018-11-26 10:10:28', NULL),
(107, 'Japan', 'en', '2018-11-26 10:10:28', '2018-11-26 10:10:28', NULL),
(108, 'Kenia', 'de', '2018-11-26 10:10:28', '2018-11-26 10:10:28', NULL),
(108, 'Kenya', 'en', '2018-11-26 10:10:28', '2018-11-26 10:10:28', NULL),
(109, 'Kirgisistan', 'de', '2018-11-26 10:10:28', '2018-11-26 10:10:28', NULL),
(109, 'Kyrgyzstan', 'en', '2018-11-26 10:10:28', '2018-11-26 10:10:28', NULL),
(110, 'Kambodscha', 'de', '2018-11-26 10:10:28', '2018-11-26 10:10:28', NULL),
(110, 'Cambodia', 'en', '2018-11-26 10:10:28', '2018-11-26 10:10:28', NULL),
(111, 'Kiribati', 'de', '2018-11-26 10:10:28', '2018-11-26 10:10:28', NULL),
(111, 'Kiribati', 'en', '2018-11-26 10:10:28', '2018-11-26 10:10:28', NULL),
(112, 'Komoren', 'de', '2018-11-26 10:10:28', '2018-11-26 10:10:28', NULL),
(112, 'Comoros', 'en', '2018-11-26 10:10:28', '2018-11-26 10:10:28', NULL),
(113, 'St. Kitts und Nevis', 'de', '2018-11-26 10:10:28', '2018-11-26 10:10:28', NULL),
(113, 'Saint Kitts and Nevis', 'en', '2018-11-26 10:10:28', '2018-11-26 10:10:28', NULL),
(114, 'Demokratische Volksrepublik Korea', 'de', '2018-11-26 10:10:28', '2018-11-26 10:10:28', NULL),
(114, 'North Korea', 'en', '2018-11-26 10:10:28', '2018-11-26 10:10:28', NULL),
(115, 'Republik Korea', 'de', '2018-11-26 10:10:28', '2018-11-26 10:10:28', NULL),
(115, 'South Korea', 'en', '2018-11-26 10:10:28', '2018-11-26 10:10:28', NULL),
(116, 'Kuwait', 'de', '2018-11-26 10:10:28', '2018-11-26 10:10:28', NULL),
(116, 'Kuwait', 'en', '2018-11-26 10:10:28', '2018-11-26 10:10:28', NULL),
(117, 'Kaimaninseln', 'de', '2018-11-26 10:10:28', '2018-11-26 10:10:28', NULL),
(117, 'Cayman Islands', 'en', '2018-11-26 10:10:28', '2018-11-26 10:10:28', NULL),
(118, 'Kasachstan', 'de', '2018-11-26 10:10:28', '2018-11-26 10:10:28', NULL),
(118, 'Kazakhstan', 'en', '2018-11-26 10:10:28', '2018-11-26 10:10:28', NULL),
(119, 'Laos', 'de', '2018-11-26 10:10:28', '2018-11-26 10:10:28', NULL),
(119, 'Laos', 'en', '2018-11-26 10:10:28', '2018-11-26 10:10:28', NULL),
(120, 'Libanon', 'de', '2018-11-26 10:10:28', '2018-11-26 10:10:28', NULL),
(120, 'Lebanon', 'en', '2018-11-26 10:10:28', '2018-11-26 10:10:28', NULL),
(121, 'St. Lucia', 'de', '2018-11-26 10:10:28', '2018-11-26 10:10:28', NULL),
(121, 'Saint Lucia', 'en', '2018-11-26 10:10:28', '2018-11-26 10:10:28', NULL),
(122, 'Liechtenstein', 'de', '2018-11-26 10:10:28', '2018-11-26 10:10:28', NULL),
(122, 'Liechtenstein', 'en', '2018-11-26 10:10:28', '2018-11-26 10:10:28', NULL),
(123, 'Sri Lanka', 'de', '2018-11-26 10:10:28', '2018-11-26 10:10:28', NULL),
(123, 'Sri Lanka', 'en', '2018-11-26 10:10:28', '2018-11-26 10:10:28', NULL),
(124, 'Liberia', 'de', '2018-11-26 10:10:28', '2018-11-26 10:10:28', NULL),
(124, 'Liberia', 'en', '2018-11-26 10:10:28', '2018-11-26 10:10:28', NULL),
(125, 'Lesotho', 'de', '2018-11-26 10:10:28', '2018-11-26 10:10:28', NULL),
(125, 'Lesotho', 'en', '2018-11-26 10:10:28', '2018-11-26 10:10:28', NULL),
(126, 'Litauen', 'de', '2018-11-26 10:10:28', '2018-11-26 10:10:28', NULL),
(126, 'Lithuania', 'en', '2018-11-26 10:10:28', '2018-11-26 10:10:28', NULL),
(127, 'Luxemburg', 'de', '2018-11-26 10:10:28', '2018-11-26 10:10:28', NULL),
(127, 'Luxembourg', 'en', '2018-11-26 10:10:28', '2018-11-26 10:10:28', NULL),
(128, 'Lettland', 'de', '2018-11-26 10:10:28', '2018-11-26 10:10:28', NULL),
(128, 'Latvia', 'en', '2018-11-26 10:10:28', '2018-11-26 10:10:28', NULL),
(129, 'Libyen', 'de', '2018-11-26 10:10:28', '2018-11-26 10:10:28', NULL),
(129, 'Libya', 'en', '2018-11-26 10:10:28', '2018-11-26 10:10:28', NULL),
(130, 'Marokko', 'de', '2018-11-26 10:10:28', '2018-11-26 10:10:28', NULL),
(130, 'Morocco', 'en', '2018-11-26 10:10:28', '2018-11-26 10:10:28', NULL),
(131, 'Monaco', 'de', '2018-11-26 10:10:28', '2018-11-26 10:10:28', NULL),
(131, 'Monaco', 'en', '2018-11-26 10:10:28', '2018-11-26 10:10:28', NULL),
(132, 'Republik Moldau', 'de', '2018-11-26 10:10:28', '2018-11-26 10:10:28', NULL),
(132, 'Moldova', 'en', '2018-11-26 10:10:28', '2018-11-26 10:10:28', NULL),
(133, 'Madagaskar', 'de', '2018-11-26 10:10:28', '2018-11-26 10:10:28', NULL),
(133, 'Madagascar', 'en', '2018-11-26 10:10:28', '2018-11-26 10:10:28', NULL),
(134, 'Marschallinseln', 'de', '2018-11-26 10:10:28', '2018-11-26 10:10:28', NULL),
(134, 'Marshall Islands', 'en', '2018-11-26 10:10:28', '2018-11-26 10:10:28', NULL),
(135, 'Mazedonien', 'de', '2018-11-26 10:10:28', '2018-11-26 10:10:28', NULL),
(135, 'Macedonia', 'en', '2018-11-26 10:10:28', '2018-11-26 10:10:28', NULL),
(136, 'Mali', 'de', '2018-11-26 10:10:28', '2018-11-26 10:10:28', NULL),
(136, 'Mali', 'en', '2018-11-26 10:10:28', '2018-11-26 10:10:28', NULL),
(137, 'Myanmar', 'de', '2018-11-26 10:10:28', '2018-11-26 10:10:28', NULL),
(137, 'Myanmar', 'en', '2018-11-26 10:10:28', '2018-11-26 10:10:28', NULL),
(138, 'Mongolei', 'de', '2018-11-26 10:10:28', '2018-11-26 10:10:28', NULL),
(138, 'Mongolia', 'en', '2018-11-26 10:10:28', '2018-11-26 10:10:28', NULL),
(139, 'Macau S.A.R., China', 'de', '2018-11-26 10:10:28', '2018-11-26 10:10:28', NULL),
(139, 'Macao SAR of China', 'en', '2018-11-26 10:10:28', '2018-11-26 10:10:28', NULL),
(140, 'Nördliche Marianen', 'de', '2018-11-26 10:10:28', '2018-11-26 10:10:28', NULL),
(140, 'Northern Marianas', 'en', '2018-11-26 10:10:28', '2018-11-26 10:10:28', NULL),
(141, 'Martinique', 'de', '2018-11-26 10:10:28', '2018-11-26 10:10:28', NULL),
(141, 'Martinique', 'en', '2018-11-26 10:10:28', '2018-11-26 10:10:28', NULL),
(142, 'Mauretanien', 'de', '2018-11-26 10:10:28', '2018-11-26 10:10:28', NULL),
(142, 'Mauritania', 'en', '2018-11-26 10:10:28', '2018-11-26 10:10:28', NULL),
(143, 'Montserrat', 'de', '2018-11-26 10:10:28', '2018-11-26 10:10:28', NULL),
(143, 'Montserrat', 'en', '2018-11-26 10:10:28', '2018-11-26 10:10:28', NULL),
(144, 'Malta', 'de', '2018-11-26 10:10:28', '2018-11-26 10:10:28', NULL),
(144, 'Malta', 'en', '2018-11-26 10:10:28', '2018-11-26 10:10:28', NULL),
(145, 'Mauritius', 'de', '2018-11-26 10:10:28', '2018-11-26 10:10:28', NULL),
(145, 'Mauritius', 'en', '2018-11-26 10:10:28', '2018-11-26 10:10:28', NULL),
(146, 'Malediven', 'de', '2018-11-26 10:10:28', '2018-11-26 10:10:28', NULL),
(146, 'Maldives', 'en', '2018-11-26 10:10:28', '2018-11-26 10:10:28', NULL),
(147, 'Malawi', 'de', '2018-11-26 10:10:28', '2018-11-26 10:10:28', NULL),
(147, 'Malawi', 'en', '2018-11-26 10:10:28', '2018-11-26 10:10:28', NULL),
(148, 'Mexiko', 'de', '2018-11-26 10:10:28', '2018-11-26 10:10:28', NULL),
(148, 'Mexico', 'en', '2018-11-26 10:10:28', '2018-11-26 10:10:28', NULL),
(149, 'Malaysia', 'de', '2018-11-26 10:10:28', '2018-11-26 10:10:28', NULL),
(149, 'Malaysia', 'en', '2018-11-26 10:10:28', '2018-11-26 10:10:28', NULL),
(150, 'Mosambik', 'de', '2018-11-26 10:10:28', '2018-11-26 10:10:28', NULL),
(150, 'Mozambique', 'en', '2018-11-26 10:10:28', '2018-11-26 10:10:28', NULL),
(151, 'Namibia', 'de', '2018-11-26 10:10:28', '2018-11-26 10:10:28', NULL),
(151, 'Namibia', 'en', '2018-11-26 10:10:28', '2018-11-26 10:10:28', NULL),
(152, 'Neukaledonien', 'de', '2018-11-26 10:10:28', '2018-11-26 10:10:28', NULL),
(152, 'New Caledonia', 'en', '2018-11-26 10:10:28', '2018-11-26 10:10:28', NULL),
(153, 'Niger', 'de', '2018-11-26 10:10:28', '2018-11-26 10:10:28', NULL),
(153, 'Niger', 'en', '2018-11-26 10:10:28', '2018-11-26 10:10:28', NULL),
(154, 'Norfolkinsel', 'de', '2018-11-26 10:10:28', '2018-11-26 10:10:28', NULL),
(154, 'Norfolk Island', 'en', '2018-11-26 10:10:28', '2018-11-26 10:10:28', NULL),
(155, 'Nigeria', 'de', '2018-11-26 10:10:28', '2018-11-26 10:10:28', NULL),
(155, 'Nigeria', 'en', '2018-11-26 10:10:28', '2018-11-26 10:10:28', NULL),
(156, 'Nicaragua', 'de', '2018-11-26 10:10:28', '2018-11-26 10:10:28', NULL),
(156, 'Nicaragua', 'en', '2018-11-26 10:10:28', '2018-11-26 10:10:28', NULL),
(157, 'Niederlande', 'de', '2018-11-26 10:10:28', '2018-11-26 10:10:28', NULL),
(157, 'Netherlands', 'en', '2018-11-26 10:10:28', '2018-11-26 10:10:28', NULL),
(158, 'Norwegen', 'de', '2018-11-26 10:10:28', '2018-11-26 10:10:28', NULL),
(158, 'Norway', 'en', '2018-11-26 10:10:28', '2018-11-26 10:10:28', NULL),
(159, 'Nepal', 'de', '2018-11-26 10:10:28', '2018-11-26 10:10:28', NULL),
(159, 'Nepal', 'en', '2018-11-26 10:10:28', '2018-11-26 10:10:28', NULL),
(160, 'Nauru', 'de', '2018-11-26 10:10:28', '2018-11-26 10:10:28', NULL),
(160, 'Nauru', 'en', '2018-11-26 10:10:28', '2018-11-26 10:10:28', NULL),
(161, 'Niue', 'de', '2018-11-26 10:10:28', '2018-11-26 10:10:28', NULL),
(161, 'Niue', 'en', '2018-11-26 10:10:28', '2018-11-26 10:10:28', NULL),
(162, 'Neuseeland', 'de', '2018-11-26 10:10:28', '2018-11-26 10:10:28', NULL),
(162, 'New Zealand', 'en', '2018-11-26 10:10:28', '2018-11-26 10:10:28', NULL),
(163, 'Oman', 'de', '2018-11-26 10:10:28', '2018-11-26 10:10:28', NULL),
(163, 'Oman', 'en', '2018-11-26 10:10:28', '2018-11-26 10:10:28', NULL),
(164, 'Panama', 'de', '2018-11-26 10:10:28', '2018-11-26 10:10:28', NULL),
(164, 'Panama', 'en', '2018-11-26 10:10:28', '2018-11-26 10:10:28', NULL),
(165, 'Peru', 'de', '2018-11-26 10:10:28', '2018-11-26 10:10:28', NULL),
(165, 'Peru', 'en', '2018-11-26 10:10:28', '2018-11-26 10:10:28', NULL),
(166, 'Französisch-Polynesien', 'de', '2018-11-26 10:10:29', '2018-11-26 10:10:29', NULL),
(166, 'French Polynesia', 'en', '2018-11-26 10:10:29', '2018-11-26 10:10:29', NULL),
(167, 'Papua-Neuguinea', 'de', '2018-11-26 10:10:29', '2018-11-26 10:10:29', NULL),
(167, 'Papua New Guinea', 'en', '2018-11-26 10:10:29', '2018-11-26 10:10:29', NULL),
(168, 'Philippinen', 'de', '2018-11-26 10:10:29', '2018-11-26 10:10:29', NULL),
(168, 'Philippines', 'en', '2018-11-26 10:10:29', '2018-11-26 10:10:29', NULL),
(169, 'Pakistan', 'de', '2018-11-26 10:10:29', '2018-11-26 10:10:29', NULL),
(169, 'Pakistan', 'en', '2018-11-26 10:10:29', '2018-11-26 10:10:29', NULL),
(170, 'Polen', 'de', '2018-11-26 10:10:29', '2018-11-26 10:10:29', NULL),
(170, 'Poland', 'en', '2018-11-26 10:10:29', '2018-11-26 10:10:29', NULL),
(171, 'St. Pierre und Miquelon', 'de', '2018-11-26 10:10:29', '2018-11-26 10:10:29', NULL),
(171, 'Saint Pierre and Miquelon', 'en', '2018-11-26 10:10:29', '2018-11-26 10:10:29', NULL),
(172, 'Pitcairn', 'de', '2018-11-26 10:10:29', '2018-11-26 10:10:29', NULL),
(172, 'Pitcairn Islands', 'en', '2018-11-26 10:10:29', '2018-11-26 10:10:29', NULL),
(173, 'Puerto Rico', 'de', '2018-11-26 10:10:29', '2018-11-26 10:10:29', NULL),
(173, 'Puerto Rico', 'en', '2018-11-26 10:10:29', '2018-11-26 10:10:29', NULL),
(174, 'Portugal', 'de', '2018-11-26 10:10:29', '2018-11-26 10:10:29', NULL),
(174, 'Portugal', 'en', '2018-11-26 10:10:29', '2018-11-26 10:10:29', NULL),
(175, 'Palau', 'de', '2018-11-26 10:10:29', '2018-11-26 10:10:29', NULL),
(175, 'Palau', 'en', '2018-11-26 10:10:29', '2018-11-26 10:10:29', NULL),
(176, 'Paraguay', 'de', '2018-11-26 10:10:29', '2018-11-26 10:10:29', NULL),
(176, 'Paraguay', 'en', '2018-11-26 10:10:29', '2018-11-26 10:10:29', NULL),
(177, 'Katar', 'de', '2018-11-26 10:10:29', '2018-11-26 10:10:29', NULL),
(177, 'Qatar', 'en', '2018-11-26 10:10:29', '2018-11-26 10:10:29', NULL),
(178, 'Réunion', 'de', '2018-11-26 10:10:29', '2018-11-26 10:10:29', NULL),
(178, 'Reunion', 'en', '2018-11-26 10:10:29', '2018-11-26 10:10:29', NULL),
(179, 'Rumänien', 'de', '2018-11-26 10:10:29', '2018-11-26 10:10:29', NULL),
(179, 'Romania', 'en', '2018-11-26 10:10:29', '2018-11-26 10:10:29', NULL),
(180, 'Russische Föderation', 'de', '2018-11-26 10:10:29', '2018-11-26 10:10:29', NULL),
(180, 'Russia', 'en', '2018-11-26 10:10:29', '2018-11-26 10:10:29', NULL),
(181, 'Ruanda', 'de', '2018-11-26 10:10:29', '2018-11-26 10:10:29', NULL),
(181, 'Rwanda', 'en', '2018-11-26 10:10:29', '2018-11-26 10:10:29', NULL),
(182, 'Saudi-Arabien', 'de', '2018-11-26 10:10:29', '2018-11-26 10:10:29', NULL),
(182, 'Saudi Arabia', 'en', '2018-11-26 10:10:29', '2018-11-26 10:10:29', NULL),
(183, 'Salomonen', 'de', '2018-11-26 10:10:29', '2018-11-26 10:10:29', NULL),
(183, 'Solomon Islands', 'en', '2018-11-26 10:10:29', '2018-11-26 10:10:29', NULL),
(184, 'Seychellen', 'de', '2018-11-26 10:10:29', '2018-11-26 10:10:29', NULL),
(184, 'Seychelles', 'en', '2018-11-26 10:10:29', '2018-11-26 10:10:29', NULL),
(185, 'Sudan', 'de', '2018-11-26 10:10:29', '2018-11-26 10:10:29', NULL),
(185, 'Sudan', 'en', '2018-11-26 10:10:29', '2018-11-26 10:10:29', NULL),
(186, 'Schweden', 'de', '2018-11-26 10:10:29', '2018-11-26 10:10:29', NULL),
(186, 'Sweden', 'en', '2018-11-26 10:10:29', '2018-11-26 10:10:29', NULL),
(187, 'Singapur', 'de', '2018-11-26 10:10:29', '2018-11-26 10:10:29', NULL),
(187, 'Singapore', 'en', '2018-11-26 10:10:29', '2018-11-26 10:10:29', NULL),
(188, 'St. Helena', 'de', '2018-11-26 10:10:29', '2018-11-26 10:10:29', NULL),
(188, 'Saint Helena', 'en', '2018-11-26 10:10:29', '2018-11-26 10:10:29', NULL),
(189, 'Slowenien', 'de', '2018-11-26 10:10:29', '2018-11-26 10:10:29', NULL),
(189, 'Slovenia', 'en', '2018-11-26 10:10:29', '2018-11-26 10:10:29', NULL),
(190, 'Svalbard und Jan Mayen', 'de', '2018-11-26 10:10:29', '2018-11-26 10:10:29', NULL),
(190, 'Svalbard', 'en', '2018-11-26 10:10:29', '2018-11-26 10:10:29', NULL),
(191, 'Slowakei', 'de', '2018-11-26 10:10:29', '2018-11-26 10:10:29', NULL),
(191, 'Slovakia', 'en', '2018-11-26 10:10:29', '2018-11-26 10:10:29', NULL),
(192, 'Sierra Leone', 'de', '2018-11-26 10:10:29', '2018-11-26 10:10:29', NULL),
(192, 'Sierra Leone', 'en', '2018-11-26 10:10:29', '2018-11-26 10:10:29', NULL),
(193, 'San Marino', 'de', '2018-11-26 10:10:29', '2018-11-26 10:10:29', NULL),
(193, 'San Marino', 'en', '2018-11-26 10:10:29', '2018-11-26 10:10:29', NULL),
(194, 'Senegal', 'de', '2018-11-26 10:10:29', '2018-11-26 10:10:29', NULL),
(194, 'Senegal', 'en', '2018-11-26 10:10:29', '2018-11-26 10:10:29', NULL),
(195, 'Somalia', 'de', '2018-11-26 10:10:29', '2018-11-26 10:10:29', NULL),
(195, 'Somalia', 'en', '2018-11-26 10:10:29', '2018-11-26 10:10:29', NULL),
(196, 'Suriname', 'de', '2018-11-26 10:10:29', '2018-11-26 10:10:29', NULL),
(196, 'Suriname', 'en', '2018-11-26 10:10:29', '2018-11-26 10:10:29', NULL),
(197, 'São Tomé und Príncipe', 'de', '2018-11-26 10:10:29', '2018-11-26 10:10:29', NULL),
(197, 'São Tomé e Príncipe', 'en', '2018-11-26 10:10:29', '2018-11-26 10:10:29', NULL),
(198, 'El Salvador', 'de', '2018-11-26 10:10:29', '2018-11-26 10:10:29', NULL),
(198, 'El Salvador', 'en', '2018-11-26 10:10:29', '2018-11-26 10:10:29', NULL),
(199, 'Syrien', 'de', '2018-11-26 10:10:29', '2018-11-26 10:10:29', NULL),
(199, 'Syria', 'en', '2018-11-26 10:10:29', '2018-11-26 10:10:29', NULL),
(200, 'Swasiland', 'de', '2018-11-26 10:10:29', '2018-11-26 10:10:29', NULL),
(200, 'Swaziland', 'en', '2018-11-26 10:10:29', '2018-11-26 10:10:29', NULL),
(201, 'Turks- und Caicosinseln', 'de', '2018-11-26 10:10:29', '2018-11-26 10:10:29', NULL),
(201, 'Turks and Caicos Islands', 'en', '2018-11-26 10:10:29', '2018-11-26 10:10:29', NULL),
(202, 'Tschad', 'de', '2018-11-26 10:10:29', '2018-11-26 10:10:29', NULL),
(202, 'Chad', 'en', '2018-11-26 10:10:29', '2018-11-26 10:10:29', NULL),
(203, 'Französische Süd- und Antarktisgebiete', 'de', '2018-11-26 10:10:29', '2018-11-26 10:10:29', NULL),
(203, 'French Southern Territories', 'en', '2018-11-26 10:10:29', '2018-11-26 10:10:29', NULL),
(204, 'Togo', 'de', '2018-11-26 10:10:29', '2018-11-26 10:10:29', NULL),
(204, 'Togo', 'en', '2018-11-26 10:10:29', '2018-11-26 10:10:29', NULL),
(205, 'Thailand', 'de', '2018-11-26 10:10:29', '2018-11-26 10:10:29', NULL),
(205, 'Thailand', 'en', '2018-11-26 10:10:29', '2018-11-26 10:10:29', NULL),
(206, 'Tadschikistan', 'de', '2018-11-26 10:10:29', '2018-11-26 10:10:29', NULL),
(206, 'Tajikistan', 'en', '2018-11-26 10:10:29', '2018-11-26 10:10:29', NULL),
(207, 'Tokelau', 'de', '2018-11-26 10:10:29', '2018-11-26 10:10:29', NULL),
(207, 'Tokelau', 'en', '2018-11-26 10:10:29', '2018-11-26 10:10:29', NULL),
(208, 'Turkmenistan', 'de', '2018-11-26 10:10:29', '2018-11-26 10:10:29', NULL),
(208, 'Turkmenistan', 'en', '2018-11-26 10:10:29', '2018-11-26 10:10:29', NULL),
(209, 'Tunesien', 'de', '2018-11-26 10:10:29', '2018-11-26 10:10:29', NULL),
(209, 'Tunisia', 'en', '2018-11-26 10:10:29', '2018-11-26 10:10:29', NULL),
(210, 'Tonga', 'de', '2018-11-26 10:10:29', '2018-11-26 10:10:29', NULL),
(210, 'Tonga', 'en', '2018-11-26 10:10:29', '2018-11-26 10:10:29', NULL),
(211, 'Osttimor', 'de', '2018-11-26 10:10:29', '2018-11-26 10:10:29', NULL),
(211, 'Timor-Leste', 'en', '2018-11-26 10:10:29', '2018-11-26 10:10:29', NULL),
(212, 'Türkei', 'de', '2018-11-26 10:10:29', '2018-11-26 10:10:29', NULL),
(212, 'Turkey', 'en', '2018-11-26 10:10:29', '2018-11-26 10:10:29', NULL),
(213, 'Trinidad und Tobago', 'de', '2018-11-26 10:10:29', '2018-11-26 10:10:29', NULL),
(213, 'Trinidad and Tobago', 'en', '2018-11-26 10:10:29', '2018-11-26 10:10:29', NULL),
(214, 'Tuvalu', 'de', '2018-11-26 10:10:29', '2018-11-26 10:10:29', NULL),
(214, 'Tuvalu', 'en', '2018-11-26 10:10:29', '2018-11-26 10:10:29', NULL),
(215, 'Taiwan', 'de', '2018-11-26 10:10:29', '2018-11-26 10:10:29', NULL),
(215, 'Taiwan', 'en', '2018-11-26 10:10:29', '2018-11-26 10:10:29', NULL),
(216, 'Tansania', 'de', '2018-11-26 10:10:29', '2018-11-26 10:10:29', NULL),
(216, 'Tanzania', 'en', '2018-11-26 10:10:29', '2018-11-26 10:10:29', NULL),
(217, 'Ukraine', 'de', '2018-11-26 10:10:29', '2018-11-26 10:10:29', NULL),
(217, 'Ukraine', 'en', '2018-11-26 10:10:29', '2018-11-26 10:10:29', NULL),
(218, 'Uganda', 'de', '2018-11-26 10:10:29', '2018-11-26 10:10:29', NULL),
(218, 'Uganda', 'en', '2018-11-26 10:10:29', '2018-11-26 10:10:29', NULL),
(219, 'Amerikanisch-Ozeanien', 'de', '2018-11-26 10:10:29', '2018-11-26 10:10:29', NULL),
(219, 'United States Minor Outlying Islands', 'en', '2018-11-26 10:10:29', '2018-11-26 10:10:29', NULL),
(220, 'Vereinigte Staaten', 'de', '2018-11-26 10:10:29', '2018-11-26 10:10:29', NULL),
(220, 'United States', 'en', '2018-11-26 10:10:29', '2018-11-26 10:10:29', NULL),
(221, 'Uruguay', 'de', '2018-11-26 10:10:29', '2018-11-26 10:10:29', NULL),
(221, 'Uruguay', 'en', '2018-11-26 10:10:29', '2018-11-26 10:10:29', NULL),
(222, 'Usbekistan', 'de', '2018-11-26 10:10:29', '2018-11-26 10:10:29', NULL),
(222, 'Uzbekistan', 'en', '2018-11-26 10:10:29', '2018-11-26 10:10:29', NULL),
(223, 'Vatikanstaat', 'de', '2018-11-26 10:10:29', '2018-11-26 10:10:29', NULL),
(223, 'Vatican City', 'en', '2018-11-26 10:10:29', '2018-11-26 10:10:29', NULL),
(224, 'St. Vinzent und die Grenadinen', 'de', '2018-11-26 10:10:29', '2018-11-26 10:10:29', NULL),
(224, 'Saint Vincent and the Grenadines', 'en', '2018-11-26 10:10:29', '2018-11-26 10:10:29', NULL),
(225, 'Venezuela', 'de', '2018-11-26 10:10:29', '2018-11-26 10:10:29', NULL),
(225, 'Venezuela', 'en', '2018-11-26 10:10:29', '2018-11-26 10:10:29', NULL),
(226, 'Britische Jungferninseln', 'de', '2018-11-26 10:10:29', '2018-11-26 10:10:29', NULL),
(226, 'British Virgin Islands', 'en', '2018-11-26 10:10:29', '2018-11-26 10:10:29', NULL),
(227, 'Amerikanische Jungferninseln', 'de', '2018-11-26 10:10:29', '2018-11-26 10:10:29', NULL),
(227, 'US Virgin Islands', 'en', '2018-11-26 10:10:29', '2018-11-26 10:10:29', NULL),
(228, 'Vietnam', 'de', '2018-11-26 10:10:29', '2018-11-26 10:10:29', NULL),
(228, 'Vietnam', 'en', '2018-11-26 10:10:29', '2018-11-26 10:10:29', NULL),
(229, 'Vanuatu', 'de', '2018-11-26 10:10:29', '2018-11-26 10:10:29', NULL),
(229, 'Vanuatu', 'en', '2018-11-26 10:10:29', '2018-11-26 10:10:29', NULL),
(230, 'Wallis und Futuna', 'de', '2018-11-26 10:10:29', '2018-11-26 10:10:29', NULL),
(230, 'Wallis and Futuna', 'en', '2018-11-26 10:10:29', '2018-11-26 10:10:29', NULL),
(231, 'Samoa', 'de', '2018-11-26 10:10:29', '2018-11-26 10:10:29', NULL),
(231, 'Samoa', 'en', '2018-11-26 10:10:29', '2018-11-26 10:10:29', NULL),
(232, 'Jemen', 'de', '2018-11-26 10:10:29', '2018-11-26 10:10:29', NULL),
(232, 'Yemen', 'en', '2018-11-26 10:10:29', '2018-11-26 10:10:29', NULL),
(233, 'Mayotte', 'de', '2018-11-26 10:10:29', '2018-11-26 10:10:29', NULL),
(233, 'Mayotte', 'en', '2018-11-26 10:10:29', '2018-11-26 10:10:29', NULL),
(235, 'Südafrika', 'de', '2018-11-26 10:10:29', '2018-11-26 10:10:29', NULL),
(235, 'South Africa', 'en', '2018-11-26 10:10:29', '2018-11-26 10:10:29', NULL),
(236, 'Sambia', 'de', '2018-11-26 10:10:29', '2018-11-26 10:10:29', NULL),
(236, 'Zambia', 'en', '2018-11-26 10:10:29', '2018-11-26 10:10:29', NULL),
(237, 'Simbabwe', 'de', '2018-11-26 10:10:29', '2018-11-26 10:10:29', NULL),
(237, 'Zimbabwe', 'en', '2018-11-26 10:10:29', '2018-11-26 10:10:29', NULL),
(238, 'Palästinensische Gebiete', 'de', '2018-11-26 10:10:29', '2018-11-26 10:10:29', NULL),
(238, 'Palestine', 'en', '2018-11-26 10:10:29', '2018-11-26 10:10:29', NULL),
(239, 'Serbien und Montenegro', 'de', '2018-11-26 10:10:29', '2018-11-26 10:10:29', NULL),
(239, 'Serbia and Montenegro', 'en', '2018-11-26 10:10:29', '2018-11-26 10:10:29', NULL),
(240, 'Alandinseln', 'de', '2018-11-26 10:10:29', '2018-11-26 10:10:29', NULL),
(240, 'Åland Islands', 'en', '2018-11-26 10:10:29', '2018-11-26 10:10:29', NULL),
(241, 'Heard und McDonaldinseln', 'de', '2018-11-26 10:10:29', '2018-11-26 10:10:29', NULL),
(241, 'Heard Island and McDonald Islands', 'en', '2018-11-26 10:10:29', '2018-11-26 10:10:29', NULL),
(242, 'Montenegro', 'de', '2018-11-26 10:10:29', '2018-11-26 10:10:29', NULL),
(242, 'Montenegro', 'en', '2018-11-26 10:10:29', '2018-11-26 10:10:29', NULL),
(243, 'Serbien', 'de', '2018-11-26 10:10:29', '2018-11-26 10:10:29', NULL),
(243, 'Serbia', 'en', '2018-11-26 10:10:29', '2018-11-26 10:10:29', NULL);

-- --------------------------------------------------------

--
-- Tabellenstruktur für Tabelle `country_zone`
--

CREATE TABLE `country_zone` (
  `id` bigint(20) UNSIGNED NOT NULL,
  `country_iso_3` varchar(3) COLLATE utf8_bin NOT NULL,
  `zone_code` varchar(45) COLLATE utf8_bin DEFAULT NULL,
  `name_local` varchar(128) COLLATE utf8_bin DEFAULT NULL,
  `created_at` datetime NOT NULL,
  `updated_at` datetime NOT NULL,
  `deleted_at` datetime DEFAULT NULL
) ENGINE=InnoDB DEFAULT CHARSET=utf8 COLLATE=utf8_bin;

--
-- Daten für Tabelle `country_zone`
--

INSERT INTO `country_zone` (`id`, `country_iso_3`, `zone_code`, `name_local`, `created_at`, `updated_at`, `deleted_at`) VALUES
(1, 'USA', NULL, 'Alabama', '2018-11-26 10:10:29', '2018-11-26 10:10:29', NULL),
(2, 'USA', NULL, 'Alaska', '2018-11-26 10:10:29', '2018-11-26 10:10:29', NULL),
(4, 'USA', NULL, 'Arizona', '2018-11-26 10:10:29', '2018-11-26 10:10:29', NULL),
(5, 'USA', NULL, 'Arkansas', '2018-11-26 10:10:29', '2018-11-26 10:10:29', NULL),
(12, 'USA', NULL, 'California', '2018-11-26 10:10:29', '2018-11-26 10:10:29', NULL),
(13, 'USA', NULL, 'Colorado', '2018-11-26 10:10:29', '2018-11-26 10:10:29', NULL),
(14, 'USA', NULL, 'Connecticut', '2018-11-26 10:10:29', '2018-11-26 10:10:29', NULL),
(15, 'USA', NULL, 'Delaware', '2018-11-26 10:10:29', '2018-11-26 10:10:29', NULL),
(16, 'USA', NULL, 'District of Columbia', '2018-11-26 10:10:29', '2018-11-26 10:10:29', NULL),
(18, 'USA', NULL, 'Florida', '2018-11-26 10:10:29', '2018-11-26 10:10:29', NULL),
(19, 'USA', NULL, 'Georgia', '2018-11-26 10:10:29', '2018-11-26 10:10:29', NULL),
(20, 'USA', NULL, 'Guam', '2018-11-26 10:10:29', '2018-11-26 10:10:29', NULL),
(21, 'USA', NULL, 'Hawaii', '2018-11-26 10:10:29', '2018-11-26 10:10:29', NULL),
(22, 'USA', NULL, 'Idaho', '2018-11-26 10:10:29', '2018-11-26 10:10:29', NULL),
(23, 'USA', NULL, 'Illinois', '2018-11-26 10:10:29', '2018-11-26 10:10:29', NULL),
(24, 'USA', NULL, 'Indiana', '2018-11-26 10:10:29', '2018-11-26 10:10:29', NULL),
(25, 'USA', NULL, 'Iowa', '2018-11-26 10:10:29', '2018-11-26 10:10:29', NULL),
(26, 'USA', NULL, 'Kansas', '2018-11-26 10:10:29', '2018-11-26 10:10:29', NULL),
(27, 'USA', NULL, 'Kentucky', '2018-11-26 10:10:29', '2018-11-26 10:10:29', NULL),
(28, 'USA', NULL, 'Louisiana', '2018-11-26 10:10:29', '2018-11-26 10:10:29', NULL),
(29, 'USA', NULL, 'Maine', '2018-11-26 10:10:29', '2018-11-26 10:10:29', NULL),
(31, 'USA', NULL, 'Maryland', '2018-11-26 10:10:29', '2018-11-26 10:10:29', NULL),
(32, 'USA', NULL, 'Massachusetts', '2018-11-26 10:10:29', '2018-11-26 10:10:29', NULL),
(33, 'USA', NULL, 'Michigan', '2018-11-26 10:10:29', '2018-11-26 10:10:29', NULL),
(34, 'USA', NULL, 'Minnesota', '2018-11-26 10:10:29', '2018-11-26 10:10:29', NULL),
(35, 'USA', NULL, 'Mississippi', '2018-11-26 10:10:29', '2018-11-26 10:10:29', NULL),
(36, 'USA', NULL, 'Missouri', '2018-11-26 10:10:29', '2018-11-26 10:10:29', NULL),
(37, 'USA', NULL, 'Montana', '2018-11-26 10:10:29', '2018-11-26 10:10:29', NULL),
(38, 'USA', NULL, 'Nebraska', '2018-11-26 10:10:29', '2018-11-26 10:10:29', NULL),
(39, 'USA', NULL, 'Nevada', '2018-11-26 10:10:29', '2018-11-26 10:10:29', NULL),
(40, 'USA', NULL, 'New Hampshire', '2018-11-26 10:10:29', '2018-11-26 10:10:29', NULL),
(41, 'USA', NULL, 'New Jersey', '2018-11-26 10:10:29', '2018-11-26 10:10:29', NULL),
(42, 'USA', NULL, 'New Mexico', '2018-11-26 10:10:29', '2018-11-26 10:10:29', NULL),
(43, 'USA', NULL, 'New York', '2018-11-26 10:10:29', '2018-11-26 10:10:29', NULL),
(44, 'USA', NULL, 'North Carolina', '2018-11-26 10:10:29', '2018-11-26 10:10:29', NULL),
(45, 'USA', NULL, 'North Dakota', '2018-11-26 10:10:29', '2018-11-26 10:10:29', NULL),
(47, 'USA', NULL, 'Ohio', '2018-11-26 10:10:29', '2018-11-26 10:10:29', NULL),
(48, 'USA', NULL, 'Oklahoma', '2018-11-26 10:10:29', '2018-11-26 10:10:29', NULL),
(49, 'USA', NULL, 'Oregon', '2018-11-26 10:10:29', '2018-11-26 10:10:29', NULL),
(51, 'USA', NULL, 'Pennsylvania', '2018-11-26 10:10:29', '2018-11-26 10:10:29', NULL),
(52, 'USA', NULL, 'Puerto Rico', '2018-11-26 10:10:29', '2018-11-26 10:10:29', NULL),
(53, 'USA', NULL, 'Rhode Island', '2018-11-26 10:10:29', '2018-11-26 10:10:29', NULL),
(54, 'USA', NULL, 'South Carolina', '2018-11-26 10:10:29', '2018-11-26 10:10:29', NULL),
(55, 'USA', NULL, 'South Dakota', '2018-11-26 10:10:29', '2018-11-26 10:10:29', NULL),
(56, 'USA', NULL, 'Tennessee', '2018-11-26 10:10:29', '2018-11-26 10:10:29', NULL),
(57, 'USA', NULL, 'Texas', '2018-11-26 10:10:29', '2018-11-26 10:10:29', NULL),
(58, 'USA', NULL, 'Utah', '2018-11-26 10:10:29', '2018-11-26 10:10:29', NULL),
(59, 'USA', NULL, 'Vermont', '2018-11-26 10:10:29', '2018-11-26 10:10:29', NULL),
(61, 'USA', NULL, 'Virginia', '2018-11-26 10:10:29', '2018-11-26 10:10:29', NULL),
(62, 'USA', NULL, 'Washington', '2018-11-26 10:10:29', '2018-11-26 10:10:29', NULL),
(63, 'USA', NULL, 'West Virginia', '2018-11-26 10:10:29', '2018-11-26 10:10:29', NULL),
(64, 'USA', NULL, 'Wisconsin', '2018-11-26 10:10:29', '2018-11-26 10:10:29', NULL),
(65, 'USA', NULL, 'Wyoming', '2018-11-26 10:10:29', '2018-11-26 10:10:29', NULL),
(66, 'CAN', NULL, 'Alberta', '2018-11-26 10:10:29', '2018-11-26 10:10:29', NULL),
(67, 'CAN', NULL, 'British Columbia', '2018-11-26 10:10:29', '2018-11-26 10:10:29', NULL),
(68, 'CAN', NULL, 'Manitoba', '2018-11-26 10:10:29', '2018-11-26 10:10:29', NULL),
(69, 'CAN', NULL, 'Newfoundland and Labrabor', '2018-11-26 10:10:29', '2018-11-26 10:10:29', NULL),
(70, 'CAN', NULL, 'New Brunswick', '2018-11-26 10:10:29', '2018-11-26 10:10:29', NULL),
(71, 'CAN', NULL, 'Nova Scotia', '2018-11-26 10:10:29', '2018-11-26 10:10:29', NULL),
(72, 'CAN', NULL, 'Northwest Territories', '2018-11-26 10:10:29', '2018-11-26 10:10:29', NULL),
(73, 'CAN', NULL, 'Nunavut', '2018-11-26 10:10:29', '2018-11-26 10:10:29', NULL),
(74, 'CAN', NULL, 'Ontario', '2018-11-26 10:10:29', '2018-11-26 10:10:29', NULL),
(75, 'CAN', NULL, 'Prince Edward Island', '2018-11-26 10:10:29', '2018-11-26 10:10:29', NULL),
(76, 'CAN', NULL, 'Québec', '2018-11-26 10:10:29', '2018-11-26 10:10:29', NULL),
(77, 'CAN', NULL, 'Saskatchewan', '2018-11-26 10:10:29', '2018-11-26 10:10:29', NULL),
(78, 'CAN', NULL, 'Yukon Territory', '2018-11-26 10:10:29', '2018-11-26 10:10:29', NULL),
(79, 'DEU', NULL, 'Niedersachsen', '2018-11-26 10:10:29', '2018-11-26 10:10:29', NULL),
(80, 'DEU', NULL, 'Baden-Württemberg', '2018-11-26 10:10:29', '2018-11-26 10:10:29', NULL),
(81, 'DEU', NULL, 'Bayern', '2018-11-26 10:10:29', '2018-11-26 10:10:29', NULL),
(82, 'DEU', NULL, 'Berlin', '2018-11-26 10:10:29', '2018-11-26 10:10:29', NULL),
(83, 'DEU', NULL, 'Brandenburg', '2018-11-26 10:10:29', '2018-11-26 10:10:29', NULL),
(84, 'DEU', NULL, 'Bremen', '2018-11-26 10:10:29', '2018-11-26 10:10:29', NULL),
(85, 'DEU', NULL, 'Hamburg', '2018-11-26 10:10:29', '2018-11-26 10:10:29', NULL),
(86, 'DEU', NULL, 'Hessen', '2018-11-26 10:10:29', '2018-11-26 10:10:29', NULL),
(87, 'DEU', NULL, 'Mecklenburg-Vorpommern', '2018-11-26 10:10:29', '2018-11-26 10:10:29', NULL),
(88, 'DEU', NULL, 'Nordrhein-Westfalen', '2018-11-26 10:10:29', '2018-11-26 10:10:29', NULL),
(89, 'DEU', NULL, 'Rheinland-Pfalz', '2018-11-26 10:10:29', '2018-11-26 10:10:29', NULL),
(90, 'DEU', NULL, 'Saarland', '2018-11-26 10:10:29', '2018-11-26 10:10:29', NULL),
(91, 'DEU', NULL, 'Sachsen', '2018-11-26 10:10:29', '2018-11-26 10:10:29', NULL),
(92, 'DEU', NULL, 'Sachsen-Anhalt', '2018-11-26 10:10:29', '2018-11-26 10:10:29', NULL),
(93, 'DEU', NULL, 'Schleswig-Holstein', '2018-11-26 10:10:29', '2018-11-26 10:10:29', NULL),
(94, 'DEU', NULL, 'Thüringen', '2018-11-26 10:10:29', '2018-11-26 10:10:29', NULL),
(95, 'AUT', NULL, 'Wien', '2018-11-26 10:10:29', '2018-11-26 10:10:29', NULL),
(96, 'AUT', NULL, 'Niederösterreich', '2018-11-26 10:10:29', '2018-11-26 10:10:29', NULL),
(97, 'AUT', NULL, 'Oberösterreich', '2018-11-26 10:10:29', '2018-11-26 10:10:29', NULL),
(98, 'AUT', NULL, 'Salzburg', '2018-11-26 10:10:29', '2018-11-26 10:10:29', NULL),
(99, 'AUT', NULL, 'Kärnten', '2018-11-26 10:10:29', '2018-11-26 10:10:29', NULL),
(100, 'AUT', NULL, 'Steiermark', '2018-11-26 10:10:29', '2018-11-26 10:10:29', NULL),
(101, 'AUT', NULL, 'Tirol', '2018-11-26 10:10:29', '2018-11-26 10:10:29', NULL),
(102, 'AUT', NULL, 'Burgenland', '2018-11-26 10:10:29', '2018-11-26 10:10:29', NULL),
(103, 'AUT', NULL, 'Vorarlberg', '2018-11-26 10:10:29', '2018-11-26 10:10:29', NULL),
(104, 'CHE', NULL, 'Aargau', '2018-11-26 10:10:29', '2018-11-26 10:10:29', NULL),
(105, 'CHE', NULL, 'Appenzell Innerrhoden', '2018-11-26 10:10:29', '2018-11-26 10:10:29', NULL),
(106, 'CHE', NULL, 'Appenzell Ausserrhoden', '2018-11-26 10:10:29', '2018-11-26 10:10:29', NULL),
(107, 'CHE', NULL, 'Bern', '2018-11-26 10:10:29', '2018-11-26 10:10:29', NULL),
(108, 'CHE', NULL, 'Basel-Landschaft', '2018-11-26 10:10:29', '2018-11-26 10:10:29', NULL),
(109, 'CHE', NULL, 'Basel-Stadt', '2018-11-26 10:10:29', '2018-11-26 10:10:29', NULL),
(110, 'CHE', NULL, 'Freiburg', '2018-11-26 10:10:29', '2018-11-26 10:10:29', NULL),
(111, 'CHE', NULL, 'Genf', '2018-11-26 10:10:29', '2018-11-26 10:10:29', NULL),
(112, 'CHE', NULL, 'Glarus', '2018-11-26 10:10:29', '2018-11-26 10:10:29', NULL),
(113, 'CHE', NULL, 'Graubünden', '2018-11-26 10:10:29', '2018-11-26 10:10:29', NULL),
(114, 'CHE', NULL, 'Jura', '2018-11-26 10:10:29', '2018-11-26 10:10:29', NULL),
(115, 'CHE', NULL, 'Luzern', '2018-11-26 10:10:29', '2018-11-26 10:10:29', NULL),
(116, 'CHE', NULL, 'Neuenburg', '2018-11-26 10:10:29', '2018-11-26 10:10:29', NULL),
(117, 'CHE', NULL, 'Nidwalden', '2018-11-26 10:10:29', '2018-11-26 10:10:29', NULL),
(118, 'CHE', NULL, 'Obwalden', '2018-11-26 10:10:29', '2018-11-26 10:10:29', NULL),
(119, 'CHE', NULL, 'St. Gallen', '2018-11-26 10:10:29', '2018-11-26 10:10:29', NULL),
(120, 'CHE', NULL, 'Schaffhausen', '2018-11-26 10:10:29', '2018-11-26 10:10:29', NULL),
(121, 'CHE', NULL, 'Solothurn', '2018-11-26 10:10:29', '2018-11-26 10:10:29', NULL),
(122, 'CHE', NULL, 'Schwyz', '2018-11-26 10:10:29', '2018-11-26 10:10:29', NULL),
(123, 'CHE', NULL, 'Thurgau', '2018-11-26 10:10:29', '2018-11-26 10:10:29', NULL),
(124, 'CHE', NULL, 'Tessin', '2018-11-26 10:10:29', '2018-11-26 10:10:29', NULL),
(125, 'CHE', NULL, 'Uri', '2018-11-26 10:10:29', '2018-11-26 10:10:29', NULL),
(126, 'CHE', NULL, 'Waadt', '2018-11-26 10:10:29', '2018-11-26 10:10:29', NULL),
(127, 'CHE', NULL, 'Wallis', '2018-11-26 10:10:29', '2018-11-26 10:10:29', NULL),
(128, 'CHE', NULL, 'Zug', '2018-11-26 10:10:29', '2018-11-26 10:10:29', NULL),
(129, 'CHE', NULL, 'Zürich', '2018-11-26 10:10:29', '2018-11-26 10:10:29', NULL),
(130, 'ESP', NULL, 'Alava', '2018-11-26 10:10:29', '2018-11-26 10:10:29', NULL),
(131, 'ESP', NULL, 'Malaga', '2018-11-26 10:10:29', '2018-11-26 10:10:29', NULL),
(132, 'ESP', NULL, 'Segovia', '2018-11-26 10:10:29', '2018-11-26 10:10:29', NULL),
(133, 'ESP', NULL, 'Granada', '2018-11-26 10:10:29', '2018-11-26 10:10:29', NULL),
(134, 'ESP', NULL, 'Jaen', '2018-11-26 10:10:29', '2018-11-26 10:10:29', NULL),
(135, 'ESP', NULL, 'Sevilla', '2018-11-26 10:10:29', '2018-11-26 10:10:29', NULL),
(136, 'ESP', NULL, 'Barcelona', '2018-11-26 10:10:29', '2018-11-26 10:10:29', NULL),
(137, 'ESP', NULL, 'Valencia', '2018-11-26 10:10:29', '2018-11-26 10:10:29', NULL),
(138, 'ESP', NULL, 'Alicante', '2018-11-26 10:10:29', '2018-11-26 10:10:29', NULL),
(139, 'ESP', NULL, 'Almeria', '2018-11-26 10:10:29', '2018-11-26 10:10:29', NULL),
(140, 'ESP', NULL, 'Asturias', '2018-11-26 10:10:29', '2018-11-26 10:10:29', NULL),
(141, 'ESP', NULL, 'Avila', '2018-11-26 10:10:29', '2018-11-26 10:10:29', NULL),
(142, 'ESP', NULL, 'Badajoz', '2018-11-26 10:10:29', '2018-11-26 10:10:29', NULL),
(143, 'ESP', NULL, 'Burgos', '2018-11-26 10:10:29', '2018-11-26 10:10:29', NULL),
(144, 'ESP', NULL, 'Caceres', '2018-11-26 10:10:29', '2018-11-26 10:10:29', NULL),
(145, 'ESP', NULL, 'Cadiz', '2018-11-26 10:10:29', '2018-11-26 10:10:29', NULL),
(146, 'ESP', NULL, 'Cantabria', '2018-11-26 10:10:29', '2018-11-26 10:10:29', NULL),
(147, 'ESP', NULL, 'Castellon', '2018-11-26 10:10:29', '2018-11-26 10:10:29', NULL),
(148, 'ESP', NULL, 'Ceuta', '2018-11-26 10:10:29', '2018-11-26 10:10:29', NULL),
(149, 'ESP', NULL, 'Ciudad Real', '2018-11-26 10:10:29', '2018-11-26 10:10:29', NULL),
(150, 'ESP', NULL, 'Cordoba', '2018-11-26 10:10:29', '2018-11-26 10:10:29', NULL),
(151, 'ESP', NULL, 'Cuenca', '2018-11-26 10:10:29', '2018-11-26 10:10:29', NULL),
(152, 'ESP', NULL, 'Girona', '2018-11-26 10:10:29', '2018-11-26 10:10:29', NULL),
(153, 'ESP', NULL, 'Las Palmas', '2018-11-26 10:10:29', '2018-11-26 10:10:29', NULL),
(154, 'ESP', NULL, 'Guadalajara', '2018-11-26 10:10:29', '2018-11-26 10:10:29', NULL),
(155, 'ESP', NULL, 'Guipuzcoa', '2018-11-26 10:10:29', '2018-11-26 10:10:29', NULL),
(156, 'ESP', NULL, 'Huelva', '2018-11-26 10:10:29', '2018-11-26 10:10:29', NULL),
(157, 'ESP', NULL, 'Huesca', '2018-11-26 10:10:29', '2018-11-26 10:10:29', NULL),
(158, 'ESP', NULL, 'A Coruña', '2018-11-26 10:10:29', '2018-11-26 10:10:29', NULL),
(159, 'ESP', NULL, 'La Rioja', '2018-11-26 10:10:29', '2018-11-26 10:10:29', NULL),
(160, 'ESP', NULL, 'Leon', '2018-11-26 10:10:29', '2018-11-26 10:10:29', NULL),
(161, 'ESP', NULL, 'Lugo', '2018-11-26 10:10:29', '2018-11-26 10:10:29', NULL),
(162, 'ESP', NULL, 'Lleida', '2018-11-26 10:10:29', '2018-11-26 10:10:29', NULL),
(163, 'ESP', NULL, 'Madrid', '2018-11-26 10:10:29', '2018-11-26 10:10:29', NULL),
(164, 'ESP', NULL, 'Baleares', '2018-11-26 10:10:29', '2018-11-26 10:10:29', NULL),
(166, 'ESP', NULL, 'Murcia', '2018-11-26 10:10:29', '2018-11-26 10:10:29', NULL),
(167, 'ESP', NULL, 'Navarra', '2018-11-26 10:10:29', '2018-11-26 10:10:29', NULL),
(168, 'ESP', NULL, 'Ourense', '2018-11-26 10:10:29', '2018-11-26 10:10:29', NULL),
(169, 'ESP', NULL, 'Palencia', '2018-11-26 10:10:29', '2018-11-26 10:10:29', NULL),
(170, 'ESP', NULL, 'Pontevedra', '2018-11-26 10:10:29', '2018-11-26 10:10:29', NULL),
(171, 'ESP', NULL, 'Salamanca', '2018-11-26 10:10:29', '2018-11-26 10:10:29', NULL),
(172, 'ESP', NULL, 'Soria', '2018-11-26 10:10:29', '2018-11-26 10:10:29', NULL),
(173, 'ESP', NULL, 'Tarragona', '2018-11-26 10:10:29', '2018-11-26 10:10:29', NULL),
(174, 'ESP', NULL, 'Tenerife', '2018-11-26 10:10:29', '2018-11-26 10:10:29', NULL),
(175, 'ESP', NULL, 'Teruel', '2018-11-26 10:10:29', '2018-11-26 10:10:29', NULL),
(176, 'ESP', NULL, 'Toledo', '2018-11-26 10:10:29', '2018-11-26 10:10:29', NULL),
(177, 'ESP', NULL, 'Valladolid', '2018-11-26 10:10:29', '2018-11-26 10:10:29', NULL),
(178, 'ESP', NULL, 'Vizcaya', '2018-11-26 10:10:29', '2018-11-26 10:10:29', NULL),
(179, 'ESP', NULL, 'Zamora', '2018-11-26 10:10:29', '2018-11-26 10:10:29', NULL),
(180, 'ESP', NULL, 'Zaragoza', '2018-11-26 10:10:29', '2018-11-26 10:10:29', NULL),
(181, 'ESP', NULL, 'Melilla', '2018-11-26 10:10:29', '2018-11-26 10:10:29', NULL),
(182, 'MEX', NULL, 'Aguascalientes', '2018-11-26 10:10:29', '2018-11-26 10:10:29', NULL),
(183, 'MEX', NULL, 'Baja California Sur', '2018-11-26 10:10:29', '2018-11-26 10:10:29', NULL),
(184, 'MEX', NULL, 'Baja California Norte', '2018-11-26 10:10:29', '2018-11-26 10:10:29', NULL),
(185, 'MEX', NULL, 'Campeche', '2018-11-26 10:10:29', '2018-11-26 10:10:29', NULL),
(186, 'MEX', NULL, 'Chiapas', '2018-11-26 10:10:29', '2018-11-26 10:10:29', NULL),
(187, 'MEX', NULL, 'Chihuahua', '2018-11-26 10:10:29', '2018-11-26 10:10:29', NULL),
(188, 'MEX', NULL, 'Coahuila', '2018-11-26 10:10:29', '2018-11-26 10:10:29', NULL),
(189, 'MEX', NULL, 'Colima', '2018-11-26 10:10:29', '2018-11-26 10:10:29', NULL),
(190, 'MEX', NULL, 'Distrito Federal', '2018-11-26 10:10:29', '2018-11-26 10:10:29', NULL),
(191, 'MEX', NULL, 'Durango', '2018-11-26 10:10:29', '2018-11-26 10:10:29', NULL),
(192, 'MEX', NULL, 'Guanajuato', '2018-11-26 10:10:29', '2018-11-26 10:10:29', NULL),
(193, 'MEX', NULL, 'Guerrero', '2018-11-26 10:10:29', '2018-11-26 10:10:29', NULL),
(194, 'MEX', NULL, 'Hidalgo', '2018-11-26 10:10:29', '2018-11-26 10:10:29', NULL),
(195, 'MEX', NULL, 'Jalisco', '2018-11-26 10:10:29', '2018-11-26 10:10:29', NULL),
(196, 'MEX', NULL, 'México', '2018-11-26 10:10:29', '2018-11-26 10:10:29', NULL),
(197, 'MEX', NULL, 'Michoacán', '2018-11-26 10:10:29', '2018-11-26 10:10:29', NULL),
(198, 'MEX', NULL, 'Morelos', '2018-11-26 10:10:29', '2018-11-26 10:10:29', NULL),
(199, 'MEX', NULL, 'Nayarit', '2018-11-26 10:10:29', '2018-11-26 10:10:29', NULL),
(200, 'MEX', NULL, 'Nuevo León', '2018-11-26 10:10:29', '2018-11-26 10:10:29', NULL),
(201, 'MEX', NULL, 'Oaxaca', '2018-11-26 10:10:29', '2018-11-26 10:10:29', NULL),
(202, 'MEX', NULL, 'Puebla', '2018-11-26 10:10:29', '2018-11-26 10:10:29', NULL),
(203, 'MEX', NULL, 'Querétaro', '2018-11-26 10:10:29', '2018-11-26 10:10:29', NULL),
(204, 'MEX', NULL, 'Quintana Roo', '2018-11-26 10:10:29', '2018-11-26 10:10:29', NULL),
(205, 'MEX', NULL, 'San Luis Potosí', '2018-11-26 10:10:29', '2018-11-26 10:10:29', NULL),
(206, 'MEX', NULL, 'Sinaloa', '2018-11-26 10:10:29', '2018-11-26 10:10:29', NULL),
(207, 'MEX', NULL, 'Sonora', '2018-11-26 10:10:29', '2018-11-26 10:10:29', NULL),
(208, 'MEX', NULL, 'Tabasco', '2018-11-26 10:10:29', '2018-11-26 10:10:29', NULL),
(209, 'MEX', NULL, 'Tamaulipas', '2018-11-26 10:10:29', '2018-11-26 10:10:29', NULL),
(210, 'MEX', NULL, 'Tlaxcala', '2018-11-26 10:10:29', '2018-11-26 10:10:29', NULL),
(211, 'MEX', NULL, 'Veracruz', '2018-11-26 10:10:29', '2018-11-26 10:10:29', NULL),
(212, 'MEX', NULL, 'Yucatán', '2018-11-26 10:10:29', '2018-11-26 10:10:29', NULL),
(213, 'MEX', NULL, 'Zacatecas', '2018-11-26 10:10:29', '2018-11-26 10:10:29', NULL),
(214, 'AUS', NULL, 'Australian Capital Territory', '2018-11-26 10:10:29', '2018-11-26 10:10:29', NULL),
(215, 'AUS', NULL, 'New South Wales', '2018-11-26 10:10:29', '2018-11-26 10:10:29', NULL),
(216, 'AUS', NULL, 'Northern Territory', '2018-11-26 10:10:29', '2018-11-26 10:10:29', NULL),
(217, 'AUS', NULL, 'Queensland', '2018-11-26 10:10:29', '2018-11-26 10:10:29', NULL),
(218, 'AUS', NULL, 'South Australia', '2018-11-26 10:10:29', '2018-11-26 10:10:29', NULL),
(219, 'AUS', NULL, 'Tasmania', '2018-11-26 10:10:29', '2018-11-26 10:10:29', NULL),
(220, 'AUS', NULL, 'Victoria', '2018-11-26 10:10:29', '2018-11-26 10:10:29', NULL),
(221, 'AUS', NULL, 'Western Australia', '2018-11-26 10:10:29', '2018-11-26 10:10:29', NULL),
(222, 'ITA', NULL, 'Agrigento', '2018-11-26 10:10:29', '2018-11-26 10:10:29', NULL),
(223, 'ITA', NULL, 'Alessandria', '2018-11-26 10:10:29', '2018-11-26 10:10:29', NULL),
(224, 'ITA', NULL, 'Ancona', '2018-11-26 10:10:29', '2018-11-26 10:10:29', NULL),
(225, 'ITA', NULL, 'Aosta', '2018-11-26 10:10:29', '2018-11-26 10:10:29', NULL),
(226, 'ITA', NULL, 'Ascoli Piceno', '2018-11-26 10:10:29', '2018-11-26 10:10:29', NULL),
(227, 'ITA', NULL, 'L\'Aquila', '2018-11-26 10:10:29', '2018-11-26 10:10:29', NULL),
(228, 'ITA', NULL, 'Arezzo', '2018-11-26 10:10:29', '2018-11-26 10:10:29', NULL),
(229, 'ITA', NULL, 'Asti', '2018-11-26 10:10:29', '2018-11-26 10:10:29', NULL),
(230, 'ITA', NULL, 'Avellino', '2018-11-26 10:10:29', '2018-11-26 10:10:29', NULL),
(231, 'ITA', NULL, 'Bari', '2018-11-26 10:10:29', '2018-11-26 10:10:29', NULL),
(232, 'ITA', NULL, 'Bergamo', '2018-11-26 10:10:29', '2018-11-26 10:10:29', NULL),
(233, 'ITA', NULL, 'Biella', '2018-11-26 10:10:29', '2018-11-26 10:10:29', NULL),
(234, 'ITA', NULL, 'Belluno', '2018-11-26 10:10:29', '2018-11-26 10:10:29', NULL),
(235, 'ITA', NULL, 'Benevento', '2018-11-26 10:10:29', '2018-11-26 10:10:29', NULL),
(236, 'ITA', NULL, 'Bologna', '2018-11-26 10:10:29', '2018-11-26 10:10:29', NULL),
(237, 'ITA', NULL, 'Brindisi', '2018-11-26 10:10:29', '2018-11-26 10:10:29', NULL),
(238, 'ITA', NULL, 'Brescia', '2018-11-26 10:10:29', '2018-11-26 10:10:29', NULL),
(239, 'ITA', NULL, 'Bolzano', '2018-11-26 10:10:29', '2018-11-26 10:10:29', NULL),
(240, 'ITA', NULL, 'Cagliari', '2018-11-26 10:10:29', '2018-11-26 10:10:29', NULL),
(241, 'ITA', NULL, 'Campobasso', '2018-11-26 10:10:29', '2018-11-26 10:10:29', NULL),
(242, 'ITA', NULL, 'Caserta', '2018-11-26 10:10:29', '2018-11-26 10:10:29', NULL),
(243, 'ITA', NULL, 'Chieti', '2018-11-26 10:10:29', '2018-11-26 10:10:29', NULL),
(244, 'ITA', NULL, 'Caltanissetta', '2018-11-26 10:10:29', '2018-11-26 10:10:29', NULL),
(245, 'ITA', NULL, 'Cuneo', '2018-11-26 10:10:29', '2018-11-26 10:10:29', NULL),
(246, 'ITA', NULL, 'Como', '2018-11-26 10:10:29', '2018-11-26 10:10:29', NULL),
(247, 'ITA', NULL, 'Cremona', '2018-11-26 10:10:29', '2018-11-26 10:10:29', NULL),
(248, 'ITA', NULL, 'Cosenza', '2018-11-26 10:10:29', '2018-11-26 10:10:29', NULL),
(249, 'ITA', NULL, 'Catania', '2018-11-26 10:10:29', '2018-11-26 10:10:29', NULL),
(250, 'ITA', NULL, 'Catanzaro', '2018-11-26 10:10:29', '2018-11-26 10:10:29', NULL),
(251, 'ITA', NULL, 'Enna', '2018-11-26 10:10:29', '2018-11-26 10:10:29', NULL),
(252, 'ITA', NULL, 'Ferrara', '2018-11-26 10:10:29', '2018-11-26 10:10:29', NULL),
(253, 'ITA', NULL, 'Foggia', '2018-11-26 10:10:29', '2018-11-26 10:10:29', NULL),
(254, 'ITA', NULL, 'Firenze', '2018-11-26 10:10:29', '2018-11-26 10:10:29', NULL),
(255, 'ITA', NULL, 'Forli', '2018-11-26 10:10:29', '2018-11-26 10:10:29', NULL),
(256, 'ITA', NULL, 'Frosinone', '2018-11-26 10:10:29', '2018-11-26 10:10:29', NULL),
(257, 'ITA', NULL, 'Genova', '2018-11-26 10:10:29', '2018-11-26 10:10:29', NULL),
(258, 'ITA', NULL, 'Gorizia', '2018-11-26 10:10:29', '2018-11-26 10:10:29', NULL),
(259, 'ITA', NULL, 'Grosseto', '2018-11-26 10:10:29', '2018-11-26 10:10:29', NULL),
(260, 'ITA', NULL, 'Imperia', '2018-11-26 10:10:29', '2018-11-26 10:10:29', NULL),
(261, 'ITA', NULL, 'Isernia', '2018-11-26 10:10:29', '2018-11-26 10:10:29', NULL),
(262, 'ITA', NULL, 'Crotone', '2018-11-26 10:10:29', '2018-11-26 10:10:29', NULL),
(263, 'ITA', NULL, 'Lecco', '2018-11-26 10:10:29', '2018-11-26 10:10:29', NULL),
(264, 'ITA', NULL, 'Lecce', '2018-11-26 10:10:29', '2018-11-26 10:10:29', NULL),
(265, 'ITA', NULL, 'Livorno', '2018-11-26 10:10:29', '2018-11-26 10:10:29', NULL),
(266, 'ITA', NULL, 'Lodi', '2018-11-26 10:10:29', '2018-11-26 10:10:29', NULL),
(267, 'ITA', NULL, 'Latina', '2018-11-26 10:10:29', '2018-11-26 10:10:29', NULL),
(268, 'ITA', NULL, 'Lucca', '2018-11-26 10:10:29', '2018-11-26 10:10:29', NULL),
(269, 'ITA', NULL, 'Macerata', '2018-11-26 10:10:29', '2018-11-26 10:10:29', NULL),
(270, 'ITA', NULL, 'Messina', '2018-11-26 10:10:29', '2018-11-26 10:10:29', NULL),
(271, 'ITA', NULL, 'Milano', '2018-11-26 10:10:29', '2018-11-26 10:10:29', NULL),
(272, 'ITA', NULL, 'Mantova', '2018-11-26 10:10:29', '2018-11-26 10:10:29', NULL),
(273, 'ITA', NULL, 'Modena', '2018-11-26 10:10:29', '2018-11-26 10:10:29', NULL),
(274, 'ITA', NULL, 'Massa Carrara', '2018-11-26 10:10:29', '2018-11-26 10:10:29', NULL),
(275, 'ITA', NULL, 'Matera', '2018-11-26 10:10:29', '2018-11-26 10:10:29', NULL),
(276, 'ITA', NULL, 'Napoli', '2018-11-26 10:10:29', '2018-11-26 10:10:29', NULL),
(277, 'ITA', NULL, 'Novara', '2018-11-26 10:10:29', '2018-11-26 10:10:29', NULL),
(278, 'ITA', NULL, 'Nuoro', '2018-11-26 10:10:29', '2018-11-26 10:10:29', NULL),
(279, 'ITA', NULL, 'Oristano', '2018-11-26 10:10:29', '2018-11-26 10:10:29', NULL),
(280, 'ITA', NULL, 'Palermo', '2018-11-26 10:10:29', '2018-11-26 10:10:29', NULL),
(281, 'ITA', NULL, 'Piacenza', '2018-11-26 10:10:29', '2018-11-26 10:10:29', NULL),
(282, 'ITA', NULL, 'Padova', '2018-11-26 10:10:29', '2018-11-26 10:10:29', NULL),
(283, 'ITA', NULL, 'Pescara', '2018-11-26 10:10:29', '2018-11-26 10:10:29', NULL),
(284, 'ITA', NULL, 'Perugia', '2018-11-26 10:10:29', '2018-11-26 10:10:29', NULL),
(285, 'ITA', NULL, 'Pisa', '2018-11-26 10:10:29', '2018-11-26 10:10:29', NULL),
(286, 'ITA', NULL, 'Pordenone', '2018-11-26 10:10:29', '2018-11-26 10:10:29', NULL),
(287, 'ITA', NULL, 'Parma', '2018-11-26 10:10:29', '2018-11-26 10:10:29', NULL),
(288, 'ITA', NULL, 'Pesora', '2018-11-26 10:10:29', '2018-11-26 10:10:29', NULL),
(289, 'ITA', NULL, 'Pistoia', '2018-11-26 10:10:29', '2018-11-26 10:10:29', NULL),
(290, 'ITA', NULL, 'Pavia', '2018-11-26 10:10:29', '2018-11-26 10:10:29', NULL),
(291, 'ITA', NULL, 'Prato', '2018-11-26 10:10:29', '2018-11-26 10:10:29', NULL),
(292, 'ITA', NULL, 'Potenza', '2018-11-26 10:10:29', '2018-11-26 10:10:29', NULL),
(293, 'ITA', NULL, 'Ravenna', '2018-11-26 10:10:29', '2018-11-26 10:10:29', NULL),
(294, 'ITA', NULL, 'Reggio Calabria', '2018-11-26 10:10:29', '2018-11-26 10:10:29', NULL),
(295, 'ITA', NULL, 'Reggio Emilia', '2018-11-26 10:10:29', '2018-11-26 10:10:29', NULL),
(296, 'ITA', NULL, 'Ragusa', '2018-11-26 10:10:29', '2018-11-26 10:10:29', NULL),
(297, 'ITA', NULL, 'Rieti', '2018-11-26 10:10:29', '2018-11-26 10:10:29', NULL),
(298, 'ITA', NULL, 'Roma', '2018-11-26 10:10:29', '2018-11-26 10:10:29', NULL),
(299, 'ITA', NULL, 'Rimini', '2018-11-26 10:10:29', '2018-11-26 10:10:29', NULL),
(300, 'ITA', NULL, 'Rovigo', '2018-11-26 10:10:29', '2018-11-26 10:10:29', NULL),
(301, 'ITA', NULL, 'Salerno', '2018-11-26 10:10:29', '2018-11-26 10:10:29', NULL),
(302, 'ITA', NULL, 'Siena', '2018-11-26 10:10:29', '2018-11-26 10:10:29', NULL),
(303, 'ITA', NULL, 'Sondrio', '2018-11-26 10:10:29', '2018-11-26 10:10:29', NULL),
(304, 'ITA', NULL, 'La Spezia', '2018-11-26 10:10:29', '2018-11-26 10:10:29', NULL),
(305, 'ITA', NULL, 'Siracusa', '2018-11-26 10:10:29', '2018-11-26 10:10:29', NULL),
(306, 'ITA', NULL, 'Sassari', '2018-11-26 10:10:29', '2018-11-26 10:10:29', NULL),
(307, 'ITA', NULL, 'Savona', '2018-11-26 10:10:29', '2018-11-26 10:10:29', NULL),
(308, 'ITA', NULL, 'Taranto', '2018-11-26 10:10:29', '2018-11-26 10:10:29', NULL),
(309, 'ITA', NULL, 'Teramo', '2018-11-26 10:10:29', '2018-11-26 10:10:29', NULL),
(310, 'ITA', NULL, 'Trento', '2018-11-26 10:10:29', '2018-11-26 10:10:29', NULL),
(311, 'ITA', NULL, 'Torino', '2018-11-26 10:10:29', '2018-11-26 10:10:29', NULL),
(312, 'ITA', NULL, 'Trapani', '2018-11-26 10:10:29', '2018-11-26 10:10:29', NULL),
(313, 'ITA', NULL, 'Terni', '2018-11-26 10:10:29', '2018-11-26 10:10:29', NULL),
(314, 'ITA', NULL, 'Trieste', '2018-11-26 10:10:29', '2018-11-26 10:10:29', NULL),
(315, 'ITA', NULL, 'Treviso', '2018-11-26 10:10:29', '2018-11-26 10:10:29', NULL),
(316, 'ITA', NULL, 'Udine', '2018-11-26 10:10:29', '2018-11-26 10:10:29', NULL),
(317, 'ITA', NULL, 'Varese', '2018-11-26 10:10:29', '2018-11-26 10:10:29', NULL),
(318, 'ITA', NULL, 'Vercelli', '2018-11-26 10:10:29', '2018-11-26 10:10:29', NULL),
(319, 'ITA', NULL, 'Venezia', '2018-11-26 10:10:29', '2018-11-26 10:10:29', NULL),
(320, 'ITA', NULL, 'Vicenza', '2018-11-26 10:10:29', '2018-11-26 10:10:29', NULL),
(321, 'ITA', NULL, 'Verbania', '2018-11-26 10:10:29', '2018-11-26 10:10:29', NULL),
(322, 'ITA', NULL, 'Verona', '2018-11-26 10:10:29', '2018-11-26 10:10:29', NULL),
(323, 'ITA', NULL, 'Viterbo', '2018-11-26 10:10:29', '2018-11-26 10:10:29', NULL),
(324, 'ITA', NULL, 'Vibo Valentia', '2018-11-26 10:10:29', '2018-11-26 10:10:29', NULL),
(325, 'GBR', NULL, 'Alderney', '2018-11-26 10:10:29', '2018-11-26 10:10:29', NULL),
(326, 'GBR', NULL, 'Armagh', '2018-11-26 10:10:29', '2018-11-26 10:10:29', NULL),
(327, 'GBR', NULL, 'Antrim', '2018-11-26 10:10:29', '2018-11-26 10:10:29', NULL),
(328, 'GBR', NULL, 'Borders', '2018-11-26 10:10:29', '2018-11-26 10:10:29', NULL),
(329, 'GBR', NULL, 'Bedfordshire', '2018-11-26 10:10:29', '2018-11-26 10:10:29', NULL),
(330, 'GBR', NULL, 'Birmingham', '2018-11-26 10:10:29', '2018-11-26 10:10:29', NULL),
(331, 'GBR', NULL, 'Blaenau Gwent', '2018-11-26 10:10:29', '2018-11-26 10:10:29', NULL),
(332, 'GBR', NULL, 'Bridgend', '2018-11-26 10:10:29', '2018-11-26 10:10:29', NULL),
(333, 'GBR', NULL, 'Berkshire', '2018-11-26 10:10:29', '2018-11-26 10:10:29', NULL),
(334, 'GBR', NULL, 'Bristol', '2018-11-26 10:10:29', '2018-11-26 10:10:29', NULL),
(335, 'GBR', NULL, 'Buckinghamshire', '2018-11-26 10:10:29', '2018-11-26 10:10:29', NULL),
(336, 'GBR', NULL, 'Caerphilly', '2018-11-26 10:10:29', '2018-11-26 10:10:29', NULL),
(337, 'GBR', NULL, 'Cardiff', '2018-11-26 10:10:29', '2018-11-26 10:10:29', NULL),
(338, 'GBR', NULL, 'Carmarthenshire', '2018-11-26 10:10:29', '2018-11-26 10:10:29', NULL),
(339, 'GBR', NULL, 'Cumbria', '2018-11-26 10:10:29', '2018-11-26 10:10:29', NULL),
(340, 'GBR', NULL, 'Cambridgeshire', '2018-11-26 10:10:29', '2018-11-26 10:10:29', NULL),
(341, 'GBR', NULL, 'Ceredigion', '2018-11-26 10:10:29', '2018-11-26 10:10:29', NULL),
(342, 'GBR', NULL, 'Channel Islands', '2018-11-26 10:10:29', '2018-11-26 10:10:29', NULL),
(343, 'GBR', NULL, 'Cheshire', '2018-11-26 10:10:29', '2018-11-26 10:10:29', NULL),
(344, 'GBR', NULL, 'Clwyd', '2018-11-26 10:10:29', '2018-11-26 10:10:29', NULL),
(345, 'GBR', NULL, 'Cornwall', '2018-11-26 10:10:29', '2018-11-26 10:10:29', NULL),
(346, 'GBR', NULL, 'Conway', '2018-11-26 10:10:29', '2018-11-26 10:10:29', NULL),
(347, 'GBR', NULL, 'Central', '2018-11-26 10:10:29', '2018-11-26 10:10:29', NULL),
(348, 'GBR', NULL, 'Cleveland', '2018-11-26 10:10:29', '2018-11-26 10:10:29', NULL),
(349, 'GBR', NULL, 'Denbighshire', '2018-11-26 10:10:29', '2018-11-26 10:10:29', NULL),
(350, 'GBR', NULL, 'Dyfed', '2018-11-26 10:10:29', '2018-11-26 10:10:29', NULL),
(351, 'GBR', NULL, 'Dumfries and Galloway', '2018-11-26 10:10:29', '2018-11-26 10:10:29', NULL),
(352, 'GBR', NULL, 'Durham', '2018-11-26 10:10:29', '2018-11-26 10:10:29', NULL),
(353, 'GBR', NULL, 'Dorset', '2018-11-26 10:10:29', '2018-11-26 10:10:29', NULL),
(354, 'GBR', NULL, 'Devon', '2018-11-26 10:10:29', '2018-11-26 10:10:29', NULL),
(355, 'GBR', NULL, 'Down', '2018-11-26 10:10:29', '2018-11-26 10:10:29', NULL),
(356, 'GBR', NULL, 'Derbyshire', '2018-11-26 10:10:29', '2018-11-26 10:10:29', NULL),
(357, 'GBR', NULL, 'Essex', '2018-11-26 10:10:29', '2018-11-26 10:10:29', NULL),
(358, 'GBR', NULL, 'Fermanagh', '2018-11-26 10:10:29', '2018-11-26 10:10:29', NULL),
(359, 'GBR', NULL, 'Fife', '2018-11-26 10:10:29', '2018-11-26 10:10:29', NULL),
(360, 'GBR', NULL, 'Flintshire', '2018-11-26 10:10:29', '2018-11-26 10:10:29', NULL),
(361, 'GBR', NULL, 'County Fermanagh', '2018-11-26 10:10:29', '2018-11-26 10:10:29', NULL),
(362, 'GBR', NULL, 'Gwynedd', '2018-11-26 10:10:29', '2018-11-26 10:10:29', NULL),
(363, 'GBR', NULL, 'Gloucestershire', '2018-11-26 10:10:29', '2018-11-26 10:10:29', NULL),
(364, 'GBR', NULL, 'Gloucester', '2018-11-26 10:10:29', '2018-11-26 10:10:29', NULL),
(365, 'GBR', NULL, 'Mid Glamorgan', '2018-11-26 10:10:29', '2018-11-26 10:10:29', NULL),
(366, 'GBR', NULL, 'South Glamorgan', '2018-11-26 10:10:29', '2018-11-26 10:10:29', NULL),
(367, 'GBR', NULL, 'West Glamorgan', '2018-11-26 10:10:29', '2018-11-26 10:10:29', NULL),
(368, 'GBR', NULL, 'Grampian', '2018-11-26 10:10:29', '2018-11-26 10:10:29', NULL),
(369, 'GBR', NULL, 'Guernsey', '2018-11-26 10:10:29', '2018-11-26 10:10:29', NULL),
(370, 'GBR', NULL, 'Gwent', '2018-11-26 10:10:29', '2018-11-26 10:10:29', NULL),
(371, 'GBR', NULL, 'Humberside', '2018-11-26 10:10:29', '2018-11-26 10:10:29', NULL),
(372, 'GBR', NULL, 'Hertfordshire', '2018-11-26 10:10:29', '2018-11-26 10:10:29', NULL),
(373, 'GBR', NULL, 'Highlands', '2018-11-26 10:10:29', '2018-11-26 10:10:29', NULL),
(374, 'GBR', NULL, 'Hampshire', '2018-11-26 10:10:29', '2018-11-26 10:10:29', NULL),
(375, 'GBR', NULL, 'Hereford and Worcester', '2018-11-26 10:10:29', '2018-11-26 10:10:29', NULL),
(376, 'GBR', NULL, 'Isle of Man', '2018-11-26 10:10:29', '2018-11-26 10:10:29', NULL),
(377, 'GBR', NULL, 'Isle of Wight', '2018-11-26 10:10:29', '2018-11-26 10:10:29', NULL),
(378, 'GBR', NULL, 'Isle of Anglesey', '2018-11-26 10:10:29', '2018-11-26 10:10:29', NULL),
(379, 'GBR', NULL, 'Jersey', '2018-11-26 10:10:29', '2018-11-26 10:10:29', NULL),
(380, 'GBR', NULL, 'Kent', '2018-11-26 10:10:29', '2018-11-26 10:10:29', NULL),
(381, 'GBR', NULL, 'Lincolnshire', '2018-11-26 10:10:29', '2018-11-26 10:10:29', NULL),
(382, 'GBR', NULL, 'Greater London', '2018-11-26 10:10:29', '2018-11-26 10:10:29', NULL),
(383, 'GBR', NULL, 'Londonderry', '2018-11-26 10:10:29', '2018-11-26 10:10:29', NULL),
(384, 'GBR', NULL, 'Leicestershire', '2018-11-26 10:10:29', '2018-11-26 10:10:29', NULL),
(385, 'GBR', NULL, 'Lancashire', '2018-11-26 10:10:29', '2018-11-26 10:10:29', NULL),
(386, 'GBR', NULL, 'London', '2018-11-26 10:10:29', '2018-11-26 10:10:29', NULL),
(387, 'GBR', NULL, 'East Lothian', '2018-11-26 10:10:29', '2018-11-26 10:10:29', NULL),
(388, 'GBR', NULL, 'Mid Lothian', '2018-11-26 10:10:29', '2018-11-26 10:10:29', NULL),
(389, 'GBR', NULL, 'West Lothian', '2018-11-26 10:10:29', '2018-11-26 10:10:29', NULL),
(390, 'GBR', NULL, 'Greater Manchester', '2018-11-26 10:10:29', '2018-11-26 10:10:29', NULL),
(391, 'GBR', NULL, 'Merthyr Tydfil', '2018-11-26 10:10:29', '2018-11-26 10:10:29', NULL),
(392, 'GBR', NULL, 'Monmouthshire', '2018-11-26 10:10:29', '2018-11-26 10:10:29', NULL),
(393, 'GBR', NULL, 'Merseyside', '2018-11-26 10:10:29', '2018-11-26 10:10:29', NULL),
(394, 'GBR', NULL, 'Neath Port Talbot', '2018-11-26 10:10:29', '2018-11-26 10:10:29', NULL),
(395, 'GBR', NULL, 'Newport', '2018-11-26 10:10:29', '2018-11-26 10:10:29', NULL),
(396, 'GBR', NULL, 'Northamptonshire', '2018-11-26 10:10:29', '2018-11-26 10:10:29', NULL),
(397, 'GBR', NULL, 'Northumberland', '2018-11-26 10:10:29', '2018-11-26 10:10:29', NULL),
(398, 'GBR', NULL, 'Norfolk', '2018-11-26 10:10:29', '2018-11-26 10:10:29', NULL),
(399, 'GBR', NULL, 'Nottinghamshire', '2018-11-26 10:10:29', '2018-11-26 10:10:29', NULL),
(400, 'GBR', NULL, 'North West Highlands', '2018-11-26 10:10:29', '2018-11-26 10:10:29', NULL),
(401, 'GBR', NULL, 'Oxfordshire', '2018-11-26 10:10:29', '2018-11-26 10:10:29', NULL),
(402, 'GBR', NULL, 'Orkney', '2018-11-26 10:10:29', '2018-11-26 10:10:29', NULL),
(403, 'GBR', NULL, 'Pembrokeshire', '2018-11-26 10:10:29', '2018-11-26 10:10:29', NULL),
(404, 'GBR', NULL, 'Powys', '2018-11-26 10:10:29', '2018-11-26 10:10:29', NULL),
(405, 'GBR', NULL, 'Strathclyde', '2018-11-26 10:10:29', '2018-11-26 10:10:29', NULL),
(406, 'GBR', NULL, 'Staffordshire', '2018-11-26 10:10:29', '2018-11-26 10:10:29', NULL),
(407, 'GBR', NULL, 'Suffolk', '2018-11-26 10:10:29', '2018-11-26 10:10:29', NULL),
(408, 'GBR', NULL, 'Shetland', '2018-11-26 10:10:29', '2018-11-26 10:10:29', NULL),
(409, 'GBR', NULL, 'Somerset', '2018-11-26 10:10:29', '2018-11-26 10:10:29', NULL),
(410, 'GBR', NULL, 'Shropshire', '2018-11-26 10:10:29', '2018-11-26 10:10:29', NULL),
(411, 'GBR', NULL, 'Sark', '2018-11-26 10:10:29', '2018-11-26 10:10:29', NULL),
(412, 'GBR', NULL, 'Surrey', '2018-11-26 10:10:29', '2018-11-26 10:10:29', NULL),
(413, 'GBR', NULL, 'Swansea', '2018-11-26 10:10:29', '2018-11-26 10:10:29', NULL),
(414, 'GBR', NULL, 'East Sussex', '2018-11-26 10:10:29', '2018-11-26 10:10:29', NULL),
(415, 'GBR', NULL, 'West Sussex', '2018-11-26 10:10:29', '2018-11-26 10:10:29', NULL),
(416, 'GBR', NULL, 'Rhondda Cynon Taff', '2018-11-26 10:10:29', '2018-11-26 10:10:29', NULL),
(417, 'GBR', NULL, 'Torfaen', '2018-11-26 10:10:29', '2018-11-26 10:10:29', NULL),
(418, 'GBR', NULL, 'Tyne and Wear', '2018-11-26 10:10:29', '2018-11-26 10:10:29', NULL),
(419, 'GBR', NULL, 'Tyrone', '2018-11-26 10:10:29', '2018-11-26 10:10:29', NULL),
(420, 'GBR', NULL, 'Tayside', '2018-11-26 10:10:29', '2018-11-26 10:10:29', NULL),
(421, 'GBR', NULL, 'Vale of Glamorgan', '2018-11-26 10:10:29', '2018-11-26 10:10:29', NULL),
(422, 'GBR', NULL, 'Western Isles', '2018-11-26 10:10:29', '2018-11-26 10:10:29', NULL),
(423, 'GBR', NULL, 'Warwickshire', '2018-11-26 10:10:29', '2018-11-26 10:10:29', NULL),
(424, 'GBR', NULL, 'Wiltshire', '2018-11-26 10:10:29', '2018-11-26 10:10:29', NULL),
(425, 'GBR', NULL, 'West Midlands', '2018-11-26 10:10:29', '2018-11-26 10:10:29', NULL),
(426, 'GBR', NULL, 'Wrexham', '2018-11-26 10:10:29', '2018-11-26 10:10:29', NULL),
(427, 'GBR', NULL, 'North Yorkshire', '2018-11-26 10:10:29', '2018-11-26 10:10:29', NULL),
(428, 'GBR', NULL, 'South Yorkshire', '2018-11-26 10:10:29', '2018-11-26 10:10:29', NULL),
(429, 'GBR', NULL, 'West Yorkshire', '2018-11-26 10:10:29', '2018-11-26 10:10:29', NULL),
(430, 'IRL', NULL, 'Carlow', '2018-11-26 10:10:29', '2018-11-26 10:10:29', NULL),
(431, 'IRL', NULL, 'Cavan', '2018-11-26 10:10:29', '2018-11-26 10:10:29', NULL),
(432, 'IRL', NULL, 'Clare', '2018-11-26 10:10:29', '2018-11-26 10:10:29', NULL),
(433, 'IRL', NULL, 'Cork', '2018-11-26 10:10:29', '2018-11-26 10:10:29', NULL),
(434, 'IRL', NULL, 'Donegal', '2018-11-26 10:10:29', '2018-11-26 10:10:29', NULL),
(435, 'IRL', NULL, 'Dublin', '2018-11-26 10:10:29', '2018-11-26 10:10:29', NULL),
(436, 'IRL', NULL, 'Galway', '2018-11-26 10:10:29', '2018-11-26 10:10:29', NULL),
(437, 'IRL', NULL, 'Kerry', '2018-11-26 10:10:29', '2018-11-26 10:10:29', NULL),
(438, 'IRL', NULL, 'Kildare', '2018-11-26 10:10:29', '2018-11-26 10:10:29', NULL),
(439, 'IRL', NULL, 'Kilkenny', '2018-11-26 10:10:29', '2018-11-26 10:10:29', NULL),
(440, 'IRL', NULL, 'Laois', '2018-11-26 10:10:29', '2018-11-26 10:10:29', NULL),
(441, 'IRL', NULL, 'Leitrim', '2018-11-26 10:10:29', '2018-11-26 10:10:29', NULL),
(442, 'IRL', NULL, 'Limerick', '2018-11-26 10:10:29', '2018-11-26 10:10:29', NULL),
(443, 'IRL', NULL, 'Longford', '2018-11-26 10:10:29', '2018-11-26 10:10:29', NULL),
(444, 'IRL', NULL, 'Louth', '2018-11-26 10:10:29', '2018-11-26 10:10:29', NULL),
(445, 'IRL', NULL, 'Mayo', '2018-11-26 10:10:29', '2018-11-26 10:10:29', NULL),
(446, 'IRL', NULL, 'Meath', '2018-11-26 10:10:29', '2018-11-26 10:10:29', NULL),
(447, 'IRL', NULL, 'Monaghan', '2018-11-26 10:10:29', '2018-11-26 10:10:29', NULL),
(448, 'IRL', NULL, 'Offaly', '2018-11-26 10:10:29', '2018-11-26 10:10:29', NULL),
(449, 'IRL', NULL, 'Roscommon', '2018-11-26 10:10:29', '2018-11-26 10:10:29', NULL),
(450, 'IRL', NULL, 'Sligo', '2018-11-26 10:10:29', '2018-11-26 10:10:29', NULL),
(451, 'IRL', NULL, 'Tipperary', '2018-11-26 10:10:29', '2018-11-26 10:10:29', NULL),
(452, 'IRL', NULL, 'Waterford', '2018-11-26 10:10:29', '2018-11-26 10:10:29', NULL),
(453, 'IRL', NULL, 'Westmeath', '2018-11-26 10:10:29', '2018-11-26 10:10:29', NULL),
(454, 'IRL', NULL, 'Wexford', '2018-11-26 10:10:29', '2018-11-26 10:10:29', NULL),
(455, 'IRL', NULL, 'Wicklow', '2018-11-26 10:10:29', '2018-11-26 10:10:29', NULL),
(456, 'BRA', NULL, 'Acre', '2018-11-26 10:10:29', '2018-11-26 10:10:29', NULL),
(457, 'BRA', NULL, 'Amapá', '2018-11-26 10:10:29', '2018-11-26 10:10:29', NULL),
(458, 'BRA', NULL, 'Alagoas', '2018-11-26 10:10:29', '2018-11-26 10:10:29', NULL),
(459, 'BRA', NULL, 'Amazonas', '2018-11-26 10:10:29', '2018-11-26 10:10:29', NULL),
(460, 'BRA', NULL, 'Bahia', '2018-11-26 10:10:29', '2018-11-26 10:10:29', NULL),
(461, 'BRA', NULL, 'Ceará', '2018-11-26 10:10:29', '2018-11-26 10:10:29', NULL),
(462, 'BRA', NULL, 'Distrito Federal', '2018-11-26 10:10:29', '2018-11-26 10:10:29', NULL),
(463, 'BRA', NULL, 'Espírito Santo', '2018-11-26 10:10:29', '2018-11-26 10:10:29', NULL),
(464, 'BRA', NULL, 'Goiás', '2018-11-26 10:10:29', '2018-11-26 10:10:29', NULL),
(465, 'BRA', NULL, 'Maranhão', '2018-11-26 10:10:29', '2018-11-26 10:10:29', NULL),
(466, 'BRA', NULL, 'Minas Gerais', '2018-11-26 10:10:29', '2018-11-26 10:10:29', NULL),
(467, 'BRA', NULL, 'Mato Grosso do Sul', '2018-11-26 10:10:29', '2018-11-26 10:10:29', NULL),
(468, 'BRA', NULL, 'Mato Grosso', '2018-11-26 10:10:29', '2018-11-26 10:10:29', NULL),
(469, 'BRA', NULL, 'Pará', '2018-11-26 10:10:29', '2018-11-26 10:10:29', NULL),
(470, 'BRA', NULL, 'Paraíba', '2018-11-26 10:10:29', '2018-11-26 10:10:29', NULL),
(471, 'BRA', NULL, 'Pernambuco', '2018-11-26 10:10:29', '2018-11-26 10:10:29', NULL),
(472, 'BRA', NULL, 'Piauí', '2018-11-26 10:10:29', '2018-11-26 10:10:29', NULL),
(473, 'BRA', NULL, 'Paraná', '2018-11-26 10:10:29', '2018-11-26 10:10:29', NULL),
(474, 'BRA', NULL, 'Rio de Janeiro', '2018-11-26 10:10:29', '2018-11-26 10:10:29', NULL),
(475, 'BRA', NULL, 'Rio Grande do Norte', '2018-11-26 10:10:29', '2018-11-26 10:10:29', NULL),
(476, 'BRA', NULL, 'Rondônia', '2018-11-26 10:10:29', '2018-11-26 10:10:29', NULL),
(477, 'BRA', NULL, 'Roraima', '2018-11-26 10:10:29', '2018-11-26 10:10:29', NULL),
(478, 'BRA', NULL, 'Rio Grande do Sul', '2018-11-26 10:10:29', '2018-11-26 10:10:29', NULL),
(479, 'BRA', NULL, 'Santa Catarina', '2018-11-26 10:10:29', '2018-11-26 10:10:29', NULL),
(480, 'BRA', NULL, 'Sergipe', '2018-11-26 10:10:29', '2018-11-26 10:10:29', NULL),
(481, 'BRA', NULL, 'São Paulo', '2018-11-26 10:10:29', '2018-11-26 10:10:29', NULL),
(482, 'BRA', NULL, 'Tocantins', '2018-11-26 10:10:29', '2018-11-26 10:10:29', NULL),
(483, 'NLD', NULL, 'Drenthe', '2018-11-26 10:10:29', '2018-11-26 10:10:29', NULL),
(484, 'NLD', NULL, 'Flevoland', '2018-11-26 10:10:29', '2018-11-26 10:10:29', NULL),
(485, 'NLD', NULL, 'Friesland', '2018-11-26 10:10:29', '2018-11-26 10:10:29', NULL),
(486, 'NLD', NULL, 'Gelderland', '2018-11-26 10:10:29', '2018-11-26 10:10:29', NULL),
(487, 'NLD', NULL, 'Groningen', '2018-11-26 10:10:29', '2018-11-26 10:10:29', NULL),
(488, 'NLD', NULL, 'Limburg', '2018-11-26 10:10:29', '2018-11-26 10:10:29', NULL),
(489, 'NLD', NULL, 'Noord-Brabant', '2018-11-26 10:10:29', '2018-11-26 10:10:29', NULL),
(490, 'NLD', NULL, 'Noord-Holland', '2018-11-26 10:10:29', '2018-11-26 10:10:29', NULL),
(491, 'NLD', NULL, 'Overijssel', '2018-11-26 10:10:29', '2018-11-26 10:10:29', NULL),
(492, 'NLD', NULL, 'Utrecht', '2018-11-26 10:10:29', '2018-11-26 10:10:29', NULL),
(493, 'NLD', NULL, 'Zuid-Holland', '2018-11-26 10:10:29', '2018-11-26 10:10:29', NULL),
(494, 'NLD', NULL, 'Zeeland', '2018-11-26 10:10:29', '2018-11-26 10:10:29', NULL);

-- --------------------------------------------------------

--
-- Tabellenstruktur für Tabelle `country_zone_translation`
--

CREATE TABLE `country_zone_translation` (
  `id` bigint(20) UNSIGNED NOT NULL DEFAULT '0',
  `name` varchar(50) COLLATE utf8_bin DEFAULT NULL,
  `lang` char(2) COLLATE utf8_bin NOT NULL DEFAULT '',
  `created_at` datetime NOT NULL,
  `updated_at` datetime NOT NULL,
  `deleted_at` datetime DEFAULT NULL
) ENGINE=InnoDB DEFAULT CHARSET=utf8 COLLATE=utf8_bin;

--
-- Daten für Tabelle `country_zone_translation`
--

INSERT INTO `country_zone_translation` (`id`, `name`, `lang`, `created_at`, `updated_at`, `deleted_at`) VALUES
(76, 'Quebec', 'en', '2018-11-26 10:10:29', '2018-11-26 10:10:29', NULL),
(79, 'Lower Saxony', 'en', '2018-11-26 10:10:29', '2018-11-26 10:10:29', NULL),
(81, 'Bavaria', 'en', '2018-11-26 10:10:29', '2018-11-26 10:10:29', NULL),
(86, 'Hesse', 'en', '2018-11-26 10:10:29', '2018-11-26 10:10:29', NULL),
(88, 'North Rhine-Westphalia', 'en', '2018-11-26 10:10:29', '2018-11-26 10:10:29', NULL),
(89, 'Rhineland-Palatinate', 'en', '2018-11-26 10:10:29', '2018-11-26 10:10:29', NULL),
(91, 'Saxony', 'en', '2018-11-26 10:10:29', '2018-11-26 10:10:29', NULL),
(92, 'Saxony-Anhalt', 'en', '2018-11-26 10:10:29', '2018-11-26 10:10:29', NULL),
(94, 'Thuringia', 'en', '2018-11-26 10:10:29', '2018-11-26 10:10:29', NULL),
(95, 'Vienna', 'en', '2018-11-26 10:10:29', '2018-11-26 10:10:29', NULL),
(96, 'Lower Austria', 'en', '2018-11-26 10:10:29', '2018-11-26 10:10:29', NULL),
(97, 'Upper Austria', 'en', '2018-11-26 10:10:29', '2018-11-26 10:10:29', NULL),
(99, 'Carinthia', 'en', '2018-11-26 10:10:29', '2018-11-26 10:10:29', NULL),
(100, 'Styria', 'en', '2018-11-26 10:10:29', '2018-11-26 10:10:29', NULL),
(101, 'Tyrol', 'en', '2018-11-26 10:10:29', '2018-11-26 10:10:29', NULL),
(111, 'Geneve', 'en', '2018-11-26 10:10:29', '2018-11-26 10:10:29', NULL),
(254, 'Florence', 'en', '2018-11-26 10:10:29', '2018-11-26 10:10:29', NULL),
(276, 'Naples', 'en', '2018-11-26 10:10:29', '2018-11-26 10:10:29', NULL),
(298, 'Rome', 'en', '2018-11-26 10:10:29', '2018-11-26 10:10:29', NULL),
(319, 'Venedig', 'de', '2018-11-26 10:10:29', '2018-11-26 10:10:29', NULL),
(319, 'Venice', 'en', '2018-11-26 10:10:29', '2018-11-26 10:10:29', NULL);

-- --------------------------------------------------------

--
-- Tabellenstruktur für Tabelle `coupon`
--

CREATE TABLE `coupon` (
  `id` bigint(20) UNSIGNED NOT NULL,
  `code` varchar(255) COLLATE utf8_bin NOT NULL,
  `value` decimal(10,2) NOT NULL,
  `is_used` tinyint(1) DEFAULT '0',
  `entity_user_id` bigint(20) UNSIGNED DEFAULT NULL,
  `end_of_validity` datetime NOT NULL,
  `original_value` decimal(10,2) NOT NULL,
  `customer_email` varchar(255) COLLATE utf8_bin DEFAULT NULL,
  `customer_phone` varchar(70) COLLATE utf8_bin DEFAULT NULL,
  `customer_firstname` varchar(150) COLLATE utf8_bin DEFAULT NULL,
  `customer_lastname` varchar(150) COLLATE utf8_bin DEFAULT NULL,
  `customer_street` varchar(180) COLLATE utf8_bin DEFAULT NULL,
  `customer_street_number` varchar(45) COLLATE utf8_bin DEFAULT NULL,
  `customer_zip` varchar(45) COLLATE utf8_bin DEFAULT NULL,
  `customer_city` varchar(180) COLLATE utf8_bin DEFAULT NULL,
  `customer_country` varchar(180) COLLATE utf8_bin DEFAULT NULL,
  `created_at` datetime NOT NULL,
  `updated_at` datetime NOT NULL,
  `deleted_at` datetime DEFAULT NULL
) ENGINE=InnoDB DEFAULT CHARSET=utf8 COLLATE=utf8_bin;

-- --------------------------------------------------------

--
-- Tabellenstruktur für Tabelle `coupon_history`
--

CREATE TABLE `coupon_history` (
  `id` bigint(20) UNSIGNED NOT NULL,
  `coupon_id` bigint(20) UNSIGNED NOT NULL,
  `value` decimal(10,2) NOT NULL,
  `product_order_id` bigint(20) UNSIGNED NOT NULL,
  `created_at` datetime NOT NULL,
  `updated_at` datetime NOT NULL,
  `deleted_at` datetime DEFAULT NULL
) ENGINE=InnoDB DEFAULT CHARSET=utf8 COLLATE=utf8_bin;

-- --------------------------------------------------------

--
-- Tabellenstruktur für Tabelle `cross_sell`
--

CREATE TABLE `cross_sell` (
  `id` bigint(20) UNSIGNED NOT NULL,
  `product1_id` bigint(20) UNSIGNED DEFAULT NULL,
  `product2_id` bigint(20) UNSIGNED DEFAULT NULL,
  `counter` int(10) UNSIGNED DEFAULT NULL,
  `created_at` datetime NOT NULL,
  `updated_at` datetime NOT NULL,
  `deleted_at` datetime DEFAULT NULL
) ENGINE=InnoDB DEFAULT CHARSET=utf8 COLLATE=utf8_bin;

-- --------------------------------------------------------

--
-- Tabellenstruktur für Tabelle `currency`
--

CREATE TABLE `currency` (
  `id` bigint(20) UNSIGNED NOT NULL,
  `iso_3` varchar(3) COLLATE utf8_bin NOT NULL,
  `iso_nr` bigint(20) DEFAULT NULL,
  `symbol_left` varchar(12) COLLATE utf8_bin DEFAULT NULL,
  `symbol_right` varchar(12) COLLATE utf8_bin DEFAULT NULL,
  `sub_divisor` bigint(20) DEFAULT NULL,
  `sub_symbol_left` varchar(12) COLLATE utf8_bin DEFAULT NULL,
  `sub_symbol_right` varchar(12) COLLATE utf8_bin DEFAULT NULL,
  `thousands_point` varchar(1) COLLATE utf8_bin DEFAULT NULL,
  `decimal_point` varchar(1) COLLATE utf8_bin DEFAULT NULL,
  `decimal_digits` bigint(20) DEFAULT NULL,
  `created_at` datetime NOT NULL,
  `updated_at` datetime NOT NULL,
  `deleted_at` datetime DEFAULT NULL
) ENGINE=InnoDB DEFAULT CHARSET=utf8 COLLATE=utf8_bin;

--
-- Daten für Tabelle `currency`
--

INSERT INTO `currency` (`id`, `iso_3`, `iso_nr`, `symbol_left`, `symbol_right`, `sub_divisor`, `sub_symbol_left`, `sub_symbol_right`, `thousands_point`, `decimal_point`, `decimal_digits`, `created_at`, `updated_at`, `deleted_at`) VALUES
(2, 'AED', 784, 'Dhs.', NULL, 100, NULL, NULL, '.', ',', 2, '2018-11-26 10:10:30', '2018-11-26 10:10:30', NULL),
(4, 'ALL', 8, 'L', NULL, 100, NULL, NULL, '.', ',', 2, '2018-11-26 10:10:30', '2018-11-26 10:10:30', NULL),
(5, 'AMD', 51, 'Dram', NULL, 100, NULL, NULL, '.', ',', 2, '2018-11-26 10:10:30', '2018-11-26 10:10:30', NULL),
(6, 'ANG', 532, 'NAƒ', NULL, 100, NULL, NULL, '.', ',', 2, '2018-11-26 10:10:30', '2018-11-26 10:10:30', NULL),
(7, 'AOA', 973, 'Kz', NULL, 100, NULL, NULL, '.', ',', 2, '2018-11-26 10:10:30', '2018-11-26 10:10:30', NULL),
(8, 'ARS', 32, '$', NULL, 100, NULL, NULL, '.', ',', 2, '2018-11-26 10:10:30', '2018-11-26 10:10:30', NULL),
(9, 'AUD', 36, '$A', NULL, 100, NULL, NULL, '.', ',', 2, '2018-11-26 10:10:30', '2018-11-26 10:10:30', NULL),
(10, 'AWG', 533, 'Af.', NULL, 100, NULL, NULL, '.', ',', 2, '2018-11-26 10:10:30', '2018-11-26 10:10:30', NULL),
(11, 'AZN', 944, NULL, NULL, 100, NULL, NULL, '.', ',', 2, '2018-11-26 10:10:30', '2018-11-26 10:10:30', NULL),
(12, 'BAM', 977, 'KM', NULL, 100, NULL, NULL, '.', ',', 2, '2018-11-26 10:10:30', '2018-11-26 10:10:30', NULL),
(13, 'BBD', 52, 'Bds$', NULL, 100, NULL, NULL, '.', ',', 2, '2018-11-26 10:10:30', '2018-11-26 10:10:30', NULL),
(14, 'BDT', 50, 'Tk', NULL, 100, NULL, NULL, '.', ',', 2, '2018-11-26 10:10:30', '2018-11-26 10:10:30', NULL),
(16, 'BGN', 975, 'lv', NULL, 100, NULL, NULL, '.', ',', 2, '2018-11-26 10:10:30', '2018-11-26 10:10:30', NULL),
(17, 'BHD', 48, 'BD', NULL, 1000, NULL, NULL, '.', ',', 3, '2018-11-26 10:10:30', '2018-11-26 10:10:30', NULL),
(18, 'BIF', 108, 'FBu', NULL, 100, NULL, NULL, '.', NULL, 2, '2018-11-26 10:10:30', '2018-11-26 10:10:30', NULL),
(19, 'BMD', 60, 'BM$', NULL, 100, NULL, NULL, '.', ',', 2, '2018-11-26 10:10:30', '2018-11-26 10:10:30', NULL),
(20, 'BND', 96, 'B$', NULL, 100, NULL, NULL, '.', ',', 2, '2018-11-26 10:10:30', '2018-11-26 10:10:30', NULL),
(21, 'BOB', 68, 'Bs', NULL, 100, NULL, NULL, '.', ',', 2, '2018-11-26 10:10:30', '2018-11-26 10:10:30', NULL),
(23, 'BRL', 986, 'R$', NULL, 100, NULL, NULL, '.', ',', 2, '2018-11-26 10:10:30', '2018-11-26 10:10:30', NULL),
(24, 'BSD', 44, '$', NULL, 100, NULL, NULL, '.', ',', 2, '2018-11-26 10:10:30', '2018-11-26 10:10:30', NULL),
(25, 'BTN', 64, 'Nu', NULL, 100, NULL, NULL, '.', ',', 2, '2018-11-26 10:10:30', '2018-11-26 10:10:30', NULL),
(26, 'BWP', 72, 'P', NULL, 100, NULL, NULL, '.', ',', 2, '2018-11-26 10:10:30', '2018-11-26 10:10:30', NULL),
(27, 'BYR', 974, 'Br', NULL, 100, NULL, NULL, '.', ',', 2, '2018-11-26 10:10:30', '2018-11-26 10:10:30', NULL),
(28, 'BZD', 84, 'BZ', NULL, 100, NULL, NULL, '.', ',', 2, '2018-11-26 10:10:30', '2018-11-26 10:10:30', NULL),
(29, 'CAD', 124, '$', NULL, 100, NULL, '¢', '.', ',', 2, '2018-11-26 10:10:30', '2018-11-26 10:10:30', NULL),
(30, 'CDF', 976, 'FC', NULL, 100, NULL, NULL, '.', ',', 2, '2018-11-26 10:10:30', '2018-11-26 10:10:30', NULL),
(31, 'CHF', 756, 'SFr.', NULL, 100, NULL, NULL, '\'', '.', 2, '2018-11-26 10:10:30', '2018-11-26 10:10:30', NULL),
(33, 'CLP', 152, '$', NULL, 1, NULL, NULL, '.', NULL, NULL, '2018-11-26 10:10:30', '2018-11-26 10:10:30', NULL),
(34, 'CNY', 156, 'Ұ', NULL, 100, NULL, NULL, '.', ',', 2, '2018-11-26 10:10:30', '2018-11-26 10:10:30', NULL),
(35, 'COP', 170, '$', NULL, 100, NULL, NULL, '.', ',', 2, '2018-11-26 10:10:30', '2018-11-26 10:10:30', NULL),
(36, 'CRC', 188, '₡', NULL, 100, NULL, NULL, '.', ',', 2, '2018-11-26 10:10:30', '2018-11-26 10:10:30', NULL),
(37, 'CUP', 192, 'Cub$', NULL, 100, NULL, NULL, '.', ',', 2, '2018-11-26 10:10:30', '2018-11-26 10:10:30', NULL),
(38, 'CVE', 132, 'CVEsc.', NULL, 100, NULL, NULL, '.', ',', 2, '2018-11-26 10:10:30', '2018-11-26 10:10:30', NULL),
(39, 'CYP', 196, 'C£', NULL, 100, NULL, NULL, '.', ',', 2, '2018-11-26 10:10:30', '2018-11-26 10:10:30', NULL),
(40, 'CZK', 203, NULL, 'Kč', 100, NULL, NULL, '.', ',', 2, '2018-11-26 10:10:30', '2018-11-26 10:10:30', NULL),
(41, 'DJF', 262, 'FD', NULL, 1, NULL, NULL, '.', NULL, NULL, '2018-11-26 10:10:30', '2018-11-26 10:10:30', NULL),
(42, 'DKK', 208, 'kr.', NULL, 100, NULL, NULL, '.', ',', 2, '2018-11-26 10:10:30', '2018-11-26 10:10:30', NULL),
(43, 'DOP', 214, 'RD$', NULL, 100, NULL, NULL, '.', ',', 2, '2018-11-26 10:10:30', '2018-11-26 10:10:30', NULL),
(44, 'DZD', 12, 'DA', NULL, 100, NULL, NULL, '.', ',', 2, '2018-11-26 10:10:30', '2018-11-26 10:10:30', NULL),
(45, 'EEK', 233, NULL, 'ekr', 100, NULL, NULL, '.', ',', 2, '2018-11-26 10:10:30', '2018-11-26 10:10:30', NULL),
(46, 'EGP', 818, 'LE', NULL, 100, NULL, NULL, '.', ',', 2, '2018-11-26 10:10:30', '2018-11-26 10:10:30', NULL),
(47, 'ERN', 232, 'Nfa', NULL, 100, NULL, NULL, '.', ',', 2, '2018-11-26 10:10:30', '2018-11-26 10:10:30', NULL),
(48, 'ETB', 230, 'Br', NULL, 100, NULL, NULL, '.', ',', 2, '2018-11-26 10:10:30', '2018-11-26 10:10:30', NULL),
(49, 'EUR', 978, '€', NULL, 100, '¢', NULL, '.', ',', 2, '2018-11-26 10:10:30', '2018-11-26 10:10:30', NULL),
(50, 'FJD', 242, 'FJ$', NULL, 100, NULL, NULL, '.', ',', 2, '2018-11-26 10:10:30', '2018-11-26 10:10:30', NULL),
(51, 'FKP', 238, 'Fl£', NULL, 100, NULL, NULL, '.', ',', 2, '2018-11-26 10:10:30', '2018-11-26 10:10:30', NULL),
(52, 'GBP', 826, '£', NULL, 100, NULL, 'p', ',', '.', 2, '2018-11-26 10:10:30', '2018-11-26 10:10:30', NULL),
(53, 'GEL', 981, NULL, 'lari', 100, NULL, NULL, '.', ',', 2, '2018-11-26 10:10:30', '2018-11-26 10:10:30', NULL),
(54, 'GHC', 288, NULL, NULL, 100, NULL, NULL, '.', ',', 2, '2018-11-26 10:10:30', '2018-11-26 10:10:30', NULL),
(55, 'GIP', 292, '£', NULL, 100, NULL, NULL, '.', ',', 2, '2018-11-26 10:10:30', '2018-11-26 10:10:30', NULL),
(56, 'GMD', 270, 'D', NULL, 100, NULL, NULL, '.', ',', 2, '2018-11-26 10:10:30', '2018-11-26 10:10:30', NULL),
(57, 'GNF', 324, 'GF', NULL, 1, NULL, NULL, '.', NULL, NULL, '2018-11-26 10:10:30', '2018-11-26 10:10:30', NULL),
(58, 'GTQ', 320, 'Q.', NULL, 100, NULL, NULL, '.', ',', 2, '2018-11-26 10:10:30', '2018-11-26 10:10:30', NULL),
(59, 'GWP', 624, NULL, NULL, 100, NULL, NULL, '.', ',', 2, '2018-11-26 10:10:30', '2018-11-26 10:10:30', NULL),
(60, 'GYD', 328, 'G$', NULL, 100, NULL, NULL, '.', ',', 2, '2018-11-26 10:10:30', '2018-11-26 10:10:30', NULL),
(61, 'HKD', 344, 'HK$', NULL, 100, NULL, NULL, '.', ',', 2, '2018-11-26 10:10:30', '2018-11-26 10:10:30', NULL),
(62, 'HNL', 340, 'L', NULL, 100, NULL, NULL, '.', ',', 2, '2018-11-26 10:10:30', '2018-11-26 10:10:30', NULL),
(63, 'HRK', 191, 'kn', NULL, 100, NULL, NULL, '.', ',', 2, '2018-11-26 10:10:30', '2018-11-26 10:10:30', NULL),
(64, 'HTG', 332, 'Gde.', NULL, 100, NULL, NULL, '.', ',', 2, '2018-11-26 10:10:30', '2018-11-26 10:10:30', NULL),
(65, 'HUF', 348, NULL, 'Ft', 100, NULL, NULL, '.', ',', 2, '2018-11-26 10:10:30', '2018-11-26 10:10:30', NULL),
(66, 'IDR', 360, 'Rp.', NULL, 100, NULL, NULL, '.', ',', 2, '2018-11-26 10:10:30', '2018-11-26 10:10:30', NULL),
(67, 'ILS', 376, NULL, 'NIS', 100, NULL, NULL, '.', ',', 2, '2018-11-26 10:10:30', '2018-11-26 10:10:30', NULL),
(68, 'INR', 356, 'Rs', NULL, 100, NULL, NULL, '.', ',', 2, '2018-11-26 10:10:30', '2018-11-26 10:10:30', NULL),
(69, 'IQD', 368, 'ID', NULL, 1000, NULL, NULL, '.', ',', 3, '2018-11-26 10:10:30', '2018-11-26 10:10:30', NULL),
(70, 'IRR', 364, 'Rls', NULL, 100, NULL, NULL, '.', ',', 2, '2018-11-26 10:10:30', '2018-11-26 10:10:30', NULL),
(71, 'ISK', 352, NULL, 'ikr', 100, NULL, NULL, '.', ',', 2, '2018-11-26 10:10:30', '2018-11-26 10:10:30', NULL),
(72, 'JMD', 388, 'J$', NULL, 100, NULL, NULL, '.', ',', 2, '2018-11-26 10:10:30', '2018-11-26 10:10:30', NULL),
(73, 'JOD', 400, 'JD', NULL, 100, NULL, NULL, '.', ',', 2, '2018-11-26 10:10:30', '2018-11-26 10:10:30', NULL),
(74, 'JPY', 392, '¥', NULL, 100, NULL, NULL, '.', NULL, 2, '2018-11-26 10:10:30', '2018-11-26 10:10:30', NULL),
(75, 'KES', 404, 'Kshs.', NULL, 100, NULL, NULL, '.', ',', 2, '2018-11-26 10:10:30', '2018-11-26 10:10:30', NULL),
(76, 'KGS', 417, 'K.S.', NULL, 100, NULL, NULL, '.', ',', 2, '2018-11-26 10:10:30', '2018-11-26 10:10:30', NULL),
(77, 'KHR', 116, 'CR', NULL, 100, NULL, NULL, '.', ',', 2, '2018-11-26 10:10:30', '2018-11-26 10:10:30', NULL),
(78, 'KMF', 174, 'CF', NULL, 1, NULL, NULL, '.', NULL, NULL, '2018-11-26 10:10:30', '2018-11-26 10:10:30', NULL),
(79, 'KPW', 408, '₩n', NULL, 100, NULL, NULL, '.', ',', 2, '2018-11-26 10:10:30', '2018-11-26 10:10:30', NULL),
(80, 'KRW', 410, '￦', NULL, 100, NULL, NULL, '.', NULL, 2, '2018-11-26 10:10:30', '2018-11-26 10:10:30', NULL),
(81, 'KWD', 414, 'KD', NULL, 1000, NULL, NULL, '.', ',', 3, '2018-11-26 10:10:30', '2018-11-26 10:10:30', NULL),
(82, 'KYD', 136, '$', NULL, 100, NULL, NULL, '.', ',', 2, '2018-11-26 10:10:30', '2018-11-26 10:10:30', NULL),
(83, 'KZT', 398, 'T', NULL, 100, NULL, NULL, '.', ',', 2, '2018-11-26 10:10:30', '2018-11-26 10:10:30', NULL),
(84, 'LAK', 418, '₭', NULL, 100, NULL, NULL, '.', ',', 2, '2018-11-26 10:10:30', '2018-11-26 10:10:30', NULL),
(85, 'LBP', 422, NULL, 'LL', 100, NULL, NULL, '.', ',', 2, '2018-11-26 10:10:30', '2018-11-26 10:10:30', NULL),
(86, 'LKR', 144, 'Re', NULL, 100, NULL, NULL, '.', ',', 2, '2018-11-26 10:10:30', '2018-11-26 10:10:30', NULL),
(87, 'LRD', 430, 'Lib$', NULL, 100, NULL, NULL, '.', ',', 2, '2018-11-26 10:10:30', '2018-11-26 10:10:30', NULL),
(88, 'LSL', 426, 'M', NULL, 100, NULL, NULL, '.', ',', 2, '2018-11-26 10:10:30', '2018-11-26 10:10:30', NULL),
(89, 'LTL', 440, NULL, 'Lt', 100, NULL, NULL, '.', ',', 2, '2018-11-26 10:10:30', '2018-11-26 10:10:30', NULL),
(90, 'LVL', 428, 'Ls', NULL, 100, NULL, NULL, '.', ',', 2, '2018-11-26 10:10:30', '2018-11-26 10:10:30', NULL),
(91, 'LYD', 434, 'LD.', NULL, 1000, NULL, NULL, '.', ',', 3, '2018-11-26 10:10:30', '2018-11-26 10:10:30', NULL),
(92, 'MAD', 504, 'Dh', NULL, 100, NULL, NULL, '.', ',', 2, '2018-11-26 10:10:30', '2018-11-26 10:10:30', NULL),
(93, 'MDL', 498, NULL, NULL, 100, NULL, NULL, '.', ',', 2, '2018-11-26 10:10:30', '2018-11-26 10:10:30', NULL),
(95, 'MKD', 807, 'Den', NULL, 100, NULL, NULL, '.', ',', 2, '2018-11-26 10:10:30', '2018-11-26 10:10:30', NULL),
(96, 'MMK', 104, 'K', NULL, 100, NULL, NULL, '.', ',', 2, '2018-11-26 10:10:30', '2018-11-26 10:10:30', NULL),
(97, 'MNT', 496, '₮', NULL, 100, NULL, NULL, '.', ',', 2, '2018-11-26 10:10:30', '2018-11-26 10:10:30', NULL),
(98, 'MOP', 446, 'Pat.', NULL, 100, NULL, NULL, '.', ',', 2, '2018-11-26 10:10:30', '2018-11-26 10:10:30', NULL),
(99, 'MRO', 478, 'UM', NULL, 100, NULL, NULL, '.', ',', 2, '2018-11-26 10:10:30', '2018-11-26 10:10:30', NULL),
(100, 'MTL', 470, 'Lm', NULL, 100, NULL, NULL, '.', ',', 2, '2018-11-26 10:10:30', '2018-11-26 10:10:30', NULL),
(101, 'MUR', 480, 'Rs', NULL, 100, NULL, NULL, '.', ',', 2, '2018-11-26 10:10:30', '2018-11-26 10:10:30', NULL),
(102, 'MVR', 462, 'Rf', NULL, 100, NULL, NULL, '.', ',', 2, '2018-11-26 10:10:30', '2018-11-26 10:10:30', NULL),
(103, 'MWK', 454, 'MK', NULL, 100, NULL, NULL, '.', ',', 2, '2018-11-26 10:10:30', '2018-11-26 10:10:30', NULL),
(104, 'MXN', 484, '$', NULL, 100, NULL, NULL, '.', ',', 2, '2018-11-26 10:10:30', '2018-11-26 10:10:30', NULL),
(106, 'MYR', 458, 'RM', NULL, 100, NULL, NULL, '.', ',', 2, '2018-11-26 10:10:30', '2018-11-26 10:10:30', NULL),
(107, 'MZM', 508, NULL, 'Mt', 100, NULL, NULL, '.', ',', 2, '2018-11-26 10:10:30', '2018-11-26 10:10:30', NULL),
(108, 'NAD', 516, 'N$', NULL, 100, NULL, NULL, '.', ',', 2, '2018-11-26 10:10:30', '2018-11-26 10:10:30', NULL),
(109, 'NGN', 566, '₦', NULL, 100, NULL, NULL, '.', ',', 2, '2018-11-26 10:10:30', '2018-11-26 10:10:30', NULL),
(110, 'NIO', 558, 'C$', NULL, 100, NULL, NULL, '.', ',', 2, '2018-11-26 10:10:30', '2018-11-26 10:10:30', NULL),
(111, 'NOK', 578, 'kr', NULL, 100, NULL, NULL, '.', ',', 2, '2018-11-26 10:10:30', '2018-11-26 10:10:30', NULL),
(112, 'NPR', 524, 'Rs.', NULL, 100, NULL, NULL, '.', ',', 2, '2018-11-26 10:10:30', '2018-11-26 10:10:30', NULL),
(113, 'NZD', 554, '$', NULL, 100, NULL, NULL, '.', ',', 2, '2018-11-26 10:10:30', '2018-11-26 10:10:30', NULL),
(114, 'OMR', 512, 'OR', NULL, 1000, NULL, NULL, '.', ',', 3, '2018-11-26 10:10:30', '2018-11-26 10:10:30', NULL),
(115, 'PAB', 590, 'B', NULL, 100, NULL, NULL, '.', ',', 2, '2018-11-26 10:10:30', '2018-11-26 10:10:30', NULL),
(116, 'PEN', 604, 'Sl.', NULL, 100, NULL, NULL, '.', ',', 2, '2018-11-26 10:10:30', '2018-11-26 10:10:30', NULL),
(117, 'PGK', 598, 'K', NULL, 100, NULL, NULL, '.', ',', 2, '2018-11-26 10:10:30', '2018-11-26 10:10:30', NULL),
(118, 'PHP', 608, 'P', NULL, 100, NULL, NULL, '.', ',', 2, '2018-11-26 10:10:30', '2018-11-26 10:10:30', NULL),
(119, 'PKR', 586, 'Rs.', NULL, 100, NULL, NULL, '.', ',', 2, '2018-11-26 10:10:30', '2018-11-26 10:10:30', NULL),
(120, 'PLN', 985, NULL, 'zł', 100, NULL, NULL, '.', ',', 2, '2018-11-26 10:10:30', '2018-11-26 10:10:30', NULL),
(121, 'PYG', 600, 'G', NULL, 100, NULL, NULL, '.', NULL, 2, '2018-11-26 10:10:30', '2018-11-26 10:10:30', NULL),
(122, 'QAR', 634, 'QR', NULL, 100, NULL, NULL, '.', ',', 2, '2018-11-26 10:10:30', '2018-11-26 10:10:30', NULL),
(123, 'ROL', 642, NULL, 'l', 100, NULL, NULL, '.', ',', 2, '2018-11-26 10:10:30', '2018-11-26 10:10:30', NULL),
(124, 'RUB', 643, NULL, 'R', 100, NULL, NULL, '.', ',', 2, '2018-11-26 10:10:30', '2018-11-26 10:10:30', NULL),
(126, 'RWF', 646, 'frw', NULL, 1, NULL, NULL, '.', NULL, NULL, '2018-11-26 10:10:30', '2018-11-26 10:10:30', NULL),
(127, 'SAR', 682, 'SR', NULL, 100, NULL, NULL, '.', ',', 2, '2018-11-26 10:10:30', '2018-11-26 10:10:30', NULL),
(128, 'SBD', 90, 'SI$', NULL, 100, NULL, NULL, '.', ',', 2, '2018-11-26 10:10:30', '2018-11-26 10:10:30', NULL),
(129, 'SCR', 690, 'SR', NULL, 100, NULL, NULL, '.', ',', 2, '2018-11-26 10:10:30', '2018-11-26 10:10:30', NULL),
(130, 'SDD', 736, 'sD', NULL, 1, NULL, NULL, '.', ',', NULL, '2018-11-26 10:10:30', '2018-11-26 10:10:30', NULL),
(131, 'SEK', 752, NULL, 'kr', 100, NULL, NULL, '.', ',', 2, '2018-11-26 10:10:30', '2018-11-26 10:10:30', NULL),
(132, 'SGD', 702, '$', NULL, 100, NULL, NULL, '.', ',', 2, '2018-11-26 10:10:30', '2018-11-26 10:10:30', NULL),
(133, 'SHP', 654, '£', NULL, 100, NULL, NULL, '.', ',', 2, '2018-11-26 10:10:30', '2018-11-26 10:10:30', NULL),
(134, 'SIT', 705, 'SIT', NULL, 100, NULL, NULL, '.', ',', 2, '2018-11-26 10:10:30', '2018-11-26 10:10:30', NULL),
(135, 'SKK', 703, NULL, 'Sk', 100, NULL, 'h', '.', ',', 2, '2018-11-26 10:10:30', '2018-11-26 10:10:30', NULL),
(136, 'SLL', 694, 'Le', NULL, 100, NULL, NULL, '.', ',', 2, '2018-11-26 10:10:30', '2018-11-26 10:10:30', NULL),
(137, 'SOS', 706, 'So.', NULL, 100, NULL, NULL, '.', ',', 2, '2018-11-26 10:10:30', '2018-11-26 10:10:30', NULL),
(139, 'STD', 678, 'Db', NULL, 100, NULL, NULL, '.', ',', 2, '2018-11-26 10:10:30', '2018-11-26 10:10:30', NULL),
(140, 'SVC', 222, '₡', NULL, 100, NULL, NULL, '.', ',', 2, '2018-11-26 10:10:30', '2018-11-26 10:10:30', NULL),
(141, 'SYP', 760, '£S', NULL, 100, NULL, NULL, '.', ',', 2, '2018-11-26 10:10:30', '2018-11-26 10:10:30', NULL),
(142, 'SZL', 748, NULL, NULL, 100, NULL, NULL, '.', ',', 2, '2018-11-26 10:10:30', '2018-11-26 10:10:30', NULL),
(143, 'THB', 764, NULL, 'Bt', 100, NULL, NULL, '.', ',', 2, '2018-11-26 10:10:30', '2018-11-26 10:10:30', NULL),
(144, 'TJS', 972, NULL, NULL, 100, NULL, NULL, '.', ',', 2, '2018-11-26 10:10:30', '2018-11-26 10:10:30', NULL),
(145, 'TMM', 795, NULL, NULL, 100, NULL, NULL, '.', ',', 2, '2018-11-26 10:10:30', '2018-11-26 10:10:30', NULL),
(146, 'TND', 788, 'TD', NULL, 1000, NULL, NULL, '.', ',', 3, '2018-11-26 10:10:30', '2018-11-26 10:10:30', NULL),
(147, 'TOP', 776, 'T$', NULL, 100, NULL, NULL, '.', ',', 2, '2018-11-26 10:10:30', '2018-11-26 10:10:30', NULL),
(150, 'TTD', 780, 'TT$', NULL, 100, NULL, NULL, '.', ',', 2, '2018-11-26 10:10:30', '2018-11-26 10:10:30', NULL),
(151, 'TWD', 901, 'NT$', NULL, 100, NULL, NULL, '.', ',', 2, '2018-11-26 10:10:30', '2018-11-26 10:10:30', NULL),
(152, 'TZS', 834, 'TSh', NULL, 100, NULL, NULL, '.', ',', 2, '2018-11-26 10:10:30', '2018-11-26 10:10:30', NULL),
(153, 'UAH', 980, 'hrn', NULL, 100, NULL, NULL, '.', ',', 2, '2018-11-26 10:10:30', '2018-11-26 10:10:30', NULL),
(154, 'UGX', 800, 'USh', NULL, 100, NULL, NULL, '.', ',', 2, '2018-11-26 10:10:30', '2018-11-26 10:10:30', NULL),
(155, 'USD', 840, '$', NULL, 100, NULL, '¢', ',', '.', 2, '2018-11-26 10:10:30', '2018-11-26 10:10:30', NULL),
(156, 'UYU', 858, 'UR$', NULL, 100, NULL, NULL, '.', ',', 2, '2018-11-26 10:10:30', '2018-11-26 10:10:30', NULL),
(157, 'UZS', 860, 'U.S.', NULL, 100, NULL, NULL, '.', ',', 2, '2018-11-26 10:10:30', '2018-11-26 10:10:30', NULL),
(158, 'VEB', 862, 'Bs.', NULL, 100, NULL, NULL, '.', ',', 2, '2018-11-26 10:10:30', '2018-11-26 10:10:30', NULL),
(159, 'VND', 704, NULL, '₫', 100, NULL, NULL, '.', ',', 2, '2018-11-26 10:10:30', '2018-11-26 10:10:30', NULL),
(160, 'VUV', 548, NULL, 'VT', 1, NULL, NULL, '.', NULL, NULL, '2018-11-26 10:10:30', '2018-11-26 10:10:30', NULL),
(161, 'WST', 882, 'WS$', NULL, 100, NULL, NULL, '.', ',', 2, '2018-11-26 10:10:30', '2018-11-26 10:10:30', NULL),
(162, 'XAF', 950, 'CFAF', NULL, 1, NULL, NULL, '.', NULL, NULL, '2018-11-26 10:10:30', '2018-11-26 10:10:30', NULL),
(163, 'XCD', 951, 'EC$', NULL, 100, NULL, NULL, '.', ',', 2, '2018-11-26 10:10:30', '2018-11-26 10:10:30', NULL),
(164, 'XOF', 952, 'CFAF', NULL, 1, NULL, NULL, '.', NULL, NULL, '2018-11-26 10:10:30', '2018-11-26 10:10:30', NULL),
(165, 'XPF', 953, 'CFPF', NULL, 1, NULL, NULL, '.', NULL, NULL, '2018-11-26 10:10:30', '2018-11-26 10:10:30', NULL),
(166, 'YER', 886, 'RI', NULL, 100, NULL, NULL, '.', ',', 2, '2018-11-26 10:10:30', '2018-11-26 10:10:30', NULL),
(168, 'ZAR', 710, 'R', NULL, 100, NULL, NULL, '.', ',', 2, '2018-11-26 10:10:30', '2018-11-26 10:10:30', NULL),
(169, 'ZMK', 894, 'K', NULL, 100, NULL, NULL, '.', ',', 2, '2018-11-26 10:10:30', '2018-11-26 10:10:30', NULL),
(170, 'ZWD', 716, '$', NULL, 100, NULL, NULL, '.', ',', 2, '2018-11-26 10:10:30', '2018-11-26 10:10:30', NULL),
(171, 'AFN', 971, 'Af', NULL, 100, NULL, NULL, '.', ',', 2, '2018-11-26 10:10:30', '2018-11-26 10:10:30', NULL),
(172, 'CSD', 891, NULL, NULL, 100, NULL, NULL, '.', ',', 2, '2018-11-26 10:10:30', '2018-11-26 10:10:30', NULL),
(173, 'MGA', 969, NULL, NULL, 5, NULL, NULL, '.', ',', 1, '2018-11-26 10:10:30', '2018-11-26 10:10:30', NULL),
(174, 'SRD', 968, '$', NULL, 100, NULL, NULL, '.', ',', 2, '2018-11-26 10:10:30', '2018-11-26 10:10:30', NULL),
(175, 'TRY', 949, 'YTL', NULL, 100, NULL, NULL, '.', ',', 2, '2018-11-26 10:10:30', '2018-11-26 10:10:30', NULL);

-- --------------------------------------------------------

--
-- Tabellenstruktur für Tabelle `currency_translation`
--

CREATE TABLE `currency_translation` (
  `id` bigint(20) UNSIGNED NOT NULL DEFAULT '0',
  `name` varchar(50) COLLATE utf8_bin DEFAULT NULL,
  `sub_name` varchar(20) COLLATE utf8_bin DEFAULT NULL,
  `lang` char(2) COLLATE utf8_bin NOT NULL DEFAULT '',
  `created_at` datetime NOT NULL,
  `updated_at` datetime NOT NULL,
  `deleted_at` datetime DEFAULT NULL
) ENGINE=InnoDB DEFAULT CHARSET=utf8 COLLATE=utf8_bin;

--
-- Daten für Tabelle `currency_translation`
--

INSERT INTO `currency_translation` (`id`, `name`, `sub_name`, `lang`, `created_at`, `updated_at`, `deleted_at`) VALUES
(2, 'UAE Dirham', NULL, 'de', '2018-11-26 10:10:30', '2018-11-26 10:10:30', NULL),
(2, 'United Arab Emirates dirham', 'fils', 'en', '2018-11-26 10:10:30', '2018-11-26 10:10:30', NULL),
(4, 'Lek', NULL, 'de', '2018-11-26 10:10:30', '2018-11-26 10:10:30', NULL),
(4, 'Albanian Lek', 'qindarka', 'en', '2018-11-26 10:10:30', '2018-11-26 10:10:30', NULL),
(5, 'Dram', NULL, 'de', '2018-11-26 10:10:30', '2018-11-26 10:10:30', NULL),
(5, 'Armenian Dram', 'luma', 'en', '2018-11-26 10:10:30', '2018-11-26 10:10:30', NULL),
(6, 'Niederl. Antillen Gulden', NULL, 'de', '2018-11-26 10:10:30', '2018-11-26 10:10:30', NULL),
(6, 'Netherlands Antillean gulden', 'cent', 'en', '2018-11-26 10:10:30', '2018-11-26 10:10:30', NULL),
(7, 'Kwanza', NULL, 'de', '2018-11-26 10:10:30', '2018-11-26 10:10:30', NULL),
(7, 'Angolan Kwanza', 'centavo', 'en', '2018-11-26 10:10:30', '2018-11-26 10:10:30', NULL),
(8, 'Argentinischer Peso', NULL, 'de', '2018-11-26 10:10:30', '2018-11-26 10:10:30', NULL),
(8, 'Argentine Peso', 'centavo', 'en', '2018-11-26 10:10:30', '2018-11-26 10:10:30', NULL),
(9, 'Australischer Dollar', NULL, 'de', '2018-11-26 10:10:30', '2018-11-26 10:10:30', NULL),
(9, 'Australian Dollar', 'cent', 'en', '2018-11-26 10:10:30', '2018-11-26 10:10:30', NULL),
(10, 'Aruba Florin', NULL, 'de', '2018-11-26 10:10:30', '2018-11-26 10:10:30', NULL),
(10, 'Aruban Guilder', 'cent', 'en', '2018-11-26 10:10:30', '2018-11-26 10:10:30', NULL),
(11, NULL, NULL, 'de', '2018-11-26 10:10:30', '2018-11-26 10:10:30', NULL),
(11, 'Azerbaijani Manat', 'qəpik', 'en', '2018-11-26 10:10:30', '2018-11-26 10:10:30', NULL),
(12, 'Konvertierbare Mark', NULL, 'de', '2018-11-26 10:10:30', '2018-11-26 10:10:30', NULL),
(12, 'Bosnia-Herzegovina Convertible Mark', 'feninga', 'en', '2018-11-26 10:10:30', '2018-11-26 10:10:30', NULL),
(13, 'Barbados-Dollar', NULL, 'de', '2018-11-26 10:10:30', '2018-11-26 10:10:30', NULL),
(13, 'Barbados Dollar', 'cent', 'en', '2018-11-26 10:10:30', '2018-11-26 10:10:30', NULL),
(14, 'Taka', NULL, 'de', '2018-11-26 10:10:30', '2018-11-26 10:10:30', NULL),
(14, 'Bangladeshi taka', 'paisa', 'en', '2018-11-26 10:10:30', '2018-11-26 10:10:30', NULL),
(16, 'Lew', NULL, 'de', '2018-11-26 10:10:30', '2018-11-26 10:10:30', NULL),
(16, 'Bulgarian Lev', 'stotinka', 'en', '2018-11-26 10:10:30', '2018-11-26 10:10:30', NULL),
(17, 'Bahrain-Dinar', NULL, 'de', '2018-11-26 10:10:30', '2018-11-26 10:10:30', NULL),
(17, 'Bahraini Dinar', 'fils', 'en', '2018-11-26 10:10:30', '2018-11-26 10:10:30', NULL),
(18, 'Burundi-Franc', NULL, 'de', '2018-11-26 10:10:30', '2018-11-26 10:10:30', NULL),
(18, 'Burundi Franc', 'centime', 'en', '2018-11-26 10:10:30', '2018-11-26 10:10:30', NULL),
(19, 'Bermuda-Dollar', NULL, 'de', '2018-11-26 10:10:30', '2018-11-26 10:10:30', NULL),
(19, 'Bermuda Dollar', 'cent', 'en', '2018-11-26 10:10:30', '2018-11-26 10:10:30', NULL),
(20, 'Brunei-Dollar', NULL, 'de', '2018-11-26 10:10:30', '2018-11-26 10:10:30', NULL),
(20, 'Brunei Dollar', 'sen', 'en', '2018-11-26 10:10:30', '2018-11-26 10:10:30', NULL),
(21, 'Boliviano', NULL, 'de', '2018-11-26 10:10:30', '2018-11-26 10:10:30', NULL),
(21, 'Boliviano', 'centavo', 'en', '2018-11-26 10:10:30', '2018-11-26 10:10:30', NULL),
(23, 'Real', NULL, 'de', '2018-11-26 10:10:30', '2018-11-26 10:10:30', NULL),
(23, 'Brazilian Real', 'centavo', 'en', '2018-11-26 10:10:30', '2018-11-26 10:10:30', NULL),
(24, 'Bahama-Dollar', NULL, 'de', '2018-11-26 10:10:30', '2018-11-26 10:10:30', NULL),
(24, 'Bahamian Dollar', 'cent', 'en', '2018-11-26 10:10:30', '2018-11-26 10:10:30', NULL),
(25, 'Ngultrum', NULL, 'de', '2018-11-26 10:10:30', '2018-11-26 10:10:30', NULL),
(25, 'Bhutanese Ngultrum', 'chetrum', 'en', '2018-11-26 10:10:30', '2018-11-26 10:10:30', NULL),
(26, 'Pula', NULL, 'de', '2018-11-26 10:10:30', '2018-11-26 10:10:30', NULL),
(26, 'Botswana pula', 'thebe', 'en', '2018-11-26 10:10:30', '2018-11-26 10:10:30', NULL),
(27, 'Belarus Rubel (neu)', NULL, 'de', '2018-11-26 10:10:30', '2018-11-26 10:10:30', NULL),
(27, 'Belarussian Ruble', 'kapiejka', 'en', '2018-11-26 10:10:30', '2018-11-26 10:10:30', NULL),
(28, 'Belize-Dollar', NULL, 'de', '2018-11-26 10:10:30', '2018-11-26 10:10:30', NULL),
(28, 'Belize Dollar', 'cent', 'en', '2018-11-26 10:10:30', '2018-11-26 10:10:30', NULL),
(29, 'Kanadischer Dollar', NULL, 'de', '2018-11-26 10:10:30', '2018-11-26 10:10:30', NULL),
(29, 'Canadian Dollar', 'cent', 'en', '2018-11-26 10:10:30', '2018-11-26 10:10:30', NULL),
(30, 'Franc congolais', NULL, 'de', '2018-11-26 10:10:30', '2018-11-26 10:10:30', NULL),
(30, 'Congolese franc', 'centime', 'en', '2018-11-26 10:10:30', '2018-11-26 10:10:30', NULL),
(31, 'Schweizer Franken', NULL, 'de', '2018-11-26 10:10:30', '2018-11-26 10:10:30', NULL),
(31, 'Swiss franc', 'centime', 'en', '2018-11-26 10:10:30', '2018-11-26 10:10:30', NULL),
(33, 'Chilenischer Peso', NULL, 'de', '2018-11-26 10:10:30', '2018-11-26 10:10:30', NULL),
(33, 'Chilean Peso', NULL, 'en', '2018-11-26 10:10:30', '2018-11-26 10:10:30', NULL),
(34, 'Renminbi Yuan', NULL, 'de', '2018-11-26 10:10:30', '2018-11-26 10:10:30', NULL),
(34, 'Chinese Yuan Renminbi', 'fen', 'en', '2018-11-26 10:10:30', '2018-11-26 10:10:30', NULL),
(35, 'Kolumbianischer Peso', NULL, 'de', '2018-11-26 10:10:30', '2018-11-26 10:10:30', NULL),
(35, 'Colombian Peso', 'centavo', 'en', '2018-11-26 10:10:30', '2018-11-26 10:10:30', NULL),
(36, 'Costa Rica Colon', NULL, 'de', '2018-11-26 10:10:30', '2018-11-26 10:10:30', NULL),
(36, 'Costa Rican colón', 'centimo', 'en', '2018-11-26 10:10:30', '2018-11-26 10:10:30', NULL),
(37, 'Kubanischer Peso', NULL, 'de', '2018-11-26 10:10:30', '2018-11-26 10:10:30', NULL),
(37, 'Cuban peso', 'centavo', 'en', '2018-11-26 10:10:30', '2018-11-26 10:10:30', NULL),
(38, 'Kap Verde Escudo', NULL, 'de', '2018-11-26 10:10:30', '2018-11-26 10:10:30', NULL),
(38, 'Cape Verde Escudo', 'centavo', 'en', '2018-11-26 10:10:30', '2018-11-26 10:10:30', NULL),
(39, 'Zypern Pfund', NULL, 'de', '2018-11-26 10:10:30', '2018-11-26 10:10:30', NULL),
(39, 'Cypriot pound', 'cent', 'en', '2018-11-26 10:10:30', '2018-11-26 10:10:30', NULL),
(40, 'Tschechische Krone', NULL, 'de', '2018-11-26 10:10:30', '2018-11-26 10:10:30', NULL),
(40, 'Czech koruna', 'haléř', 'en', '2018-11-26 10:10:30', '2018-11-26 10:10:30', NULL),
(41, 'Dschibuti-Franc', NULL, 'de', '2018-11-26 10:10:30', '2018-11-26 10:10:30', NULL),
(41, 'Djibouti franc', NULL, 'en', '2018-11-26 10:10:30', '2018-11-26 10:10:30', NULL),
(42, 'Dänische Krone', NULL, 'de', '2018-11-26 10:10:30', '2018-11-26 10:10:30', NULL),
(42, 'Danish krone', 'Øre', 'en', '2018-11-26 10:10:30', '2018-11-26 10:10:30', NULL),
(43, 'Dominikanischer Peso', NULL, 'de', '2018-11-26 10:10:30', '2018-11-26 10:10:30', NULL),
(43, 'Dominican peso', 'centavo', 'en', '2018-11-26 10:10:30', '2018-11-26 10:10:30', NULL),
(44, 'Algerischer Dinar', NULL, 'de', '2018-11-26 10:10:30', '2018-11-26 10:10:30', NULL),
(44, 'Algerian Dinar', 'centime', 'en', '2018-11-26 10:10:30', '2018-11-26 10:10:30', NULL),
(45, 'Estnische Krone', NULL, 'de', '2018-11-26 10:10:30', '2018-11-26 10:10:30', NULL),
(45, 'Estonian kroon', 'sent', 'en', '2018-11-26 10:10:30', '2018-11-26 10:10:30', NULL),
(46, 'Ägyptisches Pfund', NULL, 'de', '2018-11-26 10:10:30', '2018-11-26 10:10:30', NULL),
(46, 'Egyptian pound', 'piastre', 'en', '2018-11-26 10:10:30', '2018-11-26 10:10:30', NULL),
(47, 'Nakfa', NULL, 'de', '2018-11-26 10:10:30', '2018-11-26 10:10:30', NULL),
(47, 'Eritrean nakfa', 'cent', 'en', '2018-11-26 10:10:30', '2018-11-26 10:10:30', NULL),
(48, 'Birr', NULL, 'de', '2018-11-26 10:10:30', '2018-11-26 10:10:30', NULL),
(48, 'Ethiopian birr', 'santim', 'en', '2018-11-26 10:10:30', '2018-11-26 10:10:30', NULL),
(49, 'Euro', NULL, 'de', '2018-11-26 10:10:30', '2018-11-26 10:10:30', NULL),
(49, 'Euro', 'cent', 'en', '2018-11-26 10:10:30', '2018-11-26 10:10:30', NULL),
(50, 'Fidschi Dollar', NULL, 'de', '2018-11-26 10:10:30', '2018-11-26 10:10:30', NULL),
(50, 'Fijian dollar', 'cent', 'en', '2018-11-26 10:10:30', '2018-11-26 10:10:30', NULL),
(51, 'Falkland Pfund', NULL, 'de', '2018-11-26 10:10:30', '2018-11-26 10:10:30', NULL),
(51, 'Falkland Islands pound', 'penny', 'en', '2018-11-26 10:10:30', '2018-11-26 10:10:30', NULL),
(52, 'Pfund Sterling', NULL, 'de', '2018-11-26 10:10:30', '2018-11-26 10:10:30', NULL),
(52, 'Pound sterling', 'penny', 'en', '2018-11-26 10:10:30', '2018-11-26 10:10:30', NULL),
(53, 'Georgischer Lari', NULL, 'de', '2018-11-26 10:10:30', '2018-11-26 10:10:30', NULL),
(53, 'Georgian lari', 'tetri', 'en', '2018-11-26 10:10:30', '2018-11-26 10:10:30', NULL),
(54, 'Cedi', NULL, 'de', '2018-11-26 10:10:30', '2018-11-26 10:10:30', NULL),
(54, 'Ghanaian cedi', 'pesewa', 'en', '2018-11-26 10:10:30', '2018-11-26 10:10:30', NULL),
(55, 'Gibraltar Pfund', NULL, 'de', '2018-11-26 10:10:30', '2018-11-26 10:10:30', NULL),
(55, 'Gibraltar pound', 'penny', 'en', '2018-11-26 10:10:30', '2018-11-26 10:10:30', NULL),
(56, 'Dalasi', NULL, 'de', '2018-11-26 10:10:30', '2018-11-26 10:10:30', NULL),
(56, 'Gambian dalasi', 'butut', 'en', '2018-11-26 10:10:30', '2018-11-26 10:10:30', NULL),
(57, 'Guinea Franc', NULL, 'de', '2018-11-26 10:10:30', '2018-11-26 10:10:30', NULL),
(57, 'Guinea Franc', NULL, 'en', '2018-11-26 10:10:30', '2018-11-26 10:10:30', NULL),
(58, 'Quetzal', NULL, 'de', '2018-11-26 10:10:30', '2018-11-26 10:10:30', NULL),
(58, 'Guatemalan quetzal', 'centavo', 'en', '2018-11-26 10:10:30', '2018-11-26 10:10:30', NULL),
(59, 'Guinea Bissau Peso', NULL, 'de', '2018-11-26 10:10:30', '2018-11-26 10:10:30', NULL),
(59, 'Guinea-Bissau Peso', NULL, 'en', '2018-11-26 10:10:30', '2018-11-26 10:10:30', NULL),
(60, 'Guyana Dollar', NULL, 'de', '2018-11-26 10:10:30', '2018-11-26 10:10:30', NULL),
(60, 'Guyana Dollar', 'Cent', 'en', '2018-11-26 10:10:30', '2018-11-26 10:10:30', NULL),
(61, 'Hongkong Dollar', NULL, 'de', '2018-11-26 10:10:30', '2018-11-26 10:10:30', NULL),
(61, 'Hong Kong dollar', 'cent', 'en', '2018-11-26 10:10:30', '2018-11-26 10:10:30', NULL),
(62, 'Lempira', NULL, 'de', '2018-11-26 10:10:30', '2018-11-26 10:10:30', NULL),
(62, 'Honduran lempira', 'centavo', 'en', '2018-11-26 10:10:30', '2018-11-26 10:10:30', NULL),
(63, 'Kuna', NULL, 'de', '2018-11-26 10:10:30', '2018-11-26 10:10:30', NULL),
(63, 'Croatian kuna', 'lipa', 'en', '2018-11-26 10:10:30', '2018-11-26 10:10:30', NULL),
(64, 'Gourde', NULL, 'de', '2018-11-26 10:10:30', '2018-11-26 10:10:30', NULL),
(64, 'Haitian gourde', 'centime', 'en', '2018-11-26 10:10:30', '2018-11-26 10:10:30', NULL),
(65, 'Forint', NULL, 'de', '2018-11-26 10:10:30', '2018-11-26 10:10:30', NULL),
(65, 'Hungarian forint', 'fillér', 'en', '2018-11-26 10:10:30', '2018-11-26 10:10:30', NULL),
(66, 'Rupiah', NULL, 'de', '2018-11-26 10:10:30', '2018-11-26 10:10:30', NULL),
(66, 'Indonesian rupiah', 'sen', 'en', '2018-11-26 10:10:30', '2018-11-26 10:10:30', NULL),
(67, 'Schekel', NULL, 'de', '2018-11-26 10:10:30', '2018-11-26 10:10:30', NULL),
(67, 'New Israeli Sheqel', 'agora', 'en', '2018-11-26 10:10:30', '2018-11-26 10:10:30', NULL),
(68, 'Indische Rupie', NULL, 'de', '2018-11-26 10:10:30', '2018-11-26 10:10:30', NULL),
(68, 'Indian rupee', 'paisha', 'en', '2018-11-26 10:10:30', '2018-11-26 10:10:30', NULL),
(69, 'Irak Dinar', NULL, 'de', '2018-11-26 10:10:30', '2018-11-26 10:10:30', NULL),
(69, 'Iraqi dinar', 'fils', 'en', '2018-11-26 10:10:30', '2018-11-26 10:10:30', NULL),
(70, 'Rial', NULL, 'de', '2018-11-26 10:10:30', '2018-11-26 10:10:30', NULL),
(70, 'Iranian rial', 'dinar', 'en', '2018-11-26 10:10:30', '2018-11-26 10:10:30', NULL),
(71, 'Isländische Krone', NULL, 'de', '2018-11-26 10:10:30', '2018-11-26 10:10:30', NULL),
(71, 'Icelandic króna', 'aurar', 'en', '2018-11-26 10:10:30', '2018-11-26 10:10:30', NULL),
(72, 'Jamaika Dollar', NULL, 'de', '2018-11-26 10:10:30', '2018-11-26 10:10:30', NULL),
(72, 'Jamaican dollar', 'cent', 'en', '2018-11-26 10:10:30', '2018-11-26 10:10:30', NULL),
(73, 'Jordanischer Dinar', NULL, 'de', '2018-11-26 10:10:30', '2018-11-26 10:10:30', NULL),
(73, 'Jordanian dinar', 'piastre', 'en', '2018-11-26 10:10:30', '2018-11-26 10:10:30', NULL),
(74, 'Yen', NULL, 'de', '2018-11-26 10:10:30', '2018-11-26 10:10:30', NULL),
(74, 'Japanese yen', 'sen', 'en', '2018-11-26 10:10:30', '2018-11-26 10:10:30', NULL),
(75, 'Kenia Schilling', NULL, 'de', '2018-11-26 10:10:30', '2018-11-26 10:10:30', NULL),
(75, 'Kenyan shilling', 'cent', 'en', '2018-11-26 10:10:30', '2018-11-26 10:10:30', NULL),
(76, 'Som', NULL, 'de', '2018-11-26 10:10:30', '2018-11-26 10:10:30', NULL),
(76, 'Kyrgyzstani som', 'tyiyn', 'en', '2018-11-26 10:10:30', '2018-11-26 10:10:30', NULL),
(77, 'Riel', NULL, 'de', '2018-11-26 10:10:30', '2018-11-26 10:10:30', NULL),
(77, 'Cambodian riel', 'sen', 'en', '2018-11-26 10:10:30', '2018-11-26 10:10:30', NULL),
(78, 'Komoren Franc', NULL, 'de', '2018-11-26 10:10:30', '2018-11-26 10:10:30', NULL),
(78, 'Comorian Franc', NULL, 'en', '2018-11-26 10:10:30', '2018-11-26 10:10:30', NULL),
(79, 'Nordkoreanischer Won', NULL, 'de', '2018-11-26 10:10:30', '2018-11-26 10:10:30', NULL),
(79, 'North Korean won', 'chon', 'en', '2018-11-26 10:10:30', '2018-11-26 10:10:30', NULL),
(80, 'Südkoreanischer Won', NULL, 'de', '2018-11-26 10:10:30', '2018-11-26 10:10:30', NULL),
(80, 'South Corean won', 'jeon', 'en', '2018-11-26 10:10:30', '2018-11-26 10:10:30', NULL),
(81, 'Kuwait Dinar', NULL, 'de', '2018-11-26 10:10:30', '2018-11-26 10:10:30', NULL),
(81, 'Kuwaiti dinar', 'fils', 'en', '2018-11-26 10:10:30', '2018-11-26 10:10:30', NULL),
(82, 'Kaiman-Dollar', NULL, 'de', '2018-11-26 10:10:30', '2018-11-26 10:10:30', NULL),
(82, 'Cayman Islands Dollar', 'cent', 'en', '2018-11-26 10:10:30', '2018-11-26 10:10:30', NULL),
(83, 'Tenge', NULL, 'de', '2018-11-26 10:10:30', '2018-11-26 10:10:30', NULL),
(83, 'Kazakhstani tenge', 'tiyin', 'en', '2018-11-26 10:10:30', '2018-11-26 10:10:30', NULL),
(84, 'Kip', NULL, 'de', '2018-11-26 10:10:30', '2018-11-26 10:10:30', NULL),
(84, 'Lao kip', 'at', 'en', '2018-11-26 10:10:30', '2018-11-26 10:10:30', NULL),
(85, 'Libanesisches Pfund', NULL, 'de', '2018-11-26 10:10:30', '2018-11-26 10:10:30', NULL),
(85, 'Lebanese pound', 'piastre', 'en', '2018-11-26 10:10:30', '2018-11-26 10:10:30', NULL),
(86, 'Sri Lanka Rupie', NULL, 'de', '2018-11-26 10:10:30', '2018-11-26 10:10:30', NULL),
(86, 'Sri Lankan rupee', 'cent', 'en', '2018-11-26 10:10:30', '2018-11-26 10:10:30', NULL),
(87, 'Liberianischer Dollar', NULL, 'de', '2018-11-26 10:10:30', '2018-11-26 10:10:30', NULL),
(87, 'Liberian dollar', 'cent', 'en', '2018-11-26 10:10:30', '2018-11-26 10:10:30', NULL),
(88, 'Loti', NULL, 'de', '2018-11-26 10:10:30', '2018-11-26 10:10:30', NULL),
(88, 'Lesotho loti', 'sente', 'en', '2018-11-26 10:10:30', '2018-11-26 10:10:30', NULL),
(89, 'Litauischer Litas', NULL, 'de', '2018-11-26 10:10:30', '2018-11-26 10:10:30', NULL),
(89, 'Lithuanian litas', 'centas', 'en', '2018-11-26 10:10:30', '2018-11-26 10:10:30', NULL),
(90, 'Lettischer Lats', NULL, 'de', '2018-11-26 10:10:30', '2018-11-26 10:10:30', NULL),
(90, 'Latvian lats', 'santim', 'en', '2018-11-26 10:10:30', '2018-11-26 10:10:30', NULL),
(91, 'Libyscher Dinar', NULL, 'de', '2018-11-26 10:10:30', '2018-11-26 10:10:30', NULL),
(91, 'Libyan dinar', 'dirham', 'en', '2018-11-26 10:10:30', '2018-11-26 10:10:30', NULL),
(92, 'Marokkanischer Dirham', NULL, 'de', '2018-11-26 10:10:30', '2018-11-26 10:10:30', NULL),
(92, 'Moroccan dirham', 'centime', 'en', '2018-11-26 10:10:30', '2018-11-26 10:10:30', NULL),
(93, 'Moldau Leu', NULL, 'de', '2018-11-26 10:10:30', '2018-11-26 10:10:30', NULL),
(93, 'Moldovan leu', 'ban', 'en', '2018-11-26 10:10:30', '2018-11-26 10:10:30', NULL),
(95, 'Denar', NULL, 'de', '2018-11-26 10:10:30', '2018-11-26 10:10:30', NULL),
(95, 'Macedonian denar', 'deni', 'en', '2018-11-26 10:10:30', '2018-11-26 10:10:30', NULL),
(96, 'Kyat', NULL, 'de', '2018-11-26 10:10:30', '2018-11-26 10:10:30', NULL),
(96, 'Myanmar kyat', 'pya', 'en', '2018-11-26 10:10:30', '2018-11-26 10:10:30', NULL),
(97, 'Tugrik', NULL, 'de', '2018-11-26 10:10:30', '2018-11-26 10:10:30', NULL),
(97, 'Mongolian tugrug', 'mongo', 'en', '2018-11-26 10:10:30', '2018-11-26 10:10:30', NULL),
(98, 'Pataca', NULL, 'de', '2018-11-26 10:10:30', '2018-11-26 10:10:30', NULL),
(98, 'Macanese pataca', 'avo', 'en', '2018-11-26 10:10:30', '2018-11-26 10:10:30', NULL),
(99, 'Ouguiya', NULL, 'de', '2018-11-26 10:10:30', '2018-11-26 10:10:30', NULL),
(99, 'Mauritanian ouguiya', 'khoum', 'en', '2018-11-26 10:10:30', '2018-11-26 10:10:30', NULL),
(100, 'Maltesische Lira', NULL, 'de', '2018-11-26 10:10:30', '2018-11-26 10:10:30', NULL),
(100, 'Maltese lira', 'cent', 'en', '2018-11-26 10:10:30', '2018-11-26 10:10:30', NULL),
(101, 'Mauritius Rupie', NULL, 'de', '2018-11-26 10:10:30', '2018-11-26 10:10:30', NULL),
(101, 'Mauritian rupee', 'cent', 'en', '2018-11-26 10:10:30', '2018-11-26 10:10:30', NULL),
(102, 'Rufiyaa', NULL, 'de', '2018-11-26 10:10:30', '2018-11-26 10:10:30', NULL),
(102, 'Maldivian rufiyaa', 'laari', 'en', '2018-11-26 10:10:30', '2018-11-26 10:10:30', NULL),
(103, 'Malawi Kwacha', NULL, 'de', '2018-11-26 10:10:30', '2018-11-26 10:10:30', NULL),
(103, 'Malawian kwacha', 'tambala', 'en', '2018-11-26 10:10:30', '2018-11-26 10:10:30', NULL),
(104, 'Mexikanischer Peso', NULL, 'de', '2018-11-26 10:10:30', '2018-11-26 10:10:30', NULL),
(104, 'Mexican peso', 'centavo', 'en', '2018-11-26 10:10:30', '2018-11-26 10:10:30', NULL),
(106, 'Malaysischer Ringgit', NULL, 'de', '2018-11-26 10:10:30', '2018-11-26 10:10:30', NULL),
(106, 'Malaysian ringgit', 'sen', 'en', '2018-11-26 10:10:30', '2018-11-26 10:10:30', NULL),
(107, 'Metical', NULL, 'de', '2018-11-26 10:10:30', '2018-11-26 10:10:30', NULL),
(107, 'Mozambican metical', 'centavo', 'en', '2018-11-26 10:10:30', '2018-11-26 10:10:30', NULL),
(108, 'Namibia Dollar', NULL, 'de', '2018-11-26 10:10:30', '2018-11-26 10:10:30', NULL),
(108, 'Namibian dollar', 'cent', 'en', '2018-11-26 10:10:30', '2018-11-26 10:10:30', NULL),
(109, 'Naira', NULL, 'de', '2018-11-26 10:10:30', '2018-11-26 10:10:30', NULL),
(109, 'Nigerian naira', 'kobo', 'en', '2018-11-26 10:10:30', '2018-11-26 10:10:30', NULL),
(110, 'Gold-Cordoba', NULL, 'de', '2018-11-26 10:10:30', '2018-11-26 10:10:30', NULL),
(110, 'Nicaraguan córdoba', 'centavo', 'en', '2018-11-26 10:10:30', '2018-11-26 10:10:30', NULL),
(111, 'Norwegische Krone', NULL, 'de', '2018-11-26 10:10:30', '2018-11-26 10:10:30', NULL),
(111, 'Norvegian krone', 'øre', 'en', '2018-11-26 10:10:30', '2018-11-26 10:10:30', NULL),
(112, 'Nepalesische Rupie', NULL, 'de', '2018-11-26 10:10:30', '2018-11-26 10:10:30', NULL),
(112, 'Nepalese rupee', 'paisa', 'en', '2018-11-26 10:10:30', '2018-11-26 10:10:30', NULL),
(113, 'Neuseeland Dollar', NULL, 'de', '2018-11-26 10:10:30', '2018-11-26 10:10:30', NULL),
(113, 'New Zealand dollar', 'cent', 'en', '2018-11-26 10:10:30', '2018-11-26 10:10:30', NULL),
(114, 'Rial Omani', NULL, 'de', '2018-11-26 10:10:30', '2018-11-26 10:10:30', NULL),
(114, 'Omani rial', 'baiza', 'en', '2018-11-26 10:10:30', '2018-11-26 10:10:30', NULL),
(115, 'Balboa', NULL, 'de', '2018-11-26 10:10:30', '2018-11-26 10:10:30', NULL),
(115, 'Panamanian balboa', 'centésimo', 'en', '2018-11-26 10:10:30', '2018-11-26 10:10:30', NULL),
(116, 'Neuer Sol', NULL, 'de', '2018-11-26 10:10:30', '2018-11-26 10:10:30', NULL),
(116, 'Peruvian nuevo sol', 'centimo', 'en', '2018-11-26 10:10:30', '2018-11-26 10:10:30', NULL),
(117, 'Kina', NULL, 'de', '2018-11-26 10:10:30', '2018-11-26 10:10:30', NULL),
(117, 'Papua New Guinean kina', 'toea', 'en', '2018-11-26 10:10:30', '2018-11-26 10:10:30', NULL),
(118, 'Philippinischer Peso', NULL, 'de', '2018-11-26 10:10:30', '2018-11-26 10:10:30', NULL),
(118, 'Philippine peso', 'centavo', 'en', '2018-11-26 10:10:30', '2018-11-26 10:10:30', NULL),
(119, 'Pakistanische Rupie', NULL, 'de', '2018-11-26 10:10:30', '2018-11-26 10:10:30', NULL),
(119, 'Pakistani rupee', 'paisa', 'en', '2018-11-26 10:10:30', '2018-11-26 10:10:30', NULL),
(120, 'Zloty', NULL, 'de', '2018-11-26 10:10:30', '2018-11-26 10:10:30', NULL),
(120, 'Polish złoty', 'grosz', 'en', '2018-11-26 10:10:30', '2018-11-26 10:10:30', NULL),
(121, 'Guarani', NULL, 'de', '2018-11-26 10:10:30', '2018-11-26 10:10:30', NULL),
(121, 'Paraguayan guaraní', 'centimo', 'en', '2018-11-26 10:10:30', '2018-11-26 10:10:30', NULL),
(122, 'Katar Riyal', NULL, 'de', '2018-11-26 10:10:30', '2018-11-26 10:10:30', NULL),
(122, 'Qatari riyal', 'dirham', 'en', '2018-11-26 10:10:30', '2018-11-26 10:10:30', NULL),
(123, 'Leu', NULL, 'de', '2018-11-26 10:10:30', '2018-11-26 10:10:30', NULL),
(123, 'Romanian leu', 'ban', 'en', '2018-11-26 10:10:30', '2018-11-26 10:10:30', NULL),
(124, 'Russischer Rubel (neu)', NULL, 'de', '2018-11-26 10:10:30', '2018-11-26 10:10:30', NULL),
(124, 'Russian ruble', 'kopek', 'en', '2018-11-26 10:10:30', '2018-11-26 10:10:30', NULL),
(126, 'Ruanda Franc', NULL, 'de', '2018-11-26 10:10:30', '2018-11-26 10:10:30', NULL),
(126, 'Rwandan franc', 'centime', 'en', '2018-11-26 10:10:30', '2018-11-26 10:10:30', NULL),
(127, 'Saudi Riyal', NULL, 'de', '2018-11-26 10:10:30', '2018-11-26 10:10:30', NULL),
(127, 'Saudi riyal', 'hallalah', 'en', '2018-11-26 10:10:30', '2018-11-26 10:10:30', NULL),
(128, 'Salomonen Dollar', NULL, 'de', '2018-11-26 10:10:30', '2018-11-26 10:10:30', NULL),
(128, 'Solomon Islands dollar', 'cent', 'en', '2018-11-26 10:10:30', '2018-11-26 10:10:30', NULL),
(129, 'Seychellen Rupie', NULL, 'de', '2018-11-26 10:10:30', '2018-11-26 10:10:30', NULL),
(129, 'Seychelles rupee', 'cent', 'en', '2018-11-26 10:10:30', '2018-11-26 10:10:30', NULL),
(130, 'Sudanesischer Dinar', NULL, 'de', '2018-11-26 10:10:30', '2018-11-26 10:10:30', NULL),
(130, 'Sudanese dinar', NULL, 'en', '2018-11-26 10:10:30', '2018-11-26 10:10:30', NULL),
(131, 'Schwedische Krone', NULL, 'de', '2018-11-26 10:10:30', '2018-11-26 10:10:30', NULL),
(131, 'Swedish krona', 'öre', 'en', '2018-11-26 10:10:30', '2018-11-26 10:10:30', NULL),
(132, 'Singapur Dollar', NULL, 'de', '2018-11-26 10:10:30', '2018-11-26 10:10:30', NULL),
(132, 'Singapore dollar', 'cent', 'en', '2018-11-26 10:10:30', '2018-11-26 10:10:30', NULL),
(133, 'St. Helena Pfund', NULL, 'de', '2018-11-26 10:10:30', '2018-11-26 10:10:30', NULL),
(133, 'Saint Helena pound', 'penny', 'en', '2018-11-26 10:10:30', '2018-11-26 10:10:30', NULL),
(134, 'Tolar', NULL, 'de', '2018-11-26 10:10:30', '2018-11-26 10:10:30', NULL),
(134, 'Slovenian tolar', 'stotin', 'en', '2018-11-26 10:10:30', '2018-11-26 10:10:30', NULL),
(135, 'Slowakische Krone', NULL, 'de', '2018-11-26 10:10:30', '2018-11-26 10:10:30', NULL),
(135, 'Slovak koruna', 'halier', 'en', '2018-11-26 10:10:30', '2018-11-26 10:10:30', NULL),
(136, 'Leone', NULL, 'de', '2018-11-26 10:10:30', '2018-11-26 10:10:30', NULL),
(136, 'Sierra Leonean leone', 'cent', 'en', '2018-11-26 10:10:30', '2018-11-26 10:10:30', NULL),
(137, 'Somalia Schilling', NULL, 'de', '2018-11-26 10:10:30', '2018-11-26 10:10:30', NULL),
(137, 'Somali shilling', 'centesimo', 'en', '2018-11-26 10:10:30', '2018-11-26 10:10:30', NULL),
(139, 'Dobra', NULL, 'de', '2018-11-26 10:10:30', '2018-11-26 10:10:30', NULL),
(139, 'São Tomé and Príncipe dobra', 'cêntimo', 'en', '2018-11-26 10:10:30', '2018-11-26 10:10:30', NULL),
(140, 'El Salvador Colon', NULL, 'de', '2018-11-26 10:10:30', '2018-11-26 10:10:30', NULL),
(140, 'Salvadoran colón', 'centavo', 'en', '2018-11-26 10:10:30', '2018-11-26 10:10:30', NULL),
(141, 'Syrisches Pfund', NULL, 'de', '2018-11-26 10:10:30', '2018-11-26 10:10:30', NULL),
(141, 'Syrian pound', 'piastre', 'en', '2018-11-26 10:10:30', '2018-11-26 10:10:30', NULL),
(142, 'Lilangeni', NULL, 'de', '2018-11-26 10:10:30', '2018-11-26 10:10:30', NULL),
(142, 'Swazi lilangeni', 'cent', 'en', '2018-11-26 10:10:30', '2018-11-26 10:10:30', NULL),
(143, 'Baht', NULL, 'de', '2018-11-26 10:10:30', '2018-11-26 10:10:30', NULL),
(143, 'Baht', 'satang', 'en', '2018-11-26 10:10:30', '2018-11-26 10:10:30', NULL),
(144, 'Tadschikistan Somoni', NULL, 'de', '2018-11-26 10:10:30', '2018-11-26 10:10:30', NULL),
(144, 'Tajikistani somoni', 'diram', 'en', '2018-11-26 10:10:30', '2018-11-26 10:10:30', NULL),
(145, 'Turkmenistan-Manat', NULL, 'de', '2018-11-26 10:10:30', '2018-11-26 10:10:30', NULL),
(145, 'Turkmenistani manat', 'tenge', 'en', '2018-11-26 10:10:30', '2018-11-26 10:10:30', NULL),
(146, 'Tunesischer Dinar', NULL, 'de', '2018-11-26 10:10:30', '2018-11-26 10:10:30', NULL),
(146, 'Tunisian dinar', 'millime', 'en', '2018-11-26 10:10:30', '2018-11-26 10:10:30', NULL),
(147, 'Paʻanga', NULL, 'de', '2018-11-26 10:10:30', '2018-11-26 10:10:30', NULL),
(147, 'Tongan pa\'anga', 'seniti', 'en', '2018-11-26 10:10:30', '2018-11-26 10:10:30', NULL),
(150, 'Trinidad und Tobago Dollar', NULL, 'de', '2018-11-26 10:10:30', '2018-11-26 10:10:30', NULL),
(150, 'Trinidad and Tobago dollar', 'cent', 'en', '2018-11-26 10:10:30', '2018-11-26 10:10:30', NULL),
(151, 'Neuer Taiwan Dollar', NULL, 'de', '2018-11-26 10:10:30', '2018-11-26 10:10:30', NULL),
(151, 'New Taiwan dollar', 'cent', 'en', '2018-11-26 10:10:30', '2018-11-26 10:10:30', NULL),
(152, 'Tansania Schilling', NULL, 'de', '2018-11-26 10:10:30', '2018-11-26 10:10:30', NULL),
(152, 'Tanzanian shilling', 'cent', 'en', '2018-11-26 10:10:30', '2018-11-26 10:10:30', NULL),
(153, 'Hryvnia', NULL, 'de', '2018-11-26 10:10:30', '2018-11-26 10:10:30', NULL),
(153, 'Ukrainian hryvnia', 'kopiyka', 'en', '2018-11-26 10:10:30', '2018-11-26 10:10:30', NULL),
(154, 'Uganda Schilling', NULL, 'de', '2018-11-26 10:10:30', '2018-11-26 10:10:30', NULL),
(154, 'Ugandan shilling', 'cent', 'en', '2018-11-26 10:10:30', '2018-11-26 10:10:30', NULL),
(155, 'US Dollar', NULL, 'de', '2018-11-26 10:10:30', '2018-11-26 10:10:30', NULL),
(155, 'US dollar', 'cent', 'en', '2018-11-26 10:10:30', '2018-11-26 10:10:30', NULL),
(156, 'Uruguayischer Peso', NULL, 'de', '2018-11-26 10:10:30', '2018-11-26 10:10:30', NULL),
(156, 'Uruguayan peso', 'centésimo', 'en', '2018-11-26 10:10:30', '2018-11-26 10:10:30', NULL),
(157, 'Usbekistan Sum', NULL, 'de', '2018-11-26 10:10:30', '2018-11-26 10:10:30', NULL),
(157, 'Uzbekistani som', 'tiyin', 'en', '2018-11-26 10:10:30', '2018-11-26 10:10:30', NULL),
(158, 'Bolivar', NULL, 'de', '2018-11-26 10:10:30', '2018-11-26 10:10:30', NULL),
(158, 'Bolivar', 'céntimo', 'en', '2018-11-26 10:10:30', '2018-11-26 10:10:30', NULL),
(159, 'Dong', NULL, 'de', '2018-11-26 10:10:30', '2018-11-26 10:10:30', NULL),
(159, 'Vietnamese đồng', 'xu', 'en', '2018-11-26 10:10:30', '2018-11-26 10:10:30', NULL),
(160, 'Vatu', NULL, 'de', '2018-11-26 10:10:30', '2018-11-26 10:10:30', NULL),
(160, 'Vatu', 'centime', 'en', '2018-11-26 10:10:30', '2018-11-26 10:10:30', NULL),
(161, 'Tala', NULL, 'de', '2018-11-26 10:10:30', '2018-11-26 10:10:30', NULL),
(161, 'Samoan tala', 'sene', 'en', '2018-11-26 10:10:30', '2018-11-26 10:10:30', NULL),
(162, 'CFA Franc (Äquatorial)', NULL, 'de', '2018-11-26 10:10:30', '2018-11-26 10:10:30', NULL),
(162, 'CFA Franc BEAC', NULL, 'en', '2018-11-26 10:10:30', '2018-11-26 10:10:30', NULL),
(163, 'Ostkaribischer Dollar', NULL, 'de', '2018-11-26 10:10:30', '2018-11-26 10:10:30', NULL),
(163, 'East Caribbean dollar', 'cent', 'en', '2018-11-26 10:10:30', '2018-11-26 10:10:30', NULL),
(164, 'CFA Franc (West)', NULL, 'de', '2018-11-26 10:10:30', '2018-11-26 10:10:30', NULL),
(164, 'CFA Franc BCEAO', NULL, 'en', '2018-11-26 10:10:30', '2018-11-26 10:10:30', NULL),
(165, 'CFP Franc', NULL, 'de', '2018-11-26 10:10:30', '2018-11-26 10:10:30', NULL),
(165, 'CFP Franc', NULL, 'en', '2018-11-26 10:10:30', '2018-11-26 10:10:30', NULL),
(166, 'Jemen Rial', NULL, 'de', '2018-11-26 10:10:30', '2018-11-26 10:10:30', NULL),
(166, 'Yemeni rial', 'fils', 'en', '2018-11-26 10:10:30', '2018-11-26 10:10:30', NULL),
(168, 'Rand', NULL, 'de', '2018-11-26 10:10:30', '2018-11-26 10:10:30', NULL),
(168, 'South African rand', 'cent', 'en', '2018-11-26 10:10:30', '2018-11-26 10:10:30', NULL),
(169, 'Kwacha', NULL, 'de', '2018-11-26 10:10:30', '2018-11-26 10:10:30', NULL),
(169, 'Zambian kwacha', 'ngwee', 'en', '2018-11-26 10:10:30', '2018-11-26 10:10:30', NULL),
(170, 'Simbabwe Dollar', NULL, 'de', '2018-11-26 10:10:30', '2018-11-26 10:10:30', NULL),
(170, 'Zimbabwean dollar', 'cent', 'en', '2018-11-26 10:10:30', '2018-11-26 10:10:30', NULL),
(171, 'Afghani', NULL, 'de', '2018-11-26 10:10:30', '2018-11-26 10:10:30', NULL),
(171, 'Afghan afghani', 'pul', 'en', '2018-11-26 10:10:30', '2018-11-26 10:10:30', NULL),
(172, NULL, NULL, 'de', '2018-11-26 10:10:30', '2018-11-26 10:10:30', NULL),
(172, 'Serbian dinar', 'para', 'en', '2018-11-26 10:10:30', '2018-11-26 10:10:30', NULL),
(173, 'Madagaskar Ariary', NULL, 'de', '2018-11-26 10:10:30', '2018-11-26 10:10:30', NULL),
(173, 'Malagasy ariary', 'iraimbilanja', 'en', '2018-11-26 10:10:30', '2018-11-26 10:10:30', NULL),
(174, NULL, NULL, 'de', '2018-11-26 10:10:30', '2018-11-26 10:10:30', NULL),
(174, 'Suriname dollar', 'cent', 'en', '2018-11-26 10:10:30', '2018-11-26 10:10:30', NULL),
(175, 'Neue Türkische Lira', NULL, 'de', '2018-11-26 10:10:30', '2018-11-26 10:10:30', NULL),
(175, 'Turkish new lira', 'new kuruş', 'en', '2018-11-26 10:10:30', '2018-11-26 10:10:30', NULL);

-- --------------------------------------------------------

--
-- Tabellenstruktur für Tabelle `dates`
--

CREATE TABLE `dates` (
  `id` bigint(20) UNSIGNED NOT NULL,
  `short` varchar(120) COLLATE utf8_bin NOT NULL,
  `publish_datetime` datetime DEFAULT NULL,
  `closed_registration_date` date NOT NULL,
  `fr_media_id` bigint(20) UNSIGNED DEFAULT NULL,
  `de_media_id` bigint(20) UNSIGNED DEFAULT NULL,
  `fr_presentation_media_id` bigint(20) UNSIGNED DEFAULT NULL,
  `de_presentation_media_id` bigint(20) UNSIGNED DEFAULT NULL,
  `published` tinyint(1) DEFAULT '0',
  `created_at` datetime NOT NULL,
  `updated_at` datetime NOT NULL,
  `deleted_at` datetime DEFAULT NULL
) ENGINE=InnoDB DEFAULT CHARSET=utf8 COLLATE=utf8_bin;

--
-- Daten für Tabelle `dates`
--

INSERT INTO `dates` (`id`, `short`, `publish_datetime`, `closed_registration_date`, `fr_media_id`, `de_media_id`, `fr_presentation_media_id`, `de_presentation_media_id`, `published`, `created_at`, `updated_at`, `deleted_at`) VALUES
(1, 'a1', '2015-11-28 00:00:00', '0000-00-00', 46, 46, NULL, NULL, 1, '2018-11-28 00:00:00', '2018-12-20 11:29:29', NULL),
(2, 'a2', '2018-11-28 00:00:00', '0000-00-00', 46, 46, NULL, NULL, 1, '2018-11-28 00:00:00', '2018-12-20 11:30:04', NULL),
(3, 'a3', '2018-11-28 00:00:00', '2019-01-17', 46, 46, NULL, NULL, 1, '2018-11-28 00:00:00', '2019-01-14 11:15:56', NULL);

-- --------------------------------------------------------

--
-- Tabellenstruktur für Tabelle `dates_m2n_department`
--

CREATE TABLE `dates_m2n_department` (
  `id` bigint(20) UNSIGNED NOT NULL,
  `dates_id` bigint(20) UNSIGNED NOT NULL,
  `department_id` bigint(20) UNSIGNED NOT NULL,
  `created_at` datetime NOT NULL,
  `updated_at` datetime NOT NULL,
  `deleted_at` datetime DEFAULT NULL
) ENGINE=InnoDB DEFAULT CHARSET=utf8 COLLATE=utf8_bin;

--
-- Daten für Tabelle `dates_m2n_department`
--

INSERT INTO `dates_m2n_department` (`id`, `dates_id`, `department_id`, `created_at`, `updated_at`, `deleted_at`) VALUES
(1, 1, 1, '2018-12-19 08:59:31', '2018-12-19 08:59:31', NULL),
(2, 3, 1, '2018-12-19 08:59:31', '2018-12-19 08:59:31', NULL),
(3, 2, 1, '2018-12-19 08:59:51', '2018-12-19 08:59:51', NULL);

-- --------------------------------------------------------

--
-- Tabellenstruktur für Tabelle `dates_participants`
--

CREATE TABLE `dates_participants` (
  `id` bigint(20) UNSIGNED NOT NULL,
  `user_id` bigint(20) UNSIGNED NOT NULL,
  `participant_name` varchar(120) COLLATE utf8_bin NOT NULL,
  `date_id` bigint(20) UNSIGNED NOT NULL,
  `created_at` datetime NOT NULL,
  `updated_at` datetime NOT NULL,
  `deleted_at` datetime DEFAULT NULL
) ENGINE=InnoDB DEFAULT CHARSET=utf8 COLLATE=utf8_bin;

-- --------------------------------------------------------

--
-- Tabellenstruktur für Tabelle `dates_translation`
--

CREATE TABLE `dates_translation` (
  `id` bigint(20) UNSIGNED NOT NULL DEFAULT '0',
  `ushort` varchar(120) COLLATE utf8_bin NOT NULL,
  `uname` varchar(120) COLLATE utf8_bin NOT NULL,
  `title` varchar(255) COLLATE utf8_bin DEFAULT NULL,
  `description` mediumtext COLLATE utf8_bin,
  `content` mediumtext COLLATE utf8_bin,
  `lang` char(2) COLLATE utf8_bin NOT NULL DEFAULT '',
  `created_at` datetime NOT NULL,
  `updated_at` datetime NOT NULL,
  `deleted_at` datetime DEFAULT NULL
) ENGINE=InnoDB DEFAULT CHARSET=utf8 COLLATE=utf8_bin;

--
-- Daten für Tabelle `dates_translation`
--

INSERT INTO `dates_translation` (`id`, `ushort`, `uname`, `title`, `description`, `content`, `lang`, `created_at`, `updated_at`, `deleted_at`) VALUES
(1, 'asd1', 'asd1', 'qwe1', 'aaurepudia nonesciis dolore vel escitatur?<br> mporeicia consendiigolestori occaturia quo id esectatio. Luptate\r\nlabo. Et ut est ut a diaecumque est ut a diaecumque est ut a diaecumque est ut a diaecumque diaecumque andem explaccae lab intibus.', 'aaurepudia nonesciis dolore vel escitatur?<br /> mporeicia consendiigolestori occaturia quo id esectatio. Luptate labo. Et ut est ut a diaecumque est ut a diaecumque est ut a diaecumque est ut a diaecumque diaecumque andem explaccae lab intibus.', 'de', '2018-11-28 11:22:41', '2018-12-20 11:29:29', NULL),
(1, 'asd2', 'asd2', 'qwe2', 'aaurepudia nonesciis dolore vel escitatur?<br> mporeicia consendiigolestori occaturia quo id esectatio. Luptate\r\nlabo. Et ut est ut a diaecumque est ut a diaecumque est ut a diaecumque est ut a diaecumque diaecumque andem explaccae lab intibus.', 'aaurepudia nonesciis dolore vel escitatur?<br /> mporeicia consendiigolestori occaturia quo id esectatio. Luptate labo. Et ut est ut a diaecumque est ut a diaecumque est ut a diaecumque est ut a diaecumque diaecumque andem explaccae lab intibus.', 'en', '2018-11-28 11:22:41', '2018-12-20 11:29:29', NULL),
(1, 'asd1', 'asd1', NULL, NULL, NULL, 'fr', '2019-01-25 14:36:27', '2019-01-25 14:36:27', NULL),
(2, 'asd3', 'asd3', 'qwe3', 'aaurepudia nonesciis dolore vel escitatur?<br> mporeicia consendiigolestori occaturia quo id esectatio. Luptate\r\nlabo. Et ut est ut a diaecumque est ut a diaecumque est ut a diaecumque est ut a diaecumque diaecumque andem explaccae lab intibus.', 'aaurepudia nonesciis dolore vel escitatur?<br /> mporeicia consendiigolestori occaturia quo id esectatio. Luptate labo. Et ut est ut a diaecumque est ut a diaecumque est ut a diaecumque est ut a diaecumque diaecumque andem explaccae lab intibus.', 'de', '2018-11-28 11:22:41', '2018-12-20 11:30:04', NULL),
(2, 'asd4', 'asd4', 'qwe4', 'aaurepudia nonesciis dolore vel escitatur?<br> mporeicia consendiigolestori occaturia quo id esectatio. Luptate\r\nlabo. Et ut est ut a diaecumque est ut a diaecumque est ut a diaecumque est ut a diaecumque diaecumque andem explaccae lab intibus.', 'aaurepudia nonesciis dolore vel escitatur?<br /> mporeicia consendiigolestori occaturia quo id esectatio. Luptate labo. Et ut est ut a diaecumque est ut a diaecumque est ut a diaecumque est ut a diaecumque diaecumque andem explaccae lab intibus.', 'en', '2018-11-28 11:22:41', '2018-12-20 11:30:04', NULL),
(3, 'asd5', 'asd5', 'qwe5', 'aaurepudia nonesciis dolore vel escitatur?<br> mporeicia consendiigolestori occaturia quo id esectatio. Luptate\r\nlabo. Et ut est ut a diaecumque est ut a diaecumque est ut a diaecumque est ut a diaecumque diaecumque andem explaccae lab intibus.', 'aaurepudia nonesciis dolore vel escitatur?<br /> mporeicia consendiigolestori occaturia quo id esectatio. Luptate labo. Et ut est ut a diaecumque est ut a diaecumque est ut a diaecumque est ut a diaecumque diaecumque andem explaccae lab intibus.', 'de', '2018-11-28 11:22:41', '2018-12-20 11:30:36', NULL),
(3, 'asd6', 'asd6', 'qwe6', 'aaurepudia nonesciis dolore vel escitatur?<br> mporeicia consendiigolestori occaturia quo id esectatio. Luptate\r\nlabo. Et ut est ut a diaecumque est ut a diaecumque est ut a diaecumque est ut a diaecumque diaecumque andem explaccae lab intibus.', 'aaurepudia nonesciis dolore vel escitatur?<br /> mporeicia consendiigolestori occaturia quo id esectatio. Luptate labo. Et ut est ut a diaecumque est ut a diaecumque est ut a diaecumque est ut a diaecumque diaecumque andem explaccae lab intibus.', 'en', '2018-11-28 11:22:41', '2018-12-20 11:30:36', NULL),
(3, 'asd5', 'asd5', NULL, NULL, NULL, 'fr', '2019-01-14 11:15:56', '2019-01-14 11:15:56', NULL);

-- --------------------------------------------------------

--
-- Tabellenstruktur für Tabelle `delivery_time`
--

CREATE TABLE `delivery_time` (
  `id` bigint(20) UNSIGNED NOT NULL,
  `address_id` bigint(20) UNSIGNED NOT NULL,
  `delivery_date` varchar(45) COLLATE utf8_bin NOT NULL,
  `from_hour` varchar(45) COLLATE utf8_bin NOT NULL,
  `till_hour` varchar(45) COLLATE utf8_bin NOT NULL,
  `created_at` datetime NOT NULL,
  `updated_at` datetime NOT NULL,
  `deleted_at` datetime DEFAULT NULL
) ENGINE=InnoDB DEFAULT CHARSET=utf8 COLLATE=utf8_bin;

-- --------------------------------------------------------

--
-- Tabellenstruktur für Tabelle `department`
--

CREATE TABLE `department` (
  `id` bigint(20) UNSIGNED NOT NULL,
  `short` varchar(120) COLLATE utf8_bin NOT NULL,
  `name` varchar(120) COLLATE utf8_bin NOT NULL,
  `created_at` datetime NOT NULL,
  `updated_at` datetime NOT NULL,
  `deleted_at` datetime DEFAULT NULL
) ENGINE=InnoDB DEFAULT CHARSET=utf8 COLLATE=utf8_bin;

--
-- Daten für Tabelle `department`
--

INSERT INTO `department` (`id`, `short`, `name`, `created_at`, `updated_at`, `deleted_at`) VALUES
(1, 'nutzfahrzeuge', 'Nutzfahrzeuge', '2018-12-07 12:11:04', '2019-01-20 16:56:43', NULL),
(2, 'marketing', 'Marketing', '2018-12-07 12:11:04', '2018-12-07 12:11:04', NULL),
(3, 'it-edv', 'IT - EDV', '2018-12-07 12:11:04', '2019-01-20 16:57:26', NULL),
(4, 'aftersales', 'Aftersales', '2018-12-07 12:11:04', '2019-01-20 16:57:49', NULL),
(5, 'management', 'Management', '2018-12-07 12:11:04', '2018-12-07 12:11:04', NULL);

-- --------------------------------------------------------

--
-- Tabellenstruktur für Tabelle `department_translation`
--

CREATE TABLE `department_translation` (
  `id` bigint(20) UNSIGNED NOT NULL DEFAULT '0',
  `title` varchar(120) COLLATE utf8_bin DEFAULT NULL,
  `lang` char(2) COLLATE utf8_bin NOT NULL DEFAULT '',
  `created_at` datetime NOT NULL,
  `updated_at` datetime NOT NULL,
  `deleted_at` datetime DEFAULT NULL
) ENGINE=InnoDB DEFAULT CHARSET=utf8 COLLATE=utf8_bin;

--
-- Daten für Tabelle `department_translation`
--

INSERT INTO `department_translation` (`id`, `title`, `lang`, `created_at`, `updated_at`, `deleted_at`) VALUES
(1, 'Nutzfahrzeuge', 'de', '2018-12-07 12:11:04', '2019-01-20 16:56:43', NULL),
(1, 'Vertrieb', 'en', '2018-12-20 11:24:47', '2018-12-20 11:24:47', NULL),
(1, 'Véhicules utilitaires', 'fr', '2019-01-20 16:56:43', '2019-01-20 16:56:43', NULL),
(2, 'Marketing', 'de', '2018-12-07 12:11:04', '2018-12-07 12:11:04', NULL),
(2, 'Marketing', 'en', '2018-12-20 11:24:55', '2018-12-20 11:24:55', NULL),
(2, 'Marketing', 'fr', '2019-01-20 16:56:55', '2019-01-20 16:56:55', NULL),
(3, 'IT - EDV', 'de', '2018-12-07 12:11:04', '2019-01-20 16:57:26', NULL),
(3, 'Teile & Zubehör', 'en', '2018-12-20 11:23:19', '2018-12-20 11:23:19', NULL),
(3, 'IT - Informatique', 'fr', '2019-01-20 16:57:26', '2019-01-20 16:57:26', NULL),
(4, 'Aftersales', 'de', '2018-12-07 12:11:04', '2019-01-20 16:57:49', NULL),
(4, 'After-Sales', 'en', '2018-12-20 11:25:04', '2018-12-20 11:25:04', NULL),
(4, 'Aftersales', 'fr', '2019-01-20 16:57:49', '2019-01-20 16:57:49', NULL),
(5, 'Management', 'de', '2018-12-07 12:11:04', '2018-12-07 12:11:04', NULL),
(5, 'Management', 'en', '2018-12-20 11:25:13', '2018-12-20 11:25:13', NULL),
(5, 'Management', 'fr', '2019-01-20 16:55:22', '2019-01-20 16:58:02', NULL);

-- --------------------------------------------------------

--
-- Tabellenstruktur für Tabelle `doctrine_cache`
--

CREATE TABLE `doctrine_cache` (
  `id` varchar(255) COLLATE utf8_bin NOT NULL DEFAULT '',
  `data` longblob,
  `expire` datetime DEFAULT NULL,
  `created_at` datetime NOT NULL,
  `updated_at` datetime NOT NULL,
  `deleted_at` datetime DEFAULT NULL
) ENGINE=InnoDB DEFAULT CHARSET=utf8 COLLATE=utf8_bin;

-- --------------------------------------------------------

--
-- Tabellenstruktur für Tabelle `email_template`
--

CREATE TABLE `email_template` (
  `id` bigint(20) UNSIGNED NOT NULL,
  `short` varchar(45) COLLATE utf8_bin NOT NULL,
  `name` varchar(45) COLLATE utf8_bin NOT NULL,
  `html_body_css_style` mediumtext COLLATE utf8_bin,
  `html_paragraph_css_style` mediumtext COLLATE utf8_bin,
  `html_headline_css_style` mediumtext COLLATE utf8_bin,
  `html_data_css_style` mediumtext COLLATE utf8_bin,
  `html_dataline_label_css_style` mediumtext COLLATE utf8_bin,
  `html_dataline_data_css_style` mediumtext COLLATE utf8_bin,
  `created_at` datetime NOT NULL,
  `updated_at` datetime NOT NULL,
  `deleted_at` datetime DEFAULT NULL
) ENGINE=InnoDB DEFAULT CHARSET=utf8 COLLATE=utf8_bin;

--
-- Daten für Tabelle `email_template`
--

INSERT INTO `email_template` (`id`, `short`, `name`, `html_body_css_style`, `html_paragraph_css_style`, `html_headline_css_style`, `html_data_css_style`, `html_dataline_label_css_style`, `html_dataline_data_css_style`, `created_at`, `updated_at`, `deleted_at`) VALUES
(1, 'retrieve_password', 'retrieve_password', 'color:#000000; background-color:#FFFFFF; margin:0px; padding:0px; font-size:12px; font-family:Arial,Verdana,Helvetica,sans-serif;', 'font-size:11px; margin-bottom:4px; margin-top:0px;', 'font-size:13px; margin-top:10px; margin-bottom:4px;', 'font-size:11px; margin:0px; padding:0px; border:0px;', 'font-size:11px; padding-right:15px; padding-bottom:5px; font-weight:bold; vertical-align:top;', 'font-size:11px; padding-left:10px; padding-bottom:5px; vertical-align:top;', '2019-01-13 20:19:54', '2019-01-13 20:19:54', NULL),
(2, 'reset_password', 'reset_password', 'color:#000000; background-color:#FFFFFF; margin:0px; padding:0px; font-size:12px; font-family:Arial,Verdana,Helvetica,sans-serif;', 'font-size:11px; margin-bottom:4px; margin-top:0px;', 'font-size:13px; margin-top:10px; margin-bottom:4px;', 'font-size:11px; margin:0px; padding:0px; border:0px;', 'font-size:11px; padding-right:15px; padding-bottom:5px; font-weight:bold; vertical-align:top;', 'font-size:11px; padding-left:10px; padding-bottom:5px; vertical-align:top;', '2019-01-13 20:19:54', '2019-01-13 20:19:54', NULL),
(3, 'register', 'register', 'color:#000000; background-color:#FFFFFF; margin:0px; padding:0px; font-size:12px; font-family:Arial,Verdana,Helvetica,sans-serif;', 'font-size:11px; margin-bottom:4px; margin-top:0px;', 'font-size:13px; margin-top:10px; margin-bottom:4px;', 'font-size:11px; margin:0px; padding:0px; border:0px;', 'font-size:11px; padding-right:15px; padding-bottom:5px; font-weight:bold; vertical-align:top;', 'font-size:11px; padding-left:10px; padding-bottom:5px; vertical-align:top;', '2019-01-13 20:19:54', '2019-01-13 20:19:54', NULL),
(4, 'register_buy', 'register_buy', 'color:#000000; background-color:#FFFFFF; margin:0px; padding:0px; font-size:12px; font-family:Arial,Verdana,Helvetica,sans-serif;', 'font-size:11px; margin-bottom:4px; margin-top:0px;', 'font-size:13px; margin-top:10px; margin-bottom:4px;', 'font-size:11px; margin:0px; padding:0px; border:0px;', 'font-size:11px; padding-right:15px; padding-bottom:5px; font-weight:bold; vertical-align:top;', 'font-size:11px; padding-left:10px; padding-bottom:5px; vertical-align:top;', '2019-01-13 20:19:54', '2019-01-13 20:19:54', NULL),
(5, 'order-verify', 'order-verify', 'color:#000000; background-color:#FFFFFF; margin:0px; padding:0px; font-size:12px; font-family:Arial,Verdana,Helvetica,sans-serif;', 'font-size:11px; margin-bottom:4px; margin-top:0px;', 'font-size:13px; margin-top:10px; margin-bottom:4px;', 'font-size:11px; margin:0px; padding:0px; border:0px;', 'font-size:11px; padding-right:15px; padding-bottom:5px; font-weight:bold; vertical-align:top;', 'font-size:11px; padding-left:10px; padding-bottom:5px; vertical-align:top;', '2019-01-13 20:19:54', '2019-01-13 20:19:54', NULL),
(6, 'order', 'order', 'color:#000000; background-color:#FFFFFF; margin:0px; padding:0px; font-size:12px; font-family:Arial,Verdana,Helvetica,sans-serif;', 'font-size:11px; margin-bottom:4px; margin-top:0px;', 'font-size:13px; margin-top:10px; margin-bottom:4px;', 'font-size:11px; margin:0px; padding:0px; border:0px;', 'font-size:11px; padding-right:15px; padding-bottom:5px; font-weight:bold; vertical-align:top;', 'font-size:11px; padding-left:10px; padding-bottom:5px; vertical-align:top;', '2019-01-13 20:19:54', '2019-01-13 20:19:54', NULL),
(7, 'contact', 'contact', 'color:#000000; background-color:#FFFFFF; margin:0px; padding:0px; font-size:12px; font-family:Arial,Verdana,Helvetica,sans-serif;', 'font-size:11px; margin-bottom:4px; margin-top:0px;', 'font-size:13px; margin-top:10px; margin-bottom:4px;', 'font-size:11px; margin:0px; padding:0px; border:0px;', 'font-size:11px; padding-right:15px; padding-bottom:5px; font-weight:bold; vertical-align:top;', 'font-size:11px; padding-left:10px; padding-bottom:5px; vertical-align:top;', '2019-01-13 20:19:54', '2019-01-13 20:19:54', NULL),
(8, 'admin_newsletter', 'admin_newsletter', 'color:#000000; background-color:#FFFFFF; margin:0px; padding:0px; font-size:12px; font-family:Arial,Verdana,Helvetica,sans-serif;', 'font-size:11px; margin-bottom:4px; margin-top:0px;', 'font-size:13px; margin-top:10px; margin-bottom:4px;', 'font-size:11px; margin:0px; padding:0px; border:0px;', 'font-size:11px; padding-right:15px; padding-bottom:5px; font-weight:bold; vertical-align:top;', 'font-size:11px; padding-left:10px; padding-bottom:5px; vertical-align:top;', '2019-01-13 20:19:54', '2019-01-13 20:19:54', NULL),
(9, 'order_confirm', 'order_confirm', 'color:#000000; background-color:#FFFFFF; margin:0px; padding:0px; font-size:12px; font-family:Arial,Verdana,Helvetica,sans-serif;', 'font-size:11px; margin-bottom:4px; margin-top:0px;', 'font-size:13px; margin-top:10px; margin-bottom:4px;', 'font-size:11px; margin:0px; padding:0px; border:0px;', 'font-size:11px; padding-right:15px; padding-bottom:5px; font-weight:bold; vertical-align:top;', 'font-size:11px; padding-left:10px; padding-bottom:5px; vertical-align:top;', '2019-01-13 20:19:54', '2019-01-13 20:19:54', NULL),
(10, 'order_cancel', 'order_cancel', 'color:#000000; background-color:#FFFFFF; margin:0px; padding:0px; font-size:12px; font-family:Arial,Verdana,Helvetica,sans-serif;', 'font-size:11px; margin-bottom:4px; margin-top:0px;', 'font-size:13px; margin-top:10px; margin-bottom:4px;', 'font-size:11px; margin:0px; padding:0px; border:0px;', 'font-size:11px; padding-right:15px; padding-bottom:5px; font-weight:bold; vertical-align:top;', 'font-size:11px; padding-left:10px; padding-bottom:5px; vertical-align:top;', '2019-01-13 20:19:54', '2019-01-13 20:19:54', NULL),
(11, 'order_payment', 'order_payment', 'color:#000000; background-color:#FFFFFF; margin:0px; padding:0px; font-size:12px; font-family:Arial,Verdana,Helvetica,sans-serif;', 'font-size:11px; margin-bottom:4px; margin-top:0px;', 'font-size:13px; margin-top:10px; margin-bottom:4px;', 'font-size:11px; margin:0px; padding:0px; border:0px;', 'font-size:11px; padding-right:15px; padding-bottom:5px; font-weight:bold; vertical-align:top;', 'font-size:11px; padding-left:10px; padding-bottom:5px; vertical-align:top;', '2019-01-13 20:19:55', '2019-01-13 20:19:55', NULL),
(12, 'order_shipped', 'order_shipped', 'color:#000000; background-color:#FFFFFF; margin:0px; padding:0px; font-size:12px; font-family:Arial,Verdana,Helvetica,sans-serif;', 'font-size:11px; margin-bottom:4px; margin-top:0px;', 'font-size:13px; margin-top:10px; margin-bottom:4px;', 'font-size:11px; margin:0px; padding:0px; border:0px;', 'font-size:11px; padding-right:15px; padding-bottom:5px; font-weight:bold; vertical-align:top;', 'font-size:11px; padding-left:10px; padding-bottom:5px; vertical-align:top;', '2019-01-13 20:19:55', '2019-01-13 20:19:55', NULL),
(13, 'account_disabled', 'account_disabled', 'color:#000000; background-color:#FFFFFF; margin:0px; padding:0px; font-size:12px; font-family:Arial,Verdana,Helvetica,sans-serif;', 'font-size:11px; margin-bottom:4px; margin-top:0px;', 'font-size:13px; margin-top:10px; margin-bottom:4px;', 'font-size:11px; margin:0px; padding:0px; border:0px;', 'font-size:11px; padding-right:15px; padding-bottom:5px; font-weight:bold; vertical-align:top;', 'font-size:11px; padding-left:10px; padding-bottom:5px; vertical-align:top;', '2019-01-13 20:19:55', '2019-01-13 20:19:55', NULL),
(14, 'push_email', 'push_email', 'color:#000000; background-color:#FFFFFF; margin:0px; padding:0px; font-size:12px; font-family:Arial,Verdana,Helvetica,sans-serif;', 'font-size:11px; margin-bottom:4px; margin-top:0px;', 'font-size:13px; margin-top:10px; margin-bottom:4px;', 'font-size:11px; margin:0px; padding:0px; border:0px;', 'font-size:11px; padding-right:15px; padding-bottom:5px; font-weight:bold; vertical-align:top;', 'font-size:11px; padding-left:10px; padding-bottom:5px; vertical-align:top;', '2019-01-13 20:19:55', '2019-01-13 20:19:55', NULL),
(15, 'event_registration', 'event_registration', 'color:#000000; background-color:#FFFFFF; margin:0px; padding:0px; font-size:12px; font-family:Arial,Verdana,Helvetica,sans-serif;', 'font-size:11px; margin-bottom:4px; margin-top:0px;', 'font-size:13px; margin-top:10px; margin-bottom:4px;', 'font-size:11px; margin:0px; padding:0px; border:0px;', 'font-size:11px; padding-right:15px; padding-bottom:5px; font-weight:bold; vertical-align:top;', 'font-size:11px; padding-left:10px; padding-bottom:5px; vertical-align:top;', '2019-01-13 20:19:55', '2019-01-13 20:19:55', NULL),
(16, 'send_event_request', 'send_event_request', 'color:#000000; background-color:#FFFFFF; margin:0px; padding:0px; font-size:12px; font-family:Arial,Verdana,Helvetica,sans-serif;', 'font-size:11px; margin-bottom:4px; margin-top:0px;', 'font-size:13px; margin-top:10px; margin-bottom:4px;', 'font-size:11px; margin:0px; padding:0px; border:0px;', 'font-size:11px; padding-right:15px; padding-bottom:5px; font-weight:bold; vertical-align:top;', 'font-size:11px; padding-left:10px; padding-bottom:5px; vertical-align:top;', '2019-01-13 20:19:55', '2019-01-13 20:19:55', NULL);

-- --------------------------------------------------------

--
-- Tabellenstruktur für Tabelle `email_template_m2n_email_template_part`
--

CREATE TABLE `email_template_m2n_email_template_part` (
  `id` bigint(20) UNSIGNED NOT NULL,
  `email_template_id` bigint(20) UNSIGNED NOT NULL,
  `email_template_part_id` bigint(20) UNSIGNED NOT NULL,
  `position` bigint(20) UNSIGNED DEFAULT NULL,
  `created_at` datetime NOT NULL,
  `updated_at` datetime NOT NULL,
  `deleted_at` datetime DEFAULT NULL
) ENGINE=InnoDB DEFAULT CHARSET=utf8 COLLATE=utf8_bin;

--
-- Daten für Tabelle `email_template_m2n_email_template_part`
--

INSERT INTO `email_template_m2n_email_template_part` (`id`, `email_template_id`, `email_template_part_id`, `position`, `created_at`, `updated_at`, `deleted_at`) VALUES
(1, 1, 15, 1, '2019-01-13 20:19:55', '2019-01-20 10:46:09', NULL),
(2, 1, 1, 1, '2019-01-13 20:19:55', '2019-01-20 10:34:56', NULL),
(3, 1, 12, 7, '2019-01-13 20:19:55', '2019-01-20 10:45:03', NULL),
(4, 2, 15, 2, '2019-01-13 20:19:55', '2019-01-20 10:46:09', NULL),
(5, 2, 2, 1, '2019-01-13 20:19:55', '2019-01-20 10:36:26', NULL),
(6, 2, 12, 8, '2019-01-13 20:19:55', '2019-01-20 10:45:03', NULL),
(7, 3, 15, 3, '2019-01-13 20:19:55', '2019-01-20 10:46:09', NULL),
(8, 3, 3, 1, '2019-01-13 20:19:55', '2019-01-20 10:36:35', NULL),
(9, 3, 12, 9, '2019-01-13 20:19:55', '2019-01-20 10:45:03', NULL),
(10, 4, 15, 4, '2019-01-13 20:19:55', '2019-01-20 10:46:09', NULL),
(11, 4, 4, 1, '2019-01-13 20:19:55', '2019-01-20 10:37:10', NULL),
(12, 4, 12, 10, '2019-01-13 20:19:55', '2019-01-20 10:45:03', NULL),
(13, 6, 15, 5, '2019-01-13 20:19:55', '2019-01-20 10:46:09', NULL),
(14, 6, 7, 1, '2019-01-13 20:19:55', '2019-01-20 10:42:37', NULL),
(15, 6, 9, 1, '2019-01-13 20:19:55', '2019-01-20 10:42:49', NULL),
(16, 6, 12, 11, '2019-01-13 20:19:55', '2019-01-20 10:45:03', NULL),
(17, 5, 15, 6, '2019-01-13 20:19:55', '2019-01-20 10:46:09', NULL),
(18, 5, 8, 1, '2019-01-13 20:19:55', '2019-01-20 10:42:43', NULL),
(19, 5, 9, 2, '2019-01-13 20:19:55', '2019-01-20 10:42:49', NULL),
(20, 5, 12, 12, '2019-01-13 20:19:55', '2019-01-20 10:45:03', NULL),
(21, 7, 15, 7, '2019-01-13 20:19:55', '2019-01-20 10:46:09', NULL),
(22, 7, 5, 1, '2019-01-13 20:19:55', '2019-01-20 10:41:23', NULL),
(23, 7, 12, 1, '2019-01-13 20:19:55', '2019-01-20 10:45:03', NULL),
(24, 8, 15, 8, '2019-01-13 20:19:55', '2019-01-20 10:46:09', NULL),
(25, 8, 6, 1, '2019-01-13 20:19:55', '2019-01-20 10:41:52', NULL),
(26, 8, 12, 2, '2019-01-13 20:19:55', '2019-01-20 10:45:03', NULL),
(27, 9, 15, 9, '2019-01-13 20:19:55', '2019-01-20 10:46:09', NULL),
(28, 9, 13, 1, '2019-01-13 20:19:55', '2019-01-20 10:45:11', NULL),
(29, 9, 9, 3, '2019-01-13 20:19:55', '2019-01-20 10:42:49', NULL),
(30, 9, 12, 13, '2019-01-13 20:19:55', '2019-01-20 10:45:03', NULL),
(31, 10, 15, 10, '2019-01-13 20:19:55', '2019-01-20 10:46:09', NULL),
(32, 10, 14, 1, '2019-01-13 20:19:55', '2019-01-20 10:45:16', NULL),
(33, 10, 9, 4, '2019-01-13 20:19:55', '2019-01-20 10:42:49', NULL),
(34, 10, 12, 14, '2019-01-13 20:19:55', '2019-01-20 10:45:03', NULL),
(35, 11, 15, 11, '2019-01-13 20:19:55', '2019-01-20 10:46:09', NULL),
(36, 11, 11, 1, '2019-01-13 20:19:55', '2019-01-20 10:42:58', NULL),
(37, 11, 9, 5, '2019-01-13 20:19:55', '2019-01-20 10:42:49', NULL),
(38, 11, 12, 15, '2019-01-13 20:19:55', '2019-01-20 10:45:03', NULL),
(39, 12, 15, 12, '2019-01-13 20:19:55', '2019-01-20 10:46:09', NULL),
(40, 12, 10, 1, '2019-01-13 20:19:55', '2019-01-20 10:42:54', NULL),
(41, 12, 9, 6, '2019-01-13 20:19:55', '2019-01-20 10:42:49', NULL),
(42, 12, 12, 16, '2019-01-13 20:19:55', '2019-01-20 10:45:03', NULL),
(43, 13, 15, 13, '2019-01-13 20:19:55', '2019-01-20 10:46:09', NULL),
(44, 13, 16, 1, '2019-01-13 20:19:55', '2019-01-20 10:46:47', NULL),
(45, 13, 12, 3, '2019-01-13 20:19:55', '2019-01-20 10:45:03', NULL),
(46, 14, 15, 14, '2019-01-13 20:19:55', '2019-01-20 10:46:09', NULL),
(47, 14, 17, 1, '2019-01-13 20:19:55', '2019-01-20 10:47:01', NULL),
(48, 14, 12, 4, '2019-01-13 20:19:55', '2019-01-20 10:45:03', NULL),
(49, 15, 15, 15, '2019-01-13 20:19:55', '2019-01-20 10:46:09', NULL),
(50, 15, 18, 1, '2019-01-13 20:19:55', '2019-01-20 10:47:11', NULL),
(51, 15, 12, 5, '2019-01-13 20:19:55', '2019-01-20 10:45:03', NULL),
(52, 16, 15, 16, '2019-01-13 20:19:55', '2019-01-20 10:46:09', NULL),
(53, 16, 19, 1, '2019-01-13 20:19:55', '2019-01-20 10:47:26', NULL),
(54, 16, 12, 6, '2019-01-13 20:19:55', '2019-01-20 10:45:03', NULL);

-- --------------------------------------------------------

--
-- Tabellenstruktur für Tabelle `email_template_part`
--

CREATE TABLE `email_template_part` (
  `id` bigint(20) UNSIGNED NOT NULL,
  `short` varchar(45) COLLATE utf8_bin NOT NULL,
  `name` varchar(45) COLLATE utf8_bin NOT NULL,
  `created_at` datetime NOT NULL,
  `updated_at` datetime NOT NULL,
  `deleted_at` datetime DEFAULT NULL
) ENGINE=InnoDB DEFAULT CHARSET=utf8 COLLATE=utf8_bin;

--
-- Daten für Tabelle `email_template_part`
--

INSERT INTO `email_template_part` (`id`, `short`, `name`, `created_at`, `updated_at`, `deleted_at`) VALUES
(1, 'retrieve_password', 'retrieve_password', '2019-01-13 20:19:55', '2019-01-13 20:19:55', NULL),
(2, 'reset_password', 'reset_password', '2019-01-13 20:19:55', '2019-01-13 20:19:55', NULL),
(3, 'register', 'register', '2019-01-13 20:19:55', '2019-01-13 20:19:55', NULL),
(4, 'register_buy', 'register_buy', '2019-01-13 20:19:55', '2019-01-13 20:19:55', NULL),
(5, 'contact', 'contact', '2019-01-13 20:19:55', '2019-01-13 20:19:55', NULL),
(6, 'admin_newsletter_content', 'admin_newsletter_content', '2019-01-13 20:19:55', '2019-01-13 20:19:55', NULL),
(7, 'order', 'order', '2019-01-13 20:19:55', '2019-01-13 20:19:55', NULL),
(8, 'order-verify', 'order-verify', '2019-01-13 20:19:55', '2019-01-13 20:19:55', NULL),
(9, 'order_end', 'order_end', '2019-01-13 20:19:55', '2019-01-13 20:19:55', NULL),
(10, 'order_shipped', 'order_shipped', '2019-01-13 20:19:55', '2019-01-13 20:19:55', NULL),
(11, 'order_payment', 'order_payment', '2019-01-13 20:19:55', '2019-01-13 20:19:55', NULL),
(12, 'footer', 'footer', '2019-01-13 20:19:55', '2019-01-13 20:19:55', NULL),
(13, 'order_confirm', 'order_confirm', '2019-01-13 20:19:55', '2019-01-13 20:19:55', NULL),
(14, 'order_cancel', 'order_cancel', '2019-01-13 20:19:55', '2019-01-13 20:19:55', NULL),
(15, 'header', 'header', '2019-01-13 20:19:55', '2019-01-13 20:19:55', NULL),
(16, 'account_disabled', 'account_disabled', '2019-01-13 20:19:55', '2019-01-13 20:19:55', NULL),
(17, 'push_email', 'push_email', '2019-01-13 20:19:55', '2019-01-13 20:19:55', NULL),
(18, 'event_registration', 'event_registration', '2019-01-13 20:19:55', '2019-01-13 20:19:55', NULL),
(19, 'send_event_request', 'send_event_request', '2019-01-13 20:19:55', '2019-01-13 20:19:55', NULL);

-- --------------------------------------------------------

--
-- Tabellenstruktur für Tabelle `email_template_part_translation`
--

CREATE TABLE `email_template_part_translation` (
  `id` bigint(20) UNSIGNED NOT NULL DEFAULT '0',
  `content_plain` mediumtext COLLATE utf8_bin,
  `content_html` mediumtext COLLATE utf8_bin,
  `lang` char(2) COLLATE utf8_bin NOT NULL DEFAULT '',
  `created_at` datetime NOT NULL,
  `updated_at` datetime NOT NULL,
  `deleted_at` datetime DEFAULT NULL
) ENGINE=InnoDB DEFAULT CHARSET=utf8 COLLATE=utf8_bin;

--
-- Daten für Tabelle `email_template_part_translation`
--

INSERT INTO `email_template_part_translation` (`id`, `content_plain`, `content_html`, `lang`, `created_at`, `updated_at`, `deleted_at`) VALUES
(1, '{CONTENT}\r\nHallo {FIRSTNAME} {LASTNAME},\r\n\r\nSie haben eine Anfrage zum Zurücksetzen Ihres Passwortes geschickt.\r\n\r\nWenn Sie dies wirklich tun möchten, klicken Sie auf den folgenden Link:\r\n\r\n{LINK}\r\n\r\nMit freundlichen Grüssen\r\n\r\nIhr {COMPANY_NAME} Team\r\n\r\n--------------------------------------------------------------------------------------------\r\n{COMPANY_NAME}\r\n{COMPANY_ADDRESS}\r\n{SERVICE_HOTLINE}', '{CONTENT}\r\n<p>Hallo {FIRSTNAME} {LASTNAME},</p>\r\n<p>Sie haben eine Anfrage zum Zurücksetzen Ihres Passwortes geschickt.<br />\r\nWenn Sie dies wirklich tun möchten, klicken Sie auf den folgenden Link:</p>\r\n<p><a href=\"{LINK}\">{LINK}</a></p>\r\n<p>Mit freundlichen Grüssen</p>\r\n<p>Ihr {COMPANY_NAME} Team</p>\r\n<hr />\r\n<p>{COMPANY_NAME}<br />\r\n{COMPANY_ADDRESS}<br />\r\n{SERVICE_HOTLINE}</p>', 'de', '2019-01-13 20:19:55', '2019-01-17 16:59:36', NULL),
(1, '{CONTENT}\r\nHello {FIRSTNAME} {LASTNAME},\r\n\r\nYou requested to reset your password.\r\nIf it is what you really want to do so follow the link below:\r\n\r\n{LINK}\r\n\r\nYours sincerely\r\n\r\nYour {COMPANY_NAME} team\r\n\r\n--------------------------------------------------------------------------------------------\r\n{COMPANY_NAME}\r\n{COMPANY_ADDRESS}\r\n{SERVICE_HOTLINE}', '{CONTENT}\r\n<p>Hello {FIRSTNAME} {LASTNAME},</p>\r\n<p>You requested to reset your password.<br />\r\nIf it is what you really want to do so follow the link below:</p>\r\n<p><a href=\"{LINK}\">{LINK}</a></p>\r\n<p>Yours sincerely</p>\r\n<p>Your {COMPANY_NAME} team</p>\r\n<hr />\r\n<p>{COMPANY_NAME}<br />\r\n{COMPANY_ADDRESS}<br />\r\n{SERVICE_HOTLINE}</p>', 'en', '2019-01-13 20:19:55', '2019-01-17 16:59:36', NULL),
(1, '{CONTENT}\r\nBonjour {FIRSTNAME} {LASTNAME},\r\n\r\nVous avez envoyé une demande de réinitialisation de votre mot de passe.\r\n\r\nSi vous voulez vraiment le faire, cliquez sur le lien suivant :\r\n\r\n{LINK}\r\n\r\nMeilleures salutations\r\n\r\nVotre {COMPANY_NAME} Team\r\n\r\n--------------------------------------------------------------------------------------------\r\n{COMPANY_NAME}\r\n{COMPANY_ADDRESS}\r\n{SERVICE_HOTLINE}', '{CONTENT}\r\n<p>Bonjour {FIRSTNAME} {LASTNAME},</p>\r\n<p>Vous avez envoyé une demande de réinitialisation de votre mot de passe.<br />\r\nSi vous voulez vraiment le faire, cliquez sur le lien suivant:</p>\r\n<p><a href=\"{LINK}\">{LINK}</a></p>\r\n<p>Meilleures salutations</p>\r\n<p>Votre {COMPANY_NAME} Team</p>\r\n<hr />\r\n<p>{COMPANY_NAME}<br />\r\n{COMPANY_ADDRESS}<br />\r\n{SERVICE_HOTLINE}</p>', 'fr', '2019-01-17 16:59:36', '2019-01-17 16:59:36', NULL),
(2, '{CONTENT}\r\nHallo {FIRSTNAME} {LASTNAME},\r\n\r\nSie haben eine Anfrage zum Zurücksetzen Ihres Passwortes geschickt.\r\n\r\nIhr neues Passwort lautet: {PASSWORD}\r\n\r\nMit freundlichen Grüssen\r\n\r\nIhr {COMPANY_NAME} Team\r\n\r\n--------------------------------------------------------------------------------------------\r\n{COMPANY_NAME}\r\n{COMPANY_ADDRESS}\r\n{SERVICE_HOTLINE}', '{CONTENT}\r\n<p>Hallo {FIRSTNAME} {LASTNAME},</p>\r\n<p>Sie haben eine Anfrage zum Zurücksetzen Ihres Passwortes geschickt.</p>\r\n<p>Ihr neues Passwortet lautet: {PASSWORD}</p>\r\n<p>Mit freundlichen Grüßen</p>\r\n<p>Ihr {COMPANY_NAME} Team</p>\r\n<hr />\r\n<p>{COMPANY_NAME}<br />\r\n{COMPANY_ADDRESS}<br />\r\n{SERVICE_HOTLINE}</p>', 'de', '2019-01-13 20:19:55', '2019-01-17 17:08:28', NULL),
(2, '{CONTENT}\r\nHello {FIRSTNAME} {LASTNAME},\r\n\r\nYou requested to reset your password.\r\n\r\nYour new password is: {PASSWORD}\r\n\r\nYours sincerely\r\n\r\nYour {COMPANY_NAME} team\r\n\r\n--------------------------------------------------------------------------------------------\r\n{COMPANY_NAME}\r\n{COMPANY_ADDRESS}\r\n{SERVICE_HOTLINE}', '{CONTENT}\r\n<p>Hello {FIRSTNAME} {LASTNAME},</p>\r\n<p>You requested to reset your password.</p>\r\n<p>Your new password is: {PASSWORD}</p>\r\n<p>Yours sincerely</p>\r\n<p>Your {COMPANY_NAME} team</p>\r\n<hr />\r\n<p>{COMPANY_NAME}<br />\r\n{COMPANY_ADDRESS}<br />\r\n{SERVICE_HOTLINE}</p>', 'en', '2019-01-13 20:19:55', '2019-01-17 17:08:28', NULL),
(2, '{CONTENT}\r\nBonjour {FIRSTNAME} {LASTNAME},\r\n\r\nVous avez envoyé une demande de réinitialisation de votre mot de passe.\r\n\r\nVotre nouveau mot de passe est : {MOT DE PASSE}.\r\n\r\n\r\nMeilleures salutations\r\n\r\nIhr {COMPANY_NAME} Team\r\n\r\n--------------------------------------------------------------------------------------------\r\n{COMPANY_NAME}\r\n{COMPANY_ADDRESS}\r\n{SERVICE_HOTLINE}', '{CONTENT}\r\n<p>Bonjour {FIRSTNAME} {LASTNAME},</p>\r\n<p>Vous avez envoyé une demande de réinitialisation de votre mot de passe.</p>\r\n<p>Votre nouveau mot de passe est: {PASSWORD}</p>\r\n<p>Meilleures salutations</p>\r\n<p>Votre {COMPANY_NAME} Team</p>\r\n<hr />\r\n<p>{COMPANY_NAME}<br />\r\n{COMPANY_ADDRESS}<br />\r\n{SERVICE_HOTLINE}</p>', 'fr', '2019-01-17 17:08:28', '2019-01-17 17:08:28', NULL),
(3, '{CONTENT}\r\nHallo {FIRSTNAME} {LASTNAME},\r\n\r\nVielen Dank für Ihre Registrierung.\r\n\r\nUm Ihren Account vollständig zu aktivieren, klicken Sie bitte auf den unten stehenden Link (oder kopieren Sie den Link in die Adresszeile eines Internetbrowsers ihrer Wahl):\r\n\r\n{ACTIVATIONCODE}\r\n\r\nWenn Sie sich nicht selber registriert haben, können Sie diese E-Mail ignorieren - Die Registrierung verfällt bei Nichtaktivierung automatisch.\r\n\r\nMit freundlichen Grüssen\r\n\r\nIhr {COMPANY_NAME} Team\r\n\r\n\r\n--------------------------------------------------------------------------------------------\r\n{COMPANY_NAME}\r\n{COMPANY_ADDRESS}\r\n{SERVICE_HOTLINE}', '{CONTENT}\r\n<p>Bonjour {FIRSTNAME} {LASTNAME},</p>\r\n<p>Merci beaucoup pour votre inscription.</p>\r\n<p>Pour activer complètement votre compte, veuillez cliquer sur le lien ci-dessous (ou copier le lien dans la barre d\'adresse d\'un navigateur Internet de votre choix):</p>\r\n<a href=\"{ACTIVATIONCODE}\">{ACTIVATIONCODE}</a>\r\n<p>Si vous ne vous êtes pas inscrit vous-même, vous pouvez ignorer cet e-mail - l\'inscription expire automatiquement si vous ne l\'activez pas.</p>\r\n<p>Meilleures salutations</p>\r\n<p>Votre {COMPANY_NAME} Team</p>\r\n<hr />\r\n<p>{COMPANY_NAME}<br />\r\n{COMPANY_ADDRESS}<br />\r\n{SERVICE_HOTLINE}</p>', 'de', '2019-01-13 20:19:55', '2019-01-17 17:21:20', NULL),
(3, '{CONTENT}\r\nHello {FIRSTNAME} {LASTNAME},\r\n\r\nThank you for registering.\r\n\r\nTo ensure that your account can be fully activated, click on the link below (or alternatively copy it into the address bar of the browser of your choice):\r\n\r\n{ACTIVATIONCODE}\r\n\r\nIf you have not raised the registry is nothing more necessary at this point - they will expire automatically.\r\n\r\nYours sincerely\r\n\r\nYour {COMPANY_NAME} team\r\n\r\n\r\n--------------------------------------------------------------------------------------------\r\n{COMPANY_NAME}\r\n{COMPANY_ADDRESS}\r\n{SERVICE_HOTLINE}', '{CONTENT}\r\n<p>Hello {FIRSTNAME} {LASTNAME},</p>\r\n<p>Thank you for registering.</p>\r\n<p>To ensure that your account can be fully activated, click on the link below (or alternatively copy it into the address bar of the browser of your choice):</p>\r\n<a href=\"{ACTIVATIONCODE}\">{ACTIVATIONCODE}</a>\r\n<p>If you have not raised the registry is nothing more necessary at this point - they will expire automatically.</p>\r\n<p>Yours sincerely</p>\r\n<p>Your {COMPANY_NAME} team</p>\r\n<hr />\r\n<p>{COMPANY_NAME}<br />\r\n{COMPANY_ADDRESS}<br />\r\n{SERVICE_HOTLINE}</p>', 'en', '2019-01-13 20:19:55', '2019-01-17 17:21:20', NULL),
(3, '{CONTENT}\r\nBonjour {FIRSTNAME} {LASTNAME},\r\n\r\nMerci beaucoup pour votre inscription.\r\n\r\nPour activer complètement votre compte, veuillez cliquer sur le lien ci-dessous (ou copier le lien dans la barre d\'adresse d\'un navigateur Internet de votre choix):\r\n\r\n{ACTIVATIONCODE}\r\n\r\nSi vous ne vous êtes pas inscrit vous-même, vous pouvez ignorer cet e-mail - l\'inscription expire automatiquement si vous ne l\'activez pas.\r\n\r\nMeilleures salutations\r\n\r\nVotre {COMPANY_NAME} Team\r\n\r\n\r\n--------------------------------------------------------------------------------------------\r\n{COMPANY_NAME}\r\n{COMPANY_ADDRESS}\r\n{SERVICE_HOTLINE}', NULL, 'fr', '2019-01-17 17:21:20', '2019-01-17 17:21:20', NULL),
(4, '{CONTENT}\r\nHallo {FIRSTNAME} {LASTNAME},\r\n\r\nherzlich willkommen in unserem Shop. Um sich bei Ihrem nächsten Besuch in unserem Shop einzuloggen, klicken sie einfach Login oder Mein Benutzerkonto im oberen Bereich jeder Seite und geben Sie ihr E-Mail-Adresse und Passwort ein.\r\n\r\nMit folgenden Zugangsdaten können Sie sich anmelden:\r\nE-Mail: {CUSTOMER_EMAIL}\r\nPasswort: {PASSWORD}\r\n\r\nNach erfolgreichem Login auf unsere Seite haben Sie die folgenden Möglichkeiten:\r\n- Schnellerer Bezahlvorgang beim nächsten Einkauf\r\n- Alle laufenden Bestellungen im Auge behalten\r\n- Verlauf der vergangenen Bestellungen\r\n- Verwalten der Kundenkonto-Einstellungen\r\n- Ihr Passwort zu ändern\r\n- Verschiedene Adressen für den Versand an Familienmitglieder und Freunde sowie Rechnungsadressen zu speichern\r\n\r\nUm Ihren Account vollständig zu aktivieren, klicken Sie bitte auf den unten stehenden Link (oder kopieren Sie den Link in die Adresszeile eines Internetbrowsers ihrer Wahl):\r\n\r\n{ACTIVATIONCODE}\r\n\r\nWenn Sie sich nicht selber registriert haben, können Sie diese E-Mail ignorieren - Die Registrierung verfällt bei Nichtaktivierung automatisch.\r\n\r\nMit freundlichen Grüßen\r\n\r\nIhr {COMPANY_NAME} Team\r\n\r\n\r\n--------------------------------------------------------------------------------------------\r\n{COMPANY_NAME}\r\n{COMPANY_ADDRESS}\r\n{SERVICE_HOTLINE}', '{CONTENT}\r\n<p>Hallo {FIRSTNAME} {LASTNAME},</p>\r\n<p>herzlich willkommen in unserem Shop. Um sich bei Ihrem nächsten Besuch in unserem Shop einzuloggen, klicken sie einfach Login oder Mein Benutzerkonto im oberen Bereich jeder Seite und geben Sie ihr E-Mail-Adresse und Passwort ein.</p>\r\n<p>\r\nMit folgenden Zugangsdaten können Sie sich anmelden:<br />\r\nE-Mail: {CUSTOMER_EMAIL}<br />\r\nPasswort: {PASSWORD}\r\n</p>\r\n<p>Nach erfolgreichem Login auf unsere Seite haben Sie die folgenden Möglichkeiten:</p>\r\n<ul>\r\n	<li>Schnellerer Bezahlvorgang beim nächsten Einkauf</li>\r\n	<li>Alle laufenden Bestellungen im Auge behalten</li>\r\n	<li>Verlauf der vergangenen Bestellungen</li>\r\n	<li>Verwalten der Kundenkonto-Einstellungen</li>\r\n	<li>Ihr Passwort zu ändern</li>\r\n	<li>Verschiedene Adressen für den Versand an Familienmitglieder und Freunde sowie Rechnungsadressen zu speichern</li>\r\n</ul>\r\n<p>Um Ihren Account vollständig zu aktivieren, klicken Sie bitte auf den unten stehenden Link (oder kopieren Sie den Link in die Adresszeile eines Internetbrowsers ihrer Wahl):</p>\r\n<a href=\"{ACTIVATIONCODE}\">{ACTIVATIONCODE}</a>\r\n<p>Wenn Sie sich nicht selber registriert haben, können Sie diese E-Mail ignorieren - Die Registrierung verfällt bei Nichtaktivierung automatisch.</p>\r\n<p>Mit freundlichen Grüßen</p>\r\n<p>Ihr {COMPANY_NAME} Team</p>\r\n<hr />\r\n<p>{COMPANY_NAME}<br />\r\n{COMPANY_ADDRESS}<br />\r\n{SERVICE_HOTLINE}</p>', 'de', '2019-01-13 20:19:55', '2019-01-17 17:21:31', NULL),
(4, '{CONTENT}\r\nHello {FIRSTNAME} {LASTNAME},\r\n\r\nwelcome to our shop. To log on your next visit in our shop, just click Login or My Account at the top of every page and enter your e-mail address and password.\r\n\r\nWith the following access data you can login:\r\nEmail: {CUSTOMER_EMAIL}\r\nPassword: {PASSWORD}\r\n\r\nAfter successful login in to our site you have the following options:\r\n- Faster checkout process the next time you purchase\r\n- Keep an eye on all current orders\r\n- History of past orders\r\n- Managing the Account Settings\r\n- To change your password\r\n- To store several addresses for sending to family members and friends as well as billing addresses\r\n\r\nTo ensure that your account can be fully activated, click on the link below (or alternatively copy it into the address bar of the browser of your choice):\r\n\r\n{ACTIVATIONCODE}\r\n\r\nIf you have not raised the registry is nothing more necessary at this point - they will expire automatically.\r\n\r\nYours sincerely\r\n\r\nYour {COMPANY_NAME} team\r\n\r\n\r\n--------------------------------------------------------------------------------------------\r\n{COMPANY_NAME}\r\n{COMPANY_ADDRESS}\r\n{SERVICE_HOTLINE}', '{CONTENT}\r\n<p>Hello {FIRSTNAME} {LASTNAME},</p>\r\n<p>welcome to our shop. To log on your next visit in our shop, just click Login or My Account at the top of every page and enter your e-mail address and password.</p>\r\n<p>With the following access data you can login:<br />\r\nEmail: {CUSTOMER_EMAIL}<br />\r\nPassword: {PASSWORD}\r\n</p>\r\n<p>After successful login in to our site you have the following options:</p>\r\n<ul>\r\n	<li>Faster checkout process the next time you purchase</li>\r\n	<li>Keep an eye on all current orders</li>\r\n	<li>History of past orders</li>\r\n	<li>Managing the Account Settings</li>\r\n	<li>To change your password</li>\r\n	<li>To store several addresses for sending to family members and friends as well as billing addresses</li>\r\n</ul>\r\n<p>To ensure that your account can be fully activated, click on the link below (or alternatively copy it into the address bar of the browser of your choice):</p>\r\n<a href=\"{ACTIVATIONCODE}\">{ACTIVATIONCODE}</a>\r\n<p>If you have not raised the registry is nothing more necessary at this point - they will expire automatically.</p>\r\n<p>Yours sincerely</p>\r\n<p>Your {COMPANY_NAME} team</p>\r\n<hr />\r\n<p>{COMPANY_NAME}<br />\r\n{COMPANY_ADDRESS}<br />\r\n{SERVICE_HOTLINE}</p>', 'en', '2019-01-13 20:19:55', '2019-01-17 17:21:31', NULL),
(4, NULL, NULL, 'fr', '2019-01-17 17:21:31', '2019-01-17 17:21:31', NULL),
(5, '{CONTENT}\r\nHallo,\r\n\r\nSie haben am {CURRENT_DATE} um {CURRENT_TIME} eine Anfrage über das Kontaktformular erhalten.', '{CONTENT}\r\n<p>Hallo,</p>\r\n<p>Sie haben am {CURRENT_DATE} um {CURRENT_TIME} eine Anfrage über das Kontaktformular erhalten.</p>', 'de', '2019-01-13 20:19:55', '2019-01-20 10:41:23', NULL),
(5, '{CONTENT}\r\nHello,\r\n\r\nYou have received a request via the contact form on {CURRENT_DATE} at {CURRENT_TIME}', '{CONTENT}\r\n<p>Hello,</p>\r\n<p>You have received a request via the contact form on {CURRENT_DATE} at {CURRENT_TIME}</p>', 'en', '2019-01-13 20:19:55', '2019-01-17 17:25:30', NULL),
(5, '{CONTENT}\r\nBonjour,\r\n\r\nVous avez reçu une demande le {CURRENT_DATE} pour {CURRENT_TIME} via le formulaire de contact.', '{CONTENT}\r\n<p>Bonjour,</p>\r\n<p>Vous avez reçu une demande le {CURRENT_DATE} pour {CURRENT_TIME} via le formulaire de contact.</p>', 'fr', '2019-01-17 17:25:30', '2019-01-20 10:41:23', NULL),
(6, 'Hallo {FIRSTNAME} {LASTNAME},\r\n{CONTENT}\r\n\r\nMit freundlichen Grüssen\r\n\r\nIhr {COMPANY_NAME} Team\r\n\r\n\r\n--------------------------------------------------------------------------------------------\r\n{COMPANY_NAME}\r\n{COMPANY_ADDRESS}\r\n{SERVICE_HOTLINE}\r\n\r\nSie können sich unter dem Link {UNSUBSCRIBE} vom Newsletter abmelden.', '<p>Hallo, {FIRSTNAME} {LASTNAME},</p>\r\n{CONTENT}\r\n<p>Mit freundlichen Grüssen</p>\r\n<p>Ihr {COMPANY_NAME} Team</p>\r\n<hr />\r\n<p>{COMPANY_NAME}<br />\r\n{COMPANY_ADDRESS}<br />\r\n{SERVICE_HOTLINE}</p>\r\n<p style=\"font-size: 10px;\">Wenn Sie sich vom Newsletter abmelden möchten, klicken Sie bitte <a href=\"{UNSUBSCRIBE}\">hier</a>.', 'de', '2019-01-13 20:19:55', '2019-01-17 17:34:02', NULL),
(6, 'Hello {FIRSTNAME} {LASTNAME},\r\n{CONTENT}\r\n\r\nYours sincerely\r\n\r\nYour {COMPANY_NAME} team\r\n\r\n\r\n--------------------------------------------------------------------------------------------\r\n{COMPANY_NAME}\r\n{COMPANY_ADDRESS}\r\n{SERVICE_HOTLINE}\r\n\r\nYou can unsubscribe from the newsletter at the link {UNSUBSCRIBE}.', '<p>Hello {FIRSTNAME} {LASTNAME},</p>\r\n{CONTENT}\r\n<p>Yours sincerely</p>\r\n<p>Your {COMPANY_NAME} team</p>\r\n<hr />\r\n<p>{COMPANY_NAME}<br />\r\n{COMPANY_ADDRESS}<br />\r\n{SERVICE_HOTLINE}</p>\r\n<p style=\"font-size: 10px\">If you wish to unsubscribe, please click <a href=\"{UNSUBSCRIBE}\">here</a></p>.', 'en', '2019-01-13 20:19:55', '2019-01-17 17:34:02', NULL),
(6, 'Bonjour {FIRSTNAME} {LASTNAME},\r\n{CONTENT}\r\n\r\nMeilleures salutations\r\n\r\nVotre {COMPANY_NAME} Team\r\n\r\n\r\n--------------------------------------------------------------------------------------------\r\n{COMPANY_NAME}\r\n{COMPANY_ADDRESS}\r\n{SERVICE_HOTLINE}\r\n\r\nVous pouvez vous désinscrire de la newsletter en cliquant sur le lien {UNSUBSCRIBE}.\r\n', '<p>Bonjour, {FIRSTNAME} {LASTNAME},</p>\r\n{CONTENT}\r\n<p>Meilleures salutations</p>\r\n<p>Votre {COMPANY_NAME} Team</p>\r\n<hr />\r\n<p>{COMPANY_NAME}<br />\r\n{COMPANY_ADDRESS}<br />\r\n{SERVICE_HOTLINE}</p>\r\n<p style=\"font-size: 10px;\">Si vous souhaitez vous désabonner de la newsletter, veuillez cliquer sur <a href=\"{UNSUBSCRIBE}\">ici</a>.', 'fr', '2019-01-17 17:34:02', '2019-01-17 17:34:02', NULL),
(7, '{CONTENT}\r\nHallo {FIRSTNAME} {LASTNAME},\r\n\r\nwir haben Ihre Bestellung bei {COMPANY_NAME} überprüft und bestätigen diese hiermit.\r\nNachfolgend finden Sie Ihre Bestelldaten, vielen Dank!\r\nIhre Bestellnr.: {ORDER_ID}\r\n\r\n{ORDER_CONTENT_PLAIN}', '{CONTENT}\r\n<p style=\"margin:0px; font-weight:bold\">Hallo {FIRSTNAME} {LASTNAME}</p>\r\n<p style=\"margin:0px; margin-bottom:15px\">wir haben Ihre Bestellung bei {COMPANY_NAME} überprüft und bestätigen diese hiermit.</p>\r\n<p style=\"margin:0px; margin-bottom:15px\">Nachfolgend finden Sie Ihre Bestelldaten, vielen Dank!</p>\r\n<p style=\"margin:0px; font-weight:bold; margin-bottom:15px\">Ihre Bestellnr.: {ORDER_ID}</p>\r\n{ORDER_CONTENT_HTML}', 'de', '2019-01-13 20:19:55', '2019-01-17 17:34:07', NULL),
(7, '{CONTENT}\r\nHello {FIRSTNAME} {LASTNAME},\r\n\r\nWe\'ve checked your order at {COMPANY_NAME} and confirm herewith.\r\nBelow you will find your order confirmation, thanks.\r\nYour Order ID: {ORDER_ID}\r\n\r\n{ORDER_CONTENT_PLAIN}', '{CONTENT}\r\n<p style=\"margin:0px; font-weight:bold\">Hello {FIRSTNAME} {LASTNAME}</p>\r\n<p style=\"margin:0px; margin-bottom:15px\">We\'ve checked your order at {COMPANY_NAME} and confirm herewith.</p>\r\n<p style=\"margin:0px; margin-bottom:15px\">Below you will find your order confirmation, thanks.</p>\r\n<p style=\"margin:0px; font-weight:bold; margin-bottom:15px\">Your Order ID: {ORDER_ID}</p>\r\n{ORDER_CONTENT_HTML}', 'en', '2019-01-13 20:19:55', '2019-01-17 17:34:07', NULL),
(7, NULL, NULL, 'fr', '2019-01-17 17:34:07', '2019-01-17 17:34:07', NULL),
(8, '{CONTENT}\r\nHallo {FIRSTNAME} {LASTNAME},\r\n\r\nVielen Dank für Ihre Bestellung bei {COMPANY_NAME}. Nachdem Ihre Bestellung überprüft wurde, erhalten sie per E-Mail eine Bestätigung mit weiteren Informationen.\r\nNachfolgend finden Sie Ihre Bestelldaten, vielen Dank!\r\nIhre Bestellnr.: {ORDER_ID}\r\n\r\n{ORDER_CONTENT_PLAIN}', '{CONTENT}\r\n<p style=\"margin:0px; font-weight:bold\">Hallo {FIRSTNAME} {LASTNAME}</p>\r\n<p style=\"margin:0px; margin-bottom:15px\">Vielen Dank für Ihre Bestellung bei {COMPANY_NAME}. Nachdem Ihre Bestellung überprüft wurde, erhalten sie per E-Mail eine Bestätigung mit weiteren Informationen.</p>\r\n<p style=\"margin:0px; margin-bottom:15px\">Nachfolgend finden Sie Ihre Bestelldaten, vielen Dank!</p>\r\n<p style=\"margin:0px; font-weight:bold; margin-bottom:15px\">Ihre Bestellnr.: {ORDER_ID}</p>\r\n{ORDER_CONTENT_HTML}', 'de', '2019-01-13 20:19:55', '2019-01-17 18:13:13', NULL),
(8, '{CONTENT}\r\nHello {FIRSTNAME} {LASTNAME}\r\n\r\nThank you very much for your order at {COMPANY_NAME}. Once the order has been verified, you will receive a confirmation email with further information.\r\nBelow you will find your order confirmation, thanks.\r\nYour Order ID: {ORDER_ID}\r\n\r\n{ORDER_CONTENT_PLAIN}', '{CONTENT}\r\n<p style=\"margin:0px; font-weight:bold\">Hello {FIRSTNAME} {LASTNAME}</p>\r\n<p style=\"margin:0px; margin-bottom:15px\">Thank you very much for your order at {COMPANY_NAME}. Once the order has been verified, you will receive a confirmation email with further information.</p>\r\n<p style=\"margin:0px; margin-bottom:15px\">Below you will find your order confirmation, thanks.</p>\r\n<p style=\"margin:0px; font-weight:bold; margin-bottom:15px\">Your Order ID: {ORDER_ID}</p>\r\n{ORDER_CONTENT_HTML}', 'en', '2019-01-13 20:19:55', '2019-01-17 18:13:13', NULL),
(8, NULL, NULL, 'fr', '2019-01-17 18:13:13', '2019-01-17 18:13:13', NULL),
(9, '{CONTENT}\r\nVielen Dank!\r\n\r\n{COMPANY_NAME}\r\n{COMPANY_ADDRESS}\r\n\r\nTelefon: {SERVICE_HOTLINE}, E-Mail: {EMAIL}, Steuernummer: {TAX_NUMBER}\r\nUnsere AGB finden Sie unter {AGB_LINK}\r\nUnsere Widerrufsbelehrung finden Sie unter {CANCELLATION_LINK}\r\nUnsere Datenschutz finden Sie unter {PRIVACY_LINK}\r\n', '{CONTENT}\r\n<p style=\"margin:0px; margin-top:30px;\">Vielen Dank!</p>\r\n<p style=\"margin:0px; font-weight:bold; margin-bottom:15px;\">{COMPANY_NAME}</p>\r\n<p style=\"margin:0px; margin-bottom:15px;\">{COMPANY_ADDRESS}<br />\r\nTelefon: {SERVICE_HOTLINE}, E-Mail: <a href=\"mailto:{EMAIL}\">{EMAIL}</a>, Steuernummer: {TAX_NUMBER}</p>\r\n<p style=\"margin:0px; margin-bottom:15px;\">Unsere AGB finden Sie <a href=\"{AGB_LINK}\">hier</a></p>\r\n<p style=\"margin:0px; margin-bottom:15px;\">Unsere Widerrufsbelehrung finden Sie <a href=\"{CANCELLATION_LINK}\">hier</a></p>\r\n<p style=\"margin:0px; margin-bottom:15px;\">Unsere Datenschutz finden Sie <a href=\"{PRIVACY_LINK}\">hier</a></p>\r\n', 'de', '2019-01-13 20:19:55', '2019-01-17 18:13:29', NULL),
(9, '{CONTENT}\r\nThank you!\r\n\r\n{COMPANY_NAME}\r\n{COMPANY_ADDRESS}\r\n\r\nPhone: {SERVICE_HOTLINE}, Email: {EMAIL}, VAT No.: {TAX_NUMBER}\r\nYou can find our Terms and Conditions at {AGB_LINK}\r\nYou can find our Instructions of Cancellation at {CANCELLATION_LINK}\r\nYou can find our Privacy Policy at {PRIVACY_LINK}\r\n', '{CONTENT}\r\n<p style=\"margin:0px; margin-top:30px;\">Thank you!</p>\r\n<p style=\"margin:0px; font-weight:bold; margin-bottom:15px;\">{COMPANY_NAME}</p>\r\n<p style=\"margin:0px; margin-bottom:15px;\">{COMPANY_ADDRESS}<br />\r\nPhone: {SERVICE_HOTLINE}, Email: <a href=\"mailto:{EMAIL}\">{EMAIL}</a>, VAT No.: {TAX_NUMBER}</p>\r\n<p style=\"margin:0px; margin-bottom:15px;\">You can find our Terms and Conditions <a href=\"{AGB_LINK}\">here</a></p>\r\n<p style=\"margin:0px; margin-bottom:15px;\">You can find our Instructions of Cancellation <a href=\"{CANCELLATION_LINK}\">here</a></p>\r\n<p style=\"margin:0px; margin-bottom:15px;\">You can find our Privacy Policy <a href=\"{PRIVACY_LINK}\">here</a></p>\r\n', 'en', '2019-01-13 20:19:55', '2019-01-17 18:13:29', NULL),
(9, NULL, NULL, 'fr', '2019-01-17 18:13:29', '2019-01-17 18:13:29', NULL),
(10, '{CONTENT}\r\nHallo {FIRSTNAME} {LASTNAME},\r\n\r\nIhre Bestellung wurde verschickt.', '{CONTENT}\r\n<p style=\"margin:0px; font-weight:bold\">Hallo {FIRSTNAME} {LASTNAME},</p>\r\n<p style=\"margin:0px; margin-bottom:15px\">Ihre Bestellung wurde verschickt.</p>', 'de', '2019-01-13 20:19:55', '2019-01-17 18:13:33', NULL),
(10, '{CONTENT}\r\nHello {FIRSTNAME} {LASTNAME},\r\n\r\nYour order has been shipped.', '{CONTENT}\r\n<p style=\"margin:0px; font-weight:bold\">Hello {FIRSTNAME} {LASTNAME},</p>\r\n<p style=\"margin:0px; margin-bottom:15px\">Your order has been shipped.</p>', 'en', '2019-01-13 20:19:55', '2019-01-17 18:13:33', NULL),
(10, NULL, NULL, 'fr', '2019-01-17 18:13:33', '2019-01-17 18:13:33', NULL),
(11, '{CONTENT}\r\nHallo {FIRSTNAME} {LASTNAME},\r\n\r\nWir haben ihre Zahlungen erhalten. Ihre Bestellung wird in Kürze versandt, Sie werden dazu von uns benachrichtigt.\r\nIhre Bestellnr.: {ORDER_ID}\r\nUnsere AGB finden Sie unter {AGB_LINK}\r\nUnsere Widerrufsbelehrung finden Sie unter {CANCELLATION_LINK}\r\nUnsere Datenschutz finden Sie unter {PRIVACY_LINK}\r\n', '{CONTENT}\r\n<p style=\"margin:0px; font-weight:bold\">Hallo {FIRSTNAME} {LASTNAME},</p>\r\n<p style=\"margin:0px; margin-bottom:15px\">Wir haben Ihre Zahlungen erhalten. Ihre Bestellung wird in Kürze versandt, Sie werden dazu von uns benachrichtigt.</p>\r\n<p style=\"margin:0px; font-weight:bold; margin-bottom:15px\">Ihre Bestellnr.: {ORDER_ID}</p>\r\n<p style=\"margin:0px; margin-bottom:15px;\">Unsere AGB finden Sie <a href=\"{AGB_LINK}\">hier</a></p>\r\n<p style=\"margin:0px; margin-bottom:15px;\">Unsere Widerrufsbelehrung finden Sie <a href=\"{CANCELLATION_LINK}\">hier</a></p>\r\n<p style=\"margin:0px; margin-bottom:15px;\">Unsere Datenschutz finden Sie <a href=\"{PRIVACY_LINK}\">hier</a></p>\r\n', 'de', '2019-01-13 20:19:55', '2019-01-17 18:13:36', NULL),
(11, '{CONTENT}\r\nHello {FIRSTNAME} {LASTNAME},\r\nWe have received your payment. Your order will be sent shortly, you are notified to do so by us.\r\nYour Order ID: {ORDER_ID}\r\nYou can find our Terms and Conditions at {AGB_LINK}\r\nYou can find our Instructions of Cancellation at {CANCELLATION_LINK}\r\nYou can find our Privacy Policy at {PRIVACY_LINK}\r\n', '{CONTENT}\r\n<p style=\"margin:0px; font-weight:bold\">Hello {FIRSTNAME} {LASTNAME},</p>\r\n<p style=\"margin:0px; margin-bottom:15px\">We have received your payment. Your order will be sent shortly, you are notified to do so by us.</p>\r\n<p style=\"margin:0px; font-weight:bold; margin-bottom:15px\">Your Order ID: {ORDER_ID}</p>\r\n<p style=\"margin:0px; margin-bottom:15px;\">You can find our Terms and Conditions <a href=\"{AGB_LINK}\">here</a></p>\r\n<p style=\"margin:0px; margin-bottom:15px;\">You can find our Instructions of Cancellation <a href=\"{CANCELLATION_LINK}\">here</a></p>\r\n<p style=\"margin:0px; margin-bottom:15px;\">You can find our Privacy Policy <a href=\"{PRIVACY_LINK}\">here</a></p>\r\n', 'en', '2019-01-13 20:19:55', '2019-01-17 18:13:36', NULL),
(11, NULL, NULL, 'fr', '2019-01-17 18:13:36', '2019-01-17 18:13:36', NULL),
(12, '{CONTENT}\r\nHaben Sie Fragen? Wir sind für Sie da per Telefon: {SERVICE_HOTLINE} oder E-Mail: {EMAIL}\r\n----------------------------------------\r\n{COMPANY_NAME}\r\n-----------------------------------------\r\n{COMPANY_ADDRESS}\r\n\r\nUnsere Nutzungsbedingungen finden Sie {AGB_LINK}\r\nUnsere Datenschutzbestimmungen finden Sie unter {PRIVACY_LINK}', '{CONTENT}\r\n<p style=\"margin-top:30px;\">Haben Sie Fragen? Wir sind für Sie da per Telefon: {SERVICE_HOTLINE}, E-Mail: <a href=\"mailto:{EMAIL}\" style=\"color: #b8cb00\">{EMAIL}</a></p>\r\n<p style=\"margin:0px; font-weight:bold; margin-bottom:15px;\">{COMPANY_NAME}</p>\r\n<p style=\"margin:0px;\">{COMPANY_ADDRESS}</p>\r\n<p style=\"margin:0px;\">Unsere Nutzungsbedingungen finden Sie <a href=\"{AGB_LINK}\" style=\"color: #b8cb00\">hier</a></p>\r\n<p style=\"margin:0px;margin-bottom:15px;\">Unsere Datenschutz finden Sie <a href=\"{PRIVACY_LINK}\" style=\"color: #b8cb00\">hier</a></p>\r\n</div>', 'de', '2019-01-13 20:19:55', '2019-01-17 18:21:05', NULL),
(12, '{CONTENT}\r\nHaben Sie Fragen? Wir sind für Sie da per Telefon: {SERVICE_HOTLINE} order E-Mail: {EMAIL}\r\n----------------------------------------\r\n{COMPANY_NAME}\r\n-----------------------------------------\r\n{COMPANY_ADDRESS}\r\n\r\nUnsere Nutzungsbedingungen finden Sie {AGB_LINK}\r\nUnsere Datenschutz finden Sie unter {PRIVACY_LINK}', '{CONTENT}\r\n<p style=\"margin-top:30px;\">Haben Sie Fragen? Wir sind für Sie da per Telefon: {SERVICE_HOTLINE}, E-Mail: <a href=\"mailto:{EMAIL}\" style=\"color: #b8cb00\">{EMAIL}</a></p>\r\n<p style=\"margin:0px; font-weight:bold; margin-bottom:15px;\">{COMPANY_NAME}</p>\r\n<p style=\"margin:0px;\">{COMPANY_ADDRESS}</p>\r\n<p style=\"margin:0px;\">Unsere Nutzungsbedingungen finden Sie <a href=\"{AGB_LINK}\" style=\"color: #b8cb00\">hier</a></p>\r\n<p style=\"margin:0px;margin-bottom:15px;\">Unsere Datenschutz finden Sie <a href=\"{PRIVACY_LINK}\" style=\"color: #b8cb00\">hier</a></p>\r\n</div>', 'en', '2019-01-13 20:19:55', '2019-01-17 18:21:05', NULL),
(12, '{CONTENT}\r\nVous avez des questions ? Nous sommes là pour vous par téléphone : {SERVICE_HOTLINE} ou par e-mail : [EMAIL]\r\n----------------------------------------\r\n{COMPANY_NAME}\r\n-----------------------------------------\r\n{COMPANY_ADDRESS}\r\n\r\nVous trouverez nos conditions d\'utilisation {AGB_LINK}.\r\nVous pouvez trouver notre politique de confidentialité à {PRIVACY_LINK}.', '{CONTENT}\r\n<p style=\"margin-top:30px;\">Vous avez des questions ? Nous sommes là pour vous par téléphone: {SERVICE_HOTLINE}, E-Mail: <a href=\"mailto:{EMAIL}\" style=\"color: #b8cb00\">{EMAIL}</a></p>\r\n<p style=\"margin:0px; font-weight:bold; margin-bottom:15px;\">{COMPANY_NAME}</p>\r\n<p style=\"margin:0px;\">{COMPANY_ADDRESS}</p>\r\n<p style=\"margin:0px;\">Vous trouverez nos conditions d\'utilisation <a href=\"{AGB_LINK}\" style=\"color: #b8cb00\">hier</a></p>\r\n<p style=\"margin:0px;margin-bottom:15px;\">Vous pouvez trouver notre politique de confidentialité à <a href=\"{PRIVACY_LINK}\" style=\"color: #b8cb00\">hier</a></p>\r\n</div>', 'fr', '2019-01-17 18:21:05', '2019-01-17 18:21:05', NULL),
(13, '{CONTENT}\r\nHallo {FIRSTNAME} {LASTNAME},\r\n\r\nVielen Dank für Ihre Bestellung bei {COMPANY_NAME}. Sobald Ihre Sendung verschickt wurde, erhalten Sie per E-Mail weitere Informationen zur Sendungsverfolgung. Sie können den aktuellen Status Ihrer Bestellung jederzeit in Ihrem Kundenbereich einsehen.\r\n\r\nBitte nehmen Sie unter dem Link {PAYMENT_LINK} jetzt ihre Bezahlung vor.\r\n\r\nNachfolgend finden Sie Ihre Bestellbestätigung, vielen Dank.\r\n\r\n{ORDER_CONTENT_PLAIN}', '{CONTENT}\r\n	<p style=\"margin:0px; font-weight:bold\">Hallo {FIRSTNAME} {LASTNAME},</p>\r\n	<p style=\"margin:0px; margin-bottom:15px\">Vielen Dank für Ihre Bestellung bei {COMPANY_NAME}. Sobald Ihre Sendung verschickt wurde, erhalten Sie per E-Mail weitere Informationen zur Sendungsverfolgung. Sie können den aktuellen Status Ihrer Bestellung jederzeit <a href=\"{ACCOUNT_LINK}\">in Ihrem Kundenbereich</a> einsehen.</p>\r\n	<p style=\"margin:0px; margin-bottom:15px\">Bitte nehmen Sie unter dem Link <a href=\"{PAYMENT_LINK}\">{PAYMENT_LINK}</a> jetzt ihre Bezahlung vor.</p>\r\n	<p style=\"margin:0px; margin-bottom:15px\">Nachfolgend finden Sie Ihre Bestellbestätigung, vielen Dank.</p>\r\n	<p style=\"margin:0px; font-weight:bold; margin-bottom:15px\">Ihre Bestellnr.: {ORDER_ID}  - bestellt am {ORDERDATE} um {ORDERTIME}</p>\r\n{ORDER_CONTENT_HTML}', 'de', '2019-01-13 20:19:55', '2019-01-17 18:21:10', NULL),
(13, '{CONTENT}\r\nHello {FIRSTNAME} {LASTNAME},\r\n\r\nThank you very much for your order at {COMPANY_NAME}. Once your shipment has been sent, you will get more tracking information by email. You can view the current status of your order at any time in your account.\r\n\r\nPlease make now your payment under {PAYMENT_LINK}.\r\n\r\nBelow you will find your order confirmation, thanks.\r\n\r\nYour Order ID: {ORDER_ID}  - ordered on {ORDERDATE} at {ORDERTIME}\r\n\r\n{ORDER_CONTENT_PLAIN}', '{CONTENT}<p style=\"margin:0px; font-weight:bold\">Hello {FIRSTNAME} {LASTNAME},</p>\r\n	<p style=\"margin:0px; margin-bottom:15px\">Thank you very much for your order at {COMPANY_NAME}. Once your shipment has been sent, you will get more tracking information by email. You can view the current status of your order at any time <a href=\"{ACCOUNT_LINK}\">in your account.</a></p>\r\n	<p style=\"margin:0px; margin-bottom:15px\">Please make now your payment under <a href=\"{PAYMENT_LINK}\">{PAYMENT_LINK}</a>.</p>\r\n	<p style=\"margin:0px; margin-bottom:15px\">Below you will find your order confirmation, thanks.</p>\r\n	<p style=\"margin:0px; font-weight:bold; margin-bottom:15px\">Your Order ID: {ORDER_ID}  - ordered on {ORDERDATE} at {ORDERTIME}</p>\r\n{ORDER_CONTENT_HTML}', 'en', '2019-01-13 20:19:55', '2019-01-17 18:21:10', NULL),
(13, NULL, NULL, 'fr', '2019-01-17 18:21:10', '2019-01-17 18:21:10', NULL),
(14, '{CONTENT}\r\nHallo {FIRSTNAME} {LASTNAME},\r\n\r\nWir haben Ihre Bestellung bei {COMPANY_NAME} storniert. Sie können den aktuellen Status Ihrer Bestellung jederzeit in Ihrem Kundenbereich einsehen.\r\n\r\nNachfolgend finden Sie Ihre Bestelldetails, vielen Dank.\r\n\r\n{ORDER_CONTENT_PLAIN}', '{CONTENT}\r\n	<p style=\"margin:0px; font-weight:bold\">Hallo {FIRSTNAME} {LASTNAME},</p>\r\n	<p style=\"margin:0px; margin-bottom:15px\">Wir haben Ihre Bestellung bei {COMPANY_NAME} storniert. Sie können den aktuellen Status Ihrer Bestellung jederzeit <a href=\"{ACCOUNT_LINK}\">in Ihrem Kundenbereich</a> einsehen.</p>\r\n	<p style=\"margin:0px; margin-bottom:15px\">Nachfolgend finden Sie Ihre Bestelldetails, vielen Dank.</p>\r\n	<p style=\"margin:0px; font-weight:bold; margin-bottom:15px\">Ihre Bestellnr.: {ORDER_ID}  - bestellt am {ORDERDATE} um {ORDERTIME}</p>\r\n{ORDER_CONTENT_HTML}', 'de', '2019-01-13 20:19:55', '2019-01-17 18:21:13', NULL),
(14, '{CONTENT}\r\nHello {FIRSTNAME} {LASTNAME},\r\n\r\nWe cancelled your order at {COMPANY_NAME}. You can view the current status of your order at any time in your account.\r\n\r\nBelow you will find your order information, thanks.\r\n\r\nYour Order ID: {ORDER_ID}  - ordered on {ORDERDATE} at {ORDERTIME}\r\n\r\n{ORDER_CONTENT_PLAIN}', '{CONTENT}<p style=\"margin:0px; font-weight:bold\">Hello {FIRSTNAME} {LASTNAME},</p>\r\n	<p style=\"margin:0px; margin-bottom:15px\">We cancelled your order at {COMPANY_NAME}. You can view the current status of your order at any time <a href=\"{ACCOUNT_LINK}\">in your account.</a></p>\r\n	<p style=\"margin:0px; margin-bottom:15px\">Below you will find your order information, thanks.</p>\r\n	<p style=\"margin:0px; font-weight:bold; margin-bottom:15px\">Your Order ID: {ORDER_ID}  - ordered on {ORDERDATE} at {ORDERTIME}</p>\r\n{ORDER_CONTENT_HTML}', 'en', '2019-01-13 20:19:55', '2019-01-17 18:21:13', NULL),
(14, NULL, NULL, 'fr', '2019-01-17 18:21:13', '2019-01-17 18:21:13', NULL),
(15, '{CONTENT}\r\nHallo {FIRSTNAME} {LASTNAME},', '{CONTENT}\r\n<div class=\"order\" style=\"width:650px; background-color:#ffffff; font-family:arial; margin:auto; font-size:11px; color:#000000;\">\r\n{HEADER}\r\n<p style=\"font-weight:bold\">Hallo {FIRSTNAME} {LASTNAME}</p>', 'de', '2019-01-13 20:19:55', '2019-01-20 10:46:09', NULL),
(15, '{CONTENT}\r\nHallo {FIRSTNAME} {LASTNAME},', '{CONTENT}\r\n<div class=\"order\" style=\"width:650px; background-color:#ffffff; font-family:arial; margin:auto; font-size:11px; color:#000000;\">\r\n{HEADER}\r\n<p style=\"font-weight:bold\">Hallo {FIRSTNAME} {LASTNAME}</p>', 'en', '2019-01-13 20:19:55', '2019-01-17 18:22:09', NULL),
(15, NULL, NULL, 'fr', '2019-01-17 18:22:09', '2019-01-17 18:22:09', NULL),
(16, 'Hallo {FIRSTNAME} {LASTNAME},\r\nIhr Benutzerkonto wurde aus Sicherheitsgründen deaktiviert.\r\nSie können das Benutzerkonto mit dem Link {ENABLE_ACCOUNT} wieder freischalten.\r\n\r\nMit freundlichen Grüssen\r\n\r\nIhr {COMPANY_NAME} Team\r\n', '<p>Hallo {FIRSTNAME} {LASTNAME},</p>\r\n<p>Ihr Benutzerkonto wurde aus Sicherheitsgründen deaktiviert.</p>\r\n<p>Wenn Sie das Benutzerkonto wieder freischalten möchten, klicken Sie bitte <a href=\"{ENABLE_ACCOUNT}\">hier</a>.</p>\r\n<p>Mit freundlichen Grüssen</p>\r\n<p>Ihr {COMPANY_NAME} Team</p>\r\n', 'de', '2019-01-13 20:19:55', '2019-01-17 18:27:50', NULL),
(16, 'Hello {FIRSTNAME} {LASTNAME},\r\nYour account has been disabled for security reasons.\r\nYou can unlock your account by using the link {ENABLE_ACCOUNT}.\r\n\r\nYours sincerely\r\n\r\nYour {COMPANY_NAME} team\r\n', '<p>Hello {FIRSTNAME} {LASTNAME},</p>\r\n<p>Your account has been disabled for security reasons.</p>\r\n<p>If you want to unlock your account, click <a href=\"{ENABLE_ACCOUNT}\">here</a>.</p>\r\n<p>Yours sincerely</p>\r\n<p>Your {COMPANY_NAME} team</p>\r\n', 'en', '2019-01-13 20:19:55', '2019-01-17 18:27:50', NULL),
(16, 'Bonjour {FIRSTNAME} {LASTNAME},\r\nVotre compte a été désactivé pour des raisons de sécurité.\r\nVous pouvez réactiver le compte utilisateur avec le lien {ENABLE_ACCOUNT}.\r\n\r\nMeilleures salutations\r\n\r\nVotre {COMPANY_NAME} Team\r\n', '<p>Bonjour {FIRSTNAME} {LASTNAME},</p>\r\n<p>Votre compte a été désactivé pour des raisons de sécurité.</p>\r\n<p>Si vous voulez déverrouiller le compte à nouveau, veuillez cliquer sur <a href=\"{ENABLE_ACCOUNT}\">ici</a>.</p>\r\n<p>Meillweures salutations</p>\r\n<p>Votre {COMPANY_NAME} Team</p>\r\n', 'fr', '2019-01-17 18:27:50', '2019-01-17 18:27:50', NULL),
(17, '{CONTENT}\r\nEs gibt einen neuen Beitrag unter:\r\n{REDIRECT_URL}', '{CONTENT}\r\n<p style=\"margin-bottom:0\">Es gibt einen neuen Beitrag unter:</p>\r\n<p style=\"margin:0\"><a href=\"{REDIRECT_URL}\" target=\"_blank\">{REDIRECT_URL}</a></p>', 'de', '2019-01-13 20:19:55', '2019-01-17 18:29:46', NULL),
(17, '{CONTENT}\r\nEs gibt einen neuen Beitrag unter:\r\n{REDIRECT_URL}', '{CONTENT}\r\n<p style=\"margin-bottom:0\">Es gibt einen neuen Beitrag unter:</p>\r\n<p style=\"margin:0\"><a href=\"{REDIRECT_URL}\" target=\"_blank\">{REDIRECT_URL}</a></p>', 'en', '2019-01-13 20:19:55', '2019-01-17 18:29:46', NULL),
(17, '{CONTENT}\r\nIl y a un nouveau message ci-dessous:\r\n{REDIRECT_URL}', '{CONTENT}\r\n<p style=\"margin-bottom:0\">Il y a un nouveau message ci-dessous:</p>\r\n<p style=\"margin:0\"><a href=\"{REDIRECT_URL}\" target=\"_blank\">{REDIRECT_URL}</a></p>', 'fr', '2019-01-17 18:29:46', '2019-01-17 18:29:46', NULL),
(18, '{CONTENT}\r\nEine Neuanmeldung für eine Veranstaltung. Die Registrierungsdetails sind wie folgt,\r\n\r\n{CONTENT_PLAIN}', '{CONTENT}\r\n<p>Eine Neuanmeldung für eine Veranstaltung. Die Registrierungsdetails sind wie folgt,<p/>\r\n{CONTENT_HTML}', 'de', '2019-01-13 20:19:55', '2019-01-17 18:31:47', NULL),
(18, '{CONTENT}\r\nEine Neuanmeldung für eine Veranstaltung. Registrierungsdetails sind wie folgt,\r\n\r\n{CONTENT_PLAIN}', '{CONTENT}\r\n<p>Eine Neuanmeldung für eine Veranstaltung. Registrierungsdetails sind wie folgt,<p/>\r\n{CONTENT_HTML}', 'en', '2019-01-13 20:19:55', '2019-01-17 18:31:47', NULL),
(18, '{CONTENT}\r\nUne nouvelle inscription à un événement. Les détails de l\'inscription sont les suivants,\r\n\r\n{CONTENT_PLAIN}', '{CONTENT}\r\n<p>Une nouvelle inscription à un événement. Les détails de l\'inscription sont les suivants,<p/>\r\n{CONTENT_HTML}', 'fr', '2019-01-17 18:31:47', '2019-01-17 18:31:47', NULL),
(19, '{CONTENT}\r\nEine Anfrage von folgendem Benutzer zur Teilnahme an einem Event.\r\n\r\nBenutzername: {USER_NAME}\r\nCH_CODE: {CH_CODE}\r\nVeranstaltungsname: {EVENT_NAME}', '{CONTENT}\r\n<p>Eine Anfrage von folgendem Benutzer zur Teilnahme an einem Event.</p>\r\n<p style=\"margin: 0;\"><span style=\"font-weight: bold;\">Benutzername:</span> {USER_NAME}</p>\r\n<p style=\"margin: 0;\"><span style=\"font-weight: bold;\">CH_CODE: </span>{CH_CODE}</p>\r\n<p style=\"margin: 0;\"><span style=\"font-weight: bold;\">Veranstaltungsname: </span>{EVENT_NAME}</p>', 'de', '2019-01-13 20:19:55', '2019-01-17 18:44:56', NULL),
(19, '{CONTENT}\r\nDort eine Anfrage vom folgenden Benutzer zum Beitritt zu einem Ereignis.\r\n\r\nBenutzername: {USER_NAME}\r\nCH_CODE: {CH_CODE}\r\nVeranstaltungsname: {EVENT_NAME}', '{CONTENT}\r\n<p>Dort eine Anfrage vom folgenden Benutzer zum Beitritt zu einem Ereignis.</p>\r\n<p style=\"margin: 0;\"><span style=\"font-weight: bold;\">Benutzername:</span> {USER_NAME}</p>\r\n<p style=\"margin: 0;\"><span style=\"font-weight: bold;\">CH_CODE: </span>{CH_CODE}</p>\r\n<p style=\"margin: 0;\"><span style=\"font-weight: bold;\">Veranstaltungsname: </span>{EVENT_NAME}</p>', 'en', '2019-01-13 20:19:55', '2019-01-17 18:44:56', NULL),
(19, '{CONTENT}\r\nUne demande de l\'utilisateur suivant pour une participation à un événement.\r\n\r\nNom d\'utilisateur: {USER_NAME}\r\nCH_CODE: {CH_CODE}\r\nNom de l\'événement: {EVENT_NAME}', '{CONTENT}\r\n<p>Une demande de l\'utilisateur suivant pour une participation à un événement.</p>\r\n<p style=\"margin: 0;\"><span style=\"font-weight: bold;\">Nom d\'utilisateur:</span> {USER_NAME}</p>\r\n<p style=\"margin: 0;\"><span style=\"font-weight: bold;\">CH_CODE: </span>{CH_CODE}</p>\r\n<p style=\"margin: 0;\"><span style=\"font-weight: bold;\">Nom de l\'événement: </span>{EVENT_NAME}</p>', 'fr', '2019-01-17 18:44:56', '2019-01-17 18:44:56', NULL);

-- --------------------------------------------------------

--
-- Tabellenstruktur für Tabelle `email_template_replacement`
--

CREATE TABLE `email_template_replacement` (
  `id` bigint(20) UNSIGNED NOT NULL,
  `short` varchar(120) COLLATE utf8_bin NOT NULL,
  `name` varchar(120) COLLATE utf8_bin NOT NULL,
  `value` mediumtext COLLATE utf8_bin,
  `created_at` datetime NOT NULL,
  `updated_at` datetime NOT NULL,
  `deleted_at` datetime DEFAULT NULL
) ENGINE=InnoDB DEFAULT CHARSET=utf8 COLLATE=utf8_bin;

--
-- Daten für Tabelle `email_template_replacement`
--

INSERT INTO `email_template_replacement` (`id`, `short`, `name`, `value`, `created_at`, `updated_at`, `deleted_at`) VALUES
(1, 'company_name', 'Company Name', 'Verband Schweizer Opel Händler', '2019-01-13 20:19:54', '2019-01-17 18:45:59', NULL),
(2, 'footer_text', 'Footer Text', 'Martin Bächtold | Hohlenweg 11b | 2564 Bellmund', '2019-01-13 20:19:54', '2019-01-17 18:46:36', NULL),
(3, 'company_address', 'Company Address', 'Verband Schweizer Opel Händler | Hohlenweg 11b | 2564 Bellmund', '2019-01-13 20:19:54', '2019-01-17 18:47:21', NULL),
(4, 'service_hotline', 'Service Hotline', '+41 79 208 44 26', '2019-01-13 20:19:54', '2019-01-17 18:47:37', NULL),
(5, 'fax_number', 'Fax Number', NULL, '2019-01-13 20:19:54', '2019-01-17 18:47:45', NULL),
(6, 'kontoinhaber', 'Kontoinhaber', 'Verband Schweizer Opel Händler', '2019-01-13 20:19:54', '2019-01-17 18:50:28', NULL),
(7, 'blz', 'BLZ', NULL, '2019-01-13 20:19:54', '2019-01-17 18:49:29', NULL),
(8, 'konto', 'Konto', '208-Q0813412', '2019-01-13 20:19:54', '2019-01-17 18:53:19', NULL),
(9, 'bankname', 'Bankname', 'UBS Switzerland AG', '2019-01-13 20:19:54', '2019-01-17 18:52:08', NULL),
(10, 'iban', 'IBAN', 'CH96 0020 8208 Q081 3412 1', '2019-01-13 20:19:54', '2019-01-17 18:53:27', NULL),
(11, 'bic', 'BIC', 'UBSWCHZH80A', '2019-01-13 20:19:54', '2019-01-17 18:53:44', NULL),
(12, 'email', 'Email', 'info@vsoh.ch', '2019-01-13 20:19:54', '2019-01-20 14:35:00', NULL),
(13, 'tax_number', 'Tax Number', 'CHE-116.303.292 MWST', '2019-01-13 20:19:54', '2019-01-17 18:54:35', NULL),
(14, 'owner', 'Owner', 'Verband Schweizer Opel Händler', '2019-01-13 20:19:54', '2019-01-20 14:45:03', NULL),
(15, 'location', 'Location', '3001 Bern', '2019-01-13 20:19:54', '2019-01-17 18:55:13', NULL),
(16, 'tax_office', 'Tax Office', NULL, '2019-01-13 20:19:54', '2019-01-17 18:49:57', NULL),
(17, 'jurisdiction', 'Jurisdiction', NULL, '2019-01-13 20:19:54', '2019-01-17 18:50:00', NULL),
(18, 'commercial_register_number', 'Commercial Register Number', NULL, '2019-01-13 20:19:54', '2019-01-17 18:50:03', NULL);

-- --------------------------------------------------------

--
-- Tabellenstruktur für Tabelle `email_template_translation`
--

CREATE TABLE `email_template_translation` (
  `id` bigint(20) UNSIGNED NOT NULL DEFAULT '0',
  `subject` mediumtext COLLATE utf8_bin,
  `content_plain` mediumtext COLLATE utf8_bin,
  `content_html` mediumtext COLLATE utf8_bin,
  `lang` char(2) COLLATE utf8_bin NOT NULL DEFAULT '',
  `created_at` datetime NOT NULL,
  `updated_at` datetime NOT NULL,
  `deleted_at` datetime DEFAULT NULL
) ENGINE=InnoDB DEFAULT CHARSET=utf8 COLLATE=utf8_bin;

--
-- Daten für Tabelle `email_template_translation`
--

INSERT INTO `email_template_translation` (`id`, `subject`, `content_plain`, `content_html`, `lang`, `created_at`, `updated_at`, `deleted_at`) VALUES
(1, 'Passwort vergessen - Bestätigungslink', '{CONTENT}', '{CONTENT}', 'de', '2019-01-13 20:19:54', '2019-01-13 20:19:54', NULL),
(1, 'Forgot the password - confirmation link', '{CONTENT}', '{CONTENT}', 'en', '2019-01-13 20:19:54', '2019-01-13 20:19:54', NULL),
(1, 'Mot de passe oublié - Lien de confirmation', '{CONTENT}', '{CONTENT}', 'fr', '2019-01-17 16:07:59', '2019-01-17 16:07:59', NULL),
(2, 'Ihr neues Passwort', '{CONTENT}', '{CONTENT}', 'de', '2019-01-13 20:19:54', '2019-01-13 20:19:54', NULL),
(2, 'Your new password', '{CONTENT}', '{CONTENT}', 'en', '2019-01-13 20:19:54', '2019-01-17 16:09:03', NULL),
(2, 'Votre nouveau mot de passe', '{CONTENT}', '{CONTENT}', 'fr', '2019-01-17 16:09:03', '2019-01-17 16:09:03', NULL),
(3, 'Ihre Registrierung - Bitte aktivieren sie ihren Account', '{CONTENT}', '{CONTENT}', 'de', '2019-01-13 20:19:54', '2019-01-13 20:19:54', NULL),
(3, 'Your Registration - Activate your account please', '{CONTENT}', '{CONTENT}', 'en', '2019-01-13 20:19:54', '2019-01-13 20:19:54', NULL),
(3, 'Votre inscription - Veuillez activer votre profil.', '{CONTENT}', '{CONTENT}', 'fr', '2019-01-17 16:10:36', '2019-01-17 16:10:36', NULL),
(4, 'Ihre Registrierung - Bitte aktivieren sie ihren Account', '{CONTENT}', '{CONTENT}', 'de', '2019-01-13 20:19:54', '2019-01-13 20:19:54', NULL),
(4, 'Your Registration - Activate your account please', '{CONTENT}', '{CONTENT}', 'en', '2019-01-13 20:19:54', '2019-01-13 20:19:54', NULL),
(4, 'Votre inscription - Veuillez activer votre profil.', '{CONTENT}', '{CONTENT}', 'fr', '2019-01-17 16:11:15', '2019-01-17 16:11:15', NULL),
(5, 'Bestellungseingang', '{CONTENT}', '{CONTENT}', 'de', '2019-01-13 20:19:54', '2019-01-13 20:19:54', NULL),
(5, 'Order received', '{CONTENT}', '{CONTENT}', 'en', '2019-01-13 20:19:54', '2019-01-13 20:19:54', NULL),
(5, 'ordres reçus', '{CONTENT}', '{CONTENT}', 'fr', '2019-01-17 16:11:30', '2019-01-20 09:58:52', NULL),
(6, 'Bestellung', '{CONTENT}', '{CONTENT}', 'de', '2019-01-13 20:19:54', '2019-01-20 09:59:57', NULL),
(6, 'Order received', '{CONTENT}', '{CONTENT}', 'en', '2019-01-13 20:19:54', '2019-01-13 20:19:54', NULL),
(6, 'Ordre', '{CONTENT}', '{CONTENT}', 'fr', '2019-01-17 16:11:37', '2019-01-20 09:59:57', NULL),
(7, 'Das Kontaktformular wurde ausgefüllt', '{CONTENT}', '{CONTENT}', 'de', '2019-01-13 20:19:54', '2019-01-13 20:19:54', NULL),
(7, 'The contact form has been filled in', '{CONTENT}', '{CONTENT}', 'en', '2019-01-13 20:19:54', '2019-01-17 16:12:37', NULL),
(7, 'Le formulaire de contact a été rempli', '{CONTENT}', '{CONTENT}', 'fr', '2019-01-17 16:12:37', '2019-01-17 16:12:37', NULL),
(8, 'Newsletter-Verwaltung', '{CONTENT}', '{CONTENT}', 'de', '2019-01-13 20:19:54', '2019-01-20 10:03:23', NULL),
(8, '{CONTENT}', '{CONTENT}', '{CONTENT}', 'en', '2019-01-13 20:19:54', '2019-01-13 20:19:54', NULL),
(8, 'gestion de newsletter', '{CONTENT}', '{CONTENT}', 'fr', '2019-01-17 16:13:06', '2019-01-20 10:03:23', NULL),
(9, 'Bestätigung ihrer Bestellung', '{CONTENT}', '{CONTENT}', 'de', '2019-01-13 20:19:54', '2019-01-13 20:19:54', NULL),
(9, 'Confirmation of your order', '{CONTENT}', '{CONTENT}', 'en', '2019-01-13 20:19:54', '2019-01-13 20:19:54', NULL),
(9, 'Confirmation de commande', '{CONTENT}', '{CONTENT}', 'fr', '2019-01-17 16:13:15', '2019-01-20 10:04:28', NULL),
(10, 'Annullierung Ihrer Bestellung', '{CONTENT}', '{CONTENT}', 'de', '2019-01-13 20:19:54', '2019-01-20 10:05:44', NULL),
(10, 'Cancellation of your order', '{CONTENT}', '{CONTENT}', 'en', '2019-01-13 20:19:55', '2019-01-13 20:19:55', NULL),
(10, 'Annulation de votre commande', '{CONTENT}', '{CONTENT}', 'fr', '2019-01-17 16:13:20', '2019-01-20 10:05:44', NULL),
(11, 'Zahlungseingang bestätigt', '{CONTENT}', '{CONTENT}', 'de', '2019-01-13 20:19:55', '2019-01-13 20:19:55', NULL),
(11, 'Confirmed receipt of payment', '{CONTENT}', '{CONTENT}', 'en', '2019-01-13 20:19:55', '2019-01-13 20:19:55', NULL),
(11, 'Paiement confirmé', '{CONTENT}', '{CONTENT}', 'fr', '2019-01-17 16:13:26', '2019-01-20 10:15:38', NULL),
(12, 'Ihre Bestellung wurde verschickt', '{CONTENT}', '{CONTENT}', 'de', '2019-01-13 20:19:55', '2019-01-13 20:19:55', NULL),
(12, 'Your order has been shipped', '{CONTENT}', '{CONTENT}', 'en', '2019-01-13 20:19:55', '2019-01-13 20:19:55', NULL),
(12, 'Votre commande a été expédiée', '{CONTENT}', '{CONTENT}', 'fr', '2019-01-17 16:13:30', '2019-01-20 10:16:23', NULL),
(13, 'Ihr Benutzerkonto wurde deaktiviert', '{CONTENT}', '{CONTENT}', 'de', '2019-01-13 20:19:55', '2019-01-13 20:19:55', NULL),
(13, 'Your Account has been disabled', '{CONTENT}', '{CONTENT}', 'en', '2019-01-13 20:19:55', '2019-01-13 20:19:55', NULL),
(13, 'Votre compte a été désactivé', '{CONTENT}', '{CONTENT}', 'fr', '2019-01-17 16:14:26', '2019-01-17 16:14:26', NULL),
(14, 'Ein neuer Post ist angekommen', '{CONTENT}', '{CONTENT}', 'de', '2019-01-13 20:19:55', '2019-01-20 10:20:36', NULL),
(14, 'New Post has arrived', '{CONTENT}', '{CONTENT}', 'en', '2019-01-13 20:19:55', '2019-01-13 20:19:55', NULL),
(14, 'Un nouveau mail est arrivé', '{CONTENT}', '{CONTENT}', 'fr', '2019-01-17 16:15:12', '2019-01-20 10:20:36', NULL),
(15, 'Veranstaltungsanmeldung', '{CONTENT}', '{CONTENT}', 'de', '2019-01-13 20:19:55', '2019-01-13 20:19:55', NULL),
(15, 'Event Registration', '{CONTENT}', '{CONTENT}', 'en', '2019-01-13 20:19:55', '2019-01-13 20:19:55', NULL),
(15, 'inscription à l\'événement', '{CONTENT}', '{CONTENT}', 'fr', '2019-01-17 16:16:57', '2019-01-17 16:16:57', NULL),
(16, 'Veranstaltungsanfrage', '{CONTENT}', '{CONTENT}', 'de', '2019-01-13 20:19:55', '2019-01-17 16:19:33', NULL),
(16, 'Event Request', '{CONTENT}', '{CONTENT}', 'en', '2019-01-13 20:19:55', '2019-01-13 20:19:55', NULL),
(16, 'demande d\' événement', '{CONTENT}', '{CONTENT}', 'fr', '2019-01-17 16:19:33', '2019-01-17 16:19:33', NULL);

-- --------------------------------------------------------

--
-- Tabellenstruktur für Tabelle `entity`
--

CREATE TABLE `entity` (
  `id` bigint(20) UNSIGNED NOT NULL,
  `ch_code` varchar(45) COLLATE utf8_bin NOT NULL,
  `disabled` tinyint(1) DEFAULT '0',
  `disabled_reset_hash` varchar(45) COLLATE utf8_bin DEFAULT NULL,
  `role_id` int(10) UNSIGNED NOT NULL,
  `parent_user_id` bigint(20) UNSIGNED DEFAULT NULL,
  `department_id` bigint(20) UNSIGNED DEFAULT NULL,
  `login` varchar(32) COLLATE utf8_bin NOT NULL,
  `password` varchar(45) COLLATE utf8_bin DEFAULT NULL,
  `password_reset_hash` varchar(45) COLLATE utf8_bin DEFAULT NULL,
  `password_attempt` int(10) UNSIGNED DEFAULT '0',
  `company` varchar(120) COLLATE utf8_bin DEFAULT NULL,
  `salutation_id` bigint(20) UNSIGNED DEFAULT NULL,
  `firstname` varchar(80) COLLATE utf8_bin DEFAULT NULL,
  `lastname` varchar(80) COLLATE utf8_bin DEFAULT NULL,
  `title` varchar(80) COLLATE utf8_bin DEFAULT NULL,
  `street` varchar(255) COLLATE utf8_bin DEFAULT NULL,
  `street_number` varchar(8) COLLATE utf8_bin DEFAULT NULL,
  `address_line_1` varchar(80) COLLATE utf8_bin DEFAULT NULL,
  `address_line_2` varchar(80) COLLATE utf8_bin DEFAULT NULL,
  `zip` varchar(16) COLLATE utf8_bin DEFAULT NULL,
  `city` varchar(80) COLLATE utf8_bin DEFAULT NULL,
  `kanton_id` bigint(20) UNSIGNED DEFAULT NULL,
  `country_id` bigint(20) UNSIGNED DEFAULT NULL,
  `contract_type_id` bigint(20) UNSIGNED DEFAULT NULL,
  `sales_statistics_id` bigint(20) UNSIGNED DEFAULT NULL,
  `spoken_language` varchar(2) COLLATE utf8_bin DEFAULT NULL,
  `billing_company` varchar(120) COLLATE utf8_bin DEFAULT NULL,
  `billing_firstname` varchar(80) COLLATE utf8_bin DEFAULT NULL,
  `billing_lastname` varchar(80) COLLATE utf8_bin DEFAULT NULL,
  `billing_street` varchar(255) COLLATE utf8_bin DEFAULT NULL,
  `billing_street_number` varchar(8) COLLATE utf8_bin DEFAULT NULL,
  `billing_address_line_1` varchar(80) COLLATE utf8_bin DEFAULT NULL,
  `billing_address_line_2` varchar(80) COLLATE utf8_bin DEFAULT NULL,
  `billing_zip` varchar(16) COLLATE utf8_bin DEFAULT NULL,
  `billing_city` varchar(80) COLLATE utf8_bin DEFAULT NULL,
  `billing_country_id` bigint(20) UNSIGNED DEFAULT NULL,
  `email` varchar(255) COLLATE utf8_bin NOT NULL,
  `mobile` varchar(80) COLLATE utf8_bin DEFAULT NULL,
  `phone` varchar(80) COLLATE utf8_bin DEFAULT NULL,
  `fax` varchar(80) COLLATE utf8_bin DEFAULT NULL,
  `www` varchar(255) COLLATE utf8_bin DEFAULT NULL,
  `manager_phone` varchar(80) COLLATE utf8_bin DEFAULT NULL,
  `last_login` datetime DEFAULT NULL,
  `last_logout` datetime DEFAULT NULL,
  `latitude` decimal(15,10) DEFAULT NULL,
  `longitude` decimal(15,10) DEFAULT NULL,
  `activated_at` datetime DEFAULT NULL,
  `media_image_id` bigint(20) UNSIGNED DEFAULT NULL,
  `login_with_http_user_agent` mediumtext COLLATE utf8_bin,
  `login_with_http_accept` mediumtext COLLATE utf8_bin,
  `login_with_http_accept_charset` mediumtext COLLATE utf8_bin,
  `login_with_http_accept_encoding` mediumtext COLLATE utf8_bin,
  `login_with_http_accept_language` mediumtext COLLATE utf8_bin,
  `login_with_remote_addr` varchar(45) COLLATE utf8_bin DEFAULT NULL,
  `use_all_paymentservices` tinyint(1) DEFAULT '0',
  `company_name` varchar(255) COLLATE utf8_bin DEFAULT NULL,
  `commercial_register_id` varchar(64) COLLATE utf8_bin DEFAULT NULL,
  `vat_tax_id` varchar(64) COLLATE utf8_bin DEFAULT NULL,
  `managing_director` varchar(128) COLLATE utf8_bin DEFAULT NULL,
  `branch` varchar(255) COLLATE utf8_bin DEFAULT NULL,
  `contact_name` varchar(255) COLLATE utf8_bin DEFAULT NULL,
  `contact_position` varchar(255) COLLATE utf8_bin DEFAULT NULL,
  `created_at` datetime NOT NULL,
  `updated_at` datetime NOT NULL,
  `deleted_at` datetime DEFAULT NULL
) ENGINE=InnoDB DEFAULT CHARSET=utf8 COLLATE=utf8_bin;

--
-- Daten für Tabelle `entity`
--

INSERT INTO `entity` (`id`, `ch_code`, `disabled`, `disabled_reset_hash`, `role_id`, `parent_user_id`, `department_id`, `login`, `password`, `password_reset_hash`, `password_attempt`, `company`, `salutation_id`, `firstname`, `lastname`, `title`, `street`, `street_number`, `address_line_1`, `address_line_2`, `zip`, `city`, `kanton_id`, `country_id`, `contract_type_id`, `sales_statistics_id`, `spoken_language`, `billing_company`, `billing_firstname`, `billing_lastname`, `billing_street`, `billing_street_number`, `billing_address_line_1`, `billing_address_line_2`, `billing_zip`, `billing_city`, `billing_country_id`, `email`, `mobile`, `phone`, `fax`, `www`, `manager_phone`, `last_login`, `last_logout`, `latitude`, `longitude`, `activated_at`, `media_image_id`, `login_with_http_user_agent`, `login_with_http_accept`, `login_with_http_accept_charset`, `login_with_http_accept_encoding`, `login_with_http_accept_language`, `login_with_remote_addr`, `use_all_paymentservices`, `company_name`, `commercial_register_id`, `vat_tax_id`, `managing_director`, `branch`, `contact_name`, `contact_position`, `created_at`, `updated_at`, `deleted_at`) VALUES
(1, 'c0b0a47c4559b78f8c92bd8c296ed9b0', 0, NULL, 1, NULL, NULL, 'admin@l8m.com', '16cd213bfba78207bbb10ba3d7bcaf43:b', NULL, 0, NULL, NULL, NULL, NULL, NULL, NULL, NULL, NULL, NULL, NULL, NULL, NULL, NULL, NULL, NULL, 'de', NULL, NULL, NULL, NULL, NULL, NULL, NULL, NULL, NULL, NULL, 'admin@l8m.com', NULL, NULL, NULL, NULL, NULL, '2019-01-25 14:11:59', NULL, NULL, NULL, '2018-11-26 10:10:24', NULL, 'Mozilla/5.0', NULL, NULL, 'gzip, deflate, br', 'de-DE,de;q=0.9,en-US;q=0.8,en;q=0.7', '2a02:810d:18c0:448:968:e32f:8048:4a70', 0, NULL, NULL, NULL, NULL, NULL, NULL, NULL, '2018-11-26 10:10:24', '2019-01-25 14:11:59', NULL),
(2, '', 0, NULL, 2, NULL, NULL, 'supervisor@hahn-media.ch', '8cd8c028f48efcd80fb0b66be1fad86c:1', NULL, 0, NULL, NULL, NULL, NULL, NULL, NULL, NULL, NULL, NULL, NULL, NULL, NULL, NULL, NULL, NULL, 'de', NULL, NULL, NULL, NULL, NULL, NULL, NULL, NULL, NULL, NULL, 'supervisor@hahn-media.ch', NULL, NULL, NULL, NULL, NULL, '2018-12-20 18:09:52', NULL, NULL, NULL, '2018-11-26 10:10:24', NULL, 'Mozilla/5.0', NULL, NULL, 'gzip, deflate, br', 'de-DE,de;q=0.9,en-US;q=0.8,en;q=0.7', '2a02:810d:18c0:448:50d7:7cb4:8fe9:1cef', 0, NULL, NULL, NULL, NULL, NULL, NULL, NULL, '2018-11-26 10:10:24', '2018-12-20 18:09:52', NULL),
(3, '69f573b5b77656e35e2e46bc4f8a0f27', 0, NULL, 5, NULL, 5, 'user@hahn-media.ch', 'ee11cbb19052e40b07aac0ca060c23ee', NULL, 0, NULL, 2, 'Max', 'Mustermann', NULL, 'Unterrietstraße', '2A', NULL, NULL, '8152', 'Opfikon', NULL, 41, 1, 1, 'de', NULL, NULL, NULL, NULL, NULL, NULL, NULL, NULL, NULL, NULL, 'user@hahn-media.ch', NULL, '0445159040', NULL, NULL, NULL, '2019-01-18 12:04:27', NULL, NULL, NULL, '2018-11-26 10:10:24', NULL, 'Mozilla/5.0', NULL, NULL, 'gzip, deflate, br', 'de-DE,de;q=0.9,en-US;q=0.8,en;q=0.7', '2a02:810d:18c0:448:11c2:a18d:5ae9:7119', 0, NULL, NULL, NULL, NULL, NULL, NULL, NULL, '2018-11-26 10:10:24', '2019-01-18 12:04:27', NULL),
(4, '03af33401b0204baecaaeac7a85f4363', 0, NULL, 5, 3, 1, 'sub-user1@hahn-media.ch', '84f8a8139dbe7097f246cc00bc3f786b:a', NULL, 0, NULL, 2, 'Tester 1', 'Nachname', NULL, 'Teststr.', '22', NULL, NULL, '1234', 'Glattbrug', NULL, 41, NULL, NULL, 'de', NULL, NULL, NULL, NULL, NULL, NULL, NULL, NULL, NULL, NULL, 'sub-user1@hahn-media.ch', NULL, '0123456789', NULL, NULL, NULL, '2019-01-18 13:54:07', NULL, NULL, NULL, '2018-11-26 10:10:24', NULL, 'Mozilla/5.0', NULL, NULL, 'gzip, deflate, br', 'de-DE,de;q=0.9,en-US;q=0.8,en;q=0.7', '2a02:810d:18c0:448:11c2:a18d:5ae9:7119', 0, NULL, NULL, NULL, NULL, NULL, NULL, NULL, '2018-12-07 12:19:22', '2019-01-18 13:54:07', NULL),
(5, '', 0, NULL, 5, 3, 2, 'sub-user2@hahn-media.ch', 'eed4927c3e508d6d0a3c8a7915a8aef9:V', NULL, 0, NULL, 1, 'Tester 2', 'Nachname', NULL, 'Unterrietstrasse', '2A', NULL, NULL, '8152', 'Opfikon', NULL, 41, NULL, NULL, 'fr', NULL, NULL, NULL, NULL, NULL, NULL, NULL, NULL, NULL, NULL, 'sub-user2@hahn-media.ch', NULL, '0445159046', NULL, NULL, NULL, NULL, NULL, NULL, NULL, '2018-12-20 11:11:24', NULL, NULL, NULL, NULL, NULL, NULL, NULL, 0, NULL, NULL, NULL, NULL, NULL, NULL, NULL, '2018-12-20 11:11:24', '2018-12-20 11:13:46', NULL),
(6, '', 0, NULL, 5, 3, 3, 'sub-user3@hahn-media.ch', 'b74fad82bf34b6fb62e6565435d6c490:H', NULL, 0, NULL, 2, 'Tester 3', 'Nachname', NULL, 'Test-Straße', '30', NULL, NULL, '1234', 'Glattbrugg', NULL, 41, NULL, NULL, 'fr', NULL, NULL, NULL, NULL, NULL, NULL, NULL, NULL, NULL, NULL, 'sub-user3@hahn-media.ch', NULL, '123456789', NULL, NULL, NULL, NULL, NULL, NULL, NULL, '2018-12-20 11:15:49', NULL, NULL, NULL, NULL, NULL, NULL, NULL, 0, NULL, NULL, NULL, NULL, NULL, NULL, NULL, '2018-12-20 11:15:49', '2018-12-20 11:15:49', NULL),
(7, 'e4edbe3be1363d7cd309bffe70e6590a', 0, NULL, 2, NULL, 5, 'info@vsoh.ch', '6e6744a3cc8b303cdb661be9f17ff342:G', NULL, 0, NULL, 2, 'Martin', 'Bächtold', NULL, NULL, NULL, NULL, NULL, NULL, NULL, NULL, 41, NULL, NULL, 'de', NULL, NULL, NULL, NULL, NULL, NULL, NULL, NULL, NULL, NULL, 'info@vsoh.ch', NULL, NULL, NULL, NULL, NULL, '2019-01-25 10:04:53', NULL, NULL, NULL, '2018-12-19 00:00:00', NULL, 'Mozilla/5.0', NULL, NULL, 'gzip, deflate', 'de-CH', '2a02:120b:2c37:1d20:8af:bdc6:8b6:1b18', 0, NULL, NULL, NULL, NULL, NULL, NULL, NULL, '2018-12-20 21:32:15', '2019-01-25 10:04:53', NULL);

-- --------------------------------------------------------

--
-- Tabellenstruktur für Tabelle `entity_log`
--

CREATE TABLE `entity_log` (
  `id` bigint(20) UNSIGNED NOT NULL,
  `entity_id` bigint(20) UNSIGNED NOT NULL,
  `entity_log_message_id` bigint(20) UNSIGNED NOT NULL,
  `latitude` decimal(15,10) DEFAULT NULL,
  `longitude` decimal(15,10) DEFAULT NULL,
  `accuracy` decimal(10,5) DEFAULT NULL,
  `altitude` decimal(14,7) DEFAULT NULL,
  `altitude_accuracy` decimal(12,6) DEFAULT NULL,
  `heading` decimal(10,3) DEFAULT NULL,
  `speed` decimal(12,4) DEFAULT NULL,
  `remote_ip` varchar(120) COLLATE utf8_bin DEFAULT NULL,
  `created_at` datetime NOT NULL,
  `updated_at` datetime NOT NULL,
  `deleted_at` datetime DEFAULT NULL
) ENGINE=InnoDB DEFAULT CHARSET=utf8 COLLATE=utf8_bin;

--
-- Daten für Tabelle `entity_log`
--

INSERT INTO `entity_log` (`id`, `entity_id`, `entity_log_message_id`, `latitude`, `longitude`, `accuracy`, `altitude`, `altitude_accuracy`, `heading`, `speed`, `remote_ip`, `created_at`, `updated_at`, `deleted_at`) VALUES
(1, 2, 1, NULL, NULL, NULL, NULL, NULL, NULL, NULL, '2a02:810d:18c0:448:cd46:8522:1080:7e1e', '2018-11-26 11:08:56', '2018-11-26 11:08:56', NULL),
(2, 2, 2, NULL, NULL, NULL, NULL, NULL, NULL, NULL, '2a02:810d:18c0:448:2c87:356e:ff3f:ae3c', '2018-11-26 17:13:33', '2018-11-26 17:13:33', NULL),
(3, 1, 1, NULL, NULL, NULL, NULL, NULL, NULL, NULL, '2a02:810d:18c0:448:2c87:356e:ff3f:ae3c', '2018-11-26 17:13:40', '2018-11-26 17:13:40', NULL),
(4, 3, 3, NULL, NULL, NULL, NULL, NULL, NULL, NULL, '2a02:810d:18c0:448:6527:6389:6736:caa2', '2018-11-27 11:46:07', '2018-11-27 11:46:07', NULL),
(5, 1, 1, NULL, NULL, NULL, NULL, NULL, NULL, NULL, '2a02:810d:18c0:448:6527:6389:6736:caa2', '2018-11-27 11:46:22', '2018-11-27 11:46:22', NULL),
(6, 3, 1, NULL, NULL, NULL, NULL, NULL, NULL, NULL, '2a02:810d:18c0:448:6527:6389:6736:caa2', '2018-11-27 11:50:15', '2018-11-27 11:50:15', NULL),
(7, 3, 1, NULL, NULL, NULL, NULL, NULL, NULL, NULL, '195.141.62.148', '2018-11-27 11:59:16', '2018-11-27 11:59:16', NULL),
(8, 3, 1, NULL, NULL, NULL, NULL, NULL, NULL, NULL, '2a02:120b:2c37:1d20:6cb8:13b1:347b:e74c', '2018-11-27 14:55:50', '2018-11-27 14:55:50', NULL),
(9, 3, 1, NULL, NULL, NULL, NULL, NULL, NULL, NULL, '195.141.62.148', '2018-11-27 14:56:12', '2018-11-27 14:56:12', NULL),
(10, 3, 1, NULL, NULL, NULL, NULL, NULL, NULL, NULL, '2a02:810d:18c0:448:7053:d023:72d:e90e', '2018-11-28 08:43:03', '2018-11-28 08:43:03', NULL),
(11, 3, 1, NULL, NULL, NULL, NULL, NULL, NULL, NULL, '203.88.149.91', '2018-11-28 09:16:19', '2018-11-28 09:16:19', NULL),
(12, 3, 1, NULL, NULL, NULL, NULL, NULL, NULL, NULL, '203.88.149.91', '2018-11-28 09:22:25', '2018-11-28 09:22:25', NULL),
(13, 3, 1, NULL, NULL, NULL, NULL, NULL, NULL, NULL, '2a02:810d:18c0:448:7053:d023:72d:e90e', '2018-11-28 11:57:52', '2018-11-28 11:57:52', NULL),
(14, 3, 1, NULL, NULL, NULL, NULL, NULL, NULL, NULL, '203.88.149.91', '2018-11-29 06:15:20', '2018-11-29 06:15:20', NULL),
(15, 3, 1, NULL, NULL, NULL, NULL, NULL, NULL, NULL, '2a02:810d:18c0:448:8037:8904:72fb:3764', '2018-11-30 13:18:43', '2018-11-30 13:18:43', NULL),
(16, 1, 1, NULL, NULL, NULL, NULL, NULL, NULL, NULL, '2a02:810d:18c0:448:8037:8904:72fb:3764', '2018-11-30 13:19:12', '2018-11-30 13:19:12', NULL),
(17, 3, 1, NULL, NULL, NULL, NULL, NULL, NULL, NULL, '203.88.149.91', '2018-11-30 13:30:35', '2018-11-30 13:30:35', NULL),
(18, 3, 1, NULL, NULL, NULL, NULL, NULL, NULL, NULL, '2a02:120b:2c37:1d20:bce8:c142:a485:36b9', '2018-12-02 22:54:49', '2018-12-02 22:54:49', NULL),
(19, 3, 1, NULL, NULL, NULL, NULL, NULL, NULL, NULL, '2a02:120b:2c37:1d20:b825:11e8:3a45:ccb0', '2018-12-04 10:57:43', '2018-12-04 10:57:43', NULL),
(20, 3, 1, NULL, NULL, NULL, NULL, NULL, NULL, NULL, '2a02:810d:18c0:448:3510:afdb:9b26:b342', '2018-12-05 05:31:26', '2018-12-05 05:31:26', NULL),
(21, 3, 1, NULL, NULL, NULL, NULL, NULL, NULL, NULL, '203.88.149.91', '2018-12-06 13:13:48', '2018-12-06 13:13:48', NULL),
(22, 3, 1, NULL, NULL, NULL, NULL, NULL, NULL, NULL, '203.88.149.91', '2018-12-07 11:34:34', '2018-12-07 11:34:34', NULL),
(23, 1, 1, NULL, NULL, NULL, NULL, NULL, NULL, NULL, '2a02:810d:18c0:448:4896:3528:e5ae:a697', '2018-12-07 12:06:39', '2018-12-07 12:06:39', NULL),
(24, 3, 1, NULL, NULL, NULL, NULL, NULL, NULL, NULL, '2a02:810d:18c0:448:4896:3528:e5ae:a697', '2018-12-07 12:07:34', '2018-12-07 12:07:34', NULL),
(25, 3, 1, NULL, NULL, NULL, NULL, NULL, NULL, NULL, '2a02:810d:18c0:448:4896:3528:e5ae:a697', '2018-12-07 12:16:15', '2018-12-07 12:16:15', NULL),
(26, 4, 4, NULL, NULL, NULL, NULL, NULL, NULL, NULL, '2a02:810d:18c0:448:4896:3528:e5ae:a697', '2018-12-07 12:19:58', '2018-12-07 12:19:58', NULL),
(27, 4, 4, NULL, NULL, NULL, NULL, NULL, NULL, NULL, '2a02:810d:18c0:448:4896:3528:e5ae:a697', '2018-12-07 12:20:11', '2018-12-07 12:20:11', NULL),
(28, 4, 1, NULL, NULL, NULL, NULL, NULL, NULL, NULL, '2a02:810d:18c0:448:4896:3528:e5ae:a697', '2018-12-07 12:22:26', '2018-12-07 12:22:26', NULL),
(29, 4, 1, NULL, NULL, NULL, NULL, NULL, NULL, NULL, '2a02:810d:18c0:448:4896:3528:e5ae:a697', '2018-12-07 12:39:38', '2018-12-07 12:39:38', NULL),
(30, 3, 1, NULL, NULL, NULL, NULL, NULL, NULL, NULL, '2a02:810d:18c0:448:4896:3528:e5ae:a697', '2018-12-07 12:40:00', '2018-12-07 12:40:00', NULL),
(31, 3, 1, NULL, NULL, NULL, NULL, NULL, NULL, NULL, '2a02:810d:18c0:448:4896:3528:e5ae:a697', '2018-12-07 12:46:11', '2018-12-07 12:46:11', NULL),
(32, 2, 1, NULL, NULL, NULL, NULL, NULL, NULL, NULL, '2a02:810d:18c0:448:4896:3528:e5ae:a697', '2018-12-07 12:55:36', '2018-12-07 12:55:36', NULL),
(33, 4, 1, NULL, NULL, NULL, NULL, NULL, NULL, NULL, '2a02:810d:18c0:448:4896:3528:e5ae:a697', '2018-12-07 12:56:36', '2018-12-07 12:56:36', NULL),
(34, 3, 1, NULL, NULL, NULL, NULL, NULL, NULL, NULL, '2a02:120b:2c37:1d20:f1e5:75a:e67c:81ae', '2018-12-17 12:22:31', '2018-12-17 12:22:31', NULL),
(35, 1, 1, NULL, NULL, NULL, NULL, NULL, NULL, NULL, '2a02:810d:18c0:448:1c32:4849:1ba4:ddc2', '2018-12-17 16:05:48', '2018-12-17 16:05:48', NULL),
(36, 1, 1, NULL, NULL, NULL, NULL, NULL, NULL, NULL, '188.193.42.132', '2018-12-18 18:24:55', '2018-12-18 18:24:55', NULL),
(37, 1, 1, NULL, NULL, NULL, NULL, NULL, NULL, NULL, '2a02:810d:18c0:448:e0ac:3af:bb7a:2808', '2018-12-18 18:29:21', '2018-12-18 18:29:21', NULL),
(38, 2, 1, NULL, NULL, NULL, NULL, NULL, NULL, NULL, '195.141.62.148', '2018-12-18 18:35:57', '2018-12-18 18:35:57', NULL),
(39, 1, 1, NULL, NULL, NULL, NULL, NULL, NULL, NULL, '2a02:810d:18c0:448:e0ac:3af:bb7a:2808', '2018-12-18 18:44:48', '2018-12-18 18:44:48', NULL),
(40, 1, 2, NULL, NULL, NULL, NULL, NULL, NULL, NULL, '2a02:810d:18c0:448:e0ac:3af:bb7a:2808', '2018-12-18 19:16:42', '2018-12-18 19:16:42', NULL),
(41, 1, 2, NULL, NULL, NULL, NULL, NULL, NULL, NULL, '2a02:810d:18c0:448:e0ac:3af:bb7a:2808', '2018-12-18 19:18:26', '2018-12-18 19:18:26', NULL),
(42, 1, 1, NULL, NULL, NULL, NULL, NULL, NULL, NULL, '2a02:810d:18c0:448:e0ac:3af:bb7a:2808', '2018-12-18 19:18:34', '2018-12-18 19:18:34', NULL),
(43, 3, 1, NULL, NULL, NULL, NULL, NULL, NULL, NULL, '2a02:810d:18c0:448:e0ac:3af:bb7a:2808', '2018-12-18 19:43:42', '2018-12-18 19:43:42', NULL),
(44, 3, 1, NULL, NULL, NULL, NULL, NULL, NULL, NULL, '203.88.149.91', '2018-12-19 07:48:16', '2018-12-19 07:48:16', NULL),
(45, 3, 1, NULL, NULL, NULL, NULL, NULL, NULL, NULL, '2a02:810d:18c0:448:e0ac:3af:bb7a:2808', '2018-12-19 08:44:40', '2018-12-19 08:44:40', NULL),
(46, 1, 1, NULL, NULL, NULL, NULL, NULL, NULL, NULL, '2a02:810d:18c0:448:e0ac:3af:bb7a:2808', '2018-12-19 09:11:20', '2018-12-19 09:11:20', NULL),
(47, 1, 1, NULL, NULL, NULL, NULL, NULL, NULL, NULL, '2a02:810d:18c0:448:10da:1f4:8e5c:1130', '2018-12-19 14:56:49', '2018-12-19 14:56:49', NULL),
(48, 3, 3, NULL, NULL, NULL, NULL, NULL, NULL, NULL, '2a02:810d:18c0:448:10da:1f4:8e5c:1130', '2018-12-19 15:51:27', '2018-12-19 15:51:27', NULL),
(49, 3, 1, NULL, NULL, NULL, NULL, NULL, NULL, NULL, '2a02:810d:18c0:448:a9ef:9808:124:ad64', '2018-12-19 15:51:46', '2018-12-19 15:51:46', NULL),
(50, 1, 1, NULL, NULL, NULL, NULL, NULL, NULL, NULL, '188.193.42.132', '2018-12-19 16:15:58', '2018-12-19 16:15:58', NULL),
(51, 3, 1, NULL, NULL, NULL, NULL, NULL, NULL, NULL, '2a02:810d:18c0:448:10da:1f4:8e5c:1130', '2018-12-19 16:27:06', '2018-12-19 16:27:06', NULL),
(52, 3, 1, NULL, NULL, NULL, NULL, NULL, NULL, NULL, '2a02:810d:18c0:448:10da:1f4:8e5c:1130', '2018-12-20 11:07:19', '2018-12-20 11:07:19', NULL),
(53, 2, 1, NULL, NULL, NULL, NULL, NULL, NULL, NULL, '2a02:810d:18c0:448:10da:1f4:8e5c:1130', '2018-12-20 11:17:14', '2018-12-20 11:17:14', NULL),
(54, 1, 1, NULL, NULL, NULL, NULL, NULL, NULL, NULL, '2a02:810d:18c0:448:10da:1f4:8e5c:1130', '2018-12-20 11:20:46', '2018-12-20 11:20:46', NULL),
(55, 3, 1, NULL, NULL, NULL, NULL, NULL, NULL, NULL, '2a02:810d:18c0:448:10da:1f4:8e5c:1130', '2018-12-20 11:39:47', '2018-12-20 11:39:47', NULL),
(56, 3, 1, NULL, NULL, NULL, NULL, NULL, NULL, NULL, '2a02:810d:18c0:448:10da:1f4:8e5c:1130', '2018-12-20 11:41:55', '2018-12-20 11:41:55', NULL),
(57, 1, 1, NULL, NULL, NULL, NULL, NULL, NULL, NULL, '2a02:810d:18c0:448:10da:1f4:8e5c:1130', '2018-12-20 12:48:45', '2018-12-20 12:48:45', NULL),
(58, 2, 1, NULL, NULL, NULL, NULL, NULL, NULL, NULL, '2a02:810d:18c0:448:50d7:7cb4:8fe9:1cef', '2018-12-20 15:29:19', '2018-12-20 15:29:19', NULL),
(59, 3, 1, NULL, NULL, NULL, NULL, NULL, NULL, NULL, '188.193.42.132', '2018-12-20 16:22:51', '2018-12-20 16:22:51', NULL),
(60, 2, 1, NULL, NULL, NULL, NULL, NULL, NULL, NULL, '188.193.42.132', '2018-12-20 17:37:35', '2018-12-20 17:37:35', NULL),
(61, 3, 1, NULL, NULL, NULL, NULL, NULL, NULL, NULL, '2a02:810d:18c0:448:50d7:7cb4:8fe9:1cef', '2018-12-20 17:51:18', '2018-12-20 17:51:18', NULL),
(62, 2, 1, NULL, NULL, NULL, NULL, NULL, NULL, NULL, '2a02:810d:18c0:448:50d7:7cb4:8fe9:1cef', '2018-12-20 18:09:52', '2018-12-20 18:09:52', NULL),
(63, 1, 1, NULL, NULL, NULL, NULL, NULL, NULL, NULL, '2a02:810d:18c0:448:44e0:2779:3887:7748', '2018-12-20 21:26:58', '2018-12-20 21:26:58', NULL),
(64, 7, 1, NULL, NULL, NULL, NULL, NULL, NULL, NULL, '2a02:810d:18c0:448:44e0:2779:3887:7748', '2018-12-20 21:35:21', '2018-12-20 21:35:21', NULL),
(65, 3, 1, NULL, NULL, NULL, NULL, NULL, NULL, NULL, '2a02:120b:2c37:1d20:74fe:5a7:16fc:ce7e', '2018-12-21 14:05:29', '2018-12-21 14:05:29', NULL),
(66, 7, 1, NULL, NULL, NULL, NULL, NULL, NULL, NULL, '2a02:120b:2c37:1d20:74fe:5a7:16fc:ce7e', '2018-12-21 14:14:50', '2018-12-21 14:14:50', NULL),
(67, 7, 1, NULL, NULL, NULL, NULL, NULL, NULL, NULL, '2a02:120b:2c37:1d20:b547:a176:70b5:9a9c', '2018-12-28 18:06:57', '2018-12-28 18:06:57', NULL),
(68, 7, 1, NULL, NULL, NULL, NULL, NULL, NULL, NULL, '2a02:120b:2c37:1d20:996:6f7e:2401:fd19', '2018-12-30 09:04:07', '2018-12-30 09:04:07', NULL),
(69, 7, 1, NULL, NULL, NULL, NULL, NULL, NULL, NULL, '2a02:120b:2c37:1d20:f83e:aff6:3670:96', '2018-12-31 09:31:17', '2018-12-31 09:31:17', NULL),
(70, 7, 1, NULL, NULL, NULL, NULL, NULL, NULL, NULL, '2a02:120b:2c37:1d20:c866:3767:d8b8:e050', '2019-01-01 12:16:53', '2019-01-01 12:16:53', NULL),
(71, 7, 1, NULL, NULL, NULL, NULL, NULL, NULL, NULL, '2a02:120b:2c37:1d20:e1f0:7630:202e:f7c9', '2019-01-02 05:55:06', '2019-01-02 05:55:06', NULL),
(72, 3, 1, NULL, NULL, NULL, NULL, NULL, NULL, NULL, '203.88.149.91', '2019-01-03 07:09:19', '2019-01-03 07:09:19', NULL),
(73, 7, 1, NULL, NULL, NULL, NULL, NULL, NULL, NULL, '2a02:120b:2c37:1d20:2ce7:ef0c:f0db:4a93', '2019-01-03 08:14:43', '2019-01-03 08:14:43', NULL),
(74, 7, 1, NULL, NULL, NULL, NULL, NULL, NULL, NULL, '2a02:120b:2c37:1d20:2dc6:8803:b655:76f6', '2019-01-03 15:49:09', '2019-01-03 15:49:09', NULL),
(75, 7, 1, NULL, NULL, NULL, NULL, NULL, NULL, NULL, '2a02:120b:2c37:1d20:84bb:a54b:d353:fd24', '2019-01-04 08:39:20', '2019-01-04 08:39:20', NULL),
(76, 7, 1, NULL, NULL, NULL, NULL, NULL, NULL, NULL, '2a02:120b:2c37:1d20:84bb:a54b:d353:fd24', '2019-01-04 10:54:44', '2019-01-04 10:54:44', NULL),
(77, 4, 1, NULL, NULL, NULL, NULL, NULL, NULL, NULL, '2a02:810d:18c0:448:691e:b507:4bf5:35e4', '2019-01-04 11:24:24', '2019-01-04 11:24:24', NULL),
(78, 3, 1, NULL, NULL, NULL, NULL, NULL, NULL, NULL, '203.88.149.91', '2019-01-04 12:47:15', '2019-01-04 12:47:15', NULL),
(79, 7, 1, NULL, NULL, NULL, NULL, NULL, NULL, NULL, '91.138.8.27', '2019-01-11 11:22:06', '2019-01-11 11:22:06', NULL),
(80, 7, 1, NULL, NULL, NULL, NULL, NULL, NULL, NULL, '2a02:120b:2c37:1d20:2de9:f115:83e9:28d7', '2019-01-13 17:14:23', '2019-01-13 17:14:23', NULL),
(81, 4, 1, NULL, NULL, NULL, NULL, NULL, NULL, NULL, '2a02:810d:18c0:448:7c9b:557:6f36:33ea', '2019-01-13 20:33:43', '2019-01-13 20:33:43', NULL),
(82, 1, 1, NULL, NULL, NULL, NULL, NULL, NULL, NULL, '2a02:810d:18c0:448:7c9b:557:6f36:33ea', '2019-01-13 20:34:26', '2019-01-13 20:34:26', NULL),
(83, 1, 2, NULL, NULL, NULL, NULL, NULL, NULL, NULL, '2a02:810d:18c0:448:987e:5535:8dcc:3298', '2019-01-14 08:13:00', '2019-01-14 08:13:00', NULL),
(84, 1, 1, NULL, NULL, NULL, NULL, NULL, NULL, NULL, '2a02:810d:18c0:448:987e:5535:8dcc:3298', '2019-01-14 08:13:17', '2019-01-14 08:13:17', NULL),
(85, 1, 1, NULL, NULL, NULL, NULL, NULL, NULL, NULL, '2a02:810d:18c0:448:987e:5535:8dcc:3298', '2019-01-14 10:13:26', '2019-01-14 10:13:26', NULL),
(86, 3, 1, NULL, NULL, NULL, NULL, NULL, NULL, NULL, '2a02:810d:18c0:448:987e:5535:8dcc:3298', '2019-01-14 10:57:48', '2019-01-14 10:57:48', NULL),
(87, 1, 1, NULL, NULL, NULL, NULL, NULL, NULL, NULL, '2a02:810d:18c0:448:987e:5535:8dcc:3298', '2019-01-14 11:08:08', '2019-01-14 11:08:08', NULL),
(88, 3, 1, NULL, NULL, NULL, NULL, NULL, NULL, NULL, '2a02:810d:18c0:448:987e:5535:8dcc:3298', '2019-01-14 11:09:51', '2019-01-14 11:09:51', NULL),
(89, 1, 1, NULL, NULL, NULL, NULL, NULL, NULL, NULL, '2a02:810d:18c0:448:987e:5535:8dcc:3298', '2019-01-14 11:14:33', '2019-01-14 11:14:33', NULL),
(90, 1, 1, NULL, NULL, NULL, NULL, NULL, NULL, NULL, '2a02:810d:18c0:448:4431:7a87:590:3f0', '2019-01-17 09:27:22', '2019-01-17 09:27:22', NULL),
(91, 3, 2, NULL, NULL, NULL, NULL, NULL, NULL, NULL, '203.88.149.91', '2019-01-17 10:08:12', '2019-01-17 10:08:12', NULL),
(92, 1, 1, NULL, NULL, NULL, NULL, NULL, NULL, NULL, '203.88.149.91', '2019-01-17 10:08:59', '2019-01-17 10:08:59', NULL),
(93, 7, 1, NULL, NULL, NULL, NULL, NULL, NULL, NULL, '2a02:120b:2c37:1d20:c3:7e26:d35:fcd1', '2019-01-17 12:23:55', '2019-01-17 12:23:55', NULL),
(94, 3, 1, NULL, NULL, NULL, NULL, NULL, NULL, NULL, '2a02:120b:2c37:1d20:f9d1:4f5:42f4:a46a', '2019-01-17 22:56:17', '2019-01-17 22:56:17', NULL),
(95, 7, 1, NULL, NULL, NULL, NULL, NULL, NULL, NULL, '2a02:120b:2c37:1d20:c0fd:6d3e:974c:2d03', '2019-01-18 07:21:47', '2019-01-18 07:21:47', NULL),
(96, 7, 1, NULL, NULL, NULL, NULL, NULL, NULL, NULL, '2a02:120b:2c37:1d20:c0fd:6d3e:974c:2d03', '2019-01-18 07:26:50', '2019-01-18 07:26:50', NULL),
(97, 3, 1, NULL, NULL, NULL, NULL, NULL, NULL, NULL, '2a02:810d:18c0:448:11c2:a18d:5ae9:7119', '2019-01-18 11:31:41', '2019-01-18 11:31:41', NULL),
(98, 3, 1, NULL, NULL, NULL, NULL, NULL, NULL, NULL, '2a02:810d:18c0:448:11c2:a18d:5ae9:7119', '2019-01-18 11:35:13', '2019-01-18 11:35:13', NULL),
(99, 1, 1, NULL, NULL, NULL, NULL, NULL, NULL, NULL, '2a02:810d:18c0:448:11c2:a18d:5ae9:7119', '2019-01-18 11:53:35', '2019-01-18 11:53:35', NULL),
(100, 3, 1, NULL, NULL, NULL, NULL, NULL, NULL, NULL, '2a02:810d:18c0:448:11c2:a18d:5ae9:7119', '2019-01-18 12:04:27', '2019-01-18 12:04:27', NULL),
(101, 1, 1, NULL, NULL, NULL, NULL, NULL, NULL, NULL, '2a02:810d:18c0:448:11c2:a18d:5ae9:7119', '2019-01-18 12:06:10', '2019-01-18 12:06:10', NULL),
(102, 4, 1, NULL, NULL, NULL, NULL, NULL, NULL, NULL, '2a02:810d:18c0:448:11c2:a18d:5ae9:7119', '2019-01-18 13:54:07', '2019-01-18 13:54:07', NULL),
(103, 7, 1, NULL, NULL, NULL, NULL, NULL, NULL, NULL, '2a02:120b:2c37:1d20:2177:100:cf65:da1c', '2019-01-19 07:45:56', '2019-01-19 07:45:56', NULL),
(104, 7, 1, NULL, NULL, NULL, NULL, NULL, NULL, NULL, '2a02:120b:2c37:1d20:50f1:9d7d:f1c8:28e', '2019-01-20 09:22:47', '2019-01-20 09:22:47', NULL),
(105, 7, 1, NULL, NULL, NULL, NULL, NULL, NULL, NULL, '2a02:120b:2c37:1d20:c934:3bc2:aea7:f0fd', '2019-01-22 08:00:56', '2019-01-22 08:00:56', NULL),
(106, 7, 1, NULL, NULL, NULL, NULL, NULL, NULL, NULL, '2a02:120b:2c37:1d20:3500:f9b5:53d0:644', '2019-01-23 10:51:08', '2019-01-23 10:51:08', NULL),
(107, 7, 3, NULL, NULL, NULL, NULL, NULL, NULL, NULL, '2a02:120b:2c37:1d20:ed00:23e7:ebe:ac', '2019-01-23 17:52:15', '2019-01-23 17:52:15', NULL),
(108, 7, 1, NULL, NULL, NULL, NULL, NULL, NULL, NULL, '2a02:120b:2c37:1d20:ed00:23e7:ebe:ac', '2019-01-23 17:52:23', '2019-01-23 17:52:23', NULL),
(109, 7, 1, NULL, NULL, NULL, NULL, NULL, NULL, NULL, '2a02:120b:2c37:1d20:8af:bdc6:8b6:1b18', '2019-01-25 10:04:53', '2019-01-25 10:04:53', NULL),
(110, 1, 1, NULL, NULL, NULL, NULL, NULL, NULL, NULL, '2a02:810d:18c0:448:968:e32f:8048:4a70', '2019-01-25 10:45:20', '2019-01-25 10:45:20', NULL),
(111, 1, 1, NULL, NULL, NULL, NULL, NULL, NULL, NULL, '2a02:810d:18c0:448:968:e32f:8048:4a70', '2019-01-25 14:11:59', '2019-01-25 14:11:59', NULL);

-- --------------------------------------------------------

--
-- Tabellenstruktur für Tabelle `entity_log_message`
--

CREATE TABLE `entity_log_message` (
  `id` bigint(20) UNSIGNED NOT NULL,
  `short` varchar(255) COLLATE utf8_bin NOT NULL,
  `name` varchar(255) COLLATE utf8_bin NOT NULL,
  `created_at` datetime NOT NULL,
  `updated_at` datetime NOT NULL,
  `deleted_at` datetime DEFAULT NULL
) ENGINE=InnoDB DEFAULT CHARSET=utf8 COLLATE=utf8_bin;

--
-- Daten für Tabelle `entity_log_message`
--

INSERT INTO `entity_log_message` (`id`, `short`, `name`, `created_at`, `updated_at`, `deleted_at`) VALUES
(1, 'aef1974738532a49e089bb36370a898d', 'User successfully logged in.', '2018-11-26 11:08:56', '2018-11-26 11:08:56', NULL),
(2, '49329beb3d8528ecdfa6577ebf110f27', 'The account associated with the specified login can not be accessed that way.', '2018-11-26 17:13:33', '2018-11-26 17:13:33', NULL),
(3, '80ad07d56c1bac41c2e9b8832104db05', 'The specified password does not seem to be correct.', '2018-11-27 11:46:07', '2018-11-27 11:46:07', NULL),
(4, 'f96195a59aaf8a49922311cd9b51bcc6', 'The account associated with the specified login has not been activated.', '2018-12-07 12:19:58', '2018-12-07 12:19:58', NULL);

-- --------------------------------------------------------

--
-- Tabellenstruktur für Tabelle `entity_model_list_config`
--

CREATE TABLE `entity_model_list_config` (
  `id` bigint(20) UNSIGNED NOT NULL,
  `short` varchar(120) COLLATE utf8_bin NOT NULL,
  `model_list_id` bigint(20) UNSIGNED NOT NULL,
  `entity_id` bigint(20) UNSIGNED NOT NULL,
  `rp` smallint(6) DEFAULT NULL,
  `sortname` mediumtext COLLATE utf8_bin,
  `sortorder` varchar(4) COLLATE utf8_bin DEFAULT NULL,
  `qtype` varchar(255) COLLATE utf8_bin DEFAULT NULL,
  `query` mediumtext COLLATE utf8_bin,
  `created_at` datetime NOT NULL,
  `updated_at` datetime NOT NULL,
  `deleted_at` datetime DEFAULT NULL
) ENGINE=InnoDB DEFAULT CHARSET=utf8 COLLATE=utf8_bin;

--
-- Daten für Tabelle `entity_model_list_config`
--

INSERT INTO `entity_model_list_config` (`id`, `short`, `model_list_id`, `entity_id`, `rp`, `sortname`, `sortorder`, `qtype`, `query`, `created_at`, `updated_at`, `deleted_at`) VALUES
(1, 'cis_admin@l8m.com', 2, 1, 10, 'cis_id', 'asc', 'cis_id', NULL, '2018-11-26 17:14:58', '2018-11-26 17:15:00', NULL),
(2, 'imco_admin@l8m.com', 4, 1, 10, 'imco_id', 'asc', 'imco_id', NULL, '2018-11-26 17:22:51', '2018-11-26 17:22:52', NULL),
(3, 'media_admin@l8m.com', 3, 1, 10, 'media_id', 'desc', 'media_id', NULL, '2018-11-26 17:23:12', '2018-11-26 17:23:13', NULL),
(4, 'user_admin@l8m.com', 5, 1, 10, 'user_id', 'asc', 'user_id', NULL, '2018-11-26 17:37:35', '2018-11-26 17:37:36', NULL),
(5, 'sact_admin@l8m.com', 6, 1, 15, 'sact_id', 'asc', 'sact_id', NULL, '2018-11-30 13:19:17', '2018-11-30 13:19:17', NULL),
(6, 'aa_admin@l8m.com', 7, 1, 15, 'aa_resource', 'asc', 'aa_resource', 'default.index.index', '2018-11-30 13:20:34', '2019-01-14 10:55:16', NULL),
(8, 'inpa_admin@l8m.com', 9, 1, 15, 'inpa_id', 'asc', 'inpa_id', NULL, '2018-11-30 13:52:56', '2018-11-30 13:52:57', NULL),
(12, 'aa_supervisor@hahn-media.ch', 7, 2, 15, 'aa_id', 'asc', 'aa_id', NULL, '2018-12-18 18:36:18', '2018-12-18 18:36:19', NULL),
(14, 'bgimg_admin@l8m.com', 27, 1, 10, 'bgimg_id', 'asc', 'bgimg_id', NULL, '2018-12-18 19:18:45', '2018-12-18 19:18:46', NULL),
(23, 'user_supervisor@hahn-media.ch', 5, 2, 10, 'user_id', 'asc', 'user_id', NULL, '2018-12-20 15:29:25', '2018-12-20 15:29:26', NULL),
(27, 'media_supervisor@hahn-media.ch', 3, 2, 10, 'media_id', 'desc', 'media_id', NULL, '2018-12-20 16:34:25', '2018-12-20 16:34:26', NULL),
(30, 'imco_supervisor@hahn-media.ch', 4, 2, 10, 'imco_id', 'asc', 'imco_id', NULL, '2018-12-21 09:56:07', '2018-12-21 09:56:08', NULL),
(32, 'rtrans_info@vsoh.ch', 654, 7, 15, 'rtrans_id', 'asc', 'rtrans_id', NULL, '2019-01-04 11:20:36', '2019-01-04 11:20:37', NULL),
(33, 'ptrans_info@vsoh.ch', 655, 7, 15, 'ptrans_id', 'asc', 'ptrans_id', NULL, '2019-01-04 11:20:46', '2019-01-04 11:20:46', NULL),
(34, 'aa_info@vsoh.ch', 7, 7, 100, 'aa_id', 'asc', 'aa_id', '', '2019-01-04 11:33:36', '2019-01-22 13:37:30', NULL),
(35, 'inpa_info@vsoh.ch', 9, 7, 15, 'inpa_id', 'asc', 'inpa_id', NULL, '2019-01-04 11:34:10', '2019-01-04 11:34:10', NULL),
(36, 'meco_info@vsoh.ch', 656, 7, 15, 'meco_id', 'asc', 'meco_id', NULL, '2019-01-04 11:34:17', '2019-01-04 11:34:17', NULL),
(37, 'media_info@vsoh.ch', 3, 7, 10, 'media_id', 'desc', 'media_id', NULL, '2019-01-04 11:34:24', '2019-01-04 11:34:25', NULL),
(38, 'user_info@vsoh.ch', 5, 7, 10, 'user_id', 'asc', 'user_id', NULL, '2019-01-04 11:34:34', '2019-01-04 11:34:35', NULL),
(39, 'scfg_info@vsoh.ch', 657, 7, 25, 'scfg_id', 'asc', 'scfg_id', NULL, '2019-01-04 11:35:06', '2019-01-04 11:35:16', NULL),
(40, 'imco_info@vsoh.ch', 658, 7, 15, 'imco_id', 'asc', 'imco_id', NULL, '2019-01-04 11:35:25', '2019-01-20 09:36:02', NULL),
(41, 'tymce_info@vsoh.ch', 659, 7, 15, 'tymce_id', 'asc', 'tymce_id', NULL, '2019-01-04 11:35:37', '2019-01-04 11:35:38', NULL),
(42, 'cis_info@vsoh.ch', 2, 7, 10, 'cis_id', 'asc', 'cis_id', NULL, '2019-01-04 11:35:41', '2019-01-04 11:35:42', NULL),
(47, 'malt_admin@l8m.com', 736, 1, 15, 'malt_id', 'asc', 'malt_id', NULL, '2019-01-14 10:13:34', '2019-01-14 10:13:36', NULL),
(48, 'maltp_admin@l8m.com', 737, 1, 15, 'maltp_id', 'asc', 'maltp_id', NULL, '2019-01-14 10:13:36', '2019-01-14 10:13:38', NULL),
(49, 'malt_info@vsoh.ch', 736, 7, 15, 'malt_id', 'asc', 'malt_id', NULL, '2019-01-17 15:57:09', '2019-01-17 15:57:09', NULL),
(50, 'maltp_info@vsoh.ch', 737, 7, 15, 'maltp_id', 'asc', 'maltp_id', NULL, '2019-01-17 16:19:46', '2019-01-17 16:19:47', NULL),
(51, 'maltr_info@vsoh.ch', 846, 7, 15, 'maltr_id', 'asc', 'maltr_id', NULL, '2019-01-17 18:45:08', '2019-01-17 18:45:09', NULL),
(60, 'modlu_admin@l8m.com', 1212, 1, 15, 'modlu_id', 'asc', 'modlu_id', NULL, '2019-01-25 14:12:38', '2019-01-25 14:12:38', NULL),
(62, 'srights_admin@l8m.com', 1232, 1, 15, 'srights_id', 'asc', 'srights_id', NULL, '2019-01-25 14:15:22', '2019-01-25 14:15:22', NULL),
(74, 'department_admin@l8m.com', 1264, 1, 15, 'department_id', 'asc', 'department_id', NULL, '2019-01-25 14:16:04', '2019-01-25 14:16:04', NULL),
(77, 'c_admin@l8m.com', 1270, 1, 10, 'c_id', 'asc', 'c_id', NULL, '2019-01-25 14:16:05', '2019-01-25 14:16:05', NULL),
(80, 'trans_admin@l8m.com', 1277, 1, 15, 'trans_id', 'asc', 'translation_de_text', 'Verkaufs', '2019-01-25 14:17:28', '2019-01-25 14:31:20', NULL),
(82, 's_admin@l8m.com', 1285, 1, 10, 's_id', 'asc', 's_id', NULL, '2019-01-25 14:31:09', '2019-01-25 14:31:10', NULL),
(83, 'd_admin@l8m.com', 1289, 1, 15, 'd_id', 'asc', 'd_id', NULL, '2019-01-25 14:35:40', '2019-01-25 14:35:41', NULL);

-- --------------------------------------------------------

--
-- Tabellenstruktur für Tabelle `etage`
--

CREATE TABLE `etage` (
  `id` bigint(20) UNSIGNED NOT NULL,
  `value` varchar(125) COLLATE utf8_bin NOT NULL,
  `created_at` datetime NOT NULL,
  `updated_at` datetime NOT NULL,
  `deleted_at` datetime DEFAULT NULL
) ENGINE=InnoDB DEFAULT CHARSET=utf8 COLLATE=utf8_bin;

-- --------------------------------------------------------

--
-- Tabellenstruktur für Tabelle `events`
--

CREATE TABLE `events` (
  `id` bigint(20) UNSIGNED NOT NULL,
  `short` varchar(45) COLLATE utf8_bin NOT NULL,
  `name` varchar(45) COLLATE utf8_bin NOT NULL,
  `from_date` date NOT NULL,
  `to_date` date NOT NULL,
  `created_at` datetime NOT NULL,
  `updated_at` datetime NOT NULL,
  `deleted_at` datetime DEFAULT NULL
) ENGINE=InnoDB DEFAULT CHARSET=utf8 COLLATE=utf8_bin;

-- --------------------------------------------------------

--
-- Tabellenstruktur für Tabelle `faq`
--

CREATE TABLE `faq` (
  `id` bigint(20) UNSIGNED NOT NULL,
  `short` varchar(120) COLLATE utf8_bin NOT NULL,
  `name` varchar(120) COLLATE utf8_bin NOT NULL,
  `disabled` tinyint(1) DEFAULT '0',
  `created_at` datetime NOT NULL,
  `updated_at` datetime NOT NULL,
  `deleted_at` datetime DEFAULT NULL
) ENGINE=InnoDB DEFAULT CHARSET=utf8 COLLATE=utf8_bin;

-- --------------------------------------------------------

--
-- Tabellenstruktur für Tabelle `faq_translation`
--

CREATE TABLE `faq_translation` (
  `id` bigint(20) UNSIGNED NOT NULL DEFAULT '0',
  `question` mediumtext COLLATE utf8_bin NOT NULL,
  `answer` mediumtext COLLATE utf8_bin NOT NULL,
  `lang` char(2) COLLATE utf8_bin NOT NULL DEFAULT '',
  `created_at` datetime NOT NULL,
  `updated_at` datetime NOT NULL,
  `deleted_at` datetime DEFAULT NULL
) ENGINE=InnoDB DEFAULT CHARSET=utf8 COLLATE=utf8_bin;

-- --------------------------------------------------------

--
-- Tabellenstruktur für Tabelle `flyer`
--

CREATE TABLE `flyer` (
  `id` bigint(20) UNSIGNED NOT NULL,
  `short` varchar(255) COLLATE utf8_bin NOT NULL,
  `media_image_id` bigint(20) UNSIGNED NOT NULL,
  `media_id` bigint(20) UNSIGNED DEFAULT NULL,
  `catalog` tinyint(1) DEFAULT '0',
  `hidden` tinyint(1) DEFAULT '0',
  `created_at` datetime NOT NULL,
  `updated_at` datetime NOT NULL,
  `deleted_at` datetime DEFAULT NULL
) ENGINE=InnoDB DEFAULT CHARSET=utf8 COLLATE=utf8_bin;

-- --------------------------------------------------------

--
-- Tabellenstruktur für Tabelle `flyer_images`
--

CREATE TABLE `flyer_images` (
  `id` bigint(20) UNSIGNED NOT NULL,
  `short` varchar(45) COLLATE utf8_bin NOT NULL,
  `flyer_id` bigint(20) UNSIGNED NOT NULL,
  `media_image_id` bigint(20) UNSIGNED NOT NULL,
  `position` bigint(20) UNSIGNED DEFAULT NULL,
  `created_at` datetime NOT NULL,
  `updated_at` datetime NOT NULL,
  `deleted_at` datetime DEFAULT NULL
) ENGINE=InnoDB DEFAULT CHARSET=utf8 COLLATE=utf8_bin;

-- --------------------------------------------------------

--
-- Tabellenstruktur für Tabelle `flyer_translation`
--

CREATE TABLE `flyer_translation` (
  `id` bigint(20) UNSIGNED NOT NULL DEFAULT '0',
  `title` varchar(255) COLLATE utf8_bin DEFAULT NULL,
  `lang` char(2) COLLATE utf8_bin NOT NULL DEFAULT '',
  `created_at` datetime NOT NULL,
  `updated_at` datetime NOT NULL,
  `deleted_at` datetime DEFAULT NULL
) ENGINE=InnoDB DEFAULT CHARSET=utf8 COLLATE=utf8_bin;

-- --------------------------------------------------------

--
-- Tabellenstruktur für Tabelle `holiday`
--

CREATE TABLE `holiday` (
  `id` bigint(20) UNSIGNED NOT NULL,
  `short` varchar(120) COLLATE utf8_bin NOT NULL,
  `name` varchar(120) COLLATE utf8_bin NOT NULL,
  `date` date NOT NULL,
  `created_at` datetime NOT NULL,
  `updated_at` datetime NOT NULL,
  `deleted_at` datetime DEFAULT NULL
) ENGINE=InnoDB DEFAULT CHARSET=utf8 COLLATE=utf8_bin;

-- --------------------------------------------------------

--
-- Tabellenstruktur für Tabelle `hours`
--

CREATE TABLE `hours` (
  `id` bigint(20) UNSIGNED NOT NULL DEFAULT '0',
  `from_hour` varchar(45) COLLATE utf8_bin NOT NULL,
  `till_hour` varchar(45) COLLATE utf8_bin DEFAULT NULL,
  `created_at` datetime NOT NULL,
  `updated_at` datetime NOT NULL,
  `deleted_at` datetime DEFAULT NULL
) ENGINE=InnoDB DEFAULT CHARSET=utf8 COLLATE=utf8_bin;

-- --------------------------------------------------------

--
-- Tabellenstruktur für Tabelle `house_types`
--

CREATE TABLE `house_types` (
  `id` bigint(20) UNSIGNED NOT NULL,
  `value` varchar(125) COLLATE utf8_bin NOT NULL,
  `created_at` datetime NOT NULL,
  `updated_at` datetime NOT NULL,
  `deleted_at` datetime DEFAULT NULL
) ENGINE=InnoDB DEFAULT CHARSET=utf8 COLLATE=utf8_bin;

-- --------------------------------------------------------

--
-- Tabellenstruktur für Tabelle `image_config`
--

CREATE TABLE `image_config` (
  `id` bigint(20) UNSIGNED NOT NULL,
  `short` varchar(120) COLLATE utf8_bin NOT NULL,
  `name` varchar(120) COLLATE utf8_bin NOT NULL,
  `media_image_id` bigint(20) UNSIGNED DEFAULT NULL,
  `created_at` datetime NOT NULL,
  `updated_at` datetime NOT NULL,
  `deleted_at` datetime DEFAULT NULL
) ENGINE=InnoDB DEFAULT CHARSET=utf8 COLLATE=utf8_bin;

--
-- Daten für Tabelle `image_config`
--

INSERT INTO `image_config` (`id`, `short`, `name`, `media_image_id`, `created_at`, `updated_at`, `deleted_at`) VALUES
(1, 'website_logo', 'Website Logo', 34, '2018-11-26 10:10:41', '2018-11-26 17:23:05', NULL),
(2, 'bill_logo', 'Bill Logo', 34, '2018-11-26 10:10:41', '2018-11-26 17:23:18', NULL),
(3, 'website_logo_small', 'Website Logo Small', 34, '2018-11-26 10:10:41', '2018-11-26 17:23:27', NULL),
(4, 'default_slider', 'Default Slider', 4, '2018-11-26 10:10:41', '2018-11-26 10:10:41', NULL),
(5, 'default_product_group_image', 'Default Product Group Image', 5, '2018-11-26 10:10:41', '2018-11-26 10:10:41', NULL);

-- --------------------------------------------------------

--
-- Tabellenstruktur für Tabelle `info_page`
--

CREATE TABLE `info_page` (
  `id` bigint(20) UNSIGNED NOT NULL,
  `short` varchar(120) COLLATE utf8_bin NOT NULL,
  `name` varchar(120) COLLATE utf8_bin NOT NULL,
  `info_page_id` bigint(20) UNSIGNED DEFAULT NULL,
  `position` bigint(20) UNSIGNED DEFAULT NULL,
  `created_at` datetime NOT NULL,
  `updated_at` datetime NOT NULL,
  `deleted_at` datetime DEFAULT NULL
) ENGINE=InnoDB DEFAULT CHARSET=utf8 COLLATE=utf8_bin;

-- --------------------------------------------------------

--
-- Tabellenstruktur für Tabelle `info_page_translation`
--

CREATE TABLE `info_page_translation` (
  `id` bigint(20) UNSIGNED NOT NULL DEFAULT '0',
  `keywords` varchar(255) COLLATE utf8_bin DEFAULT NULL,
  `description` mediumtext COLLATE utf8_bin,
  `menu_name` varchar(120) COLLATE utf8_bin NOT NULL,
  `title` varchar(120) COLLATE utf8_bin DEFAULT NULL,
  `headline` varchar(120) COLLATE utf8_bin DEFAULT NULL,
  `subheadline` varchar(120) COLLATE utf8_bin DEFAULT NULL,
  `content` mediumtext COLLATE utf8_bin,
  `lang` char(2) COLLATE utf8_bin NOT NULL DEFAULT '',
  `created_at` datetime NOT NULL,
  `updated_at` datetime NOT NULL,
  `deleted_at` datetime DEFAULT NULL
) ENGINE=InnoDB DEFAULT CHARSET=utf8 COLLATE=utf8_bin;

-- --------------------------------------------------------

--
-- Tabellenstruktur für Tabelle `kanton`
--

CREATE TABLE `kanton` (
  `id` bigint(20) UNSIGNED NOT NULL,
  `short` varchar(120) COLLATE utf8_bin NOT NULL,
  `name` varchar(120) COLLATE utf8_bin NOT NULL,
  `sales_statistics_id` bigint(20) UNSIGNED NOT NULL,
  `created_at` datetime NOT NULL,
  `updated_at` datetime NOT NULL,
  `deleted_at` datetime DEFAULT NULL
) ENGINE=InnoDB DEFAULT CHARSET=utf8 COLLATE=utf8_bin;

-- --------------------------------------------------------

--
-- Tabellenstruktur für Tabelle `language`
--

CREATE TABLE `language` (
  `id` bigint(20) UNSIGNED NOT NULL,
  `iso_2` varchar(2) COLLATE utf8_bin NOT NULL,
  `country_iso_2` varchar(2) COLLATE utf8_bin DEFAULT NULL,
  `collalte_locale` mediumtext COLLATE utf8_bin,
  `name_local` mediumtext COLLATE utf8_bin NOT NULL,
  `is_sacred` tinyint(1) DEFAULT '0',
  `is_constructed` tinyint(1) DEFAULT '0',
  `created_at` datetime NOT NULL,
  `updated_at` datetime NOT NULL,
  `deleted_at` datetime DEFAULT NULL
) ENGINE=InnoDB DEFAULT CHARSET=utf8 COLLATE=utf8_bin;

--
-- Daten für Tabelle `language`
--

INSERT INTO `language` (`id`, `iso_2`, `country_iso_2`, `collalte_locale`, `name_local`, `is_sacred`, `is_constructed`, `created_at`, `updated_at`, `deleted_at`) VALUES
(1, 'AB', NULL, NULL, 'Аҧсуа бызшәа', 0, 0, '2018-11-26 10:10:30', '2018-11-26 10:10:30', NULL),
(2, 'AA', NULL, NULL, 'Afaraf', 0, 0, '2018-11-26 10:10:30', '2018-11-26 10:10:30', NULL),
(3, 'AF', NULL, NULL, 'Afrikaans', 0, 0, '2018-11-26 10:10:30', '2018-11-26 10:10:30', NULL),
(4, 'SQ', NULL, NULL, 'Gjuha shqipe', 0, 0, '2018-11-26 10:10:30', '2018-11-26 10:10:30', NULL),
(5, 'AM', NULL, NULL, 'አማርኛ', 0, 0, '2018-11-26 10:10:30', '2018-11-26 10:10:30', NULL),
(6, 'AR', NULL, NULL, 'العربية', 0, 0, '2018-11-26 10:10:30', '2018-11-26 10:10:30', NULL),
(7, 'HY', NULL, NULL, 'Հայերեն', 0, 0, '2018-11-26 10:10:30', '2018-11-26 10:10:30', NULL),
(8, 'AS', NULL, NULL, 'অসমীয়া', 0, 0, '2018-11-26 10:10:30', '2018-11-26 10:10:30', NULL),
(9, 'AY', NULL, NULL, 'Aymar aru', 0, 0, '2018-11-26 10:10:30', '2018-11-26 10:10:30', NULL),
(10, 'AZ', NULL, NULL, 'Azərbaycan dili', 0, 0, '2018-11-26 10:10:30', '2018-11-26 10:10:30', NULL),
(11, 'BA', NULL, NULL, 'Башҡорт', 0, 0, '2018-11-26 10:10:30', '2018-11-26 10:10:30', NULL),
(12, 'EU', NULL, NULL, 'Euskara', 0, 0, '2018-11-26 10:10:30', '2018-11-26 10:10:30', NULL),
(13, 'BN', NULL, NULL, 'বাংলা', 0, 0, '2018-11-26 10:10:30', '2018-11-26 10:10:30', NULL),
(14, 'DZ', NULL, NULL, 'ཇོང་ཁ', 0, 0, '2018-11-26 10:10:30', '2018-11-26 10:10:30', NULL),
(15, 'BH', NULL, NULL, 'भोजपुरी', 0, 0, '2018-11-26 10:10:30', '2018-11-26 10:10:30', NULL),
(16, 'BI', NULL, NULL, 'Bislama', 0, 0, '2018-11-26 10:10:30', '2018-11-26 10:10:30', NULL),
(17, 'BR', NULL, NULL, 'Brezhoneg', 0, 0, '2018-11-26 10:10:30', '2018-11-26 10:10:30', NULL),
(18, 'BG', NULL, NULL, 'Български', 0, 0, '2018-11-26 10:10:30', '2018-11-26 10:10:30', NULL),
(19, 'MY', NULL, NULL, 'မ္ရန္‌မာစာ', 0, 0, '2018-11-26 10:10:30', '2018-11-26 10:10:30', NULL),
(20, 'BE', NULL, NULL, 'Беларуская', 0, 0, '2018-11-26 10:10:30', '2018-11-26 10:10:30', NULL),
(21, 'KM', NULL, NULL, 'ភាសាខ្មែរ', 0, 0, '2018-11-26 10:10:30', '2018-11-26 10:10:30', NULL),
(22, 'CA', NULL, NULL, 'Català', 0, 0, '2018-11-26 10:10:30', '2018-11-26 10:10:30', NULL),
(23, 'ZA', NULL, NULL, 'Sawcuengh', 0, 0, '2018-11-26 10:10:30', '2018-11-26 10:10:30', NULL),
(24, 'ZH', 'HK', NULL, '漢語', 0, 0, '2018-11-26 10:10:30', '2018-11-26 10:10:30', NULL),
(25, 'CO', NULL, NULL, 'Corsu', 0, 0, '2018-11-26 10:10:30', '2018-11-26 10:10:30', NULL),
(26, 'HR', NULL, NULL, 'Hrvatski', 0, 0, '2018-11-26 10:10:30', '2018-11-26 10:10:30', NULL),
(27, 'CS', NULL, NULL, 'Čeština', 0, 0, '2018-11-26 10:10:30', '2018-11-26 10:10:30', NULL),
(28, 'DA', NULL, NULL, 'Dansk', 0, 0, '2018-11-26 10:10:30', '2018-11-26 10:10:30', NULL),
(29, 'NL', NULL, NULL, 'Nederlands', 0, 0, '2018-11-26 10:10:30', '2018-11-26 10:10:30', NULL),
(30, 'EN', NULL, NULL, 'English', 0, 0, '2018-11-26 10:10:30', '2018-11-26 10:10:30', NULL),
(31, 'EO', NULL, NULL, 'Esperanto', 0, 1, '2018-11-26 10:10:30', '2018-11-26 10:10:30', NULL),
(32, 'ET', NULL, NULL, 'Eesti', 0, 0, '2018-11-26 10:10:30', '2018-11-26 10:10:30', NULL),
(33, 'FO', NULL, NULL, 'Føroyskt', 0, 0, '2018-11-26 10:10:30', '2018-11-26 10:10:30', NULL),
(34, 'FA', NULL, NULL, 'فارسی', 0, 0, '2018-11-26 10:10:30', '2018-11-26 10:10:30', NULL),
(35, 'FJ', NULL, NULL, 'Na Vosa Vakaviti', 0, 0, '2018-11-26 10:10:30', '2018-11-26 10:10:30', NULL),
(36, 'FI', NULL, NULL, 'Suomi', 0, 0, '2018-11-26 10:10:30', '2018-11-26 10:10:30', NULL),
(37, 'FR', NULL, NULL, 'Français', 0, 0, '2018-11-26 10:10:30', '2018-11-26 10:10:30', NULL),
(38, 'FY', NULL, NULL, 'Frysk', 0, 0, '2018-11-26 10:10:30', '2018-11-26 10:10:30', NULL),
(39, 'GL', NULL, NULL, 'Galego', 0, 0, '2018-11-26 10:10:30', '2018-11-26 10:10:30', NULL),
(40, 'GD', NULL, NULL, 'Gàidhlig', 0, 0, '2018-11-26 10:10:30', '2018-11-26 10:10:30', NULL),
(41, 'GV', NULL, NULL, 'Gaelg', 0, 0, '2018-11-26 10:10:30', '2018-11-26 10:10:30', NULL),
(42, 'KA', NULL, NULL, 'ქართული', 0, 0, '2018-11-26 10:10:30', '2018-11-26 10:10:30', NULL),
(43, 'DE', NULL, NULL, 'Deutsch', 0, 0, '2018-11-26 10:10:30', '2018-11-26 10:10:30', NULL),
(44, 'EL', NULL, NULL, 'Ελληνικά', 0, 0, '2018-11-26 10:10:30', '2018-11-26 10:10:30', NULL),
(45, 'KL', NULL, NULL, 'Kalaallisut', 0, 0, '2018-11-26 10:10:30', '2018-11-26 10:10:30', NULL),
(46, 'GN', NULL, NULL, 'Avañe\'ẽ', 0, 0, '2018-11-26 10:10:30', '2018-11-26 10:10:30', NULL),
(47, 'GU', NULL, NULL, 'ગુજરાતી', 0, 0, '2018-11-26 10:10:30', '2018-11-26 10:10:30', NULL),
(48, 'HA', NULL, NULL, 'Hausa', 0, 0, '2018-11-26 10:10:30', '2018-11-26 10:10:30', NULL),
(49, 'HE', NULL, NULL, 'עברית', 0, 0, '2018-11-26 10:10:30', '2018-11-26 10:10:30', NULL),
(50, 'HI', NULL, NULL, 'हिन्दी', 0, 0, '2018-11-26 10:10:30', '2018-11-26 10:10:30', NULL),
(51, 'HU', NULL, NULL, 'Magyar', 0, 0, '2018-11-26 10:10:30', '2018-11-26 10:10:30', NULL),
(52, 'IS', NULL, NULL, 'Íslenska', 0, 0, '2018-11-26 10:10:30', '2018-11-26 10:10:30', NULL),
(53, 'ID', NULL, NULL, 'Bahasa Indonesia', 0, 0, '2018-11-26 10:10:30', '2018-11-26 10:10:30', NULL),
(54, 'IA', NULL, NULL, 'Interlingua', 0, 1, '2018-11-26 10:10:30', '2018-11-26 10:10:30', NULL),
(55, 'IE', NULL, NULL, 'Interlingue', 0, 1, '2018-11-26 10:10:30', '2018-11-26 10:10:30', NULL),
(56, 'IU', NULL, NULL, 'ᐃᓄᒃᑎᑐᑦ', 0, 0, '2018-11-26 10:10:30', '2018-11-26 10:10:30', NULL),
(57, 'IK', NULL, NULL, 'Iñupiak', 0, 0, '2018-11-26 10:10:30', '2018-11-26 10:10:30', NULL),
(58, 'GA', NULL, NULL, 'Gaeilge', 0, 0, '2018-11-26 10:10:30', '2018-11-26 10:10:30', NULL),
(59, 'IT', NULL, NULL, 'Italiano', 0, 0, '2018-11-26 10:10:30', '2018-11-26 10:10:30', NULL),
(60, 'JA', NULL, NULL, '日本語', 0, 0, '2018-11-26 10:10:30', '2018-11-26 10:10:30', NULL),
(62, 'KN', NULL, NULL, 'ಕನ್ನಡ', 0, 0, '2018-11-26 10:10:30', '2018-11-26 10:10:30', NULL),
(63, 'KS', NULL, NULL, 'कॉशुर', 0, 0, '2018-11-26 10:10:30', '2018-11-26 10:10:30', NULL),
(64, 'KK', NULL, NULL, 'Қазақ тілі', 0, 0, '2018-11-26 10:10:30', '2018-11-26 10:10:30', NULL),
(65, 'RW', NULL, NULL, 'Kinyarwanda', 0, 0, '2018-11-26 10:10:30', '2018-11-26 10:10:30', NULL),
(66, 'KY', NULL, NULL, 'Кыргыз тили', 0, 0, '2018-11-26 10:10:30', '2018-11-26 10:10:30', NULL),
(67, 'RN', NULL, NULL, 'kiRundi', 0, 0, '2018-11-26 10:10:30', '2018-11-26 10:10:30', NULL),
(68, 'KO', NULL, NULL, '한국말', 0, 0, '2018-11-26 10:10:30', '2018-11-26 10:10:30', NULL),
(69, 'KU', NULL, NULL, 'Kurdî', 0, 0, '2018-11-26 10:10:30', '2018-11-26 10:10:30', NULL),
(70, 'LO', NULL, NULL, 'ພາສາລາວ', 0, 0, '2018-11-26 10:10:31', '2018-11-26 10:10:31', NULL),
(71, 'LA', NULL, NULL, 'Lingua latina', 1, 0, '2018-11-26 10:10:31', '2018-11-26 10:10:31', NULL),
(72, 'LV', NULL, NULL, 'Latviešu', 0, 0, '2018-11-26 10:10:31', '2018-11-26 10:10:31', NULL),
(73, 'LN', NULL, NULL, 'Lingála', 0, 0, '2018-11-26 10:10:31', '2018-11-26 10:10:31', NULL),
(74, 'LT', NULL, NULL, 'Lietuvių', 0, 0, '2018-11-26 10:10:31', '2018-11-26 10:10:31', NULL),
(75, 'MK', NULL, NULL, 'Македонски', 0, 0, '2018-11-26 10:10:31', '2018-11-26 10:10:31', NULL),
(76, 'MG', NULL, NULL, 'Merina', 0, 0, '2018-11-26 10:10:31', '2018-11-26 10:10:31', NULL),
(77, 'MS', NULL, NULL, 'Bahasa Melayu', 0, 0, '2018-11-26 10:10:31', '2018-11-26 10:10:31', NULL),
(78, 'ML', NULL, NULL, 'മലയാളം', 0, 0, '2018-11-26 10:10:31', '2018-11-26 10:10:31', NULL),
(79, 'MT', NULL, NULL, 'Malti', 0, 0, '2018-11-26 10:10:31', '2018-11-26 10:10:31', NULL),
(80, 'MI', NULL, NULL, 'Māori', 0, 0, '2018-11-26 10:10:31', '2018-11-26 10:10:31', NULL),
(81, 'MR', NULL, NULL, 'मराठी', 0, 0, '2018-11-26 10:10:31', '2018-11-26 10:10:31', NULL),
(82, 'MO', NULL, NULL, 'молдовеняскэ', 0, 0, '2018-11-26 10:10:31', '2018-11-26 10:10:31', NULL),
(83, 'MN', NULL, NULL, 'Монгол', 0, 0, '2018-11-26 10:10:31', '2018-11-26 10:10:31', NULL),
(84, 'NA', NULL, NULL, 'Ekakairũ Naoero', 0, 0, '2018-11-26 10:10:31', '2018-11-26 10:10:31', NULL),
(85, 'NE', NULL, NULL, 'नेपाली', 0, 0, '2018-11-26 10:10:31', '2018-11-26 10:10:31', NULL),
(86, 'NO', NULL, NULL, 'Norsk', 0, 0, '2018-11-26 10:10:31', '2018-11-26 10:10:31', NULL),
(87, 'OC', NULL, NULL, 'Occitan', 0, 0, '2018-11-26 10:10:31', '2018-11-26 10:10:31', NULL),
(88, 'OR', NULL, NULL, 'ଓଡ଼ିଆ', 0, 0, '2018-11-26 10:10:31', '2018-11-26 10:10:31', NULL),
(89, 'OM', NULL, NULL, 'Afaan Oromoo', 0, 0, '2018-11-26 10:10:31', '2018-11-26 10:10:31', NULL),
(90, 'PS', NULL, NULL, 'پښت', 0, 0, '2018-11-26 10:10:31', '2018-11-26 10:10:31', NULL),
(91, 'PL', NULL, NULL, 'Polski', 0, 0, '2018-11-26 10:10:31', '2018-11-26 10:10:31', NULL),
(92, 'PT', NULL, NULL, 'Português', 0, 0, '2018-11-26 10:10:31', '2018-11-26 10:10:31', NULL),
(93, 'PA', NULL, NULL, 'ਪੰਜਾਬੀ / پنجابی', 0, 0, '2018-11-26 10:10:31', '2018-11-26 10:10:31', NULL),
(94, 'QU', NULL, NULL, 'Runa Simi', 0, 0, '2018-11-26 10:10:31', '2018-11-26 10:10:31', NULL),
(95, 'RM', NULL, NULL, 'Rumantsch', 0, 0, '2018-11-26 10:10:31', '2018-11-26 10:10:31', NULL),
(96, 'RO', NULL, NULL, 'Română', 0, 0, '2018-11-26 10:10:31', '2018-11-26 10:10:31', NULL),
(97, 'RU', NULL, NULL, 'Русский', 0, 0, '2018-11-26 10:10:31', '2018-11-26 10:10:31', NULL),
(98, 'SM', NULL, NULL, 'Gagana faʼa Samoa', 0, 0, '2018-11-26 10:10:31', '2018-11-26 10:10:31', NULL),
(99, 'SG', NULL, NULL, 'Sängö', 0, 0, '2018-11-26 10:10:31', '2018-11-26 10:10:31', NULL),
(100, 'SA', NULL, NULL, 'संस्कृतम्', 1, 0, '2018-11-26 10:10:31', '2018-11-26 10:10:31', NULL),
(101, 'SR', NULL, NULL, 'Српски / Srpski', 0, 0, '2018-11-26 10:10:31', '2018-11-26 10:10:31', NULL),
(103, 'ST', NULL, NULL, 'seSotho', 0, 0, '2018-11-26 10:10:31', '2018-11-26 10:10:31', NULL),
(104, 'TN', NULL, NULL, 'Setswana', 0, 0, '2018-11-26 10:10:31', '2018-11-26 10:10:31', NULL),
(105, 'SN', NULL, NULL, 'chiShona', 0, 0, '2018-11-26 10:10:31', '2018-11-26 10:10:31', NULL),
(106, 'SD', NULL, NULL, 'سنڌي، سندھی', 0, 0, '2018-11-26 10:10:31', '2018-11-26 10:10:31', NULL),
(107, 'SI', NULL, NULL, 'සිංහල', 0, 0, '2018-11-26 10:10:31', '2018-11-26 10:10:31', NULL),
(108, 'SS', NULL, NULL, 'siSwati', 0, 0, '2018-11-26 10:10:31', '2018-11-26 10:10:31', NULL),
(109, 'SK', NULL, NULL, 'Slovenčina', 0, 0, '2018-11-26 10:10:31', '2018-11-26 10:10:31', NULL),
(110, 'SL', NULL, NULL, 'Slovenščina', 0, 0, '2018-11-26 10:10:31', '2018-11-26 10:10:31', NULL),
(111, 'SO', NULL, NULL, 'af Soomaali', 0, 0, '2018-11-26 10:10:31', '2018-11-26 10:10:31', NULL),
(112, 'ES', NULL, NULL, 'Español', 0, 0, '2018-11-26 10:10:31', '2018-11-26 10:10:31', NULL),
(113, 'SU', NULL, NULL, 'Basa Sunda', 0, 0, '2018-11-26 10:10:31', '2018-11-26 10:10:31', NULL),
(114, 'SW', NULL, NULL, 'Kiswahili', 0, 0, '2018-11-26 10:10:31', '2018-11-26 10:10:31', NULL),
(115, 'SV', NULL, NULL, 'Svenska', 0, 0, '2018-11-26 10:10:31', '2018-11-26 10:10:31', NULL),
(116, 'TL', NULL, NULL, 'Tagalog', 0, 0, '2018-11-26 10:10:31', '2018-11-26 10:10:31', NULL),
(117, 'TG', NULL, NULL, 'тоҷикӣ / تاجیکی', 0, 0, '2018-11-26 10:10:31', '2018-11-26 10:10:31', NULL),
(118, 'TA', NULL, NULL, 'தமிழ்', 0, 0, '2018-11-26 10:10:31', '2018-11-26 10:10:31', NULL),
(119, 'TT', NULL, NULL, 'татарча / tatarça / تاتارچ', 0, 0, '2018-11-26 10:10:31', '2018-11-26 10:10:31', NULL),
(120, 'TE', NULL, NULL, 'తెలుగు', 0, 0, '2018-11-26 10:10:31', '2018-11-26 10:10:31', NULL),
(121, 'TH', NULL, NULL, 'ภาษาไทย', 0, 0, '2018-11-26 10:10:31', '2018-11-26 10:10:31', NULL),
(122, 'BO', NULL, NULL, 'བོད་ཡིག', 0, 0, '2018-11-26 10:10:31', '2018-11-26 10:10:31', NULL),
(123, 'TI', NULL, NULL, 'ትግርኛ', 0, 0, '2018-11-26 10:10:31', '2018-11-26 10:10:31', NULL),
(124, 'TO', NULL, NULL, 'faka-Tonga', 0, 0, '2018-11-26 10:10:31', '2018-11-26 10:10:31', NULL),
(125, 'TS', NULL, NULL, 'Tsonga', 0, 0, '2018-11-26 10:10:31', '2018-11-26 10:10:31', NULL),
(126, 'TR', NULL, NULL, 'Türkçe', 0, 0, '2018-11-26 10:10:31', '2018-11-26 10:10:31', NULL),
(127, 'TK', NULL, NULL, 'Türkmen dili', 0, 0, '2018-11-26 10:10:31', '2018-11-26 10:10:31', NULL),
(128, 'TW', NULL, NULL, 'Twi', 0, 0, '2018-11-26 10:10:31', '2018-11-26 10:10:31', NULL),
(129, 'UG', NULL, NULL, 'ئۇيغۇرچه', 0, 0, '2018-11-26 10:10:31', '2018-11-26 10:10:31', NULL),
(130, 'UK', NULL, NULL, 'Українська', 0, 0, '2018-11-26 10:10:31', '2018-11-26 10:10:31', NULL),
(131, 'UR', NULL, NULL, 'اردو', 0, 0, '2018-11-26 10:10:31', '2018-11-26 10:10:31', NULL),
(132, 'UZ', NULL, NULL, 'Ўзбек / O\'zbek', 0, 0, '2018-11-26 10:10:31', '2018-11-26 10:10:31', NULL),
(133, 'VI', NULL, NULL, 'Tiếng Việt', 0, 0, '2018-11-26 10:10:31', '2018-11-26 10:10:31', NULL),
(134, 'VO', NULL, NULL, 'Volapük', 0, 1, '2018-11-26 10:10:31', '2018-11-26 10:10:31', NULL),
(135, 'CY', NULL, NULL, 'Cymraeg', 0, 0, '2018-11-26 10:10:31', '2018-11-26 10:10:31', NULL),
(136, 'WO', NULL, NULL, 'Wolof', 0, 0, '2018-11-26 10:10:31', '2018-11-26 10:10:31', NULL),
(137, 'XH', NULL, NULL, 'isiXhosa', 0, 0, '2018-11-26 10:10:31', '2018-11-26 10:10:31', NULL),
(138, 'YI', NULL, NULL, 'ייִדיש', 0, 0, '2018-11-26 10:10:31', '2018-11-26 10:10:31', NULL),
(139, 'YO', NULL, NULL, 'Yorùbá', 0, 0, '2018-11-26 10:10:31', '2018-11-26 10:10:31', NULL),
(140, 'ZU', NULL, NULL, 'isiZulu', 0, 0, '2018-11-26 10:10:31', '2018-11-26 10:10:31', NULL),
(141, 'BS', NULL, NULL, 'Bosanski', 0, 0, '2018-11-26 10:10:31', '2018-11-26 10:10:31', NULL),
(142, 'AE', NULL, NULL, 'Avestan', 1, 0, '2018-11-26 10:10:31', '2018-11-26 10:10:31', NULL),
(143, 'AK', NULL, NULL, 'Akan', 0, 0, '2018-11-26 10:10:31', '2018-11-26 10:10:31', NULL),
(144, 'AN', NULL, NULL, 'Aragonés', 0, 0, '2018-11-26 10:10:31', '2018-11-26 10:10:31', NULL),
(145, 'AV', NULL, NULL, 'магӀарул мацӀ', 0, 0, '2018-11-26 10:10:31', '2018-11-26 10:10:31', NULL),
(146, 'BM', NULL, NULL, 'Bamanankan', 0, 0, '2018-11-26 10:10:31', '2018-11-26 10:10:31', NULL),
(147, 'CE', NULL, NULL, 'Нохчийн', 0, 0, '2018-11-26 10:10:31', '2018-11-26 10:10:31', NULL),
(148, 'CH', NULL, NULL, 'Chamoru', 0, 0, '2018-11-26 10:10:31', '2018-11-26 10:10:31', NULL),
(149, 'CR', NULL, NULL, 'ᓀᐦᐃᔭᐤ', 0, 0, '2018-11-26 10:10:31', '2018-11-26 10:10:31', NULL),
(150, 'CU', NULL, NULL, 'церковнославя́нский язы́к', 1, 0, '2018-11-26 10:10:31', '2018-11-26 10:10:31', NULL),
(151, 'CV', NULL, NULL, 'Чăваш чěлхи', 0, 0, '2018-11-26 10:10:31', '2018-11-26 10:10:31', NULL),
(152, 'DV', NULL, NULL, 'ދިވެހި', 0, 0, '2018-11-26 10:10:31', '2018-11-26 10:10:31', NULL),
(153, 'EE', NULL, NULL, 'Ɛʋɛgbɛ', 0, 0, '2018-11-26 10:10:31', '2018-11-26 10:10:31', NULL),
(154, 'FF', NULL, NULL, 'Fulfulde / Pulaar', 0, 0, '2018-11-26 10:10:31', '2018-11-26 10:10:31', NULL),
(155, 'HO', NULL, NULL, 'Hiri motu', 0, 0, '2018-11-26 10:10:31', '2018-11-26 10:10:31', NULL),
(156, 'HT', NULL, NULL, 'Krèyol ayisyen', 0, 0, '2018-11-26 10:10:31', '2018-11-26 10:10:31', NULL),
(157, 'HZ', NULL, NULL, 'otsiHerero', 0, 0, '2018-11-26 10:10:31', '2018-11-26 10:10:31', NULL),
(158, 'IG', NULL, NULL, 'Igbo', 0, 0, '2018-11-26 10:10:31', '2018-11-26 10:10:31', NULL),
(159, 'II', NULL, NULL, 'ꆇꉙ', 0, 0, '2018-11-26 10:10:31', '2018-11-26 10:10:31', NULL),
(160, 'IO', NULL, NULL, 'Ido', 0, 1, '2018-11-26 10:10:31', '2018-11-26 10:10:31', NULL),
(161, 'JV', NULL, NULL, 'Basa Jawa', 0, 0, '2018-11-26 10:10:31', '2018-11-26 10:10:31', NULL),
(162, 'KG', NULL, NULL, 'Kikongo', 0, 0, '2018-11-26 10:10:31', '2018-11-26 10:10:31', NULL),
(163, 'KI', NULL, NULL, 'Gĩkũyũ', 0, 0, '2018-11-26 10:10:31', '2018-11-26 10:10:31', NULL),
(164, 'KJ', NULL, NULL, 'Kuanyama', 0, 0, '2018-11-26 10:10:31', '2018-11-26 10:10:31', NULL),
(165, 'KR', NULL, NULL, 'Kanuri', 0, 0, '2018-11-26 10:10:31', '2018-11-26 10:10:31', NULL),
(166, 'KV', NULL, NULL, 'коми кыв', 0, 0, '2018-11-26 10:10:31', '2018-11-26 10:10:31', NULL),
(167, 'KW', NULL, NULL, 'Kernewek', 0, 0, '2018-11-26 10:10:31', '2018-11-26 10:10:31', NULL),
(168, 'LB', NULL, NULL, 'Lëtzebuergesch', 0, 0, '2018-11-26 10:10:31', '2018-11-26 10:10:31', NULL),
(169, 'LG', NULL, NULL, 'Luganda', 0, 0, '2018-11-26 10:10:31', '2018-11-26 10:10:31', NULL),
(170, 'LI', NULL, NULL, 'Limburgs', 0, 0, '2018-11-26 10:10:31', '2018-11-26 10:10:31', NULL),
(171, 'LU', NULL, NULL, 'Luba-Katanga', 0, 0, '2018-11-26 10:10:31', '2018-11-26 10:10:31', NULL),
(172, 'MH', NULL, NULL, 'Kajin M̧ajeļ', 0, 0, '2018-11-26 10:10:31', '2018-11-26 10:10:31', NULL),
(173, 'NB', NULL, NULL, 'Norsk bokmål', 0, 0, '2018-11-26 10:10:31', '2018-11-26 10:10:31', NULL),
(174, 'ND', NULL, NULL, 'isiNdebele', 0, 0, '2018-11-26 10:10:31', '2018-11-26 10:10:31', NULL),
(175, 'NG', NULL, NULL, 'Owambo', 0, 0, '2018-11-26 10:10:31', '2018-11-26 10:10:31', NULL),
(176, 'NN', NULL, NULL, 'Norsk nynorsk', 0, 0, '2018-11-26 10:10:31', '2018-11-26 10:10:31', NULL),
(177, 'NR', NULL, NULL, 'Ndébélé', 0, 0, '2018-11-26 10:10:31', '2018-11-26 10:10:31', NULL),
(178, 'NV', NULL, NULL, 'Dinékʼehǰí', 0, 0, '2018-11-26 10:10:31', '2018-11-26 10:10:31', NULL),
(179, 'NY', NULL, NULL, 'chiCheŵa', 0, 0, '2018-11-26 10:10:31', '2018-11-26 10:10:31', NULL),
(180, 'OJ', NULL, NULL, 'ᐊᓂᔑᓈᐯᒧᐎᓐ', 0, 0, '2018-11-26 10:10:31', '2018-11-26 10:10:31', NULL),
(181, 'OS', NULL, NULL, 'Ирон æвзаг', 0, 0, '2018-11-26 10:10:31', '2018-11-26 10:10:31', NULL),
(182, 'PI', NULL, NULL, 'Pāli', 1, 0, '2018-11-26 10:10:31', '2018-11-26 10:10:31', NULL),
(183, 'SC', NULL, NULL, 'Sardu', 0, 0, '2018-11-26 10:10:31', '2018-11-26 10:10:31', NULL),
(184, 'SE', NULL, NULL, ' Sámegiella', 0, 0, '2018-11-26 10:10:31', '2018-11-26 10:10:31', NULL),
(186, 'TY', NULL, NULL, 'Reo Tahiti', 0, 0, '2018-11-26 10:10:31', '2018-11-26 10:10:31', NULL),
(187, 'VE', NULL, NULL, 'tshiVenḓa', 0, 0, '2018-11-26 10:10:31', '2018-11-26 10:10:31', NULL),
(188, 'WA', NULL, NULL, 'Walon', 0, 0, '2018-11-26 10:10:31', '2018-11-26 10:10:31', NULL),
(189, 'PT', 'BR', NULL, 'Português brasileiro', 0, 0, '2018-11-26 10:10:31', '2018-11-26 10:10:31', NULL),
(190, 'ZH', 'CN', NULL, '汉语', 0, 0, '2018-11-26 10:10:31', '2018-11-26 10:10:31', NULL);

-- --------------------------------------------------------

--
-- Tabellenstruktur für Tabelle `language_translation`
--

CREATE TABLE `language_translation` (
  `id` bigint(20) UNSIGNED NOT NULL DEFAULT '0',
  `name` mediumtext COLLATE utf8_bin,
  `lang` char(2) COLLATE utf8_bin NOT NULL DEFAULT '',
  `created_at` datetime NOT NULL,
  `updated_at` datetime NOT NULL,
  `deleted_at` datetime DEFAULT NULL
) ENGINE=InnoDB DEFAULT CHARSET=utf8 COLLATE=utf8_bin;

--
-- Daten für Tabelle `language_translation`
--

INSERT INTO `language_translation` (`id`, `name`, `lang`, `created_at`, `updated_at`, `deleted_at`) VALUES
(1, 'Abchasisch', 'de', '2018-11-26 10:10:30', '2018-11-26 10:10:30', NULL),
(1, 'Abkhazian', 'en', '2018-11-26 10:10:30', '2018-11-26 10:10:30', NULL),
(2, 'Afar', 'de', '2018-11-26 10:10:30', '2018-11-26 10:10:30', NULL),
(2, 'Afar', 'en', '2018-11-26 10:10:30', '2018-11-26 10:10:30', NULL),
(3, 'Afrikaans', 'de', '2018-11-26 10:10:30', '2018-11-26 10:10:30', NULL),
(3, 'Afrikaans', 'en', '2018-11-26 10:10:30', '2018-11-26 10:10:30', NULL),
(4, 'Albanisch', 'de', '2018-11-26 10:10:30', '2018-11-26 10:10:30', NULL),
(4, 'Albanian', 'en', '2018-11-26 10:10:30', '2018-11-26 10:10:30', NULL),
(5, 'Amharisch', 'de', '2018-11-26 10:10:30', '2018-11-26 10:10:30', NULL),
(5, 'Amharic', 'en', '2018-11-26 10:10:30', '2018-11-26 10:10:30', NULL),
(6, 'Arabisch', 'de', '2018-11-26 10:10:30', '2018-11-26 10:10:30', NULL),
(6, 'Arabic', 'en', '2018-11-26 10:10:30', '2018-11-26 10:10:30', NULL),
(7, 'Armenisch', 'de', '2018-11-26 10:10:30', '2018-11-26 10:10:30', NULL),
(7, 'Armenian', 'en', '2018-11-26 10:10:30', '2018-11-26 10:10:30', NULL),
(8, 'Assamesisch', 'de', '2018-11-26 10:10:30', '2018-11-26 10:10:30', NULL),
(8, 'Assamese', 'en', '2018-11-26 10:10:30', '2018-11-26 10:10:30', NULL),
(9, 'Aymará-Sprache', 'de', '2018-11-26 10:10:30', '2018-11-26 10:10:30', NULL),
(9, 'Aymara', 'en', '2018-11-26 10:10:30', '2018-11-26 10:10:30', NULL),
(10, 'Aserbaidschanisch', 'de', '2018-11-26 10:10:30', '2018-11-26 10:10:30', NULL),
(10, 'Azerbaijani', 'en', '2018-11-26 10:10:30', '2018-11-26 10:10:30', NULL),
(11, 'Baschkirisch', 'de', '2018-11-26 10:10:30', '2018-11-26 10:10:30', NULL),
(11, 'Bashkir', 'en', '2018-11-26 10:10:30', '2018-11-26 10:10:30', NULL),
(12, 'Baskisch', 'de', '2018-11-26 10:10:30', '2018-11-26 10:10:30', NULL),
(12, 'Basque', 'en', '2018-11-26 10:10:30', '2018-11-26 10:10:30', NULL),
(13, 'Bengalisch', 'de', '2018-11-26 10:10:30', '2018-11-26 10:10:30', NULL),
(13, 'Bengali', 'en', '2018-11-26 10:10:30', '2018-11-26 10:10:30', NULL),
(14, 'Bhutanisch', 'de', '2018-11-26 10:10:30', '2018-11-26 10:10:30', NULL),
(14, 'Dzongkha', 'en', '2018-11-26 10:10:30', '2018-11-26 10:10:30', NULL),
(15, 'Biharisch', 'de', '2018-11-26 10:10:30', '2018-11-26 10:10:30', NULL),
(15, 'Bihari', 'en', '2018-11-26 10:10:30', '2018-11-26 10:10:30', NULL),
(16, 'Bislama', 'de', '2018-11-26 10:10:30', '2018-11-26 10:10:30', NULL),
(16, 'Bislama', 'en', '2018-11-26 10:10:30', '2018-11-26 10:10:30', NULL),
(17, 'Bretonisch', 'de', '2018-11-26 10:10:30', '2018-11-26 10:10:30', NULL),
(17, 'Breton', 'en', '2018-11-26 10:10:30', '2018-11-26 10:10:30', NULL),
(18, 'Bulgarisch', 'de', '2018-11-26 10:10:30', '2018-11-26 10:10:30', NULL),
(18, 'Bulgarian', 'en', '2018-11-26 10:10:30', '2018-11-26 10:10:30', NULL),
(19, 'Birmanisch', 'de', '2018-11-26 10:10:30', '2018-11-26 10:10:30', NULL),
(19, 'Burmese', 'en', '2018-11-26 10:10:30', '2018-11-26 10:10:30', NULL),
(20, 'Weißrussisch', 'de', '2018-11-26 10:10:30', '2018-11-26 10:10:30', NULL),
(20, 'Belarusian', 'en', '2018-11-26 10:10:30', '2018-11-26 10:10:30', NULL),
(21, 'Kambodschanisch', 'de', '2018-11-26 10:10:30', '2018-11-26 10:10:30', NULL),
(21, 'Khmer', 'en', '2018-11-26 10:10:30', '2018-11-26 10:10:30', NULL),
(22, 'Katalanisch', 'de', '2018-11-26 10:10:30', '2018-11-26 10:10:30', NULL),
(22, 'Catalan', 'en', '2018-11-26 10:10:30', '2018-11-26 10:10:30', NULL),
(23, 'Zhuang', 'de', '2018-11-26 10:10:30', '2018-11-26 10:10:30', NULL),
(23, 'Zhuang', 'en', '2018-11-26 10:10:30', '2018-11-26 10:10:30', NULL),
(24, 'Chinesisch', 'de', '2018-11-26 10:10:30', '2018-11-26 10:10:30', NULL),
(24, 'Chinese (Traditional)', 'en', '2018-11-26 10:10:30', '2018-11-26 10:10:30', NULL),
(25, 'Korsisch', 'de', '2018-11-26 10:10:30', '2018-11-26 10:10:30', NULL),
(25, 'Corsican', 'en', '2018-11-26 10:10:30', '2018-11-26 10:10:30', NULL),
(26, 'Kroatisch', 'de', '2018-11-26 10:10:30', '2018-11-26 10:10:30', NULL),
(26, 'Croatian', 'en', '2018-11-26 10:10:30', '2018-11-26 10:10:30', NULL),
(27, 'Tschechisch', 'de', '2018-11-26 10:10:30', '2018-11-26 10:10:30', NULL),
(27, 'Czech', 'en', '2018-11-26 10:10:30', '2018-11-26 10:10:30', NULL),
(28, 'Dänisch', 'de', '2018-11-26 10:10:30', '2018-11-26 10:10:30', NULL),
(28, 'Danish', 'en', '2018-11-26 10:10:30', '2018-11-26 10:10:30', NULL),
(29, 'Niederländisch', 'de', '2018-11-26 10:10:30', '2018-11-26 10:10:30', NULL),
(29, 'Dutch', 'en', '2018-11-26 10:10:30', '2018-11-26 10:10:30', NULL),
(30, 'Englisch', 'de', '2018-11-26 10:10:30', '2018-11-26 10:10:30', NULL),
(30, 'English', 'en', '2018-11-26 10:10:30', '2018-11-26 10:10:30', NULL),
(31, 'Esperanto', 'de', '2018-11-26 10:10:30', '2018-11-26 10:10:30', NULL),
(31, 'Esperanto', 'en', '2018-11-26 10:10:30', '2018-11-26 10:10:30', NULL),
(32, 'Estnisch', 'de', '2018-11-26 10:10:30', '2018-11-26 10:10:30', NULL),
(32, 'Estonian', 'en', '2018-11-26 10:10:30', '2018-11-26 10:10:30', NULL),
(33, 'Färöisch', 'de', '2018-11-26 10:10:30', '2018-11-26 10:10:30', NULL),
(33, 'Faeroese', 'en', '2018-11-26 10:10:30', '2018-11-26 10:10:30', NULL),
(34, 'Persisch', 'de', '2018-11-26 10:10:30', '2018-11-26 10:10:30', NULL),
(34, 'Persian', 'en', '2018-11-26 10:10:30', '2018-11-26 10:10:30', NULL),
(35, 'Fidschianisch', 'de', '2018-11-26 10:10:30', '2018-11-26 10:10:30', NULL),
(35, 'Fijian', 'en', '2018-11-26 10:10:30', '2018-11-26 10:10:30', NULL),
(36, 'Finnisch', 'de', '2018-11-26 10:10:30', '2018-11-26 10:10:30', NULL),
(36, 'Finnish', 'en', '2018-11-26 10:10:30', '2018-11-26 10:10:30', NULL),
(37, 'Französisch', 'de', '2018-11-26 10:10:30', '2018-11-26 10:10:30', NULL),
(37, 'French', 'en', '2018-11-26 10:10:30', '2018-11-26 10:10:30', NULL),
(38, 'Friesisch', 'de', '2018-11-26 10:10:30', '2018-11-26 10:10:30', NULL),
(38, 'Frisian', 'en', '2018-11-26 10:10:30', '2018-11-26 10:10:30', NULL),
(39, 'Galizisch', 'de', '2018-11-26 10:10:30', '2018-11-26 10:10:30', NULL),
(39, 'Galician', 'en', '2018-11-26 10:10:30', '2018-11-26 10:10:30', NULL),
(40, 'Schottisch-Gälisch', 'de', '2018-11-26 10:10:30', '2018-11-26 10:10:30', NULL),
(40, 'Scottish Gaelic', 'en', '2018-11-26 10:10:30', '2018-11-26 10:10:30', NULL),
(41, 'Manx', 'de', '2018-11-26 10:10:30', '2018-11-26 10:10:30', NULL),
(41, 'Manx', 'en', '2018-11-26 10:10:30', '2018-11-26 10:10:30', NULL),
(42, 'Georgisch', 'de', '2018-11-26 10:10:30', '2018-11-26 10:10:30', NULL),
(42, 'Georgian', 'en', '2018-11-26 10:10:30', '2018-11-26 10:10:30', NULL),
(43, 'Deutsch', 'de', '2018-11-26 10:10:30', '2018-11-26 10:10:30', NULL),
(43, 'German', 'en', '2018-11-26 10:10:30', '2018-11-26 10:10:30', NULL),
(44, 'Griechisch', 'de', '2018-11-26 10:10:30', '2018-11-26 10:10:30', NULL),
(44, 'Greek', 'en', '2018-11-26 10:10:30', '2018-11-26 10:10:30', NULL),
(45, 'Grönländisch', 'de', '2018-11-26 10:10:30', '2018-11-26 10:10:30', NULL),
(45, 'Greenlandic', 'en', '2018-11-26 10:10:30', '2018-11-26 10:10:30', NULL),
(46, 'Guarani', 'de', '2018-11-26 10:10:30', '2018-11-26 10:10:30', NULL),
(46, 'Guaraní', 'en', '2018-11-26 10:10:30', '2018-11-26 10:10:30', NULL),
(47, 'Gujarati', 'de', '2018-11-26 10:10:30', '2018-11-26 10:10:30', NULL),
(47, 'Gujarati', 'en', '2018-11-26 10:10:30', '2018-11-26 10:10:30', NULL),
(48, 'Hausa', 'de', '2018-11-26 10:10:30', '2018-11-26 10:10:30', NULL),
(48, 'Hausa', 'en', '2018-11-26 10:10:30', '2018-11-26 10:10:30', NULL),
(49, 'Hebräisch', 'de', '2018-11-26 10:10:30', '2018-11-26 10:10:30', NULL),
(49, 'Hebrew', 'en', '2018-11-26 10:10:30', '2018-11-26 10:10:30', NULL),
(50, 'Hindi', 'de', '2018-11-26 10:10:30', '2018-11-26 10:10:30', NULL),
(50, 'Hindi', 'en', '2018-11-26 10:10:30', '2018-11-26 10:10:30', NULL),
(51, 'Ungarisch', 'de', '2018-11-26 10:10:30', '2018-11-26 10:10:30', NULL),
(51, 'Hungarian', 'en', '2018-11-26 10:10:30', '2018-11-26 10:10:30', NULL),
(52, 'Isländisch', 'de', '2018-11-26 10:10:30', '2018-11-26 10:10:30', NULL),
(52, 'Icelandic', 'en', '2018-11-26 10:10:30', '2018-11-26 10:10:30', NULL),
(53, 'Indonesisch', 'de', '2018-11-26 10:10:30', '2018-11-26 10:10:30', NULL),
(53, 'Indonesian', 'en', '2018-11-26 10:10:30', '2018-11-26 10:10:30', NULL),
(54, 'Interlingua', 'de', '2018-11-26 10:10:30', '2018-11-26 10:10:30', NULL),
(54, 'Interlingua', 'en', '2018-11-26 10:10:30', '2018-11-26 10:10:30', NULL),
(55, 'Interlingue', 'de', '2018-11-26 10:10:30', '2018-11-26 10:10:30', NULL),
(55, 'Interlingue', 'en', '2018-11-26 10:10:30', '2018-11-26 10:10:30', NULL),
(56, 'Inukitut', 'de', '2018-11-26 10:10:30', '2018-11-26 10:10:30', NULL),
(56, 'Inuktitut', 'en', '2018-11-26 10:10:30', '2018-11-26 10:10:30', NULL),
(57, 'Inupiak', 'de', '2018-11-26 10:10:30', '2018-11-26 10:10:30', NULL),
(57, 'Inupiaq', 'en', '2018-11-26 10:10:30', '2018-11-26 10:10:30', NULL),
(58, 'Irisch', 'de', '2018-11-26 10:10:30', '2018-11-26 10:10:30', NULL),
(58, 'Irish', 'en', '2018-11-26 10:10:30', '2018-11-26 10:10:30', NULL),
(59, 'Italienisch', 'de', '2018-11-26 10:10:30', '2018-11-26 10:10:30', NULL),
(59, 'Italian', 'en', '2018-11-26 10:10:30', '2018-11-26 10:10:30', NULL),
(60, 'Japanisch', 'de', '2018-11-26 10:10:30', '2018-11-26 10:10:30', NULL),
(60, 'Japanese', 'en', '2018-11-26 10:10:30', '2018-11-26 10:10:30', NULL),
(62, 'Kannada', 'de', '2018-11-26 10:10:30', '2018-11-26 10:10:30', NULL),
(62, 'Kannada', 'en', '2018-11-26 10:10:30', '2018-11-26 10:10:30', NULL),
(63, 'Kaschmirisch', 'de', '2018-11-26 10:10:30', '2018-11-26 10:10:30', NULL),
(63, 'Kashmiri', 'en', '2018-11-26 10:10:30', '2018-11-26 10:10:30', NULL),
(64, 'Kasachisch', 'de', '2018-11-26 10:10:30', '2018-11-26 10:10:30', NULL),
(64, 'Kazakh', 'en', '2018-11-26 10:10:30', '2018-11-26 10:10:30', NULL),
(65, 'Ruandisch', 'de', '2018-11-26 10:10:30', '2018-11-26 10:10:30', NULL),
(65, 'Kinyarwanda', 'en', '2018-11-26 10:10:30', '2018-11-26 10:10:30', NULL),
(66, 'Kirgisisch', 'de', '2018-11-26 10:10:30', '2018-11-26 10:10:30', NULL),
(66, 'Kirghiz', 'en', '2018-11-26 10:10:30', '2018-11-26 10:10:30', NULL),
(67, 'Rundi-Sprache', 'de', '2018-11-26 10:10:30', '2018-11-26 10:10:30', NULL),
(67, 'Kirundi', 'en', '2018-11-26 10:10:30', '2018-11-26 10:10:30', NULL),
(68, 'Koreanisch', 'de', '2018-11-26 10:10:30', '2018-11-26 10:10:30', NULL),
(68, 'Korean', 'en', '2018-11-26 10:10:30', '2018-11-26 10:10:30', NULL),
(69, 'Kurdisch', 'de', '2018-11-26 10:10:30', '2018-11-26 10:10:30', NULL),
(69, 'Kurdish', 'en', '2018-11-26 10:10:30', '2018-11-26 10:10:30', NULL),
(70, 'Laotisch', 'de', '2018-11-26 10:10:31', '2018-11-26 10:10:31', NULL),
(70, 'Lao', 'en', '2018-11-26 10:10:31', '2018-11-26 10:10:31', NULL),
(71, 'Latein', 'de', '2018-11-26 10:10:31', '2018-11-26 10:10:31', NULL),
(71, 'Latin', 'en', '2018-11-26 10:10:31', '2018-11-26 10:10:31', NULL),
(72, 'Lettisch', 'de', '2018-11-26 10:10:31', '2018-11-26 10:10:31', NULL),
(72, 'Latvian', 'en', '2018-11-26 10:10:31', '2018-11-26 10:10:31', NULL),
(73, 'Lingala', 'de', '2018-11-26 10:10:31', '2018-11-26 10:10:31', NULL),
(73, 'Lingala', 'en', '2018-11-26 10:10:31', '2018-11-26 10:10:31', NULL),
(74, 'Litauisch', 'de', '2018-11-26 10:10:31', '2018-11-26 10:10:31', NULL),
(74, 'Lithuanian', 'en', '2018-11-26 10:10:31', '2018-11-26 10:10:31', NULL),
(75, 'Mazedonisch', 'de', '2018-11-26 10:10:31', '2018-11-26 10:10:31', NULL),
(75, 'Macedonian', 'en', '2018-11-26 10:10:31', '2018-11-26 10:10:31', NULL),
(76, 'Madagassisch', 'de', '2018-11-26 10:10:31', '2018-11-26 10:10:31', NULL),
(76, 'Malagasy', 'en', '2018-11-26 10:10:31', '2018-11-26 10:10:31', NULL),
(77, 'Malaiisch', 'de', '2018-11-26 10:10:31', '2018-11-26 10:10:31', NULL),
(77, 'Malay', 'en', '2018-11-26 10:10:31', '2018-11-26 10:10:31', NULL),
(78, 'Malayalam', 'de', '2018-11-26 10:10:31', '2018-11-26 10:10:31', NULL),
(78, 'Malayalam', 'en', '2018-11-26 10:10:31', '2018-11-26 10:10:31', NULL),
(79, 'Maltesisch', 'de', '2018-11-26 10:10:31', '2018-11-26 10:10:31', NULL),
(79, 'Maltese', 'en', '2018-11-26 10:10:31', '2018-11-26 10:10:31', NULL),
(80, 'Maori', 'de', '2018-11-26 10:10:31', '2018-11-26 10:10:31', NULL),
(80, 'Māori', 'en', '2018-11-26 10:10:31', '2018-11-26 10:10:31', NULL),
(81, 'Marathi', 'de', '2018-11-26 10:10:31', '2018-11-26 10:10:31', NULL),
(81, 'Marathi', 'en', '2018-11-26 10:10:31', '2018-11-26 10:10:31', NULL),
(82, 'Moldauisch', 'de', '2018-11-26 10:10:31', '2018-11-26 10:10:31', NULL),
(82, 'Moldavian', 'en', '2018-11-26 10:10:31', '2018-11-26 10:10:31', NULL),
(83, 'Mongolisch', 'de', '2018-11-26 10:10:31', '2018-11-26 10:10:31', NULL),
(83, 'Mongolian', 'en', '2018-11-26 10:10:31', '2018-11-26 10:10:31', NULL),
(84, 'Nauruisch', 'de', '2018-11-26 10:10:31', '2018-11-26 10:10:31', NULL),
(84, 'Nauru', 'en', '2018-11-26 10:10:31', '2018-11-26 10:10:31', NULL),
(85, 'Nepalesisch', 'de', '2018-11-26 10:10:31', '2018-11-26 10:10:31', NULL),
(85, 'Nepali', 'en', '2018-11-26 10:10:31', '2018-11-26 10:10:31', NULL),
(86, 'Norwegisch', 'de', '2018-11-26 10:10:31', '2018-11-26 10:10:31', NULL),
(86, 'Norwegian', 'en', '2018-11-26 10:10:31', '2018-11-26 10:10:31', NULL),
(87, 'Okzitanisch', 'de', '2018-11-26 10:10:31', '2018-11-26 10:10:31', NULL),
(87, 'Occitan', 'en', '2018-11-26 10:10:31', '2018-11-26 10:10:31', NULL),
(88, 'Orija', 'de', '2018-11-26 10:10:31', '2018-11-26 10:10:31', NULL),
(88, 'Oriya', 'en', '2018-11-26 10:10:31', '2018-11-26 10:10:31', NULL),
(89, 'Oromo', 'de', '2018-11-26 10:10:31', '2018-11-26 10:10:31', NULL),
(89, 'Oromo', 'en', '2018-11-26 10:10:31', '2018-11-26 10:10:31', NULL),
(90, 'Afghanisch (Paschtu)', 'de', '2018-11-26 10:10:31', '2018-11-26 10:10:31', NULL),
(90, 'Pashto', 'en', '2018-11-26 10:10:31', '2018-11-26 10:10:31', NULL),
(91, 'Polnisch', 'de', '2018-11-26 10:10:31', '2018-11-26 10:10:31', NULL),
(91, 'Polish', 'en', '2018-11-26 10:10:31', '2018-11-26 10:10:31', NULL),
(92, 'Portugiesisch', 'de', '2018-11-26 10:10:31', '2018-11-26 10:10:31', NULL),
(92, 'Portuguese', 'en', '2018-11-26 10:10:31', '2018-11-26 10:10:31', NULL),
(93, 'Pandschabisch', 'de', '2018-11-26 10:10:31', '2018-11-26 10:10:31', NULL),
(93, 'Punjabi', 'en', '2018-11-26 10:10:31', '2018-11-26 10:10:31', NULL),
(94, 'Quechua', 'de', '2018-11-26 10:10:31', '2018-11-26 10:10:31', NULL),
(94, 'Quechua', 'en', '2018-11-26 10:10:31', '2018-11-26 10:10:31', NULL),
(95, 'Rätoromanisch', 'de', '2018-11-26 10:10:31', '2018-11-26 10:10:31', NULL),
(95, 'Rhaeto-Romance', 'en', '2018-11-26 10:10:31', '2018-11-26 10:10:31', NULL),
(96, 'Rumänisch', 'de', '2018-11-26 10:10:31', '2018-11-26 10:10:31', NULL),
(96, 'Romanian', 'en', '2018-11-26 10:10:31', '2018-11-26 10:10:31', NULL),
(97, 'Russisch', 'de', '2018-11-26 10:10:31', '2018-11-26 10:10:31', NULL),
(97, 'Russian', 'en', '2018-11-26 10:10:31', '2018-11-26 10:10:31', NULL),
(98, 'Samoanisch', 'de', '2018-11-26 10:10:31', '2018-11-26 10:10:31', NULL),
(98, 'Samoan', 'en', '2018-11-26 10:10:31', '2018-11-26 10:10:31', NULL),
(99, 'Sango', 'de', '2018-11-26 10:10:31', '2018-11-26 10:10:31', NULL),
(99, 'Sango', 'en', '2018-11-26 10:10:31', '2018-11-26 10:10:31', NULL),
(100, 'Sanskrit', 'de', '2018-11-26 10:10:31', '2018-11-26 10:10:31', NULL),
(100, 'Sanskrit', 'en', '2018-11-26 10:10:31', '2018-11-26 10:10:31', NULL),
(101, 'Serbisch', 'de', '2018-11-26 10:10:31', '2018-11-26 10:10:31', NULL),
(101, 'Serbian', 'en', '2018-11-26 10:10:31', '2018-11-26 10:10:31', NULL),
(103, 'Süd-Sotho-Sprache', 'de', '2018-11-26 10:10:31', '2018-11-26 10:10:31', NULL),
(103, 'Sesotho', 'en', '2018-11-26 10:10:31', '2018-11-26 10:10:31', NULL),
(104, 'Tswana-Sprache', 'de', '2018-11-26 10:10:31', '2018-11-26 10:10:31', NULL),
(104, 'Setswana', 'en', '2018-11-26 10:10:31', '2018-11-26 10:10:31', NULL),
(105, 'Shona', 'de', '2018-11-26 10:10:31', '2018-11-26 10:10:31', NULL),
(105, 'Shona', 'en', '2018-11-26 10:10:31', '2018-11-26 10:10:31', NULL),
(106, 'Sindhi', 'de', '2018-11-26 10:10:31', '2018-11-26 10:10:31', NULL),
(106, 'Sindhi', 'en', '2018-11-26 10:10:31', '2018-11-26 10:10:31', NULL),
(107, 'Singhalesisch', 'de', '2018-11-26 10:10:31', '2018-11-26 10:10:31', NULL),
(107, 'Sinhala', 'en', '2018-11-26 10:10:31', '2018-11-26 10:10:31', NULL),
(108, 'Swazi', 'de', '2018-11-26 10:10:31', '2018-11-26 10:10:31', NULL),
(108, 'Swati', 'en', '2018-11-26 10:10:31', '2018-11-26 10:10:31', NULL),
(109, 'Slowakisch', 'de', '2018-11-26 10:10:31', '2018-11-26 10:10:31', NULL),
(109, 'Slovak', 'en', '2018-11-26 10:10:31', '2018-11-26 10:10:31', NULL),
(110, 'Slowenisch', 'de', '2018-11-26 10:10:31', '2018-11-26 10:10:31', NULL),
(110, 'Slovenian', 'en', '2018-11-26 10:10:31', '2018-11-26 10:10:31', NULL),
(111, 'Somali', 'de', '2018-11-26 10:10:31', '2018-11-26 10:10:31', NULL),
(111, 'Somali', 'en', '2018-11-26 10:10:31', '2018-11-26 10:10:31', NULL),
(112, 'Spanisch', 'de', '2018-11-26 10:10:31', '2018-11-26 10:10:31', NULL),
(112, 'Spanish', 'en', '2018-11-26 10:10:31', '2018-11-26 10:10:31', NULL),
(113, 'Sudanesisch', 'de', '2018-11-26 10:10:31', '2018-11-26 10:10:31', NULL),
(113, 'Sundanese', 'en', '2018-11-26 10:10:31', '2018-11-26 10:10:31', NULL),
(114, 'Suaheli', 'de', '2018-11-26 10:10:31', '2018-11-26 10:10:31', NULL),
(114, 'Swahili', 'en', '2018-11-26 10:10:31', '2018-11-26 10:10:31', NULL),
(115, 'Schwedisch', 'de', '2018-11-26 10:10:31', '2018-11-26 10:10:31', NULL),
(115, 'Swedish', 'en', '2018-11-26 10:10:31', '2018-11-26 10:10:31', NULL),
(116, 'Tagalog', 'de', '2018-11-26 10:10:31', '2018-11-26 10:10:31', NULL),
(116, 'Tagalog', 'en', '2018-11-26 10:10:31', '2018-11-26 10:10:31', NULL),
(117, 'Tadschikisch', 'de', '2018-11-26 10:10:31', '2018-11-26 10:10:31', NULL),
(117, 'Tajik', 'en', '2018-11-26 10:10:31', '2018-11-26 10:10:31', NULL),
(118, 'Tamilisch', 'de', '2018-11-26 10:10:31', '2018-11-26 10:10:31', NULL),
(118, 'Tamil', 'en', '2018-11-26 10:10:31', '2018-11-26 10:10:31', NULL),
(119, 'Tatarisch', 'de', '2018-11-26 10:10:31', '2018-11-26 10:10:31', NULL),
(119, 'Tatar', 'en', '2018-11-26 10:10:31', '2018-11-26 10:10:31', NULL),
(120, 'Telugu', 'de', '2018-11-26 10:10:31', '2018-11-26 10:10:31', NULL),
(120, 'Telugu', 'en', '2018-11-26 10:10:31', '2018-11-26 10:10:31', NULL),
(121, 'Thai', 'de', '2018-11-26 10:10:31', '2018-11-26 10:10:31', NULL),
(121, 'Thai', 'en', '2018-11-26 10:10:31', '2018-11-26 10:10:31', NULL),
(122, 'Tibetisch', 'de', '2018-11-26 10:10:31', '2018-11-26 10:10:31', NULL),
(122, 'Tibetan', 'en', '2018-11-26 10:10:31', '2018-11-26 10:10:31', NULL),
(123, 'Tigrinja', 'de', '2018-11-26 10:10:31', '2018-11-26 10:10:31', NULL),
(123, 'Tigrinya', 'en', '2018-11-26 10:10:31', '2018-11-26 10:10:31', NULL),
(124, 'Tongaisch', 'de', '2018-11-26 10:10:31', '2018-11-26 10:10:31', NULL),
(124, 'Tongan', 'en', '2018-11-26 10:10:31', '2018-11-26 10:10:31', NULL),
(125, 'Tsonga', 'de', '2018-11-26 10:10:31', '2018-11-26 10:10:31', NULL),
(125, 'Tsonga', 'en', '2018-11-26 10:10:31', '2018-11-26 10:10:31', NULL),
(126, 'Türkisch', 'de', '2018-11-26 10:10:31', '2018-11-26 10:10:31', NULL),
(126, 'Turkish', 'en', '2018-11-26 10:10:31', '2018-11-26 10:10:31', NULL),
(127, 'Turkmenisch', 'de', '2018-11-26 10:10:31', '2018-11-26 10:10:31', NULL),
(127, 'Turkmen', 'en', '2018-11-26 10:10:31', '2018-11-26 10:10:31', NULL),
(128, 'Twi', 'de', '2018-11-26 10:10:31', '2018-11-26 10:10:31', NULL),
(128, 'Twi', 'en', '2018-11-26 10:10:31', '2018-11-26 10:10:31', NULL),
(129, 'Uigurisch', 'de', '2018-11-26 10:10:31', '2018-11-26 10:10:31', NULL),
(129, 'Uyghur', 'en', '2018-11-26 10:10:31', '2018-11-26 10:10:31', NULL),
(130, 'Ukrainisch', 'de', '2018-11-26 10:10:31', '2018-11-26 10:10:31', NULL),
(130, 'Ukrainian', 'en', '2018-11-26 10:10:31', '2018-11-26 10:10:31', NULL),
(131, 'Urdu', 'de', '2018-11-26 10:10:31', '2018-11-26 10:10:31', NULL),
(131, 'Urdu', 'en', '2018-11-26 10:10:31', '2018-11-26 10:10:31', NULL),
(132, 'Usbekisch', 'de', '2018-11-26 10:10:31', '2018-11-26 10:10:31', NULL),
(132, 'Uzbek', 'en', '2018-11-26 10:10:31', '2018-11-26 10:10:31', NULL),
(133, 'Vietnamesisch', 'de', '2018-11-26 10:10:31', '2018-11-26 10:10:31', NULL),
(133, 'Vietnamese', 'en', '2018-11-26 10:10:31', '2018-11-26 10:10:31', NULL),
(134, 'Volapük', 'de', '2018-11-26 10:10:31', '2018-11-26 10:10:31', NULL),
(134, 'Volapük', 'en', '2018-11-26 10:10:31', '2018-11-26 10:10:31', NULL),
(135, 'Kymrisch', 'de', '2018-11-26 10:10:31', '2018-11-26 10:10:31', NULL),
(135, 'Welsh', 'en', '2018-11-26 10:10:31', '2018-11-26 10:10:31', NULL),
(136, 'Wolof', 'de', '2018-11-26 10:10:31', '2018-11-26 10:10:31', NULL),
(136, 'Wolof', 'en', '2018-11-26 10:10:31', '2018-11-26 10:10:31', NULL),
(137, 'Xhosa', 'de', '2018-11-26 10:10:31', '2018-11-26 10:10:31', NULL),
(137, 'Xhosa', 'en', '2018-11-26 10:10:31', '2018-11-26 10:10:31', NULL),
(138, 'Jiddisch', 'de', '2018-11-26 10:10:31', '2018-11-26 10:10:31', NULL),
(138, 'Yiddish', 'en', '2018-11-26 10:10:31', '2018-11-26 10:10:31', NULL),
(139, 'Joruba', 'de', '2018-11-26 10:10:31', '2018-11-26 10:10:31', NULL),
(139, 'Yoruba', 'en', '2018-11-26 10:10:31', '2018-11-26 10:10:31', NULL),
(140, 'Zulu', 'de', '2018-11-26 10:10:31', '2018-11-26 10:10:31', NULL),
(140, 'Zulu', 'en', '2018-11-26 10:10:31', '2018-11-26 10:10:31', NULL),
(141, 'Bosnisch', 'de', '2018-11-26 10:10:31', '2018-11-26 10:10:31', NULL),
(141, 'Bosnian', 'en', '2018-11-26 10:10:31', '2018-11-26 10:10:31', NULL),
(142, 'Avestisch', 'de', '2018-11-26 10:10:31', '2018-11-26 10:10:31', NULL),
(142, 'Avestan', 'en', '2018-11-26 10:10:31', '2018-11-26 10:10:31', NULL),
(143, 'Akan', 'de', '2018-11-26 10:10:31', '2018-11-26 10:10:31', NULL),
(143, 'Akan', 'en', '2018-11-26 10:10:31', '2018-11-26 10:10:31', NULL),
(144, 'Aragonesisch', 'de', '2018-11-26 10:10:31', '2018-11-26 10:10:31', NULL),
(144, 'Aragonese', 'en', '2018-11-26 10:10:31', '2018-11-26 10:10:31', NULL),
(145, 'Awarisch', 'de', '2018-11-26 10:10:31', '2018-11-26 10:10:31', NULL),
(145, 'Avar', 'en', '2018-11-26 10:10:31', '2018-11-26 10:10:31', NULL),
(146, 'Bambara-Sprache', 'de', '2018-11-26 10:10:31', '2018-11-26 10:10:31', NULL),
(146, 'Bambara', 'en', '2018-11-26 10:10:31', '2018-11-26 10:10:31', NULL),
(147, 'Tschetschenisch', 'de', '2018-11-26 10:10:31', '2018-11-26 10:10:31', NULL),
(147, 'Chechen', 'en', '2018-11-26 10:10:31', '2018-11-26 10:10:31', NULL),
(148, 'Chamorro-Sprache', 'de', '2018-11-26 10:10:31', '2018-11-26 10:10:31', NULL),
(148, 'Chamorro', 'en', '2018-11-26 10:10:31', '2018-11-26 10:10:31', NULL),
(149, 'Cree', 'de', '2018-11-26 10:10:31', '2018-11-26 10:10:31', NULL),
(149, 'Cree', 'en', '2018-11-26 10:10:31', '2018-11-26 10:10:31', NULL),
(150, 'Kirchenslawisch', 'de', '2018-11-26 10:10:31', '2018-11-26 10:10:31', NULL),
(150, 'Church Slavonic', 'en', '2018-11-26 10:10:31', '2018-11-26 10:10:31', NULL),
(151, 'Tschuwaschisch', 'de', '2018-11-26 10:10:31', '2018-11-26 10:10:31', NULL),
(151, 'Chuvash', 'en', '2018-11-26 10:10:31', '2018-11-26 10:10:31', NULL),
(152, 'Maledivisch', 'de', '2018-11-26 10:10:31', '2018-11-26 10:10:31', NULL),
(152, 'Dhivehi', 'en', '2018-11-26 10:10:31', '2018-11-26 10:10:31', NULL),
(153, 'Ewe-Sprache', 'de', '2018-11-26 10:10:31', '2018-11-26 10:10:31', NULL),
(153, 'Ewe', 'en', '2018-11-26 10:10:31', '2018-11-26 10:10:31', NULL),
(154, 'Ful', 'de', '2018-11-26 10:10:31', '2018-11-26 10:10:31', NULL),
(154, 'Fula', 'en', '2018-11-26 10:10:31', '2018-11-26 10:10:31', NULL),
(155, 'Hiri-Motu', 'de', '2018-11-26 10:10:31', '2018-11-26 10:10:31', NULL),
(155, 'Hiri motu', 'en', '2018-11-26 10:10:31', '2018-11-26 10:10:31', NULL),
(156, 'Kreolisch', 'de', '2018-11-26 10:10:31', '2018-11-26 10:10:31', NULL),
(156, 'Haïtian Creole', 'en', '2018-11-26 10:10:31', '2018-11-26 10:10:31', NULL),
(157, 'Herero-Sprache', 'de', '2018-11-26 10:10:31', '2018-11-26 10:10:31', NULL),
(157, 'Herero', 'en', '2018-11-26 10:10:31', '2018-11-26 10:10:31', NULL),
(158, 'Igbo-Sprache', 'de', '2018-11-26 10:10:31', '2018-11-26 10:10:31', NULL),
(158, 'Igbo', 'en', '2018-11-26 10:10:31', '2018-11-26 10:10:31', NULL),
(159, 'Sichuan Yi', 'de', '2018-11-26 10:10:31', '2018-11-26 10:10:31', NULL),
(159, 'Yi', 'en', '2018-11-26 10:10:31', '2018-11-26 10:10:31', NULL),
(160, 'Ido-Sprache', 'de', '2018-11-26 10:10:31', '2018-11-26 10:10:31', NULL),
(160, 'Ido', 'en', '2018-11-26 10:10:31', '2018-11-26 10:10:31', NULL),
(161, 'Javanisch', 'de', '2018-11-26 10:10:31', '2018-11-26 10:10:31', NULL),
(161, 'Javanese', 'en', '2018-11-26 10:10:31', '2018-11-26 10:10:31', NULL),
(162, 'Kongo', 'de', '2018-11-26 10:10:31', '2018-11-26 10:10:31', NULL),
(162, 'Kongo', 'en', '2018-11-26 10:10:31', '2018-11-26 10:10:31', NULL),
(163, 'Kikuyu-Sprache', 'de', '2018-11-26 10:10:31', '2018-11-26 10:10:31', NULL),
(163, 'Kikuyu', 'en', '2018-11-26 10:10:31', '2018-11-26 10:10:31', NULL),
(164, 'Kwanyama', 'de', '2018-11-26 10:10:31', '2018-11-26 10:10:31', NULL),
(164, 'Kuanyama', 'en', '2018-11-26 10:10:31', '2018-11-26 10:10:31', NULL),
(165, 'Kanuri-Sprache', 'de', '2018-11-26 10:10:31', '2018-11-26 10:10:31', NULL),
(165, 'Kanuri', 'en', '2018-11-26 10:10:31', '2018-11-26 10:10:31', NULL),
(166, 'Komi-Sprache', 'de', '2018-11-26 10:10:31', '2018-11-26 10:10:31', NULL),
(166, 'Komi', 'en', '2018-11-26 10:10:31', '2018-11-26 10:10:31', NULL),
(167, 'Kornisch', 'de', '2018-11-26 10:10:31', '2018-11-26 10:10:31', NULL),
(167, 'Cornish', 'en', '2018-11-26 10:10:31', '2018-11-26 10:10:31', NULL),
(168, 'Luxemburgisch', 'de', '2018-11-26 10:10:31', '2018-11-26 10:10:31', NULL),
(168, 'Luxembourgish', 'en', '2018-11-26 10:10:31', '2018-11-26 10:10:31', NULL),
(169, 'Ganda-Sprache', 'de', '2018-11-26 10:10:31', '2018-11-26 10:10:31', NULL),
(169, 'Luganda', 'en', '2018-11-26 10:10:31', '2018-11-26 10:10:31', NULL),
(170, 'Limburgisch', 'de', '2018-11-26 10:10:31', '2018-11-26 10:10:31', NULL),
(170, 'Limburgish', 'en', '2018-11-26 10:10:31', '2018-11-26 10:10:31', NULL),
(171, 'Luba', 'de', '2018-11-26 10:10:31', '2018-11-26 10:10:31', NULL),
(171, 'Luba-Katanga', 'en', '2018-11-26 10:10:31', '2018-11-26 10:10:31', NULL),
(172, 'Marschallesisch', 'de', '2018-11-26 10:10:31', '2018-11-26 10:10:31', NULL),
(172, 'Marshallese', 'en', '2018-11-26 10:10:31', '2018-11-26 10:10:31', NULL),
(173, 'Norwegisch Bokmål', 'de', '2018-11-26 10:10:31', '2018-11-26 10:10:31', NULL),
(173, 'Norwegian Bokmål', 'en', '2018-11-26 10:10:31', '2018-11-26 10:10:31', NULL),
(174, 'Ndebele-Sprache (Nord)', 'de', '2018-11-26 10:10:31', '2018-11-26 10:10:31', NULL),
(174, 'North Ndebele', 'en', '2018-11-26 10:10:31', '2018-11-26 10:10:31', NULL),
(175, 'Ndonga', 'de', '2018-11-26 10:10:31', '2018-11-26 10:10:31', NULL),
(175, 'Ndonga', 'en', '2018-11-26 10:10:31', '2018-11-26 10:10:31', NULL),
(176, 'Norwegisch Nynorsk', 'de', '2018-11-26 10:10:31', '2018-11-26 10:10:31', NULL),
(176, 'Norwegian Nynorsk', 'en', '2018-11-26 10:10:31', '2018-11-26 10:10:31', NULL),
(177, 'Ndebele-Sprache (Süd)', 'de', '2018-11-26 10:10:31', '2018-11-26 10:10:31', NULL),
(177, 'South Ndebele', 'en', '2018-11-26 10:10:31', '2018-11-26 10:10:31', NULL),
(178, 'Navajo-Sprache', 'de', '2018-11-26 10:10:31', '2018-11-26 10:10:31', NULL),
(178, 'Navajo', 'en', '2018-11-26 10:10:31', '2018-11-26 10:10:31', NULL),
(179, 'Chewa-Sprache', 'de', '2018-11-26 10:10:31', '2018-11-26 10:10:31', NULL),
(179, 'Chichewa', 'en', '2018-11-26 10:10:31', '2018-11-26 10:10:31', NULL),
(180, 'Ojibwa-Sprache', 'de', '2018-11-26 10:10:31', '2018-11-26 10:10:31', NULL),
(180, 'Ojibwa', 'en', '2018-11-26 10:10:31', '2018-11-26 10:10:31', NULL),
(181, 'Ossetisch', 'de', '2018-11-26 10:10:31', '2018-11-26 10:10:31', NULL),
(181, 'Ossetic', 'en', '2018-11-26 10:10:31', '2018-11-26 10:10:31', NULL),
(182, 'Pali', 'de', '2018-11-26 10:10:31', '2018-11-26 10:10:31', NULL),
(182, 'Pali', 'en', '2018-11-26 10:10:31', '2018-11-26 10:10:31', NULL),
(183, 'Sardisch', 'de', '2018-11-26 10:10:31', '2018-11-26 10:10:31', NULL),
(183, 'Sardinian', 'en', '2018-11-26 10:10:31', '2018-11-26 10:10:31', NULL),
(184, 'Nord-Samisch', 'de', '2018-11-26 10:10:31', '2018-11-26 10:10:31', NULL),
(184, 'Northern Sami', 'en', '2018-11-26 10:10:31', '2018-11-26 10:10:31', NULL),
(186, 'Tahitisch', 'de', '2018-11-26 10:10:31', '2018-11-26 10:10:31', NULL),
(186, 'Tahitian', 'en', '2018-11-26 10:10:31', '2018-11-26 10:10:31', NULL),
(187, 'Venda-Sprache', 'de', '2018-11-26 10:10:31', '2018-11-26 10:10:31', NULL),
(187, 'Venda', 'en', '2018-11-26 10:10:31', '2018-11-26 10:10:31', NULL),
(188, 'Wallonisch', 'de', '2018-11-26 10:10:31', '2018-11-26 10:10:31', NULL),
(188, 'Walloon', 'en', '2018-11-26 10:10:31', '2018-11-26 10:10:31', NULL),
(189, 'Portugiesisch', 'de', '2018-11-26 10:10:31', '2018-11-26 10:10:31', NULL),
(189, 'Brazilian Portuguese', 'en', '2018-11-26 10:10:31', '2018-11-26 10:10:31', NULL),
(190, 'Chinesisch', 'de', '2018-11-26 10:10:31', '2018-11-26 10:10:31', NULL),
(190, 'Chinese (Simplified)', 'en', '2018-11-26 10:10:31', '2018-11-26 10:10:31', NULL);

-- --------------------------------------------------------

--
-- Tabellenstruktur für Tabelle `media`
--

CREATE TABLE `media` (
  `id` bigint(20) UNSIGNED NOT NULL,
  `short` varchar(255) COLLATE utf8_bin NOT NULL,
  `file_name` varchar(255) COLLATE utf8_bin NOT NULL,
  `entity_id` bigint(20) UNSIGNED NOT NULL,
  `role_id` int(10) UNSIGNED NOT NULL,
  `media_type_id` bigint(20) UNSIGNED NOT NULL,
  `media_folder_id` bigint(20) UNSIGNED DEFAULT NULL,
  `file_size` bigint(20) UNSIGNED NOT NULL,
  `mime_type` varchar(255) COLLATE utf8_bin DEFAULT NULL,
  `channels` smallint(6) DEFAULT NULL,
  `width` bigint(20) UNSIGNED DEFAULT NULL,
  `height` bigint(20) UNSIGNED DEFAULT NULL,
  `author` varchar(120) COLLATE utf8_bin DEFAULT NULL,
  `copyright` varchar(120) COLLATE utf8_bin DEFAULT NULL,
  `latitude` decimal(15,10) DEFAULT NULL,
  `longitude` decimal(15,10) DEFAULT NULL,
  `media_image_id` bigint(20) UNSIGNED DEFAULT NULL,
  `created_at` datetime NOT NULL,
  `updated_at` datetime NOT NULL,
  `deleted_at` datetime DEFAULT NULL
) ENGINE=InnoDB DEFAULT CHARSET=utf8 COLLATE=utf8_bin;

--
-- Daten für Tabelle `media`
--

INSERT INTO `media` (`id`, `short`, `file_name`, `entity_id`, `role_id`, `media_type_id`, `media_folder_id`, `file_size`, `mime_type`, `channels`, `width`, `height`, `author`, `copyright`, `latitude`, `longitude`, `media_image_id`, `created_at`, `updated_at`, `deleted_at`) VALUES
(1, 'logo.png', 'logo.png', 1, 6, 2, 2, 26752, 'image/png', NULL, 339, 45, NULL, NULL, NULL, NULL, NULL, '2018-11-26 10:10:41', '2018-11-26 10:10:41', NULL),
(2, 'logo.jpg', 'logo.jpg', 1, 6, 2, 2, 14521, 'image/jpeg', 3, 339, 45, NULL, NULL, NULL, NULL, NULL, '2018-11-26 10:10:41', '2018-11-26 10:10:41', NULL),
(3, 'logo_small.png', 'logo_small.png', 1, 6, 2, 2, 26752, 'image/png', NULL, 339, 45, NULL, NULL, NULL, NULL, NULL, '2018-11-26 10:10:41', '2018-11-26 10:10:41', NULL),
(4, 'header.png', 'header.png', 1, 6, 2, 2, 254316, 'image/png', NULL, 960, 300, NULL, NULL, NULL, NULL, NULL, '2018-11-26 10:10:41', '2018-11-26 10:10:41', NULL),
(5, 'no-pic.png', 'no-pic.png', 1, 6, 2, 2, 2923, 'image/png', NULL, 138, 138, NULL, NULL, NULL, NULL, NULL, '2018-11-26 10:10:41', '2018-11-26 10:10:41', NULL),
(6, 'banner1.png', 'banner1.png', 1, 6, 2, 3, 1478085, 'image/png', NULL, 1560, 644, NULL, NULL, NULL, NULL, NULL, '2018-11-26 10:10:41', '2018-11-26 10:10:41', NULL),
(7, 'banner2.png', 'banner2.png', 1, 6, 2, 3, 1478085, 'image/png', NULL, 1560, 644, NULL, NULL, NULL, NULL, NULL, '2018-11-26 10:10:41', '2018-11-26 10:10:41', NULL),
(8, 'banner3.png', 'banner3.png', 1, 6, 2, 3, 1478085, 'image/png', NULL, 1560, 644, NULL, NULL, NULL, NULL, NULL, '2018-11-26 10:10:41', '2018-11-26 10:10:41', NULL),
(9, 'banner4.jpg', 'banner4.jpg', 1, 6, 2, 3, 143953, 'image/jpeg', 3, 768, 432, NULL, NULL, NULL, NULL, NULL, '2018-11-26 10:10:41', '2018-11-26 10:10:41', NULL),
(10, 'nutzfahrzeuge.png', 'nutzfahrzeuge.png', 1, 6, 2, 3, 894762, 'image/png', NULL, 1105, 397, NULL, NULL, NULL, NULL, NULL, '2018-11-26 10:10:41', '2018-11-26 10:10:41', NULL),
(11, 'nutzfahrzeuge_894762.png', 'nutzfahrzeuge.png', 1, 6, 2, 4, 894762, 'image/png', NULL, 1105, 397, NULL, NULL, NULL, NULL, NULL, '2018-11-26 10:10:41', '2018-11-26 10:10:41', NULL),
(12, 'banner1_77x32_77x32.png', 'banner1.png', 1, 6, 3, NULL, 0, 'image/png', NULL, 77, 32, NULL, NULL, NULL, NULL, 6, '2018-11-26 17:15:00', '2018-11-26 17:15:00', NULL),
(13, 'banner2_77x32_77x32.png', 'banner2.png', 1, 6, 3, NULL, 0, 'image/png', NULL, 77, 32, NULL, NULL, NULL, NULL, 7, '2018-11-26 17:15:00', '2018-11-26 17:15:00', NULL),
(14, 'banner3_77x32_77x32.png', 'banner3.png', 1, 6, 3, NULL, 0, 'image/png', NULL, 77, 32, NULL, NULL, NULL, NULL, 8, '2018-11-26 17:15:00', '2018-11-26 17:15:00', NULL),
(15, 'banner4_56x32_56x32.jpg', 'banner4.jpg', 1, 6, 3, NULL, 0, 'image/jpeg', 3, 56, 32, NULL, NULL, NULL, NULL, 9, '2018-11-26 17:15:00', '2018-11-26 17:15:00', NULL),
(16, 'nutzfahrzeuge_89x32_89x32.png', 'nutzfahrzeuge.png', 1, 6, 3, NULL, 0, 'image/png', NULL, 89, 32, NULL, NULL, NULL, NULL, 10, '2018-11-26 17:15:00', '2018-11-26 17:15:01', NULL),
(17, 'slider_1905x640.jpg', 'Slider_1905x640.jpg', 1, 6, 2, 5, 800733, 'image/jpeg', 3, 1920, 640, NULL, NULL, NULL, NULL, NULL, '2018-11-26 17:15:43', '2018-11-26 17:15:43', NULL),
(18, 'slider_1905x640_96x32_96x32.jpg', 'Slider_1905x640.jpg', 1, 6, 3, NULL, 0, 'image/jpeg', 3, 96, 32, NULL, NULL, NULL, NULL, 17, '2018-11-26 17:16:09', '2018-11-26 17:16:09', NULL),
(19, 'slider_1905x6402.jpg', 'Slider_1905x6402.jpg', 1, 6, 2, 5, 483301, 'image/jpeg', 3, 1920, 640, NULL, NULL, NULL, NULL, NULL, '2018-11-26 17:16:24', '2018-11-26 17:16:24', NULL),
(20, 'slider_1905x6402_96x32_96x32.jpg', 'Slider_1905x6402.jpg', 1, 6, 3, NULL, 0, 'image/jpeg', 3, 96, 32, NULL, NULL, NULL, NULL, 19, '2018-11-26 17:16:35', '2018-11-26 17:16:35', NULL),
(21, 'slider_1905x6403.jpg', 'Slider_1905x6403.jpg', 1, 6, 2, 5, 909142, 'image/jpeg', 3, 1920, 640, NULL, NULL, NULL, NULL, NULL, '2018-11-26 17:16:48', '2018-11-26 17:16:48', NULL),
(22, 'slider_1905x6403_96x32_96x32.jpg', 'Slider_1905x6403.jpg', 1, 6, 3, NULL, 0, 'image/jpeg', 3, 96, 32, NULL, NULL, NULL, NULL, 21, '2018-11-26 17:17:01', '2018-11-26 17:17:01', NULL),
(23, 'slider_1905x6404.jpg', 'Slider_1905x6404.jpg', 1, 6, 2, 5, 778137, 'image/jpeg', 3, 1920, 640, NULL, NULL, NULL, NULL, NULL, '2018-11-26 17:17:20', '2018-11-26 17:17:20', NULL),
(24, 'slider_1905x6404_96x32_96x32.jpg', 'Slider_1905x6404.jpg', 1, 6, 3, NULL, 0, 'image/jpeg', 3, 96, 32, NULL, NULL, NULL, NULL, 23, '2018-11-26 17:17:27', '2018-11-26 17:17:27', NULL),
(25, 'slider_1905x6405.jpg', 'Slider_1905x6405.jpg', 1, 6, 2, 5, 963339, 'image/jpeg', 3, 1920, 640, NULL, NULL, NULL, NULL, NULL, '2018-11-26 17:17:43', '2018-11-26 17:17:43', NULL),
(26, 'slider_1905x6405_96x32_96x32.jpg', 'Slider_1905x6405.jpg', 1, 6, 3, NULL, 0, 'image/jpeg', 3, 96, 32, NULL, NULL, NULL, NULL, 25, '2018-11-26 17:17:55', '2018-11-26 17:17:55', NULL),
(27, 'slider_1905x6406.jpg', 'Slider_1905x6406.jpg', 1, 6, 2, 5, 806403, 'image/jpeg', 3, 1920, 640, NULL, NULL, NULL, NULL, NULL, '2018-11-26 17:18:10', '2018-11-26 17:18:10', NULL),
(28, 'slider_1905x6406_96x32_96x32.jpg', 'Slider_1905x6406.jpg', 1, 6, 3, NULL, 0, 'image/jpeg', 3, 96, 32, NULL, NULL, NULL, NULL, 27, '2018-11-26 17:18:28', '2018-11-26 17:18:28', NULL),
(29, 'logo_100x13_100x13.png', 'logo.png', 1, 6, 3, NULL, 0, 'image/png', NULL, 100, 13, NULL, NULL, NULL, NULL, 1, '2018-11-26 17:22:52', '2018-11-26 17:22:52', NULL),
(30, 'logo_100x13_100x13.jpg', 'logo.jpg', 1, 6, 3, NULL, 0, 'image/jpeg', 3, 100, 13, NULL, NULL, NULL, NULL, 2, '2018-11-26 17:22:52', '2018-11-26 17:22:52', NULL),
(31, 'logo_small_100x13_100x13.png', 'logo_small.png', 1, 6, 3, NULL, 0, 'image/png', NULL, 100, 13, NULL, NULL, NULL, NULL, 3, '2018-11-26 17:22:52', '2018-11-26 17:22:52', NULL),
(32, 'header_100x31_100x31.png', 'header.png', 1, 6, 3, NULL, 0, 'image/png', NULL, 100, 31, NULL, NULL, NULL, NULL, 4, '2018-11-26 17:22:52', '2018-11-26 17:22:52', NULL),
(33, 'no-pic_32x32_32x32.png', 'no-pic.png', 1, 6, 3, NULL, 0, 'image/png', NULL, 32, 32, NULL, NULL, NULL, NULL, 5, '2018-11-26 17:22:52', '2018-11-26 17:22:52', NULL),
(34, '1806_logo_final_pfade.png', '1806_Logo_Final_PFADE.png', 1, 6, 2, 2, 13056, 'image/png', NULL, 191, 45, NULL, NULL, NULL, NULL, NULL, '2018-11-26 17:23:02', '2018-11-26 17:23:02', NULL),
(35, '1806_logo_final_pfade_100x23_100x23.png', '1806_Logo_Final_PFADE.png', 1, 6, 3, NULL, 0, 'image/png', NULL, 100, 23, NULL, NULL, NULL, NULL, 34, '2018-11-26 17:23:06', '2018-11-26 17:23:06', NULL),
(36, 'banner1_100x41_100x41.png', 'banner1.png', 1, 6, 3, NULL, 0, 'image/png', NULL, 100, 41, NULL, NULL, NULL, NULL, 6, '2018-12-17 16:27:42', '2018-12-17 16:27:42', NULL),
(37, 'banner2_100x41_100x41.png', 'banner2.png', 1, 6, 3, NULL, 0, 'image/png', NULL, 100, 41, NULL, NULL, NULL, NULL, 7, '2018-12-17 16:27:42', '2018-12-17 16:27:42', NULL),
(38, 'banner3_100x41_100x41.png', 'banner3.png', 1, 6, 3, NULL, 0, 'image/png', NULL, 100, 41, NULL, NULL, NULL, NULL, 8, '2018-12-17 16:27:42', '2018-12-17 16:27:42', NULL),
(39, 'banner4_96x54_96x54.jpg', 'banner4.jpg', 1, 6, 3, NULL, 0, 'image/jpeg', 3, 96, 54, NULL, NULL, NULL, NULL, 9, '2018-12-17 16:27:43', '2018-12-17 16:27:43', NULL),
(40, 'nutzfahrzeuge_894762_89x32_89x32.png', 'nutzfahrzeuge.png', 1, 6, 3, NULL, 0, 'image/png', NULL, 89, 32, NULL, NULL, NULL, NULL, 11, '2018-12-18 19:20:13', '2018-12-18 19:20:13', NULL),
(41, 'nutzfahrzeuge_894762_100x35_100x35.png', 'nutzfahrzeuge.png', 1, 6, 3, NULL, 0, 'image/png', NULL, 100, 35, NULL, NULL, NULL, NULL, 11, '2018-12-19 16:28:53', '2018-12-19 16:28:53', NULL),
(43, '2018-08-30-protokollit-kommissionddeff_115237.pdf', '2018-08-30-ProtokollIT-KommissionDDEFF.pdf', 1, 6, 1, 15, 115237, 'application/pdf', NULL, NULL, NULL, NULL, NULL, NULL, NULL, NULL, '2018-12-20 09:53:25', '2018-12-20 09:53:25', NULL),
(45, '2018-10-09protokollotcddeff.pdf', '2018-10-09ProtokollOTCDDEFF.pdf', 1, 6, 1, 15, 151435, 'application/pdf', NULL, NULL, NULL, NULL, NULL, NULL, NULL, NULL, '2018-12-20 10:05:13', '2018-12-20 10:05:13', NULL),
(46, '2018-10-09protokollotcddef_116088.pdf', '2018-10-09ProtokollOTCDDEF.pdf', 1, 6, 1, 16, 116088, 'application/pdf; charset=binary', NULL, NULL, NULL, NULL, NULL, NULL, NULL, NULL, '2018-12-20 10:07:17', '2018-12-20 10:07:17', NULL),
(47, 'nutzfahrzeuge_100x35_100x35.png', 'nutzfahrzeuge.png', 1, 6, 3, NULL, 0, 'image/png', NULL, 100, 35, NULL, NULL, NULL, NULL, 10, '2018-12-20 10:14:21', '2018-12-20 10:14:21', NULL),
(48, '2018-12_bilder-themen_aftersales.jpg', '2018-12_Bilder Themen_Aftersales.jpg', 2, 6, 2, NULL, 122177, 'image/jpeg', 3, 850, 150, NULL, NULL, NULL, NULL, NULL, '2018-12-20 15:52:52', '2018-12-20 15:52:52', NULL),
(49, '2018-12_bilder-themen_aftersales_100x17_100x17.jpg', '2018-12_Bilder Themen_Aftersales.jpg', 2, 6, 3, NULL, 0, 'image/jpeg', 3, 100, 17, NULL, NULL, NULL, NULL, 48, '2018-12-20 15:52:58', '2018-12-20 15:52:58', NULL),
(50, '2018-12_bilder-themen_business-management.jpg', '2018-12_Bilder Themen_Business-Management.jpg', 2, 6, 2, NULL, 38841, 'image/jpeg', 3, 850, 150, NULL, NULL, NULL, NULL, NULL, '2018-12-20 15:53:13', '2018-12-20 15:53:13', NULL),
(51, '2018-12_bilder-themen_business-management_100x17_100x17.jpg', '2018-12_Bilder Themen_Business-Management.jpg', 2, 6, 3, NULL, 0, 'image/jpeg', 3, 100, 17, NULL, NULL, NULL, NULL, 50, '2018-12-20 15:53:19', '2018-12-20 15:53:19', NULL),
(52, '2018-12_bilder-themen_it-edv.jpg', '2018-12_Bilder Themen_IT-EDV.jpg', 2, 6, 2, NULL, 146944, 'image/jpeg', 3, 850, 150, NULL, NULL, NULL, NULL, NULL, '2018-12-20 15:53:33', '2018-12-20 15:53:33', NULL),
(53, '2018-12_bilder-themen_it-edv_100x17_100x17.jpg', '2018-12_Bilder Themen_IT-EDV.jpg', 2, 6, 3, NULL, 0, 'image/jpeg', 3, 100, 17, NULL, NULL, NULL, NULL, 52, '2018-12-20 15:53:39', '2018-12-20 15:53:39', NULL),
(54, '2018-12_bilder-themen_marketing.jpg', '2018-12_Bilder Themen_Marketing.jpg', 2, 6, 2, NULL, 82710, 'image/jpeg', 3, 850, 150, NULL, NULL, NULL, NULL, NULL, '2018-12-20 15:53:58', '2018-12-20 15:53:58', NULL),
(55, '2018-12_bilder-themen_marketing_100x17_100x17.jpg', '2018-12_Bilder Themen_Marketing.jpg', 2, 6, 3, NULL, 0, 'image/jpeg', 3, 100, 17, NULL, NULL, NULL, NULL, 54, '2018-12-20 15:54:04', '2018-12-20 15:54:04', NULL),
(56, '2018-12_bilder-themen_nutzfahrzeuge.jpg', '2018-12_Bilder Themen_Nutzfahrzeuge.jpg', 2, 6, 2, NULL, 170815, 'image/jpeg', 3, 850, 150, NULL, NULL, NULL, NULL, NULL, '2018-12-20 15:54:19', '2018-12-20 15:54:19', NULL),
(57, '2018-12_bilder-themen_nutzfahrzeuge_170815.jpg', '2018-12_Bilder Themen_Nutzfahrzeuge.jpg', 2, 6, 2, NULL, 170815, 'image/jpeg', 3, 850, 150, NULL, NULL, NULL, NULL, NULL, '2018-12-20 15:54:20', '2018-12-20 15:54:20', NULL),
(58, '2018-12_bilder-themen_nutzfahrzeuge_170815_100x17_100x17.jpg', '2018-12_Bilder Themen_Nutzfahrzeuge.jpg', 2, 6, 3, NULL, 0, 'image/jpeg', 3, 100, 17, NULL, NULL, NULL, NULL, 57, '2018-12-20 15:54:28', '2018-12-20 15:54:28', NULL),
(59, '2018-12_bilder-themen_nutzfahrzeuge_100x17_100x17.jpg', '2018-12_Bilder Themen_Nutzfahrzeuge.jpg', 2, 6, 3, NULL, 0, 'image/jpeg', 3, 100, 17, NULL, NULL, NULL, NULL, 56, '2018-12-20 15:54:35', '2018-12-20 15:54:35', NULL),
(60, '2018-12_bilder-themen_sport.jpg', '2018-12_Bilder Themen_SPORT.jpg', 2, 6, 2, NULL, 120041, 'image/jpeg', 3, 850, 150, NULL, NULL, NULL, NULL, NULL, '2018-12-20 15:54:43', '2018-12-20 15:54:43', NULL),
(61, '2018-12_bilder-themen_sport_100x17_100x17.jpg', '2018-12_Bilder Themen_SPORT.jpg', 2, 6, 3, NULL, 0, 'image/jpeg', 3, 100, 17, NULL, NULL, NULL, NULL, 60, '2018-12-20 15:54:51', '2018-12-20 15:54:51', NULL),
(62, '2018-12_bilder-themen_us.jpg', '2018-12_Bilder Themen_US.jpg', 2, 6, 2, NULL, 113801, 'image/jpeg', 3, 850, 150, NULL, NULL, NULL, NULL, NULL, '2018-12-20 15:55:04', '2018-12-20 15:55:04', NULL),
(63, '2018-12_bilder-themen_us_113801.jpg', '2018-12_Bilder Themen_US.jpg', 2, 6, 2, NULL, 113801, 'image/jpeg', 3, 850, 150, NULL, NULL, NULL, NULL, NULL, '2018-12-20 15:55:04', '2018-12-20 15:55:04', NULL),
(64, '2018-12_bilder-themen_us_113801_100x17_100x17.jpg', '2018-12_Bilder Themen_US.jpg', 2, 6, 3, NULL, 0, 'image/jpeg', 3, 100, 17, NULL, NULL, NULL, NULL, 63, '2018-12-20 15:55:12', '2018-12-20 15:55:12', NULL),
(65, '2018-12_bilder-themen_us_100x17_100x17.jpg', '2018-12_Bilder Themen_US.jpg', 2, 6, 3, NULL, 0, 'image/jpeg', 3, 100, 17, NULL, NULL, NULL, NULL, 62, '2018-12-20 16:41:51', '2018-12-20 16:41:51', NULL),
(66, 'no-pic_54x54_54x54.png', 'no-pic.png', 1, 6, 3, NULL, 0, 'image/png', NULL, 54, 54, NULL, NULL, NULL, NULL, 5, '2019-01-17 15:56:36', '2019-01-17 15:56:36', NULL),
(75, '2018-11-20-protokoll-otc-d-def.pdf', '2018-11-20 Protokoll OTC D DEF.pdf', 7, 6, 1, 29, 120317, 'application/pdf', NULL, NULL, NULL, NULL, NULL, NULL, NULL, NULL, '2019-01-18 08:30:42', '2019-01-18 08:30:42', NULL),
(76, '2018-11-20-protokoll-otc-d-def-f.pdf', '2018-11-20 Protokoll OTC D DEF F.pdf', 7, 6, 1, 30, 151940, 'application/pdf', NULL, NULL, NULL, NULL, NULL, NULL, NULL, NULL, '2019-01-18 08:39:02', '2019-01-18 08:39:02', NULL),
(77, '2018-11-20-protokoll-otc-d-def_120317.pdf', '2018-11-20 Protokoll OTC D DEF.pdf', 7, 6, 1, 31, 120317, 'application/pdf', NULL, NULL, NULL, NULL, NULL, NULL, NULL, NULL, '2019-01-18 08:42:47', '2019-01-18 08:42:47', NULL),
(78, '01-otc_-opel-sales-praesentation-18.10.09_2.pdf', '01-OTC_ Opel Sales Präsentation 18.10.09_2.pdf', 7, 6, 1, 31, 1000284, 'application/pdf', NULL, NULL, NULL, NULL, NULL, NULL, NULL, NULL, '2019-01-18 08:48:07', '2019-01-18 08:48:07', NULL),
(79, '2018-11-20-protokoll-otc-d-def_120317_120317.pdf', '2018-11-20 Protokoll OTC D DEF.pdf', 7, 6, 1, 31, 120317, 'application/pdf', NULL, NULL, NULL, NULL, NULL, NULL, NULL, NULL, '2019-01-18 08:50:01', '2019-01-18 08:50:01', NULL),
(80, 'slider_1905x6406_100x33_100x33.jpg', 'Slider_1905x6406.jpg', 1, 6, 3, NULL, 0, 'image/jpeg', 3, 100, 33, NULL, NULL, NULL, NULL, 27, '2019-01-18 17:29:50', '2019-01-18 17:29:50', NULL),
(81, 'slider_1905x6402_100x33_100x33.jpg', 'Slider_1905x6402.jpg', 1, 6, 3, NULL, 0, 'image/jpeg', 3, 100, 33, NULL, NULL, NULL, NULL, 19, '2019-01-20 09:37:32', '2019-01-20 09:37:32', NULL),
(84, 'hw-neu4-2016.jpg', 'HW neu4 2016.jpg', 7, 6, 2, 5, 79420, 'image/jpeg', 3, 767, 1024, NULL, NULL, NULL, NULL, NULL, '2019-01-22 18:20:58', '2019-01-22 18:20:58', NULL),
(85, 'hw-neu4-2016_23x32_23x32.jpg', 'HW neu4 2016.jpg', 7, 6, 3, NULL, 0, 'image/jpeg', 3, 23, 32, NULL, NULL, NULL, NULL, 84, '2019-01-22 18:21:14', '2019-01-22 18:21:14', NULL),
(86, '2018-12_bilder-themen_vertragskommision.jpg', '2018-12_Bilder Themen_Vertragskommision.jpg', 7, 6, 2, NULL, 801150, 'image/jpeg', 4, 850, 150, NULL, NULL, NULL, NULL, NULL, '2019-01-23 18:05:38', '2019-01-23 18:05:38', NULL),
(87, '2018-12_bilder-themen_vertragskommision_100x17_100x17.jpg', '2018-12_Bilder Themen_Vertragskommision.jpg', 7, 6, 3, NULL, 0, 'image/jpeg', 4, 100, 17, NULL, NULL, NULL, NULL, 86, '2019-01-23 18:05:44', '2019-01-23 18:05:44', NULL);

-- --------------------------------------------------------

--
-- Tabellenstruktur für Tabelle `media_config`
--

CREATE TABLE `media_config` (
  `id` bigint(20) UNSIGNED NOT NULL,
  `short` varchar(120) COLLATE utf8_bin NOT NULL,
  `name` varchar(120) COLLATE utf8_bin NOT NULL,
  `media_id` bigint(20) UNSIGNED DEFAULT NULL,
  `created_at` datetime NOT NULL,
  `updated_at` datetime NOT NULL,
  `deleted_at` datetime DEFAULT NULL
) ENGINE=InnoDB DEFAULT CHARSET=utf8 COLLATE=utf8_bin;

-- --------------------------------------------------------

--
-- Tabellenstruktur für Tabelle `media_folder`
--

CREATE TABLE `media_folder` (
  `id` bigint(20) UNSIGNED NOT NULL,
  `name` varchar(255) COLLATE utf8_bin NOT NULL,
  `media_folder_id` bigint(20) UNSIGNED DEFAULT NULL,
  `created_at` datetime NOT NULL,
  `updated_at` datetime NOT NULL,
  `deleted_at` datetime DEFAULT NULL
) ENGINE=InnoDB DEFAULT CHARSET=utf8 COLLATE=utf8_bin;

--
-- Daten für Tabelle `media_folder`
--

INSERT INTO `media_folder` (`id`, `name`, `media_folder_id`, `created_at`, `updated_at`, `deleted_at`) VALUES
(1, 'images', NULL, '2018-11-26 10:10:41', '2018-11-26 10:10:41', NULL),
(2, 'imageconfig', 1, '2018-11-26 10:10:41', '2018-11-26 10:10:41', NULL),
(3, 'slider', 1, '2018-11-26 10:10:41', '2018-11-26 10:10:41', NULL),
(4, 'blog', 1, '2018-11-26 10:10:41', '2018-11-26 10:10:41', NULL),
(5, 'contentsiteimages', 1, '2018-11-26 17:15:23', '2018-11-26 17:15:23', NULL),
(6, 'user', 1, '2018-11-26 17:37:42', '2018-11-26 17:37:42', NULL),
(7, 'medias', NULL, '2018-12-20 09:38:53', '2018-12-20 09:38:53', NULL),
(8, 'dates', 7, '2018-12-20 09:38:53', '2018-12-20 09:38:53', NULL),
(9, 'en', 8, '2018-12-20 09:38:53', '2018-12-20 09:38:53', NULL),
(10, 'fr', 8, '2018-12-20 09:38:54', '2018-12-20 09:38:54', NULL),
(11, 'de', 8, '2018-12-20 09:38:54', '2018-12-20 09:38:54', NULL),
(12, 'it', 8, '2018-12-20 09:38:54', '2018-12-20 09:38:54', NULL),
(13, 'commission', 7, '2018-12-20 09:49:11', '2018-12-20 09:49:11', NULL),
(14, 'en', 13, '2018-12-20 09:49:11', '2018-12-20 09:49:11', NULL),
(15, 'fr', 13, '2018-12-20 09:49:11', '2018-12-20 09:49:11', NULL),
(16, 'de', 13, '2018-12-20 09:49:11', '2018-12-20 09:49:11', NULL),
(17, 'it', 13, '2018-12-20 09:49:11', '2018-12-20 09:49:11', NULL),
(18, 'news', 7, '2018-12-20 11:25:45', '2018-12-20 11:25:45', NULL),
(19, 'en', 18, '2018-12-20 11:25:45', '2018-12-20 11:25:45', NULL),
(20, 'fr', 18, '2018-12-20 11:25:46', '2018-12-20 11:25:46', NULL),
(21, 'de', 18, '2018-12-20 11:25:46', '2018-12-20 11:25:46', NULL),
(22, 'it', 18, '2018-12-20 11:25:46', '2018-12-20 11:25:46', NULL),
(23, 'salesstatistics', 7, '2018-12-20 11:31:07', '2018-12-20 11:31:07', NULL),
(24, 'en', 23, '2018-12-20 11:31:07', '2018-12-20 11:31:07', NULL),
(25, 'fr', 23, '2018-12-20 11:31:07', '2018-12-20 11:31:07', NULL),
(26, 'de', 23, '2018-12-20 11:31:07', '2018-12-20 11:31:07', NULL),
(27, 'it', 23, '2018-12-20 11:31:08', '2018-12-20 11:31:08', NULL),
(28, 'otc', 7, '2019-01-14 08:14:14', '2019-01-14 08:14:14', NULL),
(29, 'en', 28, '2019-01-14 08:14:14', '2019-01-14 08:14:14', NULL),
(30, 'fr', 28, '2019-01-14 08:14:14', '2019-01-14 08:14:14', NULL),
(31, 'de', 28, '2019-01-14 08:14:15', '2019-01-14 08:14:15', NULL),
(32, 'it', 28, '2019-01-14 08:14:15', '2019-01-14 08:14:15', NULL),
(33, 'frPresentation', 28, '2019-01-25 14:18:48', '2019-01-25 14:18:48', NULL),
(34, 'dePresentation', 28, '2019-01-25 14:18:48', '2019-01-25 14:18:48', NULL),
(35, 'assembly', 7, '2019-01-25 14:24:21', '2019-01-25 14:24:21', NULL),
(36, 'fr', 35, '2019-01-25 14:24:21', '2019-01-25 14:24:21', NULL),
(37, 'de', 35, '2019-01-25 14:24:21', '2019-01-25 14:24:21', NULL),
(38, 'frPresentation', 35, '2019-01-25 14:24:22', '2019-01-25 14:24:22', NULL),
(39, 'dePresentation', 35, '2019-01-25 14:24:22', '2019-01-25 14:24:22', NULL),
(40, 'frPresentation', 18, '2019-01-25 14:24:28', '2019-01-25 14:24:28', NULL),
(41, 'dePresentation', 18, '2019-01-25 14:24:29', '2019-01-25 14:24:29', NULL),
(42, 'frPresentation', 8, '2019-01-25 14:25:02', '2019-01-25 14:25:02', NULL),
(43, 'dePresentation', 8, '2019-01-25 14:25:03', '2019-01-25 14:25:03', NULL),
(44, 'frPresentation', 13, '2019-01-25 14:25:10', '2019-01-25 14:25:10', NULL),
(45, 'dePresentation', 13, '2019-01-25 14:25:11', '2019-01-25 14:25:11', NULL);

-- --------------------------------------------------------

--
-- Tabellenstruktur für Tabelle `media_image_m2n_action`
--

CREATE TABLE `media_image_m2n_action` (
  `id` bigint(20) UNSIGNED NOT NULL,
  `short` varchar(120) COLLATE utf8_bin NOT NULL,
  `name` varchar(120) COLLATE utf8_bin NOT NULL,
  `media_image_id` bigint(20) UNSIGNED NOT NULL,
  `action_id` bigint(20) UNSIGNED NOT NULL,
  `position` bigint(20) UNSIGNED DEFAULT NULL,
  `created_at` datetime NOT NULL,
  `updated_at` datetime NOT NULL,
  `deleted_at` datetime DEFAULT NULL
) ENGINE=InnoDB DEFAULT CHARSET=utf8 COLLATE=utf8_bin;

--
-- Daten für Tabelle `media_image_m2n_action`
--

INSERT INTO `media_image_m2n_action` (`id`, `short`, `name`, `media_image_id`, `action_id`, `position`, `created_at`, `updated_at`, `deleted_at`) VALUES
(6, '1', '1', 17, 18, 1, '2018-11-26 17:16:06', '2019-01-22 18:08:55', NULL),
(7, '2', '2', 19, 18, 2, '2018-11-26 17:16:33', '2019-01-22 18:08:55', NULL),
(8, '3', '3', 21, 18, 3, '2018-11-26 17:16:58', '2019-01-22 18:08:55', NULL),
(9, '4', '4', 23, 18, 4, '2018-11-26 17:17:25', '2019-01-22 18:08:55', NULL),
(10, '5', '5', 25, 18, 5, '2018-11-26 17:17:52', '2019-01-22 18:08:55', NULL),
(11, '6', '6', 27, 18, 6, '2018-11-26 17:18:18', '2019-01-22 18:08:55', NULL);

-- --------------------------------------------------------

--
-- Tabellenstruktur für Tabelle `media_image_m2n_action_translation`
--

CREATE TABLE `media_image_m2n_action_translation` (
  `id` bigint(20) UNSIGNED NOT NULL DEFAULT '0',
  `title` varchar(120) COLLATE utf8_bin DEFAULT NULL,
  `content` mediumtext COLLATE utf8_bin,
  `lang` char(2) COLLATE utf8_bin NOT NULL DEFAULT '',
  `created_at` datetime NOT NULL,
  `updated_at` datetime NOT NULL,
  `deleted_at` datetime DEFAULT NULL
) ENGINE=InnoDB DEFAULT CHARSET=utf8 COLLATE=utf8_bin;

--
-- Daten für Tabelle `media_image_m2n_action_translation`
--

INSERT INTO `media_image_m2n_action_translation` (`id`, `title`, `content`, `lang`, `created_at`, `updated_at`, `deleted_at`) VALUES
(6, '', NULL, 'de', '2018-11-26 17:16:06', '2019-01-14 10:38:09', NULL),
(6, '', NULL, 'en', '2018-11-26 17:16:06', '2019-01-14 10:38:09', NULL),
(6, '', NULL, 'fr', '2019-01-14 10:38:09', '2019-01-14 10:38:09', NULL),
(7, '', NULL, 'de', '2018-11-26 17:16:33', '2019-01-14 10:38:09', NULL),
(7, '', NULL, 'en', '2018-11-26 17:16:33', '2019-01-14 10:38:09', NULL),
(7, '', NULL, 'fr', '2019-01-14 10:38:09', '2019-01-14 10:38:09', NULL),
(8, '', NULL, 'de', '2018-11-26 17:16:58', '2019-01-14 10:38:09', NULL),
(8, '', NULL, 'en', '2018-11-26 17:16:58', '2019-01-14 10:38:09', NULL),
(8, '', NULL, 'fr', '2019-01-14 10:38:09', '2019-01-14 10:38:09', NULL),
(9, '', NULL, 'de', '2018-11-26 17:17:25', '2019-01-14 10:38:09', NULL),
(9, '', NULL, 'en', '2018-11-26 17:17:25', '2019-01-14 10:38:09', NULL),
(9, '', NULL, 'fr', '2019-01-14 10:38:09', '2019-01-14 10:38:09', NULL),
(10, '', NULL, 'de', '2018-11-26 17:17:52', '2019-01-14 10:38:09', NULL),
(10, '', NULL, 'en', '2018-11-26 17:17:52', '2019-01-14 10:38:09', NULL),
(10, '', NULL, 'fr', '2019-01-14 10:38:09', '2019-01-14 10:38:09', NULL),
(11, '', NULL, 'de', '2018-11-26 17:18:18', '2019-01-14 10:38:09', NULL),
(11, '', NULL, 'en', '2018-11-26 17:18:18', '2019-01-14 10:38:09', NULL),
(11, '', NULL, 'fr', '2019-01-14 10:38:09', '2019-01-14 10:38:09', NULL);

-- --------------------------------------------------------

--
-- Tabellenstruktur für Tabelle `media_image_m2n_info_page`
--

CREATE TABLE `media_image_m2n_info_page` (
  `id` bigint(20) UNSIGNED NOT NULL,
  `media_image_id` bigint(20) UNSIGNED NOT NULL,
  `info_page_id` bigint(20) UNSIGNED NOT NULL,
  `position` bigint(20) UNSIGNED DEFAULT NULL,
  `created_at` datetime NOT NULL,
  `updated_at` datetime NOT NULL,
  `deleted_at` datetime DEFAULT NULL
) ENGINE=InnoDB DEFAULT CHARSET=utf8 COLLATE=utf8_bin;

-- --------------------------------------------------------

--
-- Tabellenstruktur für Tabelle `media_translation`
--

CREATE TABLE `media_translation` (
  `id` bigint(20) UNSIGNED NOT NULL DEFAULT '0',
  `name` varchar(255) COLLATE utf8_bin DEFAULT NULL,
  `keywords` varchar(255) COLLATE utf8_bin DEFAULT NULL,
  `description` mediumtext COLLATE utf8_bin,
  `lang` char(2) COLLATE utf8_bin NOT NULL DEFAULT '',
  `created_at` datetime NOT NULL,
  `updated_at` datetime NOT NULL,
  `deleted_at` datetime DEFAULT NULL
) ENGINE=InnoDB DEFAULT CHARSET=utf8 COLLATE=utf8_bin;

--
-- Daten für Tabelle `media_translation`
--

INSERT INTO `media_translation` (`id`, `name`, `keywords`, `description`, `lang`, `created_at`, `updated_at`, `deleted_at`) VALUES
(1, 'logo', NULL, NULL, 'de', '2018-11-26 10:10:41', '2018-11-26 10:10:41', NULL),
(1, 'logo', NULL, NULL, 'en', '2018-11-26 10:10:41', '2018-11-26 10:10:41', NULL),
(2, 'logo', NULL, NULL, 'de', '2018-11-26 10:10:41', '2018-11-26 10:10:41', NULL),
(2, 'logo', NULL, NULL, 'en', '2018-11-26 10:10:41', '2018-11-26 10:10:41', NULL),
(3, 'logo_small', NULL, NULL, 'de', '2018-11-26 10:10:41', '2018-11-26 10:10:41', NULL),
(3, 'logo_small', NULL, NULL, 'en', '2018-11-26 10:10:41', '2018-11-26 10:10:41', NULL),
(4, 'header', NULL, NULL, 'de', '2018-11-26 10:10:41', '2018-11-26 10:10:41', NULL),
(4, 'header', NULL, NULL, 'en', '2018-11-26 10:10:41', '2018-11-26 10:10:41', NULL),
(5, 'no-pic', NULL, NULL, 'de', '2018-11-26 10:10:41', '2018-11-26 10:10:41', NULL),
(5, 'no-pic', NULL, NULL, 'en', '2018-11-26 10:10:41', '2018-11-26 10:10:41', NULL),
(6, 'banner1', NULL, NULL, 'de', '2018-11-26 10:10:41', '2018-11-26 10:10:41', NULL),
(6, 'banner1', NULL, NULL, 'en', '2018-11-26 10:10:41', '2018-11-26 10:10:41', NULL),
(7, 'banner2', NULL, NULL, 'de', '2018-11-26 10:10:41', '2018-11-26 10:10:41', NULL),
(7, 'banner2', NULL, NULL, 'en', '2018-11-26 10:10:41', '2018-11-26 10:10:41', NULL),
(8, 'banner3', NULL, NULL, 'de', '2018-11-26 10:10:41', '2018-11-26 10:10:41', NULL),
(8, 'banner3', NULL, NULL, 'en', '2018-11-26 10:10:41', '2018-11-26 10:10:41', NULL),
(9, 'banner4', NULL, NULL, 'de', '2018-11-26 10:10:41', '2018-11-26 10:10:41', NULL),
(9, 'banner4', NULL, NULL, 'en', '2018-11-26 10:10:41', '2018-11-26 10:10:41', NULL),
(10, 'nutzfahrzeuge', NULL, NULL, 'de', '2018-11-26 10:10:41', '2018-11-26 10:10:41', NULL),
(10, 'nutzfahrzeuge', NULL, NULL, 'en', '2018-11-26 10:10:41', '2018-11-26 10:10:41', NULL),
(11, 'nutzfahrzeuge', NULL, NULL, 'de', '2018-11-26 10:10:41', '2018-11-26 10:10:41', NULL),
(11, 'nutzfahrzeuge', NULL, NULL, 'en', '2018-11-26 10:10:41', '2018-11-26 10:10:41', NULL),
(17, 'Slider_1905x640.jpg', NULL, NULL, 'de', '2018-11-26 17:15:43', '2018-11-26 17:15:43', NULL),
(17, NULL, NULL, NULL, 'en', '2018-11-26 17:15:43', '2018-11-26 17:15:43', NULL),
(19, 'Slider_1905x6402.jpg', NULL, NULL, 'de', '2018-11-26 17:16:24', '2018-11-26 17:16:24', NULL),
(19, NULL, NULL, NULL, 'en', '2018-11-26 17:16:24', '2018-11-26 17:16:24', NULL),
(21, 'Slider_1905x6403.jpg', NULL, NULL, 'de', '2018-11-26 17:16:48', '2018-11-26 17:16:48', NULL),
(21, NULL, NULL, NULL, 'en', '2018-11-26 17:16:48', '2018-11-26 17:16:48', NULL),
(23, 'Slider_1905x6404.jpg', NULL, NULL, 'de', '2018-11-26 17:17:20', '2018-11-26 17:17:20', NULL),
(23, NULL, NULL, NULL, 'en', '2018-11-26 17:17:20', '2018-11-26 17:17:20', NULL),
(25, 'Slider_1905x6405.jpg', NULL, NULL, 'de', '2018-11-26 17:17:43', '2018-11-26 17:17:43', NULL),
(25, NULL, NULL, NULL, 'en', '2018-11-26 17:17:43', '2018-11-26 17:17:43', NULL),
(27, 'Slider_1905x6406.jpg', NULL, NULL, 'de', '2018-11-26 17:18:10', '2018-11-26 17:18:10', NULL),
(27, NULL, NULL, NULL, 'en', '2018-11-26 17:18:10', '2018-11-26 17:18:10', NULL),
(34, '1806_Logo_Final_PFADE.png', NULL, NULL, 'de', '2018-11-26 17:23:02', '2018-11-26 17:23:02', NULL),
(34, NULL, NULL, NULL, 'en', '2018-11-26 17:23:02', '2018-11-26 17:23:02', NULL),
(43, '2018-08-30-ProtokollIT-KommissionDDEFF.pdf', NULL, NULL, 'de', '2018-12-20 09:53:25', '2018-12-20 09:53:25', NULL),
(45, '2018-10-09ProtokollOTCDDEFF.pdf', NULL, NULL, 'de', '2018-12-20 10:05:13', '2018-12-20 10:05:13', NULL),
(46, '2018-10-09ProtokollOTCDDEF', NULL, NULL, 'de', '2018-12-20 10:07:17', '2018-12-20 10:07:17', NULL),
(46, '2018-10-09ProtokollOTCDDEF', NULL, NULL, 'en', '2018-12-20 10:07:17', '2018-12-20 10:07:17', NULL),
(48, '2018-12_Bilder Themen_Aftersales.jpg', NULL, NULL, 'de', '2018-12-20 15:52:52', '2018-12-20 15:52:52', NULL),
(48, NULL, NULL, NULL, 'en', '2018-12-20 15:52:52', '2018-12-20 15:52:52', NULL),
(50, '2018-12_Bilder Themen_Business-Management.jpg', NULL, NULL, 'de', '2018-12-20 15:53:13', '2018-12-20 15:53:13', NULL),
(50, NULL, NULL, NULL, 'en', '2018-12-20 15:53:13', '2018-12-20 15:53:13', NULL),
(52, '2018-12_Bilder Themen_IT-EDV.jpg', NULL, NULL, 'de', '2018-12-20 15:53:33', '2018-12-20 15:53:33', NULL),
(52, NULL, NULL, NULL, 'en', '2018-12-20 15:53:33', '2018-12-20 15:53:33', NULL),
(54, '2018-12_Bilder Themen_Marketing.jpg', NULL, NULL, 'de', '2018-12-20 15:53:58', '2018-12-20 15:53:58', NULL),
(54, NULL, NULL, NULL, 'en', '2018-12-20 15:53:58', '2018-12-20 15:53:58', NULL),
(56, '2018-12_Bilder Themen_Nutzfahrzeuge.jpg', NULL, NULL, 'de', '2018-12-20 15:54:19', '2018-12-20 15:54:19', NULL),
(56, NULL, NULL, NULL, 'en', '2018-12-20 15:54:19', '2018-12-20 15:54:19', NULL),
(57, '2018-12_Bilder Themen_Nutzfahrzeuge.jpg', NULL, NULL, 'de', '2018-12-20 15:54:20', '2018-12-20 15:54:20', NULL),
(57, NULL, NULL, NULL, 'en', '2018-12-20 15:54:20', '2018-12-20 15:54:20', NULL),
(60, '2018-12_Bilder Themen_SPORT.jpg', NULL, NULL, 'de', '2018-12-20 15:54:43', '2018-12-20 15:54:43', NULL),
(60, NULL, NULL, NULL, 'en', '2018-12-20 15:54:43', '2018-12-20 15:54:43', NULL),
(62, '2018-12_Bilder Themen_US.jpg', NULL, NULL, 'de', '2018-12-20 15:55:04', '2018-12-20 15:55:04', NULL),
(62, NULL, NULL, NULL, 'en', '2018-12-20 15:55:04', '2018-12-20 15:55:04', NULL),
(63, '2018-12_Bilder Themen_US.jpg', NULL, NULL, 'de', '2018-12-20 15:55:04', '2018-12-20 15:55:04', NULL),
(63, NULL, NULL, NULL, 'en', '2018-12-20 15:55:04', '2018-12-20 15:55:04', NULL),
(75, '2018-11-20 Protokoll OTC D DEF.pdf', NULL, NULL, 'de', '2019-01-18 08:30:42', '2019-01-18 08:30:42', NULL),
(76, '2018-11-20 Protokoll OTC D DEF F.pdf', NULL, NULL, 'de', '2019-01-18 08:39:02', '2019-01-18 08:39:02', NULL),
(77, '2018-11-20 Protokoll OTC D DEF.pdf', NULL, NULL, 'de', '2019-01-18 08:42:47', '2019-01-18 08:42:47', NULL),
(78, '01-OTC_ Opel Sales Präsentation 18.10.09_2.pdf', NULL, NULL, 'de', '2019-01-18 08:48:07', '2019-01-18 08:48:07', NULL),
(79, '2018-11-20 Protokoll OTC D DEF.pdf', NULL, NULL, 'de', '2019-01-18 08:50:01', '2019-01-18 08:50:01', NULL),
(84, 'HW neu4 2016', NULL, NULL, 'de', '2019-01-22 18:20:58', '2019-01-22 18:20:58', NULL),
(84, 'HW neu4 2016', NULL, NULL, 'fr', '2019-01-22 18:20:58', '2019-01-22 18:20:58', NULL),
(86, '2018-12_Bilder Themen_Vertragskommision', NULL, NULL, 'de', '2019-01-23 18:05:38', '2019-01-23 18:05:38', NULL),
(86, '2018-12_Bilder Themen_Vertragskommision', NULL, NULL, 'fr', '2019-01-23 18:05:38', '2019-01-23 18:05:38', NULL);

-- --------------------------------------------------------

--
-- Tabellenstruktur für Tabelle `media_type`
--

CREATE TABLE `media_type` (
  `id` bigint(20) UNSIGNED NOT NULL,
  `short` varchar(16) COLLATE utf8_bin NOT NULL,
  `created_at` datetime NOT NULL,
  `updated_at` datetime NOT NULL,
  `deleted_at` datetime DEFAULT NULL
) ENGINE=InnoDB DEFAULT CHARSET=utf8 COLLATE=utf8_bin;

--
-- Daten für Tabelle `media_type`
--

INSERT INTO `media_type` (`id`, `short`, `created_at`, `updated_at`, `deleted_at`) VALUES
(1, 'file', '2018-11-26 10:10:24', '2018-11-26 10:10:24', NULL),
(2, 'image', '2018-11-26 10:10:24', '2018-11-26 10:10:24', NULL),
(3, 'imageInstance', '2018-11-26 10:10:24', '2018-11-26 10:10:24', NULL),
(4, 'shockwave', '2018-11-26 10:10:24', '2018-11-26 10:10:24', NULL);

-- --------------------------------------------------------

--
-- Tabellenstruktur für Tabelle `media_type_translation`
--

CREATE TABLE `media_type_translation` (
  `id` bigint(20) UNSIGNED NOT NULL DEFAULT '0',
  `name` varchar(16) COLLATE utf8_bin DEFAULT NULL,
  `description` mediumtext COLLATE utf8_bin,
  `lang` char(2) COLLATE utf8_bin NOT NULL DEFAULT '',
  `created_at` datetime NOT NULL,
  `updated_at` datetime NOT NULL,
  `deleted_at` datetime DEFAULT NULL
) ENGINE=InnoDB DEFAULT CHARSET=utf8 COLLATE=utf8_bin;

--
-- Daten für Tabelle `media_type_translation`
--

INSERT INTO `media_type_translation` (`id`, `name`, `description`, `lang`, `created_at`, `updated_at`, `deleted_at`) VALUES
(1, 'Datei', NULL, 'de', '2018-11-26 10:10:24', '2018-11-26 10:10:24', NULL),
(1, 'File', NULL, 'en', '2018-11-26 10:10:24', '2018-11-26 10:10:24', NULL),
(2, 'Bild', NULL, 'de', '2018-11-26 10:10:24', '2018-11-26 10:10:24', NULL),
(2, 'Image', NULL, 'en', '2018-11-26 10:10:24', '2018-11-26 10:10:24', NULL),
(3, 'Bild Instanz', NULL, 'de', '2018-11-26 10:10:24', '2018-11-26 10:10:24', NULL),
(3, 'Image Instance', NULL, 'en', '2018-11-26 10:10:24', '2018-11-26 10:10:24', NULL),
(4, 'Shockwave Objekt', NULL, 'de', '2018-11-26 10:10:24', '2018-11-26 10:10:24', NULL),
(4, 'Shockwave Object', NULL, 'en', '2018-11-26 10:10:24', '2018-11-26 10:10:24', NULL);

-- --------------------------------------------------------

--
-- Tabellenstruktur für Tabelle `meta_configuration`
--

CREATE TABLE `meta_configuration` (
  `id` bigint(20) UNSIGNED NOT NULL,
  `short` varchar(120) COLLATE utf8_bin NOT NULL,
  `name` varchar(120) COLLATE utf8_bin NOT NULL,
  `value` mediumtext COLLATE utf8_bin,
  `created_at` datetime NOT NULL,
  `updated_at` datetime NOT NULL,
  `deleted_at` datetime DEFAULT NULL
) ENGINE=InnoDB DEFAULT CHARSET=utf8 COLLATE=utf8_bin;

--
-- Daten für Tabelle `meta_configuration`
--

INSERT INTO `meta_configuration` (`id`, `short`, `name`, `value`, `created_at`, `updated_at`, `deleted_at`) VALUES
(1, 'og_type', 'og:type', 'website', '2018-11-26 10:10:41', '2018-11-26 10:10:41', NULL),
(2, 'og_country_name', 'og:country-name', NULL, '2018-11-26 10:10:41', '2019-01-17 15:53:12', NULL),
(3, 'og_email', 'og:email', NULL, '2018-11-26 10:10:41', '2019-01-17 15:53:14', NULL),
(4, 'og_image', 'og:image', NULL, '2018-11-26 10:10:41', '2019-01-17 15:53:16', NULL),
(5, 'place_location_latitude', 'place:location:latitude', NULL, '2018-11-26 10:10:41', '2019-01-17 15:53:18', NULL),
(6, 'place_location_longitude', 'place:location:longitude', NULL, '2018-11-26 10:10:41', '2019-01-17 15:53:20', NULL),
(7, 'fb_admins', 'fb.admins', NULL, '2018-11-26 10:10:41', '2019-01-17 15:53:22', NULL),
(8, 'fb_app_id', 'fb.app_id', NULL, '2018-11-26 10:10:41', '2019-01-17 15:53:24', NULL),
(9, 'geo_region', 'geo.region', NULL, '2018-11-26 10:10:41', '2019-01-17 15:53:25', NULL),
(10, 'geo_placename', 'geo.placename', NULL, '2018-11-26 10:10:41', '2019-01-17 15:53:28', NULL),
(11, 'author', 'author', NULL, '2018-11-26 10:10:41', '2019-01-17 15:53:30', NULL),
(12, 'publisher', 'publisher', NULL, '2018-11-26 10:10:41', '2019-01-17 15:53:32', NULL);

-- --------------------------------------------------------

--
-- Tabellenstruktur für Tabelle `model_column_name`
--

CREATE TABLE `model_column_name` (
  `id` bigint(20) UNSIGNED NOT NULL,
  `name` varchar(255) COLLATE utf8_bin NOT NULL,
  `model_name_id` bigint(20) UNSIGNED NOT NULL,
  `model_column_name_edit_as_id` bigint(20) UNSIGNED DEFAULT NULL,
  `position` bigint(20) UNSIGNED DEFAULT NULL,
  `created_at` datetime NOT NULL,
  `updated_at` datetime NOT NULL,
  `deleted_at` datetime DEFAULT NULL
) ENGINE=InnoDB DEFAULT CHARSET=utf8 COLLATE=utf8_bin;

--
-- Daten für Tabelle `model_column_name`
--

INSERT INTO `model_column_name` (`id`, `name`, `model_name_id`, `model_column_name_edit_as_id`, `position`, `created_at`, `updated_at`, `deleted_at`) VALUES
(1, 'id', 1, NULL, NULL, '2018-11-26 10:10:25', '2018-11-26 10:10:25', NULL),
(2, 'name', 1, NULL, NULL, '2018-11-26 10:10:25', '2018-11-26 10:10:25', NULL),
(3, 'resource', 1, NULL, NULL, '2018-11-26 10:10:25', '2018-11-26 10:10:25', NULL),
(4, 'controller_id', 1, NULL, NULL, '2018-11-26 10:10:25', '2018-11-26 10:10:25', NULL),
(5, 'role_id', 1, NULL, NULL, '2018-11-26 10:10:25', '2018-11-26 10:10:25', NULL),
(6, 'is_allowed', 1, NULL, NULL, '2018-11-26 10:10:25', '2018-11-26 10:10:25', NULL),
(7, 'is_action_method', 1, NULL, NULL, '2018-11-26 10:10:25', '2018-11-26 10:10:25', NULL),
(8, 'is_html_view', 1, NULL, NULL, '2018-11-26 10:10:25', '2018-11-26 10:10:25', NULL),
(9, 'is_ajax_view', 1, NULL, NULL, '2018-11-26 10:10:25', '2018-11-26 10:10:25', NULL),
(10, 'is_json_view', 1, NULL, NULL, '2018-11-26 10:10:25', '2018-11-26 10:10:25', NULL),
(11, 'layout', 1, NULL, NULL, '2018-11-26 10:10:25', '2018-11-26 10:10:25', NULL),
(12, 'content_partial', 1, NULL, NULL, '2018-11-26 10:10:25', '2018-11-26 10:10:25', NULL),
(13, 'canonical_lang', 1, NULL, NULL, '2018-11-26 10:10:25', '2018-11-26 10:10:25', NULL),
(14, 'robots', 1, NULL, NULL, '2018-11-26 10:10:25', '2018-11-26 10:10:25', NULL),
(15, 'created_at', 1, NULL, NULL, '2018-11-26 10:10:25', '2018-11-26 10:10:25', NULL),
(16, 'updated_at', 1, NULL, NULL, '2018-11-26 10:10:25', '2018-11-26 10:10:25', NULL),
(17, 'deleted_at', 1, NULL, NULL, '2018-11-26 10:10:25', '2018-11-26 10:10:25', NULL),
(18, 'id', 2, NULL, NULL, '2018-11-26 10:10:25', '2018-11-26 10:10:25', NULL),
(19, 'disabled', 2, NULL, NULL, '2018-11-26 10:10:25', '2018-11-26 10:10:25', NULL),
(20, 'activation_code', 2, NULL, NULL, '2018-11-26 10:10:25', '2018-11-26 10:10:25', NULL),
(21, 'target', 2, NULL, NULL, '2018-11-26 10:10:25', '2018-11-26 10:10:25', NULL),
(22, 'target_id', 2, NULL, NULL, '2018-11-26 10:10:25', '2018-11-26 10:10:25', NULL),
(23, 'redirect_url', 2, NULL, NULL, '2018-11-26 10:10:25', '2018-11-26 10:10:25', NULL),
(24, 'remote_ip', 2, NULL, NULL, '2018-11-26 10:10:25', '2018-11-26 10:10:25', NULL),
(25, 'expires_at', 2, NULL, NULL, '2018-11-26 10:10:25', '2018-11-26 10:10:25', NULL),
(26, 'used_at', 2, NULL, NULL, '2018-11-26 10:10:25', '2018-11-26 10:10:25', NULL),
(27, 'created_at', 2, NULL, NULL, '2018-11-26 10:10:25', '2018-11-26 10:10:25', NULL),
(28, 'updated_at', 2, NULL, NULL, '2018-11-26 10:10:25', '2018-11-26 10:10:25', NULL),
(29, 'deleted_at', 2, NULL, NULL, '2018-11-26 10:10:25', '2018-11-26 10:10:25', NULL),
(30, 'id', 3, NULL, NULL, '2018-11-26 10:10:25', '2018-11-26 10:10:25', NULL),
(31, 'product_order_id', 3, NULL, NULL, '2018-11-26 10:10:25', '2018-11-26 10:10:25', NULL),
(32, 'house_type_id', 3, NULL, NULL, '2018-11-26 10:10:25', '2018-11-26 10:10:25', NULL),
(33, 'etage_id', 3, NULL, NULL, '2018-11-26 10:10:25', '2018-11-26 10:10:25', NULL),
(34, 'lift', 3, NULL, NULL, '2018-11-26 10:10:25', '2018-11-26 10:10:25', NULL),
(35, 'barrier_free', 3, NULL, NULL, '2018-11-26 10:10:25', '2018-11-26 10:10:25', NULL),
(36, 'room_number', 3, NULL, NULL, '2018-11-26 10:10:25', '2018-11-26 10:10:25', NULL),
(37, 'working_hours_from', 3, NULL, NULL, '2018-11-26 10:10:25', '2018-11-26 10:10:25', NULL),
(38, 'working_hours_till', 3, NULL, NULL, '2018-11-26 10:10:25', '2018-11-26 10:10:25', NULL),
(39, 'pause_hours_from', 3, NULL, NULL, '2018-11-26 10:10:25', '2018-11-26 10:10:25', NULL),
(40, 'pause_hours_till', 3, NULL, NULL, '2018-11-26 10:10:25', '2018-11-26 10:10:25', NULL),
(41, 'return_of_empties', 3, NULL, NULL, '2018-11-26 10:10:25', '2018-11-26 10:10:25', NULL),
(42, 'created_at', 3, NULL, NULL, '2018-11-26 10:10:25', '2018-11-26 10:10:25', NULL),
(43, 'updated_at', 3, NULL, NULL, '2018-11-26 10:10:25', '2018-11-26 10:10:25', NULL),
(44, 'deleted_at', 3, NULL, NULL, '2018-11-26 10:10:25', '2018-11-26 10:10:25', NULL),
(45, 'id', 4, NULL, NULL, '2018-11-26 10:10:25', '2018-11-26 10:10:25', NULL),
(46, 'short', 4, NULL, NULL, '2018-11-26 10:10:25', '2018-11-26 10:10:25', NULL),
(47, 'name', 4, NULL, NULL, '2018-11-26 10:10:25', '2018-11-26 10:10:25', NULL),
(48, 'position', 4, NULL, NULL, '2018-11-26 10:10:25', '2018-11-26 10:10:25', NULL),
(49, 'created_at', 4, NULL, NULL, '2018-11-26 10:10:25', '2018-11-26 10:10:25', NULL),
(50, 'updated_at', 4, NULL, NULL, '2018-11-26 10:10:25', '2018-11-26 10:10:25', NULL),
(51, 'deleted_at', 4, NULL, NULL, '2018-11-26 10:10:25', '2018-11-26 10:10:25', NULL),
(52, 'id', 5, NULL, NULL, '2018-11-26 10:10:25', '2018-11-26 10:10:25', NULL),
(53, 'short', 5, NULL, NULL, '2018-11-26 10:10:25', '2018-11-26 10:10:25', NULL),
(54, 'model_name_id', 5, NULL, NULL, '2018-11-26 10:10:25', '2018-11-26 10:10:25', NULL),
(55, 'action_id', 5, NULL, NULL, '2018-11-26 10:10:25', '2018-11-26 10:10:25', NULL),
(56, 'count_not_new', 5, NULL, NULL, '2018-11-26 10:10:25', '2018-11-26 10:10:25', NULL),
(57, 'created_at', 5, NULL, NULL, '2018-11-26 10:10:25', '2018-11-26 10:10:25', NULL),
(58, 'updated_at', 5, NULL, NULL, '2018-11-26 10:10:25', '2018-11-26 10:10:25', NULL),
(59, 'deleted_at', 5, NULL, NULL, '2018-11-26 10:10:25', '2018-11-26 10:10:25', NULL),
(60, 'id', 6, NULL, NULL, '2018-11-26 10:10:25', '2018-11-26 10:10:25', NULL),
(61, 'backend_admin_boxes_id', 6, NULL, NULL, '2018-11-26 10:10:25', '2018-11-26 10:10:25', NULL),
(62, 'backend_admin_boxes_action_id', 6, NULL, NULL, '2018-11-26 10:10:25', '2018-11-26 10:10:25', NULL),
(63, 'position', 6, NULL, NULL, '2018-11-26 10:10:25', '2018-11-26 10:10:25', NULL),
(64, 'created_at', 6, NULL, NULL, '2018-11-26 10:10:25', '2018-11-26 10:10:25', NULL),
(65, 'updated_at', 6, NULL, NULL, '2018-11-26 10:10:25', '2018-11-26 10:10:25', NULL),
(66, 'deleted_at', 6, NULL, NULL, '2018-11-26 10:10:25', '2018-11-26 10:10:25', NULL),
(67, 'id', 7, NULL, NULL, '2018-11-26 10:10:25', '2018-11-26 10:10:25', NULL),
(68, 'short', 7, NULL, NULL, '2018-11-26 10:10:25', '2018-11-26 10:10:25', NULL),
(69, 'name', 7, NULL, NULL, '2018-11-26 10:10:25', '2018-11-26 10:10:25', NULL),
(70, 'action_id', 7, NULL, NULL, '2018-11-26 10:10:25', '2018-11-26 10:10:25', NULL),
(71, 'media_image_id', 7, NULL, NULL, '2018-11-26 10:10:25', '2018-11-26 10:10:25', NULL),
(72, 'background_attachment', 7, NULL, NULL, '2018-11-26 10:10:25', '2018-11-26 10:10:25', NULL),
(73, 'background_size', 7, NULL, NULL, '2018-11-26 10:10:25', '2018-11-26 10:10:25', NULL),
(74, 'created_at', 7, NULL, NULL, '2018-11-26 10:10:25', '2018-11-26 10:10:25', NULL),
(75, 'updated_at', 7, NULL, NULL, '2018-11-26 10:10:25', '2018-11-26 10:10:25', NULL),
(76, 'deleted_at', 7, NULL, NULL, '2018-11-26 10:10:25', '2018-11-26 10:10:25', NULL),
(77, 'id', 8, NULL, NULL, '2018-11-26 10:10:25', '2018-11-26 10:10:25', NULL),
(78, 'short', 8, NULL, NULL, '2018-11-26 10:10:25', '2018-11-26 10:10:25', NULL),
(79, 'publish_datetime', 8, NULL, NULL, '2018-11-26 10:10:25', '2018-11-26 10:10:25', NULL),
(80, 'created_at', 8, NULL, NULL, '2018-11-26 10:10:25', '2018-11-26 10:10:25', NULL),
(81, 'updated_at', 8, NULL, NULL, '2018-11-26 10:10:25', '2018-11-26 10:10:25', NULL),
(82, 'deleted_at', 8, NULL, NULL, '2018-11-26 10:10:25', '2018-11-26 10:10:25', NULL),
(83, 'id', 9, NULL, NULL, '2018-11-26 10:10:25', '2018-11-26 10:10:25', NULL),
(84, 'short', 9, NULL, NULL, '2018-11-26 10:10:25', '2018-11-26 10:10:25', NULL),
(85, 'name', 9, NULL, NULL, '2018-11-26 10:10:25', '2018-11-26 10:10:25', NULL),
(86, 'media_image_id', 9, NULL, NULL, '2018-11-26 10:10:25', '2018-11-26 10:10:25', NULL),
(87, 'position', 9, NULL, NULL, '2018-11-26 10:10:25', '2018-11-26 10:10:25', NULL),
(88, 'created_at', 9, NULL, NULL, '2018-11-26 10:10:25', '2018-11-26 10:10:25', NULL),
(89, 'updated_at', 9, NULL, NULL, '2018-11-26 10:10:25', '2018-11-26 10:10:25', NULL),
(90, 'deleted_at', 9, NULL, NULL, '2018-11-26 10:10:25', '2018-11-26 10:10:25', NULL),
(91, 'id', 10, NULL, NULL, '2018-11-26 10:10:25', '2018-11-26 10:10:25', NULL),
(92, 'commission_id', 10, NULL, NULL, '2018-11-26 10:10:25', '2018-11-26 10:10:25', NULL),
(93, 'media_image_id', 10, NULL, NULL, '2018-11-26 10:10:25', '2018-11-26 10:10:25', NULL),
(94, 'position', 10, NULL, NULL, '2018-11-26 10:10:25', '2018-11-26 10:10:25', NULL),
(95, 'created_at', 10, NULL, NULL, '2018-11-26 10:10:25', '2018-11-26 10:10:25', NULL),
(96, 'updated_at', 10, NULL, NULL, '2018-11-26 10:10:25', '2018-11-26 10:10:25', NULL),
(97, 'deleted_at', 10, NULL, NULL, '2018-11-26 10:10:25', '2018-11-26 10:10:25', NULL),
(98, 'id', 11, NULL, NULL, '2018-11-26 10:10:25', '2018-11-26 10:10:25', NULL),
(99, 'short', 11, NULL, NULL, '2018-11-26 10:10:25', '2018-11-26 10:10:25', NULL),
(100, 'name', 11, NULL, NULL, '2018-11-26 10:10:25', '2018-11-26 10:10:25', NULL),
(101, 'media_image_id', 11, NULL, NULL, '2018-11-26 10:10:25', '2018-11-26 10:10:25', NULL),
(102, 'rollover_media_image_id', 11, NULL, NULL, '2018-11-26 10:10:25', '2018-11-26 10:10:25', NULL),
(103, 'action_id', 11, NULL, NULL, '2018-11-26 10:10:25', '2018-11-26 10:10:25', NULL),
(104, 'position', 11, NULL, NULL, '2018-11-26 10:10:25', '2018-11-26 10:10:25', NULL),
(105, 'created_at', 11, NULL, NULL, '2018-11-26 10:10:25', '2018-11-26 10:10:25', NULL),
(106, 'updated_at', 11, NULL, NULL, '2018-11-26 10:10:25', '2018-11-26 10:10:25', NULL),
(107, 'deleted_at', 11, NULL, NULL, '2018-11-26 10:10:25', '2018-11-26 10:10:25', NULL),
(108, 'id', 12, NULL, NULL, '2018-11-26 10:10:25', '2018-11-26 10:10:25', NULL),
(109, 'name', 12, NULL, NULL, '2018-11-26 10:10:25', '2018-11-26 10:10:25', NULL),
(110, 'resource', 12, NULL, NULL, '2018-11-26 10:10:25', '2018-11-26 10:10:25', NULL),
(111, 'module_id', 12, NULL, NULL, '2018-11-26 10:10:25', '2018-11-26 10:10:25', NULL),
(112, 'description', 12, NULL, NULL, '2018-11-26 10:10:25', '2018-11-26 10:10:25', NULL),
(113, 'created_at', 12, NULL, NULL, '2018-11-26 10:10:25', '2018-11-26 10:10:25', NULL),
(114, 'updated_at', 12, NULL, NULL, '2018-11-26 10:10:25', '2018-11-26 10:10:25', NULL),
(115, 'deleted_at', 12, NULL, NULL, '2018-11-26 10:10:25', '2018-11-26 10:10:25', NULL),
(116, 'id', 13, NULL, NULL, '2018-11-26 10:10:25', '2018-11-26 10:10:25', NULL),
(117, 'iso_2', 13, NULL, NULL, '2018-11-26 10:10:25', '2018-11-26 10:10:25', NULL),
(118, 'iso_3', 13, NULL, NULL, '2018-11-26 10:10:25', '2018-11-26 10:10:25', NULL),
(119, 'territory_iso_nr', 13, NULL, NULL, '2018-11-26 10:10:25', '2018-11-26 10:10:25', NULL),
(120, 'name_local', 13, NULL, NULL, '2018-11-26 10:10:25', '2018-11-26 10:10:25', NULL),
(121, 'created_at', 13, NULL, NULL, '2018-11-26 10:10:25', '2018-11-26 10:10:25', NULL),
(122, 'updated_at', 13, NULL, NULL, '2018-11-26 10:10:25', '2018-11-26 10:10:25', NULL),
(123, 'deleted_at', 13, NULL, NULL, '2018-11-26 10:10:25', '2018-11-26 10:10:25', NULL),
(124, 'id', 14, NULL, NULL, '2018-11-26 10:10:25', '2018-11-26 10:10:25', NULL),
(125, 'country_iso_3', 14, NULL, NULL, '2018-11-26 10:10:25', '2018-11-26 10:10:25', NULL),
(126, 'zone_code', 14, NULL, NULL, '2018-11-26 10:10:25', '2018-11-26 10:10:25', NULL),
(127, 'name_local', 14, NULL, NULL, '2018-11-26 10:10:25', '2018-11-26 10:10:25', NULL),
(128, 'created_at', 14, NULL, NULL, '2018-11-26 10:10:25', '2018-11-26 10:10:25', NULL),
(129, 'updated_at', 14, NULL, NULL, '2018-11-26 10:10:25', '2018-11-26 10:10:25', NULL),
(130, 'deleted_at', 14, NULL, NULL, '2018-11-26 10:10:25', '2018-11-26 10:10:25', NULL),
(131, 'id', 15, NULL, NULL, '2018-11-26 10:10:25', '2018-11-26 10:10:25', NULL),
(132, 'code', 15, NULL, NULL, '2018-11-26 10:10:25', '2018-11-26 10:10:25', NULL),
(133, 'value', 15, NULL, NULL, '2018-11-26 10:10:25', '2018-11-26 10:10:25', NULL),
(134, 'is_used', 15, NULL, NULL, '2018-11-26 10:10:25', '2018-11-26 10:10:25', NULL),
(135, 'entity_user_id', 15, NULL, NULL, '2018-11-26 10:10:25', '2018-11-26 10:10:25', NULL),
(136, 'end_of_validity', 15, NULL, NULL, '2018-11-26 10:10:25', '2018-11-26 10:10:25', NULL),
(137, 'original_value', 15, NULL, NULL, '2018-11-26 10:10:25', '2018-11-26 10:10:25', NULL),
(138, 'customer_email', 15, NULL, NULL, '2018-11-26 10:10:25', '2018-11-26 10:10:25', NULL),
(139, 'customer_phone', 15, NULL, NULL, '2018-11-26 10:10:25', '2018-11-26 10:10:25', NULL),
(140, 'customer_firstname', 15, NULL, NULL, '2018-11-26 10:10:25', '2018-11-26 10:10:25', NULL),
(141, 'customer_lastname', 15, NULL, NULL, '2018-11-26 10:10:25', '2018-11-26 10:10:25', NULL),
(142, 'customer_street', 15, NULL, NULL, '2018-11-26 10:10:25', '2018-11-26 10:10:25', NULL),
(143, 'customer_street_number', 15, NULL, NULL, '2018-11-26 10:10:25', '2018-11-26 10:10:25', NULL),
(144, 'customer_zip', 15, NULL, NULL, '2018-11-26 10:10:25', '2018-11-26 10:10:25', NULL),
(145, 'customer_city', 15, NULL, NULL, '2018-11-26 10:10:25', '2018-11-26 10:10:25', NULL),
(146, 'customer_country', 15, NULL, NULL, '2018-11-26 10:10:25', '2018-11-26 10:10:25', NULL),
(147, 'created_at', 15, NULL, NULL, '2018-11-26 10:10:25', '2018-11-26 10:10:25', NULL),
(148, 'updated_at', 15, NULL, NULL, '2018-11-26 10:10:25', '2018-11-26 10:10:25', NULL),
(149, 'deleted_at', 15, NULL, NULL, '2018-11-26 10:10:25', '2018-11-26 10:10:25', NULL),
(150, 'id', 16, NULL, NULL, '2018-11-26 10:10:25', '2018-11-26 10:10:25', NULL),
(151, 'coupon_id', 16, NULL, NULL, '2018-11-26 10:10:25', '2018-11-26 10:10:25', NULL),
(152, 'value', 16, NULL, NULL, '2018-11-26 10:10:25', '2018-11-26 10:10:25', NULL),
(153, 'product_order_id', 16, NULL, NULL, '2018-11-26 10:10:25', '2018-11-26 10:10:25', NULL),
(154, 'created_at', 16, NULL, NULL, '2018-11-26 10:10:25', '2018-11-26 10:10:25', NULL),
(155, 'updated_at', 16, NULL, NULL, '2018-11-26 10:10:25', '2018-11-26 10:10:25', NULL),
(156, 'deleted_at', 16, NULL, NULL, '2018-11-26 10:10:25', '2018-11-26 10:10:25', NULL),
(157, 'id', 17, NULL, NULL, '2018-11-26 10:10:25', '2018-11-26 10:10:25', NULL),
(158, 'product1_id', 17, NULL, NULL, '2018-11-26 10:10:25', '2018-11-26 10:10:25', NULL),
(159, 'product2_id', 17, NULL, NULL, '2018-11-26 10:10:25', '2018-11-26 10:10:25', NULL),
(160, 'counter', 17, NULL, NULL, '2018-11-26 10:10:25', '2018-11-26 10:10:25', NULL),
(161, 'created_at', 17, NULL, NULL, '2018-11-26 10:10:25', '2018-11-26 10:10:25', NULL),
(162, 'updated_at', 17, NULL, NULL, '2018-11-26 10:10:25', '2018-11-26 10:10:25', NULL),
(163, 'deleted_at', 17, NULL, NULL, '2018-11-26 10:10:25', '2018-11-26 10:10:25', NULL),
(164, 'id', 18, NULL, NULL, '2018-11-26 10:10:25', '2018-11-26 10:10:25', NULL),
(165, 'iso_3', 18, NULL, NULL, '2018-11-26 10:10:25', '2018-11-26 10:10:25', NULL),
(166, 'iso_nr', 18, NULL, NULL, '2018-11-26 10:10:25', '2018-11-26 10:10:25', NULL),
(167, 'symbol_left', 18, NULL, NULL, '2018-11-26 10:10:25', '2018-11-26 10:10:25', NULL),
(168, 'symbol_right', 18, NULL, NULL, '2018-11-26 10:10:25', '2018-11-26 10:10:25', NULL),
(169, 'sub_divisor', 18, NULL, NULL, '2018-11-26 10:10:25', '2018-11-26 10:10:25', NULL),
(170, 'sub_symbol_left', 18, NULL, NULL, '2018-11-26 10:10:25', '2018-11-26 10:10:25', NULL),
(171, 'sub_symbol_right', 18, NULL, NULL, '2018-11-26 10:10:25', '2018-11-26 10:10:25', NULL),
(172, 'thousands_point', 18, NULL, NULL, '2018-11-26 10:10:25', '2018-11-26 10:10:25', NULL),
(173, 'decimal_point', 18, NULL, NULL, '2018-11-26 10:10:25', '2018-11-26 10:10:25', NULL),
(174, 'decimal_digits', 18, NULL, NULL, '2018-11-26 10:10:25', '2018-11-26 10:10:25', NULL),
(175, 'created_at', 18, NULL, NULL, '2018-11-26 10:10:25', '2018-11-26 10:10:25', NULL),
(176, 'updated_at', 18, NULL, NULL, '2018-11-26 10:10:25', '2018-11-26 10:10:25', NULL),
(177, 'deleted_at', 18, NULL, NULL, '2018-11-26 10:10:25', '2018-11-26 10:10:25', NULL),
(178, 'id', 19, NULL, NULL, '2018-11-26 10:10:25', '2018-11-26 10:10:25', NULL),
(179, 'disabled', 19, NULL, NULL, '2018-11-26 10:10:25', '2018-11-26 10:10:25', NULL),
(180, 'disabled_reset_hash', 19, NULL, NULL, '2018-11-26 10:10:25', '2018-11-26 10:10:25', NULL),
(181, 'role_id', 19, NULL, NULL, '2018-11-26 10:10:25', '2018-11-26 10:10:25', NULL),
(182, 'login', 19, NULL, NULL, '2018-11-26 10:10:25', '2018-11-26 10:10:25', NULL),
(183, 'password', 19, NULL, NULL, '2018-11-26 10:10:25', '2018-11-26 10:10:25', NULL),
(184, 'password_reset_hash', 19, NULL, NULL, '2018-11-26 10:10:25', '2018-11-26 10:10:25', NULL),
(185, 'password_attempt', 19, NULL, NULL, '2018-11-26 10:10:25', '2018-11-26 10:10:25', NULL),
(186, 'company', 19, NULL, NULL, '2018-11-26 10:10:25', '2018-11-26 10:10:25', NULL),
(187, 'salutation_id', 19, NULL, NULL, '2018-11-26 10:10:25', '2018-11-26 10:10:25', NULL),
(188, 'firstname', 19, NULL, NULL, '2018-11-26 10:10:25', '2018-11-26 10:10:25', NULL),
(189, 'lastname', 19, NULL, NULL, '2018-11-26 10:10:25', '2018-11-26 10:10:25', NULL),
(190, 'street', 19, NULL, NULL, '2018-11-26 10:10:25', '2018-11-26 10:10:25', NULL),
(191, 'street_number', 19, NULL, NULL, '2018-11-26 10:10:25', '2018-11-26 10:10:25', NULL),
(192, 'address_line_1', 19, NULL, NULL, '2018-11-26 10:10:25', '2018-11-26 10:10:25', NULL),
(193, 'address_line_2', 19, NULL, NULL, '2018-11-26 10:10:25', '2018-11-26 10:10:25', NULL),
(194, 'zip', 19, NULL, NULL, '2018-11-26 10:10:25', '2018-11-26 10:10:25', NULL),
(195, 'city', 19, NULL, NULL, '2018-11-26 10:10:25', '2018-11-26 10:10:25', NULL),
(196, 'country_id', 19, NULL, NULL, '2018-11-26 10:10:25', '2018-11-26 10:10:25', NULL),
(197, 'billing_company', 19, NULL, NULL, '2018-11-26 10:10:25', '2018-11-26 10:10:25', NULL),
(198, 'billing_firstname', 19, NULL, NULL, '2018-11-26 10:10:25', '2018-11-26 10:10:25', NULL),
(199, 'billing_lastname', 19, NULL, NULL, '2018-11-26 10:10:25', '2018-11-26 10:10:25', NULL),
(200, 'billing_street', 19, NULL, NULL, '2018-11-26 10:10:25', '2018-11-26 10:10:25', NULL),
(201, 'billing_street_number', 19, NULL, NULL, '2018-11-26 10:10:25', '2018-11-26 10:10:25', NULL),
(202, 'billing_address_line_1', 19, NULL, NULL, '2018-11-26 10:10:25', '2018-11-26 10:10:25', NULL),
(203, 'billing_address_line_2', 19, NULL, NULL, '2018-11-26 10:10:25', '2018-11-26 10:10:25', NULL),
(204, 'billing_zip', 19, NULL, NULL, '2018-11-26 10:10:25', '2018-11-26 10:10:25', NULL),
(205, 'billing_city', 19, NULL, NULL, '2018-11-26 10:10:25', '2018-11-26 10:10:25', NULL),
(206, 'billing_country_id', 19, NULL, NULL, '2018-11-26 10:10:25', '2018-11-26 10:10:25', NULL),
(207, 'email', 19, NULL, NULL, '2018-11-26 10:10:25', '2018-11-26 10:10:25', NULL),
(208, 'mobile', 19, NULL, NULL, '2018-11-26 10:10:25', '2018-11-26 10:10:25', NULL),
(209, 'phone', 19, NULL, NULL, '2018-11-26 10:10:25', '2018-11-26 10:10:25', NULL),
(210, 'fax', 19, NULL, NULL, '2018-11-26 10:10:25', '2018-11-26 10:10:25', NULL),
(211, 'www', 19, NULL, NULL, '2018-11-26 10:10:25', '2018-11-26 10:10:25', NULL),
(212, 'last_login', 19, NULL, NULL, '2018-11-26 10:10:25', '2018-11-26 10:10:25', NULL),
(213, 'last_logout', 19, NULL, NULL, '2018-11-26 10:10:25', '2018-11-26 10:10:25', NULL),
(214, 'latitude', 19, NULL, NULL, '2018-11-26 10:10:25', '2018-11-26 10:10:25', NULL),
(215, 'longitude', 19, NULL, NULL, '2018-11-26 10:10:25', '2018-11-26 10:10:25', NULL),
(216, 'activated_at', 19, NULL, NULL, '2018-11-26 10:10:25', '2018-11-26 10:10:25', NULL),
(217, 'media_image_id', 19, NULL, NULL, '2018-11-26 10:10:25', '2018-11-26 10:10:25', NULL),
(218, 'login_with_http_user_agent', 19, NULL, NULL, '2018-11-26 10:10:25', '2018-11-26 10:10:25', NULL),
(219, 'login_with_http_accept', 19, NULL, NULL, '2018-11-26 10:10:25', '2018-11-26 10:10:25', NULL),
(220, 'login_with_http_accept_charset', 19, NULL, NULL, '2018-11-26 10:10:25', '2018-11-26 10:10:25', NULL),
(221, 'login_with_http_accept_encoding', 19, NULL, NULL, '2018-11-26 10:10:25', '2018-11-26 10:10:25', NULL),
(222, 'login_with_http_accept_language', 19, NULL, NULL, '2018-11-26 10:10:25', '2018-11-26 10:10:25', NULL),
(223, 'login_with_remote_addr', 19, NULL, NULL, '2018-11-26 10:10:25', '2018-11-26 10:10:25', NULL),
(224, 'use_all_paymentservices', 19, NULL, NULL, '2018-11-26 10:10:25', '2018-11-26 10:10:25', NULL),
(225, 'company_name', 19, NULL, NULL, '2018-11-26 10:10:25', '2018-11-26 10:10:25', NULL),
(226, 'commercial_register_id', 19, NULL, NULL, '2018-11-26 10:10:25', '2018-11-26 10:10:25', NULL),
(227, 'vat_tax_id', 19, NULL, NULL, '2018-11-26 10:10:25', '2018-11-26 10:10:25', NULL),
(228, 'managing_director', 19, NULL, NULL, '2018-11-26 10:10:25', '2018-11-26 10:10:25', NULL),
(229, 'branch', 19, NULL, NULL, '2018-11-26 10:10:25', '2018-11-26 10:10:25', NULL),
(230, 'contact_name', 19, NULL, NULL, '2018-11-26 10:10:25', '2018-11-26 10:10:25', NULL),
(231, 'contact_position', 19, NULL, NULL, '2018-11-26 10:10:25', '2018-11-26 10:10:25', NULL),
(232, 'created_at', 19, NULL, NULL, '2018-11-26 10:10:25', '2018-11-26 10:10:25', NULL),
(233, 'updated_at', 19, NULL, NULL, '2018-11-26 10:10:25', '2018-11-26 10:10:25', NULL),
(234, 'deleted_at', 19, NULL, NULL, '2018-11-26 10:10:25', '2018-11-26 10:10:25', NULL),
(235, 'id', 20, NULL, NULL, '2018-11-26 10:10:25', '2018-11-26 10:10:25', NULL),
(236, 'address_id', 20, NULL, NULL, '2018-11-26 10:10:25', '2018-11-26 10:10:25', NULL),
(237, 'delivery_date', 20, NULL, NULL, '2018-11-26 10:10:25', '2018-11-26 10:10:25', NULL),
(238, 'from_hour', 20, NULL, NULL, '2018-11-26 10:10:25', '2018-11-26 10:10:25', NULL),
(239, 'till_hour', 20, NULL, NULL, '2018-11-26 10:10:25', '2018-11-26 10:10:25', NULL),
(240, 'created_at', 20, NULL, NULL, '2018-11-26 10:10:25', '2018-11-26 10:10:25', NULL),
(241, 'updated_at', 20, NULL, NULL, '2018-11-26 10:10:25', '2018-11-26 10:10:25', NULL),
(242, 'deleted_at', 20, NULL, NULL, '2018-11-26 10:10:25', '2018-11-26 10:10:25', NULL),
(243, 'id', 21, NULL, NULL, '2018-11-26 10:10:25', '2018-11-26 10:10:25', NULL),
(244, 'data', 21, NULL, NULL, '2018-11-26 10:10:25', '2018-11-26 10:10:25', NULL),
(245, 'expire', 21, NULL, NULL, '2018-11-26 10:10:25', '2018-11-26 10:10:25', NULL),
(246, 'created_at', 21, NULL, NULL, '2018-11-26 10:10:25', '2018-11-26 10:10:25', NULL),
(247, 'updated_at', 21, NULL, NULL, '2018-11-26 10:10:25', '2018-11-26 10:10:25', NULL),
(248, 'deleted_at', 21, NULL, NULL, '2018-11-26 10:10:25', '2018-11-26 10:10:25', NULL),
(249, 'id', 22, NULL, NULL, '2018-11-26 10:10:25', '2018-11-26 10:10:25', NULL),
(250, 'short', 22, NULL, NULL, '2018-11-26 10:10:25', '2018-11-26 10:10:25', NULL),
(251, 'name', 22, NULL, NULL, '2018-11-26 10:10:25', '2018-11-26 10:10:25', NULL),
(252, 'html_body_css_style', 22, NULL, NULL, '2018-11-26 10:10:25', '2018-11-26 10:10:25', NULL),
(253, 'html_paragraph_css_style', 22, NULL, NULL, '2018-11-26 10:10:25', '2018-11-26 10:10:25', NULL),
(254, 'html_headline_css_style', 22, NULL, NULL, '2018-11-26 10:10:25', '2018-11-26 10:10:25', NULL),
(255, 'html_data_css_style', 22, NULL, NULL, '2018-11-26 10:10:25', '2018-11-26 10:10:25', NULL),
(256, 'html_dataline_label_css_style', 22, NULL, NULL, '2018-11-26 10:10:25', '2018-11-26 10:10:25', NULL),
(257, 'html_dataline_data_css_style', 22, NULL, NULL, '2018-11-26 10:10:25', '2018-11-26 10:10:25', NULL),
(258, 'created_at', 22, NULL, NULL, '2018-11-26 10:10:25', '2018-11-26 10:10:25', NULL),
(259, 'updated_at', 22, NULL, NULL, '2018-11-26 10:10:25', '2018-11-26 10:10:25', NULL),
(260, 'deleted_at', 22, NULL, NULL, '2018-11-26 10:10:25', '2018-11-26 10:10:25', NULL),
(261, 'id', 23, NULL, NULL, '2018-11-26 10:10:25', '2018-11-26 10:10:25', NULL),
(262, 'email_template_id', 23, NULL, NULL, '2018-11-26 10:10:25', '2018-11-26 10:10:25', NULL),
(263, 'email_template_part_id', 23, NULL, NULL, '2018-11-26 10:10:25', '2018-11-26 10:10:25', NULL),
(264, 'position', 23, NULL, NULL, '2018-11-26 10:10:25', '2018-11-26 10:10:25', NULL),
(265, 'created_at', 23, NULL, NULL, '2018-11-26 10:10:25', '2018-11-26 10:10:25', NULL),
(266, 'updated_at', 23, NULL, NULL, '2018-11-26 10:10:25', '2018-11-26 10:10:25', NULL),
(267, 'deleted_at', 23, NULL, NULL, '2018-11-26 10:10:25', '2018-11-26 10:10:25', NULL),
(268, 'id', 24, NULL, NULL, '2018-11-26 10:10:25', '2018-11-26 10:10:25', NULL),
(269, 'short', 24, NULL, NULL, '2018-11-26 10:10:25', '2018-11-26 10:10:25', NULL),
(270, 'name', 24, NULL, NULL, '2018-11-26 10:10:25', '2018-11-26 10:10:25', NULL),
(271, 'created_at', 24, NULL, NULL, '2018-11-26 10:10:25', '2018-11-26 10:10:25', NULL),
(272, 'updated_at', 24, NULL, NULL, '2018-11-26 10:10:25', '2018-11-26 10:10:25', NULL),
(273, 'deleted_at', 24, NULL, NULL, '2018-11-26 10:10:25', '2018-11-26 10:10:25', NULL),
(274, 'id', 25, NULL, NULL, '2018-11-26 10:10:25', '2018-11-26 10:10:25', NULL),
(275, 'short', 25, NULL, NULL, '2018-11-26 10:10:25', '2018-11-26 10:10:25', NULL),
(276, 'name', 25, NULL, NULL, '2018-11-26 10:10:25', '2018-11-26 10:10:25', NULL),
(277, 'value', 25, NULL, NULL, '2018-11-26 10:10:25', '2018-11-26 10:10:25', NULL),
(278, 'created_at', 25, NULL, NULL, '2018-11-26 10:10:25', '2018-11-26 10:10:25', NULL),
(279, 'updated_at', 25, NULL, NULL, '2018-11-26 10:10:25', '2018-11-26 10:10:25', NULL),
(280, 'deleted_at', 25, NULL, NULL, '2018-11-26 10:10:25', '2018-11-26 10:10:25', NULL),
(281, 'id', 26, NULL, NULL, '2018-11-26 10:10:25', '2018-11-26 10:10:25', NULL),
(282, 'disabled', 26, NULL, NULL, '2018-11-26 10:10:25', '2018-11-26 10:10:25', NULL),
(283, 'disabled_reset_hash', 26, NULL, NULL, '2018-11-26 10:10:25', '2018-11-26 10:10:25', NULL),
(284, 'role_id', 26, NULL, NULL, '2018-11-26 10:10:25', '2018-11-26 10:10:25', NULL),
(285, 'login', 26, NULL, NULL, '2018-11-26 10:10:25', '2018-11-26 10:10:25', NULL),
(286, 'password', 26, NULL, NULL, '2018-11-26 10:10:25', '2018-11-26 10:10:25', NULL),
(287, 'password_reset_hash', 26, NULL, NULL, '2018-11-26 10:10:25', '2018-11-26 10:10:25', NULL),
(288, 'password_attempt', 26, NULL, NULL, '2018-11-26 10:10:25', '2018-11-26 10:10:25', NULL),
(289, 'company', 26, NULL, NULL, '2018-11-26 10:10:25', '2018-11-26 10:10:25', NULL),
(290, 'salutation_id', 26, NULL, NULL, '2018-11-26 10:10:25', '2018-11-26 10:10:25', NULL),
(291, 'firstname', 26, NULL, NULL, '2018-11-26 10:10:25', '2018-11-26 10:10:25', NULL),
(292, 'lastname', 26, NULL, NULL, '2018-11-26 10:10:25', '2018-11-26 10:10:25', NULL),
(293, 'street', 26, NULL, NULL, '2018-11-26 10:10:25', '2018-11-26 10:10:25', NULL),
(294, 'street_number', 26, NULL, NULL, '2018-11-26 10:10:25', '2018-11-26 10:10:25', NULL),
(295, 'address_line_1', 26, NULL, NULL, '2018-11-26 10:10:25', '2018-11-26 10:10:25', NULL),
(296, 'address_line_2', 26, NULL, NULL, '2018-11-26 10:10:25', '2018-11-26 10:10:25', NULL),
(297, 'zip', 26, NULL, NULL, '2018-11-26 10:10:25', '2018-11-26 10:10:25', NULL),
(298, 'city', 26, NULL, NULL, '2018-11-26 10:10:25', '2018-11-26 10:10:25', NULL),
(299, 'country_id', 26, NULL, NULL, '2018-11-26 10:10:25', '2018-11-26 10:10:25', NULL),
(300, 'billing_company', 26, NULL, NULL, '2018-11-26 10:10:25', '2018-11-26 10:10:25', NULL),
(301, 'billing_firstname', 26, NULL, NULL, '2018-11-26 10:10:25', '2018-11-26 10:10:25', NULL),
(302, 'billing_lastname', 26, NULL, NULL, '2018-11-26 10:10:25', '2018-11-26 10:10:25', NULL),
(303, 'billing_street', 26, NULL, NULL, '2018-11-26 10:10:25', '2018-11-26 10:10:25', NULL),
(304, 'billing_street_number', 26, NULL, NULL, '2018-11-26 10:10:25', '2018-11-26 10:10:25', NULL),
(305, 'billing_address_line_1', 26, NULL, NULL, '2018-11-26 10:10:25', '2018-11-26 10:10:25', NULL),
(306, 'billing_address_line_2', 26, NULL, NULL, '2018-11-26 10:10:25', '2018-11-26 10:10:25', NULL),
(307, 'billing_zip', 26, NULL, NULL, '2018-11-26 10:10:25', '2018-11-26 10:10:25', NULL),
(308, 'billing_city', 26, NULL, NULL, '2018-11-26 10:10:25', '2018-11-26 10:10:25', NULL),
(309, 'billing_country_id', 26, NULL, NULL, '2018-11-26 10:10:25', '2018-11-26 10:10:25', NULL),
(310, 'email', 26, NULL, NULL, '2018-11-26 10:10:25', '2018-11-26 10:10:25', NULL),
(311, 'mobile', 26, NULL, NULL, '2018-11-26 10:10:25', '2018-11-26 10:10:25', NULL),
(312, 'phone', 26, NULL, NULL, '2018-11-26 10:10:25', '2018-11-26 10:10:25', NULL),
(313, 'fax', 26, NULL, NULL, '2018-11-26 10:10:25', '2018-11-26 10:10:25', NULL),
(314, 'www', 26, NULL, NULL, '2018-11-26 10:10:25', '2018-11-26 10:10:25', NULL),
(315, 'last_login', 26, NULL, NULL, '2018-11-26 10:10:25', '2018-11-26 10:10:25', NULL),
(316, 'last_logout', 26, NULL, NULL, '2018-11-26 10:10:25', '2018-11-26 10:10:25', NULL),
(317, 'latitude', 26, NULL, NULL, '2018-11-26 10:10:25', '2018-11-26 10:10:25', NULL),
(318, 'longitude', 26, NULL, NULL, '2018-11-26 10:10:25', '2018-11-26 10:10:25', NULL),
(319, 'activated_at', 26, NULL, NULL, '2018-11-26 10:10:25', '2018-11-26 10:10:25', NULL),
(320, 'media_image_id', 26, NULL, NULL, '2018-11-26 10:10:25', '2018-11-26 10:10:25', NULL),
(321, 'login_with_http_user_agent', 26, NULL, NULL, '2018-11-26 10:10:25', '2018-11-26 10:10:25', NULL),
(322, 'login_with_http_accept', 26, NULL, NULL, '2018-11-26 10:10:25', '2018-11-26 10:10:25', NULL),
(323, 'login_with_http_accept_charset', 26, NULL, NULL, '2018-11-26 10:10:25', '2018-11-26 10:10:25', NULL),
(324, 'login_with_http_accept_encoding', 26, NULL, NULL, '2018-11-26 10:10:25', '2018-11-26 10:10:25', NULL),
(325, 'login_with_http_accept_language', 26, NULL, NULL, '2018-11-26 10:10:25', '2018-11-26 10:10:25', NULL),
(326, 'login_with_remote_addr', 26, NULL, NULL, '2018-11-26 10:10:25', '2018-11-26 10:10:25', NULL),
(327, 'use_all_paymentservices', 26, NULL, NULL, '2018-11-26 10:10:25', '2018-11-26 10:10:25', NULL),
(328, 'company_name', 26, NULL, NULL, '2018-11-26 10:10:25', '2018-11-26 10:10:25', NULL),
(329, 'commercial_register_id', 26, NULL, NULL, '2018-11-26 10:10:25', '2018-11-26 10:10:25', NULL),
(330, 'vat_tax_id', 26, NULL, NULL, '2018-11-26 10:10:25', '2018-11-26 10:10:25', NULL),
(331, 'managing_director', 26, NULL, NULL, '2018-11-26 10:10:25', '2018-11-26 10:10:25', NULL),
(332, 'branch', 26, NULL, NULL, '2018-11-26 10:10:25', '2018-11-26 10:10:25', NULL),
(333, 'contact_name', 26, NULL, NULL, '2018-11-26 10:10:25', '2018-11-26 10:10:25', NULL),
(334, 'contact_position', 26, NULL, NULL, '2018-11-26 10:10:25', '2018-11-26 10:10:25', NULL),
(335, 'created_at', 26, NULL, NULL, '2018-11-26 10:10:25', '2018-11-26 10:10:25', NULL),
(336, 'updated_at', 26, NULL, NULL, '2018-11-26 10:10:25', '2018-11-26 10:10:25', NULL),
(337, 'deleted_at', 26, NULL, NULL, '2018-11-26 10:10:25', '2018-11-26 10:10:25', NULL),
(338, 'id', 27, NULL, NULL, '2018-11-26 10:10:25', '2018-11-26 10:10:25', NULL),
(339, 'disabled', 27, NULL, NULL, '2018-11-26 10:10:25', '2018-11-26 10:10:25', NULL),
(340, 'disabled_reset_hash', 27, NULL, NULL, '2018-11-26 10:10:25', '2018-11-26 10:10:25', NULL),
(341, 'role_id', 27, NULL, NULL, '2018-11-26 10:10:25', '2018-11-26 10:10:25', NULL),
(342, 'login', 27, NULL, NULL, '2018-11-26 10:10:25', '2018-11-26 10:10:25', NULL),
(343, 'password', 27, NULL, NULL, '2018-11-26 10:10:25', '2018-11-26 10:10:25', NULL),
(344, 'password_reset_hash', 27, NULL, NULL, '2018-11-26 10:10:25', '2018-11-26 10:10:25', NULL),
(345, 'password_attempt', 27, NULL, NULL, '2018-11-26 10:10:25', '2018-11-26 10:10:25', NULL),
(346, 'company', 27, NULL, NULL, '2018-11-26 10:10:25', '2018-11-26 10:10:25', NULL),
(347, 'salutation_id', 27, NULL, NULL, '2018-11-26 10:10:25', '2018-11-26 10:10:25', NULL),
(348, 'firstname', 27, NULL, NULL, '2018-11-26 10:10:25', '2018-11-26 10:10:25', NULL),
(349, 'lastname', 27, NULL, NULL, '2018-11-26 10:10:25', '2018-11-26 10:10:25', NULL),
(350, 'street', 27, NULL, NULL, '2018-11-26 10:10:25', '2018-11-26 10:10:25', NULL),
(351, 'street_number', 27, NULL, NULL, '2018-11-26 10:10:25', '2018-11-26 10:10:25', NULL),
(352, 'address_line_1', 27, NULL, NULL, '2018-11-26 10:10:25', '2018-11-26 10:10:25', NULL),
(353, 'address_line_2', 27, NULL, NULL, '2018-11-26 10:10:25', '2018-11-26 10:10:25', NULL),
(354, 'zip', 27, NULL, NULL, '2018-11-26 10:10:25', '2018-11-26 10:10:25', NULL),
(355, 'city', 27, NULL, NULL, '2018-11-26 10:10:25', '2018-11-26 10:10:25', NULL),
(356, 'country_id', 27, NULL, NULL, '2018-11-26 10:10:25', '2018-11-26 10:10:25', NULL),
(357, 'billing_company', 27, NULL, NULL, '2018-11-26 10:10:25', '2018-11-26 10:10:25', NULL),
(358, 'billing_firstname', 27, NULL, NULL, '2018-11-26 10:10:25', '2018-11-26 10:10:25', NULL),
(359, 'billing_lastname', 27, NULL, NULL, '2018-11-26 10:10:25', '2018-11-26 10:10:25', NULL),
(360, 'billing_street', 27, NULL, NULL, '2018-11-26 10:10:25', '2018-11-26 10:10:25', NULL),
(361, 'billing_street_number', 27, NULL, NULL, '2018-11-26 10:10:25', '2018-11-26 10:10:25', NULL),
(362, 'billing_address_line_1', 27, NULL, NULL, '2018-11-26 10:10:25', '2018-11-26 10:10:25', NULL),
(363, 'billing_address_line_2', 27, NULL, NULL, '2018-11-26 10:10:25', '2018-11-26 10:10:25', NULL),
(364, 'billing_zip', 27, NULL, NULL, '2018-11-26 10:10:25', '2018-11-26 10:10:25', NULL),
(365, 'billing_city', 27, NULL, NULL, '2018-11-26 10:10:25', '2018-11-26 10:10:25', NULL),
(366, 'billing_country_id', 27, NULL, NULL, '2018-11-26 10:10:25', '2018-11-26 10:10:25', NULL),
(367, 'email', 27, NULL, NULL, '2018-11-26 10:10:25', '2018-11-26 10:10:25', NULL),
(368, 'mobile', 27, NULL, NULL, '2018-11-26 10:10:25', '2018-11-26 10:10:25', NULL),
(369, 'phone', 27, NULL, NULL, '2018-11-26 10:10:25', '2018-11-26 10:10:25', NULL),
(370, 'fax', 27, NULL, NULL, '2018-11-26 10:10:25', '2018-11-26 10:10:25', NULL),
(371, 'www', 27, NULL, NULL, '2018-11-26 10:10:25', '2018-11-26 10:10:25', NULL),
(372, 'last_login', 27, NULL, NULL, '2018-11-26 10:10:25', '2018-11-26 10:10:25', NULL),
(373, 'last_logout', 27, NULL, NULL, '2018-11-26 10:10:25', '2018-11-26 10:10:25', NULL),
(374, 'latitude', 27, NULL, NULL, '2018-11-26 10:10:25', '2018-11-26 10:10:25', NULL),
(375, 'longitude', 27, NULL, NULL, '2018-11-26 10:10:25', '2018-11-26 10:10:25', NULL),
(376, 'activated_at', 27, NULL, NULL, '2018-11-26 10:10:25', '2018-11-26 10:10:25', NULL),
(377, 'media_image_id', 27, NULL, NULL, '2018-11-26 10:10:25', '2018-11-26 10:10:25', NULL),
(378, 'login_with_http_user_agent', 27, NULL, NULL, '2018-11-26 10:10:25', '2018-11-26 10:10:25', NULL),
(379, 'login_with_http_accept', 27, NULL, NULL, '2018-11-26 10:10:25', '2018-11-26 10:10:25', NULL),
(380, 'login_with_http_accept_charset', 27, NULL, NULL, '2018-11-26 10:10:25', '2018-11-26 10:10:25', NULL),
(381, 'login_with_http_accept_encoding', 27, NULL, NULL, '2018-11-26 10:10:25', '2018-11-26 10:10:25', NULL),
(382, 'login_with_http_accept_language', 27, NULL, NULL, '2018-11-26 10:10:25', '2018-11-26 10:10:25', NULL),
(383, 'login_with_remote_addr', 27, NULL, NULL, '2018-11-26 10:10:25', '2018-11-26 10:10:25', NULL),
(384, 'use_all_paymentservices', 27, NULL, NULL, '2018-11-26 10:10:25', '2018-11-26 10:10:25', NULL),
(385, 'company_name', 27, NULL, NULL, '2018-11-26 10:10:25', '2018-11-26 10:10:25', NULL),
(386, 'commercial_register_id', 27, NULL, NULL, '2018-11-26 10:10:25', '2018-11-26 10:10:25', NULL),
(387, 'vat_tax_id', 27, NULL, NULL, '2018-11-26 10:10:25', '2018-11-26 10:10:25', NULL),
(388, 'managing_director', 27, NULL, NULL, '2018-11-26 10:10:25', '2018-11-26 10:10:25', NULL),
(389, 'branch', 27, NULL, NULL, '2018-11-26 10:10:25', '2018-11-26 10:10:25', NULL),
(390, 'contact_name', 27, NULL, NULL, '2018-11-26 10:10:25', '2018-11-26 10:10:25', NULL),
(391, 'contact_position', 27, NULL, NULL, '2018-11-26 10:10:25', '2018-11-26 10:10:25', NULL),
(392, 'created_at', 27, NULL, NULL, '2018-11-26 10:10:25', '2018-11-26 10:10:25', NULL),
(393, 'updated_at', 27, NULL, NULL, '2018-11-26 10:10:25', '2018-11-26 10:10:25', NULL),
(394, 'deleted_at', 27, NULL, NULL, '2018-11-26 10:10:25', '2018-11-26 10:10:25', NULL),
(395, 'id', 28, NULL, NULL, '2018-11-26 10:10:25', '2018-11-26 10:10:25', NULL),
(396, 'disabled', 28, NULL, NULL, '2018-11-26 10:10:25', '2018-11-26 10:10:25', NULL),
(397, 'disabled_reset_hash', 28, NULL, NULL, '2018-11-26 10:10:25', '2018-11-26 10:10:25', NULL),
(398, 'role_id', 28, NULL, NULL, '2018-11-26 10:10:25', '2018-11-26 10:10:25', NULL),
(399, 'login', 28, NULL, NULL, '2018-11-26 10:10:25', '2018-11-26 10:10:25', NULL),
(400, 'password', 28, NULL, NULL, '2018-11-26 10:10:25', '2018-11-26 10:10:25', NULL),
(401, 'password_reset_hash', 28, NULL, NULL, '2018-11-26 10:10:25', '2018-11-26 10:10:25', NULL),
(402, 'password_attempt', 28, NULL, NULL, '2018-11-26 10:10:25', '2018-11-26 10:10:25', NULL),
(403, 'company', 28, NULL, NULL, '2018-11-26 10:10:25', '2018-11-26 10:10:25', NULL),
(404, 'salutation_id', 28, NULL, NULL, '2018-11-26 10:10:25', '2018-11-26 10:10:25', NULL),
(405, 'firstname', 28, NULL, NULL, '2018-11-26 10:10:25', '2018-11-26 10:10:25', NULL),
(406, 'lastname', 28, NULL, NULL, '2018-11-26 10:10:25', '2018-11-26 10:10:25', NULL),
(407, 'street', 28, NULL, NULL, '2018-11-26 10:10:25', '2018-11-26 10:10:25', NULL),
(408, 'street_number', 28, NULL, NULL, '2018-11-26 10:10:25', '2018-11-26 10:10:25', NULL),
(409, 'address_line_1', 28, NULL, NULL, '2018-11-26 10:10:25', '2018-11-26 10:10:25', NULL),
(410, 'address_line_2', 28, NULL, NULL, '2018-11-26 10:10:25', '2018-11-26 10:10:25', NULL),
(411, 'zip', 28, NULL, NULL, '2018-11-26 10:10:25', '2018-11-26 10:10:25', NULL),
(412, 'city', 28, NULL, NULL, '2018-11-26 10:10:25', '2018-11-26 10:10:25', NULL),
(413, 'country_id', 28, NULL, NULL, '2018-11-26 10:10:25', '2018-11-26 10:10:25', NULL),
(414, 'billing_company', 28, NULL, NULL, '2018-11-26 10:10:25', '2018-11-26 10:10:25', NULL),
(415, 'billing_firstname', 28, NULL, NULL, '2018-11-26 10:10:25', '2018-11-26 10:10:25', NULL),
(416, 'billing_lastname', 28, NULL, NULL, '2018-11-26 10:10:25', '2018-11-26 10:10:25', NULL),
(417, 'billing_street', 28, NULL, NULL, '2018-11-26 10:10:25', '2018-11-26 10:10:25', NULL),
(418, 'billing_street_number', 28, NULL, NULL, '2018-11-26 10:10:25', '2018-11-26 10:10:25', NULL),
(419, 'billing_address_line_1', 28, NULL, NULL, '2018-11-26 10:10:25', '2018-11-26 10:10:25', NULL),
(420, 'billing_address_line_2', 28, NULL, NULL, '2018-11-26 10:10:25', '2018-11-26 10:10:25', NULL),
(421, 'billing_zip', 28, NULL, NULL, '2018-11-26 10:10:25', '2018-11-26 10:10:25', NULL),
(422, 'billing_city', 28, NULL, NULL, '2018-11-26 10:10:25', '2018-11-26 10:10:25', NULL),
(423, 'billing_country_id', 28, NULL, NULL, '2018-11-26 10:10:25', '2018-11-26 10:10:25', NULL),
(424, 'email', 28, NULL, NULL, '2018-11-26 10:10:25', '2018-11-26 10:10:25', NULL),
(425, 'mobile', 28, NULL, NULL, '2018-11-26 10:10:25', '2018-11-26 10:10:25', NULL),
(426, 'phone', 28, NULL, NULL, '2018-11-26 10:10:25', '2018-11-26 10:10:25', NULL),
(427, 'fax', 28, NULL, NULL, '2018-11-26 10:10:25', '2018-11-26 10:10:25', NULL),
(428, 'www', 28, NULL, NULL, '2018-11-26 10:10:25', '2018-11-26 10:10:25', NULL),
(429, 'last_login', 28, NULL, NULL, '2018-11-26 10:10:25', '2018-11-26 10:10:25', NULL),
(430, 'last_logout', 28, NULL, NULL, '2018-11-26 10:10:25', '2018-11-26 10:10:25', NULL),
(431, 'latitude', 28, NULL, NULL, '2018-11-26 10:10:25', '2018-11-26 10:10:25', NULL),
(432, 'longitude', 28, NULL, NULL, '2018-11-26 10:10:25', '2018-11-26 10:10:25', NULL),
(433, 'activated_at', 28, NULL, NULL, '2018-11-26 10:10:25', '2018-11-26 10:10:25', NULL),
(434, 'media_image_id', 28, NULL, NULL, '2018-11-26 10:10:25', '2018-11-26 10:10:25', NULL),
(435, 'login_with_http_user_agent', 28, NULL, NULL, '2018-11-26 10:10:25', '2018-11-26 10:10:25', NULL),
(436, 'login_with_http_accept', 28, NULL, NULL, '2018-11-26 10:10:25', '2018-11-26 10:10:25', NULL),
(437, 'login_with_http_accept_charset', 28, NULL, NULL, '2018-11-26 10:10:25', '2018-11-26 10:10:25', NULL),
(438, 'login_with_http_accept_encoding', 28, NULL, NULL, '2018-11-26 10:10:25', '2018-11-26 10:10:25', NULL),
(439, 'login_with_http_accept_language', 28, NULL, NULL, '2018-11-26 10:10:25', '2018-11-26 10:10:25', NULL),
(440, 'login_with_remote_addr', 28, NULL, NULL, '2018-11-26 10:10:25', '2018-11-26 10:10:25', NULL),
(441, 'use_all_paymentservices', 28, NULL, NULL, '2018-11-26 10:10:25', '2018-11-26 10:10:25', NULL),
(442, 'company_name', 28, NULL, NULL, '2018-11-26 10:10:25', '2018-11-26 10:10:25', NULL),
(443, 'commercial_register_id', 28, NULL, NULL, '2018-11-26 10:10:25', '2018-11-26 10:10:25', NULL),
(444, 'vat_tax_id', 28, NULL, NULL, '2018-11-26 10:10:25', '2018-11-26 10:10:25', NULL),
(445, 'managing_director', 28, NULL, NULL, '2018-11-26 10:10:25', '2018-11-26 10:10:25', NULL),
(446, 'branch', 28, NULL, NULL, '2018-11-26 10:10:25', '2018-11-26 10:10:25', NULL),
(447, 'contact_name', 28, NULL, NULL, '2018-11-26 10:10:25', '2018-11-26 10:10:25', NULL),
(448, 'contact_position', 28, NULL, NULL, '2018-11-26 10:10:25', '2018-11-26 10:10:25', NULL),
(449, 'created_at', 28, NULL, NULL, '2018-11-26 10:10:25', '2018-11-26 10:10:25', NULL),
(450, 'updated_at', 28, NULL, NULL, '2018-11-26 10:10:25', '2018-11-26 10:10:25', NULL),
(451, 'deleted_at', 28, NULL, NULL, '2018-11-26 10:10:25', '2018-11-26 10:10:25', NULL),
(452, 'id', 29, NULL, NULL, '2018-11-26 10:10:25', '2018-11-26 10:10:25', NULL),
(453, 'entity_id', 29, NULL, NULL, '2018-11-26 10:10:25', '2018-11-26 10:10:25', NULL),
(454, 'entity_log_message_id', 29, NULL, NULL, '2018-11-26 10:10:25', '2018-11-26 10:10:25', NULL),
(455, 'latitude', 29, NULL, NULL, '2018-11-26 10:10:25', '2018-11-26 10:10:25', NULL),
(456, 'longitude', 29, NULL, NULL, '2018-11-26 10:10:25', '2018-11-26 10:10:25', NULL),
(457, 'accuracy', 29, NULL, NULL, '2018-11-26 10:10:25', '2018-11-26 10:10:25', NULL),
(458, 'altitude', 29, NULL, NULL, '2018-11-26 10:10:25', '2018-11-26 10:10:25', NULL),
(459, 'altitude_accuracy', 29, NULL, NULL, '2018-11-26 10:10:25', '2018-11-26 10:10:25', NULL),
(460, 'heading', 29, NULL, NULL, '2018-11-26 10:10:25', '2018-11-26 10:10:25', NULL),
(461, 'speed', 29, NULL, NULL, '2018-11-26 10:10:25', '2018-11-26 10:10:25', NULL),
(462, 'remote_ip', 29, NULL, NULL, '2018-11-26 10:10:25', '2018-11-26 10:10:25', NULL),
(463, 'created_at', 29, NULL, NULL, '2018-11-26 10:10:25', '2018-11-26 10:10:25', NULL),
(464, 'updated_at', 29, NULL, NULL, '2018-11-26 10:10:25', '2018-11-26 10:10:25', NULL),
(465, 'deleted_at', 29, NULL, NULL, '2018-11-26 10:10:25', '2018-11-26 10:10:25', NULL),
(466, 'id', 30, NULL, NULL, '2018-11-26 10:10:25', '2018-11-26 10:10:25', NULL),
(467, 'short', 30, NULL, NULL, '2018-11-26 10:10:25', '2018-11-26 10:10:25', NULL),
(468, 'name', 30, NULL, NULL, '2018-11-26 10:10:25', '2018-11-26 10:10:25', NULL),
(469, 'created_at', 30, NULL, NULL, '2018-11-26 10:10:25', '2018-11-26 10:10:25', NULL),
(470, 'updated_at', 30, NULL, NULL, '2018-11-26 10:10:25', '2018-11-26 10:10:25', NULL),
(471, 'deleted_at', 30, NULL, NULL, '2018-11-26 10:10:25', '2018-11-26 10:10:25', NULL),
(472, 'id', 31, NULL, NULL, '2018-11-26 10:10:25', '2018-11-26 10:10:25', NULL),
(473, 'short', 31, NULL, NULL, '2018-11-26 10:10:25', '2018-11-26 10:10:25', NULL),
(474, 'model_list_id', 31, NULL, NULL, '2018-11-26 10:10:25', '2018-11-26 10:10:25', NULL),
(475, 'entity_id', 31, NULL, NULL, '2018-11-26 10:10:25', '2018-11-26 10:10:25', NULL),
(476, 'rp', 31, NULL, NULL, '2018-11-26 10:10:25', '2018-11-26 10:10:25', NULL),
(477, 'sortname', 31, NULL, NULL, '2018-11-26 10:10:25', '2018-11-26 10:10:25', NULL),
(478, 'sortorder', 31, NULL, NULL, '2018-11-26 10:10:25', '2018-11-26 10:10:25', NULL),
(479, 'qtype', 31, NULL, NULL, '2018-11-26 10:10:25', '2018-11-26 10:10:25', NULL),
(480, 'query', 31, NULL, NULL, '2018-11-26 10:10:25', '2018-11-26 10:10:25', NULL),
(481, 'created_at', 31, NULL, NULL, '2018-11-26 10:10:25', '2018-11-26 10:10:25', NULL),
(482, 'updated_at', 31, NULL, NULL, '2018-11-26 10:10:25', '2018-11-26 10:10:25', NULL),
(483, 'deleted_at', 31, NULL, NULL, '2018-11-26 10:10:25', '2018-11-26 10:10:25', NULL),
(484, 'id', 32, NULL, NULL, '2018-11-26 10:10:25', '2018-11-26 10:10:25', NULL),
(485, 'disabled', 32, NULL, NULL, '2018-11-26 10:10:25', '2018-11-26 10:10:25', NULL),
(486, 'disabled_reset_hash', 32, NULL, NULL, '2018-11-26 10:10:25', '2018-11-26 10:10:25', NULL),
(487, 'role_id', 32, NULL, NULL, '2018-11-26 10:10:25', '2018-11-26 10:10:25', NULL),
(488, 'login', 32, NULL, NULL, '2018-11-26 10:10:25', '2018-11-26 10:10:25', NULL),
(489, 'password', 32, NULL, NULL, '2018-11-26 10:10:25', '2018-11-26 10:10:25', NULL),
(490, 'password_reset_hash', 32, NULL, NULL, '2018-11-26 10:10:25', '2018-11-26 10:10:25', NULL),
(491, 'password_attempt', 32, NULL, NULL, '2018-11-26 10:10:25', '2018-11-26 10:10:25', NULL),
(492, 'company', 32, NULL, NULL, '2018-11-26 10:10:25', '2018-11-26 10:10:25', NULL),
(493, 'salutation_id', 32, NULL, NULL, '2018-11-26 10:10:25', '2018-11-26 10:10:25', NULL),
(494, 'firstname', 32, NULL, NULL, '2018-11-26 10:10:25', '2018-11-26 10:10:25', NULL),
(495, 'lastname', 32, NULL, NULL, '2018-11-26 10:10:25', '2018-11-26 10:10:25', NULL),
(496, 'street', 32, NULL, NULL, '2018-11-26 10:10:25', '2018-11-26 10:10:25', NULL),
(497, 'street_number', 32, NULL, NULL, '2018-11-26 10:10:25', '2018-11-26 10:10:25', NULL),
(498, 'address_line_1', 32, NULL, NULL, '2018-11-26 10:10:25', '2018-11-26 10:10:25', NULL),
(499, 'address_line_2', 32, NULL, NULL, '2018-11-26 10:10:25', '2018-11-26 10:10:25', NULL),
(500, 'zip', 32, NULL, NULL, '2018-11-26 10:10:25', '2018-11-26 10:10:25', NULL),
(501, 'city', 32, NULL, NULL, '2018-11-26 10:10:25', '2018-11-26 10:10:25', NULL),
(502, 'country_id', 32, NULL, NULL, '2018-11-26 10:10:25', '2018-11-26 10:10:25', NULL),
(503, 'billing_company', 32, NULL, NULL, '2018-11-26 10:10:25', '2018-11-26 10:10:25', NULL),
(504, 'billing_firstname', 32, NULL, NULL, '2018-11-26 10:10:25', '2018-11-26 10:10:25', NULL),
(505, 'billing_lastname', 32, NULL, NULL, '2018-11-26 10:10:25', '2018-11-26 10:10:25', NULL),
(506, 'billing_street', 32, NULL, NULL, '2018-11-26 10:10:25', '2018-11-26 10:10:25', NULL),
(507, 'billing_street_number', 32, NULL, NULL, '2018-11-26 10:10:25', '2018-11-26 10:10:25', NULL),
(508, 'billing_address_line_1', 32, NULL, NULL, '2018-11-26 10:10:25', '2018-11-26 10:10:25', NULL),
(509, 'billing_address_line_2', 32, NULL, NULL, '2018-11-26 10:10:25', '2018-11-26 10:10:25', NULL),
(510, 'billing_zip', 32, NULL, NULL, '2018-11-26 10:10:25', '2018-11-26 10:10:25', NULL),
(511, 'billing_city', 32, NULL, NULL, '2018-11-26 10:10:25', '2018-11-26 10:10:25', NULL),
(512, 'billing_country_id', 32, NULL, NULL, '2018-11-26 10:10:25', '2018-11-26 10:10:25', NULL),
(513, 'email', 32, NULL, NULL, '2018-11-26 10:10:25', '2018-11-26 10:10:25', NULL),
(514, 'mobile', 32, NULL, NULL, '2018-11-26 10:10:25', '2018-11-26 10:10:25', NULL),
(515, 'phone', 32, NULL, NULL, '2018-11-26 10:10:25', '2018-11-26 10:10:25', NULL),
(516, 'fax', 32, NULL, NULL, '2018-11-26 10:10:25', '2018-11-26 10:10:25', NULL),
(517, 'www', 32, NULL, NULL, '2018-11-26 10:10:25', '2018-11-26 10:10:25', NULL),
(518, 'last_login', 32, NULL, NULL, '2018-11-26 10:10:25', '2018-11-26 10:10:25', NULL),
(519, 'last_logout', 32, NULL, NULL, '2018-11-26 10:10:25', '2018-11-26 10:10:25', NULL),
(520, 'latitude', 32, NULL, NULL, '2018-11-26 10:10:25', '2018-11-26 10:10:25', NULL),
(521, 'longitude', 32, NULL, NULL, '2018-11-26 10:10:25', '2018-11-26 10:10:25', NULL),
(522, 'activated_at', 32, NULL, NULL, '2018-11-26 10:10:25', '2018-11-26 10:10:25', NULL),
(523, 'media_image_id', 32, NULL, NULL, '2018-11-26 10:10:25', '2018-11-26 10:10:25', NULL),
(524, 'login_with_http_user_agent', 32, NULL, NULL, '2018-11-26 10:10:25', '2018-11-26 10:10:25', NULL),
(525, 'login_with_http_accept', 32, NULL, NULL, '2018-11-26 10:10:25', '2018-11-26 10:10:25', NULL),
(526, 'login_with_http_accept_charset', 32, NULL, NULL, '2018-11-26 10:10:25', '2018-11-26 10:10:25', NULL),
(527, 'login_with_http_accept_encoding', 32, NULL, NULL, '2018-11-26 10:10:25', '2018-11-26 10:10:25', NULL),
(528, 'login_with_http_accept_language', 32, NULL, NULL, '2018-11-26 10:10:25', '2018-11-26 10:10:25', NULL),
(529, 'login_with_remote_addr', 32, NULL, NULL, '2018-11-26 10:10:25', '2018-11-26 10:10:25', NULL),
(530, 'use_all_paymentservices', 32, NULL, NULL, '2018-11-26 10:10:25', '2018-11-26 10:10:25', NULL),
(531, 'company_name', 32, NULL, NULL, '2018-11-26 10:10:25', '2018-11-26 10:10:25', NULL),
(532, 'commercial_register_id', 32, NULL, NULL, '2018-11-26 10:10:25', '2018-11-26 10:10:25', NULL),
(533, 'vat_tax_id', 32, NULL, NULL, '2018-11-26 10:10:25', '2018-11-26 10:10:25', NULL),
(534, 'managing_director', 32, NULL, NULL, '2018-11-26 10:10:25', '2018-11-26 10:10:25', NULL),
(535, 'branch', 32, NULL, NULL, '2018-11-26 10:10:25', '2018-11-26 10:10:25', NULL),
(536, 'contact_name', 32, NULL, NULL, '2018-11-26 10:10:25', '2018-11-26 10:10:25', NULL),
(537, 'contact_position', 32, NULL, NULL, '2018-11-26 10:10:25', '2018-11-26 10:10:25', NULL),
(538, 'created_at', 32, NULL, NULL, '2018-11-26 10:10:25', '2018-11-26 10:10:25', NULL),
(539, 'updated_at', 32, NULL, NULL, '2018-11-26 10:10:25', '2018-11-26 10:10:25', NULL),
(540, 'deleted_at', 32, NULL, NULL, '2018-11-26 10:10:25', '2018-11-26 10:10:25', NULL),
(541, 'id', 33, NULL, NULL, '2018-11-26 10:10:25', '2018-11-26 10:10:25', NULL),
(542, 'disabled', 33, NULL, NULL, '2018-11-26 10:10:25', '2018-11-26 10:10:25', NULL),
(543, 'disabled_reset_hash', 33, NULL, NULL, '2018-11-26 10:10:25', '2018-11-26 10:10:25', NULL),
(544, 'role_id', 33, NULL, NULL, '2018-11-26 10:10:25', '2018-11-26 10:10:25', NULL),
(545, 'login', 33, NULL, NULL, '2018-11-26 10:10:25', '2018-11-26 10:10:25', NULL),
(546, 'password', 33, NULL, NULL, '2018-11-26 10:10:25', '2018-11-26 10:10:25', NULL),
(547, 'password_reset_hash', 33, NULL, NULL, '2018-11-26 10:10:25', '2018-11-26 10:10:25', NULL),
(548, 'password_attempt', 33, NULL, NULL, '2018-11-26 10:10:25', '2018-11-26 10:10:25', NULL),
(549, 'company', 33, NULL, NULL, '2018-11-26 10:10:25', '2018-11-26 10:10:25', NULL),
(550, 'salutation_id', 33, NULL, NULL, '2018-11-26 10:10:25', '2018-11-26 10:10:25', NULL),
(551, 'firstname', 33, NULL, NULL, '2018-11-26 10:10:25', '2018-11-26 10:10:25', NULL),
(552, 'lastname', 33, NULL, NULL, '2018-11-26 10:10:25', '2018-11-26 10:10:25', NULL),
(553, 'street', 33, NULL, NULL, '2018-11-26 10:10:25', '2018-11-26 10:10:25', NULL),
(554, 'street_number', 33, NULL, NULL, '2018-11-26 10:10:25', '2018-11-26 10:10:25', NULL),
(555, 'address_line_1', 33, NULL, NULL, '2018-11-26 10:10:25', '2018-11-26 10:10:25', NULL),
(556, 'address_line_2', 33, NULL, NULL, '2018-11-26 10:10:25', '2018-11-26 10:10:25', NULL),
(557, 'zip', 33, NULL, NULL, '2018-11-26 10:10:25', '2018-11-26 10:10:25', NULL),
(558, 'city', 33, NULL, NULL, '2018-11-26 10:10:25', '2018-11-26 10:10:25', NULL),
(559, 'country_id', 33, NULL, NULL, '2018-11-26 10:10:25', '2018-11-26 10:10:25', NULL),
(560, 'billing_company', 33, NULL, NULL, '2018-11-26 10:10:25', '2018-11-26 10:10:25', NULL),
(561, 'billing_firstname', 33, NULL, NULL, '2018-11-26 10:10:25', '2018-11-26 10:10:25', NULL),
(562, 'billing_lastname', 33, NULL, NULL, '2018-11-26 10:10:25', '2018-11-26 10:10:25', NULL),
(563, 'billing_street', 33, NULL, NULL, '2018-11-26 10:10:25', '2018-11-26 10:10:25', NULL),
(564, 'billing_street_number', 33, NULL, NULL, '2018-11-26 10:10:25', '2018-11-26 10:10:25', NULL),
(565, 'billing_address_line_1', 33, NULL, NULL, '2018-11-26 10:10:25', '2018-11-26 10:10:25', NULL);
INSERT INTO `model_column_name` (`id`, `name`, `model_name_id`, `model_column_name_edit_as_id`, `position`, `created_at`, `updated_at`, `deleted_at`) VALUES
(566, 'billing_address_line_2', 33, NULL, NULL, '2018-11-26 10:10:25', '2018-11-26 10:10:25', NULL),
(567, 'billing_zip', 33, NULL, NULL, '2018-11-26 10:10:25', '2018-11-26 10:10:25', NULL),
(568, 'billing_city', 33, NULL, NULL, '2018-11-26 10:10:25', '2018-11-26 10:10:25', NULL),
(569, 'billing_country_id', 33, NULL, NULL, '2018-11-26 10:10:25', '2018-11-26 10:10:25', NULL),
(570, 'email', 33, NULL, NULL, '2018-11-26 10:10:25', '2018-11-26 10:10:25', NULL),
(571, 'mobile', 33, NULL, NULL, '2018-11-26 10:10:25', '2018-11-26 10:10:25', NULL),
(572, 'phone', 33, NULL, NULL, '2018-11-26 10:10:25', '2018-11-26 10:10:25', NULL),
(573, 'fax', 33, NULL, NULL, '2018-11-26 10:10:25', '2018-11-26 10:10:25', NULL),
(574, 'www', 33, NULL, NULL, '2018-11-26 10:10:25', '2018-11-26 10:10:25', NULL),
(575, 'last_login', 33, NULL, NULL, '2018-11-26 10:10:25', '2018-11-26 10:10:25', NULL),
(576, 'last_logout', 33, NULL, NULL, '2018-11-26 10:10:25', '2018-11-26 10:10:25', NULL),
(577, 'latitude', 33, NULL, NULL, '2018-11-26 10:10:25', '2018-11-26 10:10:25', NULL),
(578, 'longitude', 33, NULL, NULL, '2018-11-26 10:10:25', '2018-11-26 10:10:25', NULL),
(579, 'activated_at', 33, NULL, NULL, '2018-11-26 10:10:25', '2018-11-26 10:10:25', NULL),
(580, 'media_image_id', 33, NULL, NULL, '2018-11-26 10:10:25', '2018-11-26 10:10:25', NULL),
(581, 'login_with_http_user_agent', 33, NULL, NULL, '2018-11-26 10:10:25', '2018-11-26 10:10:25', NULL),
(582, 'login_with_http_accept', 33, NULL, NULL, '2018-11-26 10:10:25', '2018-11-26 10:10:25', NULL),
(583, 'login_with_http_accept_charset', 33, NULL, NULL, '2018-11-26 10:10:25', '2018-11-26 10:10:25', NULL),
(584, 'login_with_http_accept_encoding', 33, NULL, NULL, '2018-11-26 10:10:25', '2018-11-26 10:10:25', NULL),
(585, 'login_with_http_accept_language', 33, NULL, NULL, '2018-11-26 10:10:25', '2018-11-26 10:10:25', NULL),
(586, 'login_with_remote_addr', 33, NULL, NULL, '2018-11-26 10:10:25', '2018-11-26 10:10:25', NULL),
(587, 'use_all_paymentservices', 33, NULL, NULL, '2018-11-26 10:10:25', '2018-11-26 10:10:25', NULL),
(588, 'company_name', 33, NULL, NULL, '2018-11-26 10:10:25', '2018-11-26 10:10:25', NULL),
(589, 'commercial_register_id', 33, NULL, NULL, '2018-11-26 10:10:25', '2018-11-26 10:10:25', NULL),
(590, 'vat_tax_id', 33, NULL, NULL, '2018-11-26 10:10:25', '2018-11-26 10:10:25', NULL),
(591, 'managing_director', 33, NULL, NULL, '2018-11-26 10:10:25', '2018-11-26 10:10:25', NULL),
(592, 'branch', 33, NULL, NULL, '2018-11-26 10:10:25', '2018-11-26 10:10:25', NULL),
(593, 'contact_name', 33, NULL, NULL, '2018-11-26 10:10:25', '2018-11-26 10:10:25', NULL),
(594, 'contact_position', 33, NULL, NULL, '2018-11-26 10:10:25', '2018-11-26 10:10:25', NULL),
(595, 'created_at', 33, NULL, NULL, '2018-11-26 10:10:25', '2018-11-26 10:10:25', NULL),
(596, 'updated_at', 33, NULL, NULL, '2018-11-26 10:10:25', '2018-11-26 10:10:25', NULL),
(597, 'deleted_at', 33, NULL, NULL, '2018-11-26 10:10:25', '2018-11-26 10:10:25', NULL),
(598, 'id', 34, NULL, NULL, '2018-11-26 10:10:25', '2018-11-26 10:10:25', NULL),
(599, 'disabled', 34, NULL, NULL, '2018-11-26 10:10:25', '2018-11-26 10:10:25', NULL),
(600, 'disabled_reset_hash', 34, NULL, NULL, '2018-11-26 10:10:25', '2018-11-26 10:10:25', NULL),
(601, 'role_id', 34, NULL, NULL, '2018-11-26 10:10:25', '2018-11-26 10:10:25', NULL),
(602, 'login', 34, NULL, NULL, '2018-11-26 10:10:25', '2018-11-26 10:10:25', NULL),
(603, 'password', 34, NULL, NULL, '2018-11-26 10:10:25', '2018-11-26 10:10:25', NULL),
(604, 'password_reset_hash', 34, NULL, NULL, '2018-11-26 10:10:25', '2018-11-26 10:10:25', NULL),
(605, 'password_attempt', 34, NULL, NULL, '2018-11-26 10:10:25', '2018-11-26 10:10:25', NULL),
(606, 'company', 34, NULL, NULL, '2018-11-26 10:10:25', '2018-11-26 10:10:25', NULL),
(607, 'salutation_id', 34, NULL, NULL, '2018-11-26 10:10:25', '2018-11-26 10:10:25', NULL),
(608, 'firstname', 34, NULL, NULL, '2018-11-26 10:10:25', '2018-11-26 10:10:25', NULL),
(609, 'lastname', 34, NULL, NULL, '2018-11-26 10:10:25', '2018-11-26 10:10:25', NULL),
(610, 'street', 34, NULL, NULL, '2018-11-26 10:10:25', '2018-11-26 10:10:25', NULL),
(611, 'street_number', 34, NULL, NULL, '2018-11-26 10:10:25', '2018-11-26 10:10:25', NULL),
(612, 'address_line_1', 34, NULL, NULL, '2018-11-26 10:10:25', '2018-11-26 10:10:25', NULL),
(613, 'address_line_2', 34, NULL, NULL, '2018-11-26 10:10:25', '2018-11-26 10:10:25', NULL),
(614, 'zip', 34, NULL, NULL, '2018-11-26 10:10:25', '2018-11-26 10:10:25', NULL),
(615, 'city', 34, NULL, NULL, '2018-11-26 10:10:25', '2018-11-26 10:10:25', NULL),
(616, 'country_id', 34, NULL, NULL, '2018-11-26 10:10:25', '2018-11-26 10:10:25', NULL),
(617, 'billing_company', 34, NULL, NULL, '2018-11-26 10:10:25', '2018-11-26 10:10:25', NULL),
(618, 'billing_firstname', 34, NULL, NULL, '2018-11-26 10:10:25', '2018-11-26 10:10:25', NULL),
(619, 'billing_lastname', 34, NULL, NULL, '2018-11-26 10:10:25', '2018-11-26 10:10:25', NULL),
(620, 'billing_street', 34, NULL, NULL, '2018-11-26 10:10:25', '2018-11-26 10:10:25', NULL),
(621, 'billing_street_number', 34, NULL, NULL, '2018-11-26 10:10:25', '2018-11-26 10:10:25', NULL),
(622, 'billing_address_line_1', 34, NULL, NULL, '2018-11-26 10:10:25', '2018-11-26 10:10:25', NULL),
(623, 'billing_address_line_2', 34, NULL, NULL, '2018-11-26 10:10:25', '2018-11-26 10:10:25', NULL),
(624, 'billing_zip', 34, NULL, NULL, '2018-11-26 10:10:25', '2018-11-26 10:10:25', NULL),
(625, 'billing_city', 34, NULL, NULL, '2018-11-26 10:10:25', '2018-11-26 10:10:25', NULL),
(626, 'billing_country_id', 34, NULL, NULL, '2018-11-26 10:10:25', '2018-11-26 10:10:25', NULL),
(627, 'email', 34, NULL, NULL, '2018-11-26 10:10:25', '2018-11-26 10:10:25', NULL),
(628, 'mobile', 34, NULL, NULL, '2018-11-26 10:10:25', '2018-11-26 10:10:25', NULL),
(629, 'phone', 34, NULL, NULL, '2018-11-26 10:10:25', '2018-11-26 10:10:25', NULL),
(630, 'fax', 34, NULL, NULL, '2018-11-26 10:10:25', '2018-11-26 10:10:25', NULL),
(631, 'www', 34, NULL, NULL, '2018-11-26 10:10:25', '2018-11-26 10:10:25', NULL),
(632, 'last_login', 34, NULL, NULL, '2018-11-26 10:10:25', '2018-11-26 10:10:25', NULL),
(633, 'last_logout', 34, NULL, NULL, '2018-11-26 10:10:25', '2018-11-26 10:10:25', NULL),
(634, 'latitude', 34, NULL, NULL, '2018-11-26 10:10:25', '2018-11-26 10:10:25', NULL),
(635, 'longitude', 34, NULL, NULL, '2018-11-26 10:10:25', '2018-11-26 10:10:25', NULL),
(636, 'activated_at', 34, NULL, NULL, '2018-11-26 10:10:25', '2018-11-26 10:10:25', NULL),
(637, 'media_image_id', 34, NULL, NULL, '2018-11-26 10:10:25', '2018-11-26 10:10:25', NULL),
(638, 'login_with_http_user_agent', 34, NULL, NULL, '2018-11-26 10:10:25', '2018-11-26 10:10:25', NULL),
(639, 'login_with_http_accept', 34, NULL, NULL, '2018-11-26 10:10:25', '2018-11-26 10:10:25', NULL),
(640, 'login_with_http_accept_charset', 34, NULL, NULL, '2018-11-26 10:10:25', '2018-11-26 10:10:25', NULL),
(641, 'login_with_http_accept_encoding', 34, NULL, NULL, '2018-11-26 10:10:25', '2018-11-26 10:10:25', NULL),
(642, 'login_with_http_accept_language', 34, NULL, NULL, '2018-11-26 10:10:25', '2018-11-26 10:10:25', NULL),
(643, 'login_with_remote_addr', 34, NULL, NULL, '2018-11-26 10:10:25', '2018-11-26 10:10:25', NULL),
(644, 'use_all_paymentservices', 34, NULL, NULL, '2018-11-26 10:10:25', '2018-11-26 10:10:25', NULL),
(645, 'company_name', 34, NULL, NULL, '2018-11-26 10:10:25', '2018-11-26 10:10:25', NULL),
(646, 'commercial_register_id', 34, NULL, NULL, '2018-11-26 10:10:25', '2018-11-26 10:10:25', NULL),
(647, 'vat_tax_id', 34, NULL, NULL, '2018-11-26 10:10:25', '2018-11-26 10:10:25', NULL),
(648, 'managing_director', 34, NULL, NULL, '2018-11-26 10:10:25', '2018-11-26 10:10:25', NULL),
(649, 'branch', 34, NULL, NULL, '2018-11-26 10:10:25', '2018-11-26 10:10:25', NULL),
(650, 'contact_name', 34, NULL, NULL, '2018-11-26 10:10:25', '2018-11-26 10:10:25', NULL),
(651, 'contact_position', 34, NULL, NULL, '2018-11-26 10:10:25', '2018-11-26 10:10:25', NULL),
(652, 'created_at', 34, NULL, NULL, '2018-11-26 10:10:25', '2018-11-26 10:10:25', NULL),
(653, 'updated_at', 34, NULL, NULL, '2018-11-26 10:10:25', '2018-11-26 10:10:25', NULL),
(654, 'deleted_at', 34, NULL, NULL, '2018-11-26 10:10:25', '2018-11-26 10:10:25', NULL),
(655, 'id', 35, NULL, NULL, '2018-11-26 10:10:25', '2018-11-26 10:10:25', NULL),
(656, 'value', 35, NULL, NULL, '2018-11-26 10:10:25', '2018-11-26 10:10:25', NULL),
(657, 'created_at', 35, NULL, NULL, '2018-11-26 10:10:25', '2018-11-26 10:10:25', NULL),
(658, 'updated_at', 35, NULL, NULL, '2018-11-26 10:10:25', '2018-11-26 10:10:25', NULL),
(659, 'deleted_at', 35, NULL, NULL, '2018-11-26 10:10:25', '2018-11-26 10:10:25', NULL),
(660, 'id', 36, NULL, NULL, '2018-11-26 10:10:25', '2018-11-26 10:10:25', NULL),
(661, 'short', 36, NULL, NULL, '2018-11-26 10:10:25', '2018-11-26 10:10:25', NULL),
(662, 'name', 36, NULL, NULL, '2018-11-26 10:10:25', '2018-11-26 10:10:25', NULL),
(663, 'from_date', 36, NULL, NULL, '2018-11-26 10:10:25', '2018-11-26 10:10:25', NULL),
(664, 'to_date', 36, NULL, NULL, '2018-11-26 10:10:25', '2018-11-26 10:10:25', NULL),
(665, 'created_at', 36, NULL, NULL, '2018-11-26 10:10:25', '2018-11-26 10:10:25', NULL),
(666, 'updated_at', 36, NULL, NULL, '2018-11-26 10:10:25', '2018-11-26 10:10:25', NULL),
(667, 'deleted_at', 36, NULL, NULL, '2018-11-26 10:10:25', '2018-11-26 10:10:25', NULL),
(668, 'id', 37, NULL, NULL, '2018-11-26 10:10:25', '2018-11-26 10:10:25', NULL),
(669, 'short', 37, NULL, NULL, '2018-11-26 10:10:25', '2018-11-26 10:10:25', NULL),
(670, 'name', 37, NULL, NULL, '2018-11-26 10:10:25', '2018-11-26 10:10:25', NULL),
(671, 'disabled', 37, NULL, NULL, '2018-11-26 10:10:25', '2018-11-26 10:10:25', NULL),
(672, 'created_at', 37, NULL, NULL, '2018-11-26 10:10:25', '2018-11-26 10:10:25', NULL),
(673, 'updated_at', 37, NULL, NULL, '2018-11-26 10:10:25', '2018-11-26 10:10:25', NULL),
(674, 'deleted_at', 37, NULL, NULL, '2018-11-26 10:10:25', '2018-11-26 10:10:25', NULL),
(675, 'id', 38, NULL, NULL, '2018-11-26 10:10:25', '2018-11-26 10:10:25', NULL),
(676, 'short', 38, NULL, NULL, '2018-11-26 10:10:25', '2018-11-26 10:10:25', NULL),
(677, 'media_image_id', 38, NULL, NULL, '2018-11-26 10:10:25', '2018-11-26 10:10:25', NULL),
(678, 'media_id', 38, NULL, NULL, '2018-11-26 10:10:25', '2018-11-26 10:10:25', NULL),
(679, 'catalog', 38, NULL, NULL, '2018-11-26 10:10:25', '2018-11-26 10:10:25', NULL),
(680, 'hidden', 38, NULL, NULL, '2018-11-26 10:10:25', '2018-11-26 10:10:25', NULL),
(681, 'created_at', 38, NULL, NULL, '2018-11-26 10:10:25', '2018-11-26 10:10:25', NULL),
(682, 'updated_at', 38, NULL, NULL, '2018-11-26 10:10:25', '2018-11-26 10:10:25', NULL),
(683, 'deleted_at', 38, NULL, NULL, '2018-11-26 10:10:25', '2018-11-26 10:10:25', NULL),
(684, 'id', 39, NULL, NULL, '2018-11-26 10:10:25', '2018-11-26 10:10:25', NULL),
(685, 'short', 39, NULL, NULL, '2018-11-26 10:10:25', '2018-11-26 10:10:25', NULL),
(686, 'flyer_id', 39, NULL, NULL, '2018-11-26 10:10:25', '2018-11-26 10:10:25', NULL),
(687, 'media_image_id', 39, NULL, NULL, '2018-11-26 10:10:25', '2018-11-26 10:10:25', NULL),
(688, 'position', 39, NULL, NULL, '2018-11-26 10:10:25', '2018-11-26 10:10:25', NULL),
(689, 'created_at', 39, NULL, NULL, '2018-11-26 10:10:25', '2018-11-26 10:10:25', NULL),
(690, 'updated_at', 39, NULL, NULL, '2018-11-26 10:10:25', '2018-11-26 10:10:25', NULL),
(691, 'deleted_at', 39, NULL, NULL, '2018-11-26 10:10:25', '2018-11-26 10:10:25', NULL),
(692, 'id', 40, NULL, NULL, '2018-11-26 10:10:25', '2018-11-26 10:10:25', NULL),
(693, 'short', 40, NULL, NULL, '2018-11-26 10:10:25', '2018-11-26 10:10:25', NULL),
(694, 'name', 40, NULL, NULL, '2018-11-26 10:10:25', '2018-11-26 10:10:25', NULL),
(695, 'date', 40, NULL, NULL, '2018-11-26 10:10:25', '2018-11-26 10:10:25', NULL),
(696, 'created_at', 40, NULL, NULL, '2018-11-26 10:10:25', '2018-11-26 10:10:25', NULL),
(697, 'updated_at', 40, NULL, NULL, '2018-11-26 10:10:25', '2018-11-26 10:10:25', NULL),
(698, 'deleted_at', 40, NULL, NULL, '2018-11-26 10:10:25', '2018-11-26 10:10:25', NULL),
(699, 'id', 41, NULL, NULL, '2018-11-26 10:10:25', '2018-11-26 10:10:25', NULL),
(700, 'from_hour', 41, NULL, NULL, '2018-11-26 10:10:25', '2018-11-26 10:10:25', NULL),
(701, 'till_hour', 41, NULL, NULL, '2018-11-26 10:10:25', '2018-11-26 10:10:25', NULL),
(702, 'created_at', 41, NULL, NULL, '2018-11-26 10:10:25', '2018-11-26 10:10:25', NULL),
(703, 'updated_at', 41, NULL, NULL, '2018-11-26 10:10:25', '2018-11-26 10:10:25', NULL),
(704, 'deleted_at', 41, NULL, NULL, '2018-11-26 10:10:25', '2018-11-26 10:10:25', NULL),
(705, 'id', 42, NULL, NULL, '2018-11-26 10:10:25', '2018-11-26 10:10:25', NULL),
(706, 'value', 42, NULL, NULL, '2018-11-26 10:10:25', '2018-11-26 10:10:25', NULL),
(707, 'created_at', 42, NULL, NULL, '2018-11-26 10:10:25', '2018-11-26 10:10:25', NULL),
(708, 'updated_at', 42, NULL, NULL, '2018-11-26 10:10:25', '2018-11-26 10:10:25', NULL),
(709, 'deleted_at', 42, NULL, NULL, '2018-11-26 10:10:25', '2018-11-26 10:10:25', NULL),
(710, 'id', 43, NULL, NULL, '2018-11-26 10:10:25', '2018-11-26 10:10:25', NULL),
(711, 'short', 43, NULL, NULL, '2018-11-26 10:10:25', '2018-11-26 10:10:25', NULL),
(712, 'name', 43, NULL, NULL, '2018-11-26 10:10:25', '2018-11-26 10:10:25', NULL),
(713, 'media_image_id', 43, NULL, NULL, '2018-11-26 10:10:25', '2018-11-26 10:10:25', NULL),
(714, 'created_at', 43, NULL, NULL, '2018-11-26 10:10:25', '2018-11-26 10:10:25', NULL),
(715, 'updated_at', 43, NULL, NULL, '2018-11-26 10:10:25', '2018-11-26 10:10:25', NULL),
(716, 'deleted_at', 43, NULL, NULL, '2018-11-26 10:10:25', '2018-11-26 10:10:25', NULL),
(717, 'id', 44, NULL, NULL, '2018-11-26 10:10:25', '2018-11-26 10:10:25', NULL),
(718, 'short', 44, NULL, NULL, '2018-11-26 10:10:25', '2018-11-26 10:10:25', NULL),
(719, 'name', 44, NULL, NULL, '2018-11-26 10:10:25', '2018-11-26 10:10:25', NULL),
(720, 'info_page_id', 44, NULL, NULL, '2018-11-26 10:10:25', '2018-11-26 10:10:25', NULL),
(721, 'position', 44, NULL, NULL, '2018-11-26 10:10:25', '2018-11-26 10:10:25', NULL),
(722, 'created_at', 44, NULL, NULL, '2018-11-26 10:10:25', '2018-11-26 10:10:25', NULL),
(723, 'updated_at', 44, NULL, NULL, '2018-11-26 10:10:25', '2018-11-26 10:10:25', NULL),
(724, 'deleted_at', 44, NULL, NULL, '2018-11-26 10:10:25', '2018-11-26 10:10:25', NULL),
(725, 'id', 45, NULL, NULL, '2018-11-26 10:10:25', '2018-11-26 10:10:25', NULL),
(726, 'iso_2', 45, NULL, NULL, '2018-11-26 10:10:25', '2018-11-26 10:10:25', NULL),
(727, 'country_iso_2', 45, NULL, NULL, '2018-11-26 10:10:25', '2018-11-26 10:10:25', NULL),
(728, 'collalte_locale', 45, NULL, NULL, '2018-11-26 10:10:25', '2018-11-26 10:10:25', NULL),
(729, 'name_local', 45, NULL, NULL, '2018-11-26 10:10:25', '2018-11-26 10:10:25', NULL),
(730, 'is_sacred', 45, NULL, NULL, '2018-11-26 10:10:25', '2018-11-26 10:10:25', NULL),
(731, 'is_constructed', 45, NULL, NULL, '2018-11-26 10:10:25', '2018-11-26 10:10:25', NULL),
(732, 'created_at', 45, NULL, NULL, '2018-11-26 10:10:25', '2018-11-26 10:10:25', NULL),
(733, 'updated_at', 45, NULL, NULL, '2018-11-26 10:10:25', '2018-11-26 10:10:25', NULL),
(734, 'deleted_at', 45, NULL, NULL, '2018-11-26 10:10:25', '2018-11-26 10:10:25', NULL),
(735, 'id', 46, NULL, NULL, '2018-11-26 10:10:25', '2018-11-26 10:10:25', NULL),
(736, 'short', 46, NULL, NULL, '2018-11-26 10:10:25', '2018-11-26 10:10:25', NULL),
(737, 'file_name', 46, NULL, NULL, '2018-11-26 10:10:25', '2018-11-26 10:10:25', NULL),
(738, 'entity_id', 46, NULL, NULL, '2018-11-26 10:10:25', '2018-11-26 10:10:25', NULL),
(739, 'role_id', 46, NULL, NULL, '2018-11-26 10:10:25', '2018-11-26 10:10:25', NULL),
(740, 'media_type_id', 46, NULL, NULL, '2018-11-26 10:10:25', '2018-11-26 10:10:25', NULL),
(741, 'media_folder_id', 46, NULL, NULL, '2018-11-26 10:10:25', '2018-11-26 10:10:25', NULL),
(742, 'file_size', 46, NULL, NULL, '2018-11-26 10:10:25', '2018-11-26 10:10:25', NULL),
(743, 'mime_type', 46, NULL, NULL, '2018-11-26 10:10:25', '2018-11-26 10:10:25', NULL),
(744, 'channels', 46, NULL, NULL, '2018-11-26 10:10:25', '2018-11-26 10:10:25', NULL),
(745, 'width', 46, NULL, NULL, '2018-11-26 10:10:25', '2018-11-26 10:10:25', NULL),
(746, 'height', 46, NULL, NULL, '2018-11-26 10:10:25', '2018-11-26 10:10:25', NULL),
(747, 'author', 46, NULL, NULL, '2018-11-26 10:10:25', '2018-11-26 10:10:25', NULL),
(748, 'copyright', 46, NULL, NULL, '2018-11-26 10:10:25', '2018-11-26 10:10:25', NULL),
(749, 'latitude', 46, NULL, NULL, '2018-11-26 10:10:25', '2018-11-26 10:10:25', NULL),
(750, 'longitude', 46, NULL, NULL, '2018-11-26 10:10:25', '2018-11-26 10:10:25', NULL),
(751, 'media_image_id', 46, NULL, NULL, '2018-11-26 10:10:26', '2018-11-26 10:10:26', NULL),
(752, 'created_at', 46, NULL, NULL, '2018-11-26 10:10:26', '2018-11-26 10:10:26', NULL),
(753, 'updated_at', 46, NULL, NULL, '2018-11-26 10:10:26', '2018-11-26 10:10:26', NULL),
(754, 'deleted_at', 46, NULL, NULL, '2018-11-26 10:10:26', '2018-11-26 10:10:26', NULL),
(755, 'id', 47, NULL, NULL, '2018-11-26 10:10:26', '2018-11-26 10:10:26', NULL),
(756, 'short', 47, NULL, NULL, '2018-11-26 10:10:26', '2018-11-26 10:10:26', NULL),
(757, 'name', 47, NULL, NULL, '2018-11-26 10:10:26', '2018-11-26 10:10:26', NULL),
(758, 'media_id', 47, NULL, NULL, '2018-11-26 10:10:26', '2018-11-26 10:10:26', NULL),
(759, 'created_at', 47, NULL, NULL, '2018-11-26 10:10:26', '2018-11-26 10:10:26', NULL),
(760, 'updated_at', 47, NULL, NULL, '2018-11-26 10:10:26', '2018-11-26 10:10:26', NULL),
(761, 'deleted_at', 47, NULL, NULL, '2018-11-26 10:10:26', '2018-11-26 10:10:26', NULL),
(762, 'id', 48, NULL, NULL, '2018-11-26 10:10:26', '2018-11-26 10:10:26', NULL),
(763, 'short', 48, NULL, NULL, '2018-11-26 10:10:26', '2018-11-26 10:10:26', NULL),
(764, 'file_name', 48, NULL, NULL, '2018-11-26 10:10:26', '2018-11-26 10:10:26', NULL),
(765, 'entity_id', 48, NULL, NULL, '2018-11-26 10:10:26', '2018-11-26 10:10:26', NULL),
(766, 'role_id', 48, NULL, NULL, '2018-11-26 10:10:26', '2018-11-26 10:10:26', NULL),
(767, 'media_type_id', 48, NULL, NULL, '2018-11-26 10:10:26', '2018-11-26 10:10:26', NULL),
(768, 'media_folder_id', 48, NULL, NULL, '2018-11-26 10:10:26', '2018-11-26 10:10:26', NULL),
(769, 'file_size', 48, NULL, NULL, '2018-11-26 10:10:26', '2018-11-26 10:10:26', NULL),
(770, 'mime_type', 48, NULL, NULL, '2018-11-26 10:10:26', '2018-11-26 10:10:26', NULL),
(771, 'channels', 48, NULL, NULL, '2018-11-26 10:10:26', '2018-11-26 10:10:26', NULL),
(772, 'width', 48, NULL, NULL, '2018-11-26 10:10:26', '2018-11-26 10:10:26', NULL),
(773, 'height', 48, NULL, NULL, '2018-11-26 10:10:26', '2018-11-26 10:10:26', NULL),
(774, 'author', 48, NULL, NULL, '2018-11-26 10:10:26', '2018-11-26 10:10:26', NULL),
(775, 'copyright', 48, NULL, NULL, '2018-11-26 10:10:26', '2018-11-26 10:10:26', NULL),
(776, 'latitude', 48, NULL, NULL, '2018-11-26 10:10:26', '2018-11-26 10:10:26', NULL),
(777, 'longitude', 48, NULL, NULL, '2018-11-26 10:10:26', '2018-11-26 10:10:26', NULL),
(778, 'media_image_id', 48, NULL, NULL, '2018-11-26 10:10:26', '2018-11-26 10:10:26', NULL),
(779, 'created_at', 48, NULL, NULL, '2018-11-26 10:10:26', '2018-11-26 10:10:26', NULL),
(780, 'updated_at', 48, NULL, NULL, '2018-11-26 10:10:26', '2018-11-26 10:10:26', NULL),
(781, 'deleted_at', 48, NULL, NULL, '2018-11-26 10:10:26', '2018-11-26 10:10:26', NULL),
(782, 'id', 49, NULL, NULL, '2018-11-26 10:10:26', '2018-11-26 10:10:26', NULL),
(783, 'name', 49, NULL, NULL, '2018-11-26 10:10:26', '2018-11-26 10:10:26', NULL),
(784, 'media_folder_id', 49, NULL, NULL, '2018-11-26 10:10:26', '2018-11-26 10:10:26', NULL),
(785, 'created_at', 49, NULL, NULL, '2018-11-26 10:10:26', '2018-11-26 10:10:26', NULL),
(786, 'updated_at', 49, NULL, NULL, '2018-11-26 10:10:26', '2018-11-26 10:10:26', NULL),
(787, 'deleted_at', 49, NULL, NULL, '2018-11-26 10:10:26', '2018-11-26 10:10:26', NULL),
(788, 'id', 50, NULL, NULL, '2018-11-26 10:10:26', '2018-11-26 10:10:26', NULL),
(789, 'short', 50, NULL, NULL, '2018-11-26 10:10:26', '2018-11-26 10:10:26', NULL),
(790, 'file_name', 50, NULL, NULL, '2018-11-26 10:10:26', '2018-11-26 10:10:26', NULL),
(791, 'entity_id', 50, NULL, NULL, '2018-11-26 10:10:26', '2018-11-26 10:10:26', NULL),
(792, 'role_id', 50, NULL, NULL, '2018-11-26 10:10:26', '2018-11-26 10:10:26', NULL),
(793, 'media_type_id', 50, NULL, NULL, '2018-11-26 10:10:26', '2018-11-26 10:10:26', NULL),
(794, 'media_folder_id', 50, NULL, NULL, '2018-11-26 10:10:26', '2018-11-26 10:10:26', NULL),
(795, 'file_size', 50, NULL, NULL, '2018-11-26 10:10:26', '2018-11-26 10:10:26', NULL),
(796, 'mime_type', 50, NULL, NULL, '2018-11-26 10:10:26', '2018-11-26 10:10:26', NULL),
(797, 'channels', 50, NULL, NULL, '2018-11-26 10:10:26', '2018-11-26 10:10:26', NULL),
(798, 'width', 50, NULL, NULL, '2018-11-26 10:10:26', '2018-11-26 10:10:26', NULL),
(799, 'height', 50, NULL, NULL, '2018-11-26 10:10:26', '2018-11-26 10:10:26', NULL),
(800, 'author', 50, NULL, NULL, '2018-11-26 10:10:26', '2018-11-26 10:10:26', NULL),
(801, 'copyright', 50, NULL, NULL, '2018-11-26 10:10:26', '2018-11-26 10:10:26', NULL),
(802, 'latitude', 50, NULL, NULL, '2018-11-26 10:10:26', '2018-11-26 10:10:26', NULL),
(803, 'longitude', 50, NULL, NULL, '2018-11-26 10:10:26', '2018-11-26 10:10:26', NULL),
(804, 'media_image_id', 50, NULL, NULL, '2018-11-26 10:10:26', '2018-11-26 10:10:26', NULL),
(805, 'created_at', 50, NULL, NULL, '2018-11-26 10:10:26', '2018-11-26 10:10:26', NULL),
(806, 'updated_at', 50, NULL, NULL, '2018-11-26 10:10:26', '2018-11-26 10:10:26', NULL),
(807, 'deleted_at', 50, NULL, NULL, '2018-11-26 10:10:26', '2018-11-26 10:10:26', NULL),
(808, 'id', 51, NULL, NULL, '2018-11-26 10:10:26', '2018-11-26 10:10:26', NULL),
(809, 'short', 51, NULL, NULL, '2018-11-26 10:10:26', '2018-11-26 10:10:26', NULL),
(810, 'file_name', 51, NULL, NULL, '2018-11-26 10:10:26', '2018-11-26 10:10:26', NULL),
(811, 'entity_id', 51, NULL, NULL, '2018-11-26 10:10:26', '2018-11-26 10:10:26', NULL),
(812, 'role_id', 51, NULL, NULL, '2018-11-26 10:10:26', '2018-11-26 10:10:26', NULL),
(813, 'media_type_id', 51, NULL, NULL, '2018-11-26 10:10:26', '2018-11-26 10:10:26', NULL),
(814, 'media_folder_id', 51, NULL, NULL, '2018-11-26 10:10:26', '2018-11-26 10:10:26', NULL),
(815, 'file_size', 51, NULL, NULL, '2018-11-26 10:10:26', '2018-11-26 10:10:26', NULL),
(816, 'mime_type', 51, NULL, NULL, '2018-11-26 10:10:26', '2018-11-26 10:10:26', NULL),
(817, 'channels', 51, NULL, NULL, '2018-11-26 10:10:26', '2018-11-26 10:10:26', NULL),
(818, 'width', 51, NULL, NULL, '2018-11-26 10:10:26', '2018-11-26 10:10:26', NULL),
(819, 'height', 51, NULL, NULL, '2018-11-26 10:10:26', '2018-11-26 10:10:26', NULL),
(820, 'author', 51, NULL, NULL, '2018-11-26 10:10:26', '2018-11-26 10:10:26', NULL),
(821, 'copyright', 51, NULL, NULL, '2018-11-26 10:10:26', '2018-11-26 10:10:26', NULL),
(822, 'latitude', 51, NULL, NULL, '2018-11-26 10:10:26', '2018-11-26 10:10:26', NULL),
(823, 'longitude', 51, NULL, NULL, '2018-11-26 10:10:26', '2018-11-26 10:10:26', NULL),
(824, 'media_image_id', 51, NULL, NULL, '2018-11-26 10:10:26', '2018-11-26 10:10:26', NULL),
(825, 'created_at', 51, NULL, NULL, '2018-11-26 10:10:26', '2018-11-26 10:10:26', NULL),
(826, 'updated_at', 51, NULL, NULL, '2018-11-26 10:10:26', '2018-11-26 10:10:26', NULL),
(827, 'deleted_at', 51, NULL, NULL, '2018-11-26 10:10:26', '2018-11-26 10:10:26', NULL),
(828, 'id', 52, NULL, NULL, '2018-11-26 10:10:26', '2018-11-26 10:10:26', NULL),
(829, 'short', 52, NULL, NULL, '2018-11-26 10:10:26', '2018-11-26 10:10:26', NULL),
(830, 'name', 52, NULL, NULL, '2018-11-26 10:10:26', '2018-11-26 10:10:26', NULL),
(831, 'media_image_id', 52, NULL, NULL, '2018-11-26 10:10:26', '2018-11-26 10:10:26', NULL),
(832, 'action_id', 52, NULL, NULL, '2018-11-26 10:10:26', '2018-11-26 10:10:26', NULL),
(833, 'position', 52, NULL, NULL, '2018-11-26 10:10:26', '2018-11-26 10:10:26', NULL),
(834, 'created_at', 52, NULL, NULL, '2018-11-26 10:10:26', '2018-11-26 10:10:26', NULL),
(835, 'updated_at', 52, NULL, NULL, '2018-11-26 10:10:26', '2018-11-26 10:10:26', NULL),
(836, 'deleted_at', 52, NULL, NULL, '2018-11-26 10:10:26', '2018-11-26 10:10:26', NULL),
(837, 'id', 53, NULL, NULL, '2018-11-26 10:10:26', '2018-11-26 10:10:26', NULL),
(838, 'media_image_id', 53, NULL, NULL, '2018-11-26 10:10:26', '2018-11-26 10:10:26', NULL),
(839, 'info_page_id', 53, NULL, NULL, '2018-11-26 10:10:26', '2018-11-26 10:10:26', NULL),
(840, 'position', 53, NULL, NULL, '2018-11-26 10:10:26', '2018-11-26 10:10:26', NULL),
(841, 'created_at', 53, NULL, NULL, '2018-11-26 10:10:26', '2018-11-26 10:10:26', NULL),
(842, 'updated_at', 53, NULL, NULL, '2018-11-26 10:10:26', '2018-11-26 10:10:26', NULL),
(843, 'deleted_at', 53, NULL, NULL, '2018-11-26 10:10:26', '2018-11-26 10:10:26', NULL),
(844, 'id', 54, NULL, NULL, '2018-11-26 10:10:26', '2018-11-26 10:10:26', NULL),
(845, 'short', 54, NULL, NULL, '2018-11-26 10:10:26', '2018-11-26 10:10:26', NULL),
(846, 'file_name', 54, NULL, NULL, '2018-11-26 10:10:26', '2018-11-26 10:10:26', NULL),
(847, 'entity_id', 54, NULL, NULL, '2018-11-26 10:10:26', '2018-11-26 10:10:26', NULL),
(848, 'role_id', 54, NULL, NULL, '2018-11-26 10:10:26', '2018-11-26 10:10:26', NULL),
(849, 'media_type_id', 54, NULL, NULL, '2018-11-26 10:10:26', '2018-11-26 10:10:26', NULL),
(850, 'media_folder_id', 54, NULL, NULL, '2018-11-26 10:10:26', '2018-11-26 10:10:26', NULL),
(851, 'file_size', 54, NULL, NULL, '2018-11-26 10:10:26', '2018-11-26 10:10:26', NULL),
(852, 'mime_type', 54, NULL, NULL, '2018-11-26 10:10:26', '2018-11-26 10:10:26', NULL),
(853, 'channels', 54, NULL, NULL, '2018-11-26 10:10:26', '2018-11-26 10:10:26', NULL),
(854, 'width', 54, NULL, NULL, '2018-11-26 10:10:26', '2018-11-26 10:10:26', NULL),
(855, 'height', 54, NULL, NULL, '2018-11-26 10:10:26', '2018-11-26 10:10:26', NULL),
(856, 'author', 54, NULL, NULL, '2018-11-26 10:10:26', '2018-11-26 10:10:26', NULL),
(857, 'copyright', 54, NULL, NULL, '2018-11-26 10:10:26', '2018-11-26 10:10:26', NULL),
(858, 'latitude', 54, NULL, NULL, '2018-11-26 10:10:26', '2018-11-26 10:10:26', NULL),
(859, 'longitude', 54, NULL, NULL, '2018-11-26 10:10:26', '2018-11-26 10:10:26', NULL),
(860, 'media_image_id', 54, NULL, NULL, '2018-11-26 10:10:26', '2018-11-26 10:10:26', NULL),
(861, 'created_at', 54, NULL, NULL, '2018-11-26 10:10:26', '2018-11-26 10:10:26', NULL),
(862, 'updated_at', 54, NULL, NULL, '2018-11-26 10:10:26', '2018-11-26 10:10:26', NULL),
(863, 'deleted_at', 54, NULL, NULL, '2018-11-26 10:10:26', '2018-11-26 10:10:26', NULL),
(864, 'id', 55, NULL, NULL, '2018-11-26 10:10:26', '2018-11-26 10:10:26', NULL),
(865, 'short', 55, NULL, NULL, '2018-11-26 10:10:26', '2018-11-26 10:10:26', NULL),
(866, 'created_at', 55, NULL, NULL, '2018-11-26 10:10:26', '2018-11-26 10:10:26', NULL),
(867, 'updated_at', 55, NULL, NULL, '2018-11-26 10:10:26', '2018-11-26 10:10:26', NULL),
(868, 'deleted_at', 55, NULL, NULL, '2018-11-26 10:10:26', '2018-11-26 10:10:26', NULL),
(869, 'id', 56, NULL, NULL, '2018-11-26 10:10:26', '2018-11-26 10:10:26', NULL),
(870, 'short', 56, NULL, NULL, '2018-11-26 10:10:26', '2018-11-26 10:10:26', NULL),
(871, 'name', 56, NULL, NULL, '2018-11-26 10:10:26', '2018-11-26 10:10:26', NULL),
(872, 'value', 56, NULL, NULL, '2018-11-26 10:10:26', '2018-11-26 10:10:26', NULL),
(873, 'created_at', 56, NULL, NULL, '2018-11-26 10:10:26', '2018-11-26 10:10:26', NULL),
(874, 'updated_at', 56, NULL, NULL, '2018-11-26 10:10:26', '2018-11-26 10:10:26', NULL),
(875, 'deleted_at', 56, NULL, NULL, '2018-11-26 10:10:26', '2018-11-26 10:10:26', NULL),
(876, 'id', 57, NULL, NULL, '2018-11-26 10:10:26', '2018-11-26 10:10:26', NULL),
(877, 'name', 57, NULL, NULL, '2018-11-26 10:10:26', '2018-11-26 10:10:26', NULL),
(878, 'model_name_id', 57, NULL, NULL, '2018-11-26 10:10:26', '2018-11-26 10:10:26', NULL),
(879, 'model_column_name_edit_as_id', 57, NULL, NULL, '2018-11-26 10:10:26', '2018-11-26 10:10:26', NULL),
(880, 'position', 57, NULL, NULL, '2018-11-26 10:10:26', '2018-11-26 10:10:26', NULL),
(881, 'created_at', 57, NULL, NULL, '2018-11-26 10:10:26', '2018-11-26 10:10:26', NULL),
(882, 'updated_at', 57, NULL, NULL, '2018-11-26 10:10:26', '2018-11-26 10:10:26', NULL),
(883, 'deleted_at', 57, NULL, NULL, '2018-11-26 10:10:26', '2018-11-26 10:10:26', NULL),
(884, 'id', 58, NULL, NULL, '2018-11-26 10:10:26', '2018-11-26 10:10:26', NULL),
(885, 'short', 58, NULL, NULL, '2018-11-26 10:10:26', '2018-11-26 10:10:26', NULL),
(886, 'created_at', 58, NULL, NULL, '2018-11-26 10:10:26', '2018-11-26 10:10:26', NULL),
(887, 'updated_at', 58, NULL, NULL, '2018-11-26 10:10:26', '2018-11-26 10:10:26', NULL),
(888, 'deleted_at', 58, NULL, NULL, '2018-11-26 10:10:26', '2018-11-26 10:10:26', NULL),
(889, 'id', 59, NULL, NULL, '2018-11-26 10:10:26', '2018-11-26 10:10:26', NULL),
(890, 'name', 59, NULL, NULL, '2018-11-26 10:10:26', '2018-11-26 10:10:26', NULL),
(891, 'name_short', 59, NULL, NULL, '2018-11-26 10:10:26', '2018-11-26 10:10:26', NULL),
(892, 'default_sort', 59, NULL, NULL, '2018-11-26 10:10:26', '2018-11-26 10:10:26', NULL),
(893, 'button_edit', 59, NULL, NULL, '2018-11-26 10:10:26', '2018-11-26 10:10:26', NULL),
(894, 'button_add', 59, NULL, NULL, '2018-11-26 10:10:26', '2018-11-26 10:10:26', NULL),
(895, 'button_delete', 59, NULL, NULL, '2018-11-26 10:10:26', '2018-11-26 10:10:26', NULL),
(896, 'width', 59, NULL, NULL, '2018-11-26 10:10:26', '2018-11-26 10:10:26', NULL),
(897, 'height', 59, NULL, NULL, '2018-11-26 10:10:26', '2018-11-26 10:10:26', NULL),
(898, 'created_at', 59, NULL, NULL, '2018-11-26 10:10:26', '2018-11-26 10:10:26', NULL),
(899, 'updated_at', 59, NULL, NULL, '2018-11-26 10:10:26', '2018-11-26 10:10:26', NULL),
(900, 'deleted_at', 59, NULL, NULL, '2018-11-26 10:10:26', '2018-11-26 10:10:26', NULL),
(901, 'id', 60, NULL, NULL, '2018-11-26 10:10:26', '2018-11-26 10:10:26', NULL),
(902, 'name', 60, NULL, NULL, '2018-11-26 10:10:26', '2018-11-26 10:10:26', NULL),
(903, 'search_like', 60, NULL, NULL, '2018-11-26 10:10:26', '2018-11-26 10:10:26', NULL),
(904, 'width', 60, NULL, NULL, '2018-11-26 10:10:26', '2018-11-26 10:10:26', NULL),
(905, 'model_list_id', 60, NULL, NULL, '2018-11-26 10:10:26', '2018-11-26 10:10:26', NULL),
(906, 'model_column_name_id', 60, NULL, NULL, '2018-11-26 10:10:26', '2018-11-26 10:10:26', NULL),
(907, 'model_list_connection_id', 60, NULL, NULL, '2018-11-26 10:10:26', '2018-11-26 10:10:26', NULL),
(908, 'position', 60, NULL, NULL, '2018-11-26 10:10:26', '2018-11-26 10:10:26', NULL),
(909, 'created_at', 60, NULL, NULL, '2018-11-26 10:10:26', '2018-11-26 10:10:26', NULL),
(910, 'updated_at', 60, NULL, NULL, '2018-11-26 10:10:26', '2018-11-26 10:10:26', NULL),
(911, 'deleted_at', 60, NULL, NULL, '2018-11-26 10:10:26', '2018-11-26 10:10:26', NULL),
(912, 'id', 61, NULL, NULL, '2018-11-26 10:10:26', '2018-11-26 10:10:26', NULL),
(913, 'model_list_export_id', 61, NULL, NULL, '2018-11-26 10:10:26', '2018-11-26 10:10:26', NULL),
(914, 'column_name', 61, NULL, NULL, '2018-11-26 10:10:26', '2018-11-26 10:10:26', NULL),
(915, 'width', 61, NULL, NULL, '2018-11-26 10:10:26', '2018-11-26 10:10:26', NULL),
(916, 'show_column', 61, NULL, NULL, '2018-11-26 10:10:26', '2018-11-26 10:10:26', NULL),
(917, 'created_at', 61, NULL, NULL, '2018-11-26 10:10:26', '2018-11-26 10:10:26', NULL),
(918, 'updated_at', 61, NULL, NULL, '2018-11-26 10:10:26', '2018-11-26 10:10:26', NULL),
(919, 'deleted_at', 61, NULL, NULL, '2018-11-26 10:10:26', '2018-11-26 10:10:26', NULL),
(920, 'id', 62, NULL, NULL, '2018-11-26 10:10:26', '2018-11-26 10:10:26', NULL),
(921, 'short', 62, NULL, NULL, '2018-11-26 10:10:26', '2018-11-26 10:10:26', NULL),
(922, 'join_on_short', 62, NULL, NULL, '2018-11-26 10:10:26', '2018-11-26 10:10:26', NULL),
(923, 'name_alias', 62, NULL, NULL, '2018-11-26 10:10:26', '2018-11-26 10:10:26', NULL),
(924, 'model_name_id', 62, NULL, NULL, '2018-11-26 10:10:26', '2018-11-26 10:10:26', NULL),
(925, 'replace_with_column', 62, NULL, NULL, '2018-11-26 10:10:26', '2018-11-26 10:10:26', NULL),
(926, 'is_foreign', 62, NULL, NULL, '2018-11-26 10:10:26', '2018-11-26 10:10:26', NULL),
(927, 'local_key', 62, NULL, NULL, '2018-11-26 10:10:26', '2018-11-26 10:10:26', NULL),
(928, 'foreign_key', 62, NULL, NULL, '2018-11-26 10:10:26', '2018-11-26 10:10:26', NULL),
(929, 'created_at', 62, NULL, NULL, '2018-11-26 10:10:26', '2018-11-26 10:10:26', NULL),
(930, 'updated_at', 62, NULL, NULL, '2018-11-26 10:10:26', '2018-11-26 10:10:26', NULL),
(931, 'deleted_at', 62, NULL, NULL, '2018-11-26 10:10:26', '2018-11-26 10:10:26', NULL),
(932, 'id', 63, NULL, NULL, '2018-11-26 10:10:26', '2018-11-26 10:10:26', NULL),
(933, 'model_column_name_id', 63, NULL, NULL, '2018-11-26 10:10:26', '2018-11-26 10:10:26', NULL),
(934, 'model_list_id', 63, NULL, NULL, '2018-11-26 10:10:26', '2018-11-26 10:10:26', NULL),
(935, 'created_at', 63, NULL, NULL, '2018-11-26 10:10:26', '2018-11-26 10:10:26', NULL),
(936, 'updated_at', 63, NULL, NULL, '2018-11-26 10:10:26', '2018-11-26 10:10:26', NULL),
(937, 'deleted_at', 63, NULL, NULL, '2018-11-26 10:10:26', '2018-11-26 10:10:26', NULL),
(938, 'id', 64, NULL, NULL, '2018-11-26 10:10:26', '2018-11-26 10:10:26', NULL),
(939, 'model_list_id', 64, NULL, NULL, '2018-11-26 10:10:26', '2018-11-26 10:10:26', NULL),
(940, 'entity_id', 64, NULL, NULL, '2018-11-26 10:10:26', '2018-11-26 10:10:26', NULL),
(941, 'export_type', 64, NULL, NULL, '2018-11-26 10:10:26', '2018-11-26 10:10:26', NULL),
(942, 'created_at', 64, NULL, NULL, '2018-11-26 10:10:26', '2018-11-26 10:10:26', NULL),
(943, 'updated_at', 64, NULL, NULL, '2018-11-26 10:10:26', '2018-11-26 10:10:26', NULL),
(944, 'deleted_at', 64, NULL, NULL, '2018-11-26 10:10:26', '2018-11-26 10:10:26', NULL),
(945, 'id', 65, NULL, NULL, '2018-11-26 10:10:26', '2018-11-26 10:10:26', NULL),
(946, 'value', 65, NULL, NULL, '2018-11-26 10:10:26', '2018-11-26 10:10:26', NULL),
(947, 'use_like', 65, NULL, NULL, '2018-11-26 10:10:26', '2018-11-26 10:10:26', NULL),
(948, 'model_list_id', 65, NULL, NULL, '2018-11-26 10:10:26', '2018-11-26 10:10:26', NULL),
(949, 'model_column_name_id', 65, NULL, NULL, '2018-11-26 10:10:26', '2018-11-26 10:10:26', NULL),
(950, 'model_list_connection_id', 65, NULL, NULL, '2018-11-26 10:10:26', '2018-11-26 10:10:26', NULL),
(951, 'created_at', 65, NULL, NULL, '2018-11-26 10:10:26', '2018-11-26 10:10:26', NULL),
(952, 'updated_at', 65, NULL, NULL, '2018-11-26 10:10:26', '2018-11-26 10:10:26', NULL),
(953, 'deleted_at', 65, NULL, NULL, '2018-11-26 10:10:26', '2018-11-26 10:10:26', NULL),
(954, 'id', 66, NULL, NULL, '2018-11-26 10:10:26', '2018-11-26 10:10:26', NULL),
(955, 'model_name_id', 66, NULL, NULL, '2018-11-26 10:10:26', '2018-11-26 10:10:26', NULL),
(956, 'referenced_id', 66, NULL, NULL, '2018-11-26 10:10:26', '2018-11-26 10:10:26', NULL),
(957, 'active', 66, NULL, NULL, '2018-11-26 10:10:26', '2018-11-26 10:10:26', NULL),
(958, 'entity_id', 66, NULL, NULL, '2018-11-26 10:10:26', '2018-11-26 10:10:26', NULL),
(959, 'identifier', 66, NULL, NULL, '2018-11-26 10:10:26', '2018-11-26 10:10:26', NULL),
(960, 'created_at', 66, NULL, NULL, '2018-11-26 10:10:26', '2018-11-26 10:10:26', NULL),
(961, 'updated_at', 66, NULL, NULL, '2018-11-26 10:10:26', '2018-11-26 10:10:26', NULL),
(962, 'deleted_at', 66, NULL, NULL, '2018-11-26 10:10:26', '2018-11-26 10:10:26', NULL),
(963, 'id', 67, NULL, NULL, '2018-11-26 10:10:26', '2018-11-26 10:10:26', NULL),
(964, 'name', 67, NULL, NULL, '2018-11-26 10:10:26', '2018-11-26 10:10:26', NULL),
(965, 'created_at', 67, NULL, NULL, '2018-11-26 10:10:26', '2018-11-26 10:10:26', NULL),
(966, 'updated_at', 67, NULL, NULL, '2018-11-26 10:10:26', '2018-11-26 10:10:26', NULL),
(967, 'deleted_at', 67, NULL, NULL, '2018-11-26 10:10:26', '2018-11-26 10:10:26', NULL),
(968, 'id', 68, NULL, NULL, '2018-11-26 10:10:26', '2018-11-26 10:10:26', NULL),
(969, 'name', 68, NULL, NULL, '2018-11-26 10:10:26', '2018-11-26 10:10:26', NULL),
(970, 'description', 68, NULL, NULL, '2018-11-26 10:10:26', '2018-11-26 10:10:26', NULL),
(971, 'created_at', 68, NULL, NULL, '2018-11-26 10:10:26', '2018-11-26 10:10:26', NULL),
(972, 'updated_at', 68, NULL, NULL, '2018-11-26 10:10:26', '2018-11-26 10:10:26', NULL),
(973, 'deleted_at', 68, NULL, NULL, '2018-11-26 10:10:26', '2018-11-26 10:10:26', NULL),
(974, 'id', 69, NULL, NULL, '2018-11-26 10:10:26', '2018-11-26 10:10:26', NULL),
(975, 'navigation_id', 69, NULL, NULL, '2018-11-26 10:10:26', '2018-11-26 10:10:26', NULL),
(976, 'short', 69, NULL, NULL, '2018-11-26 10:10:26', '2018-11-26 10:10:26', NULL),
(977, 'name', 69, NULL, NULL, '2018-11-26 10:10:26', '2018-11-26 10:10:26', NULL),
(978, 'title', 69, NULL, NULL, '2018-11-26 10:10:26', '2018-11-26 10:10:26', NULL),
(979, 'action_resource', 69, NULL, NULL, '2018-11-26 10:10:26', '2018-11-26 10:10:26', NULL),
(980, 'role_short', 69, NULL, NULL, '2018-11-26 10:10:26', '2018-11-26 10:10:26', NULL),
(981, 'dynamic', 69, NULL, NULL, '2018-11-26 10:10:26', '2018-11-26 10:10:26', NULL),
(982, 'visible', 69, NULL, NULL, '2018-11-26 10:10:26', '2018-11-26 10:10:26', NULL),
(983, 'show_all', 69, NULL, NULL, '2018-11-26 10:10:26', '2018-11-26 10:10:26', NULL),
(984, 'show_all_loggedin', 69, NULL, NULL, '2018-11-26 10:10:26', '2018-11-26 10:10:26', NULL),
(985, 'target', 69, NULL, NULL, '2018-11-26 10:10:26', '2018-11-26 10:10:26', NULL),
(986, 'uri', 69, NULL, NULL, '2018-11-26 10:10:26', '2018-11-26 10:10:26', NULL),
(987, 'css_class', 69, NULL, NULL, '2018-11-26 10:10:26', '2018-11-26 10:10:26', NULL),
(988, 'default_language', 69, NULL, NULL, '2018-11-26 10:10:26', '2018-11-26 10:10:26', NULL),
(989, 'do_not_translate', 69, NULL, NULL, '2018-11-26 10:10:26', '2018-11-26 10:10:26', NULL),
(990, 'position', 69, NULL, NULL, '2018-11-26 10:10:26', '2018-11-26 10:10:26', NULL),
(991, 'created_at', 69, NULL, NULL, '2018-11-26 10:10:26', '2018-11-26 10:10:26', NULL),
(992, 'updated_at', 69, NULL, NULL, '2018-11-26 10:10:26', '2018-11-26 10:10:26', NULL),
(993, 'deleted_at', 69, NULL, NULL, '2018-11-26 10:10:26', '2018-11-26 10:10:26', NULL),
(994, 'id', 70, NULL, NULL, '2018-11-26 10:10:26', '2018-11-26 10:10:26', NULL),
(995, 'short', 70, NULL, NULL, '2018-11-26 10:10:26', '2018-11-26 10:10:26', NULL),
(996, 'publish_datetime', 70, NULL, NULL, '2018-11-26 10:10:26', '2018-11-26 10:10:26', NULL),
(997, 'created_at', 70, NULL, NULL, '2018-11-26 10:10:26', '2018-11-26 10:10:26', NULL),
(998, 'updated_at', 70, NULL, NULL, '2018-11-26 10:10:26', '2018-11-26 10:10:26', NULL),
(999, 'deleted_at', 70, NULL, NULL, '2018-11-26 10:10:26', '2018-11-26 10:10:26', NULL),
(1000, 'id', 71, NULL, NULL, '2018-11-26 10:10:26', '2018-11-26 10:10:26', NULL),
(1001, 'short', 71, NULL, NULL, '2018-11-26 10:10:26', '2018-11-26 10:10:26', NULL),
(1002, 'name', 71, NULL, NULL, '2018-11-26 10:10:26', '2018-11-26 10:10:26', NULL),
(1003, 'media_id', 71, NULL, NULL, '2018-11-26 10:10:26', '2018-11-26 10:10:26', NULL),
(1004, 'created_at', 71, NULL, NULL, '2018-11-26 10:10:26', '2018-11-26 10:10:26', NULL),
(1005, 'updated_at', 71, NULL, NULL, '2018-11-26 10:10:26', '2018-11-26 10:10:26', NULL),
(1006, 'deleted_at', 71, NULL, NULL, '2018-11-26 10:10:26', '2018-11-26 10:10:26', NULL),
(1007, 'id', 72, NULL, NULL, '2018-11-26 10:10:26', '2018-11-26 10:10:26', NULL),
(1008, 'email', 72, NULL, NULL, '2018-11-26 10:10:26', '2018-11-26 10:10:26', NULL),
(1009, 'firstname', 72, NULL, NULL, '2018-11-26 10:10:26', '2018-11-26 10:10:26', NULL),
(1010, 'lastname', 72, NULL, NULL, '2018-11-26 10:10:26', '2018-11-26 10:10:26', NULL),
(1011, 'lang', 72, NULL, NULL, '2018-11-26 10:10:26', '2018-11-26 10:10:26', NULL),
(1012, 'salutation_id', 72, NULL, NULL, '2018-11-26 10:10:26', '2018-11-26 10:10:26', NULL),
(1013, 'newsletter_subscriber_type_id', 72, NULL, NULL, '2018-11-26 10:10:26', '2018-11-26 10:10:26', NULL),
(1014, 'created_at', 72, NULL, NULL, '2018-11-26 10:10:26', '2018-11-26 10:10:26', NULL),
(1015, 'updated_at', 72, NULL, NULL, '2018-11-26 10:10:26', '2018-11-26 10:10:26', NULL),
(1016, 'deleted_at', 72, NULL, NULL, '2018-11-26 10:10:26', '2018-11-26 10:10:26', NULL),
(1017, 'id', 73, NULL, NULL, '2018-11-26 10:10:26', '2018-11-26 10:10:26', NULL),
(1018, 'short', 73, NULL, NULL, '2018-11-26 10:10:26', '2018-11-26 10:10:26', NULL),
(1019, 'name', 73, NULL, NULL, '2018-11-26 10:10:26', '2018-11-26 10:10:26', NULL),
(1020, 'created_at', 73, NULL, NULL, '2018-11-26 10:10:26', '2018-11-26 10:10:26', NULL),
(1021, 'updated_at', 73, NULL, NULL, '2018-11-26 10:10:26', '2018-11-26 10:10:26', NULL),
(1022, 'deleted_at', 73, NULL, NULL, '2018-11-26 10:10:26', '2018-11-26 10:10:26', NULL),
(1023, 'id', 74, NULL, NULL, '2018-11-26 10:10:26', '2018-11-26 10:10:26', NULL),
(1024, 'param', 74, NULL, NULL, '2018-11-26 10:10:26', '2018-11-26 10:10:26', NULL),
(1025, 'created_at', 74, NULL, NULL, '2018-11-26 10:10:26', '2018-11-26 10:10:26', NULL),
(1026, 'updated_at', 74, NULL, NULL, '2018-11-26 10:10:26', '2018-11-26 10:10:26', NULL),
(1027, 'deleted_at', 74, NULL, NULL, '2018-11-26 10:10:26', '2018-11-26 10:10:26', NULL),
(1028, 'id', 75, NULL, NULL, '2018-11-26 10:10:26', '2018-11-26 10:10:26', NULL),
(1029, 'short', 75, NULL, NULL, '2018-11-26 10:10:26', '2018-11-26 10:10:26', NULL),
(1030, 'name', 75, NULL, NULL, '2018-11-26 10:10:26', '2018-11-26 10:10:26', NULL),
(1031, 'visible', 75, NULL, NULL, '2018-11-26 10:10:26', '2018-11-26 10:10:26', NULL),
(1032, 'percent', 75, NULL, NULL, '2018-11-26 10:10:26', '2018-11-26 10:10:26', NULL),
(1033, 'fixed', 75, NULL, NULL, '2018-11-26 10:10:26', '2018-11-26 10:10:26', NULL),
(1034, 'cant_be_null', 75, NULL, NULL, '2018-11-26 10:10:26', '2018-11-26 10:10:26', NULL),
(1035, 'class_name', 75, NULL, NULL, '2018-11-26 10:10:26', '2018-11-26 10:10:26', NULL),
(1036, 'need_bank_account_infos', 75, NULL, NULL, '2018-11-26 10:10:26', '2018-11-26 10:10:26', NULL),
(1037, 'need_creditcard_infos', 75, NULL, NULL, '2018-11-26 10:10:26', '2018-11-26 10:10:26', NULL),
(1038, 'has_internal_review', 75, NULL, NULL, '2018-11-26 10:10:26', '2018-11-26 10:10:26', NULL),
(1039, 'has_payment_after_order', 75, NULL, NULL, '2018-11-26 10:10:26', '2018-11-26 10:10:26', NULL),
(1040, 'payment_after_delivery', 75, NULL, NULL, '2018-11-26 10:10:26', '2018-11-26 10:10:26', NULL),
(1041, 'payment_days', 75, NULL, NULL, '2018-11-26 10:10:26', '2018-11-26 10:10:26', NULL),
(1042, 'media_image_id', 75, NULL, NULL, '2018-11-26 10:10:26', '2018-11-26 10:10:26', NULL),
(1043, 'position', 75, NULL, NULL, '2018-11-26 10:10:26', '2018-11-26 10:10:26', NULL),
(1044, 'created_at', 75, NULL, NULL, '2018-11-26 10:10:26', '2018-11-26 10:10:26', NULL),
(1045, 'updated_at', 75, NULL, NULL, '2018-11-26 10:10:26', '2018-11-26 10:10:26', NULL),
(1046, 'deleted_at', 75, NULL, NULL, '2018-11-26 10:10:26', '2018-11-26 10:10:26', NULL),
(1047, 'id', 76, NULL, NULL, '2018-11-26 10:10:26', '2018-11-26 10:10:26', NULL),
(1048, 'short', 76, NULL, NULL, '2018-11-26 10:10:26', '2018-11-26 10:10:26', NULL),
(1049, 'name', 76, NULL, NULL, '2018-11-26 10:10:26', '2018-11-26 10:10:26', NULL),
(1050, 'description', 76, NULL, NULL, '2018-11-26 10:10:26', '2018-11-26 10:10:26', NULL),
(1051, 'version', 76, NULL, NULL, '2018-11-26 10:10:26', '2018-11-26 10:10:26', NULL),
(1052, 'author', 76, NULL, NULL, '2018-11-26 10:10:26', '2018-11-26 10:10:26', NULL),
(1053, 'created_at', 76, NULL, NULL, '2018-11-26 10:10:26', '2018-11-26 10:10:26', NULL),
(1054, 'updated_at', 76, NULL, NULL, '2018-11-26 10:10:26', '2018-11-26 10:10:26', NULL),
(1055, 'deleted_at', 76, NULL, NULL, '2018-11-26 10:10:26', '2018-11-26 10:10:26', NULL),
(1056, 'id', 77, NULL, NULL, '2018-11-26 10:10:26', '2018-11-26 10:10:26', NULL),
(1057, 'short', 77, NULL, NULL, '2018-11-26 10:10:26', '2018-11-26 10:10:26', NULL),
(1058, 'name', 77, NULL, NULL, '2018-11-26 10:10:26', '2018-11-26 10:10:26', NULL),
(1059, 'url', 77, NULL, NULL, '2018-11-26 10:10:26', '2018-11-26 10:10:26', NULL),
(1060, 'media_image_id', 77, NULL, NULL, '2018-11-26 10:10:26', '2018-11-26 10:10:26', NULL),
(1061, 'description', 77, NULL, NULL, '2018-11-26 10:10:26', '2018-11-26 10:10:26', NULL),
(1062, 'position', 77, NULL, NULL, '2018-11-26 10:10:26', '2018-11-26 10:10:26', NULL),
(1063, 'created_at', 77, NULL, NULL, '2018-11-26 10:10:26', '2018-11-26 10:10:26', NULL),
(1064, 'updated_at', 77, NULL, NULL, '2018-11-26 10:10:26', '2018-11-26 10:10:26', NULL),
(1065, 'deleted_at', 77, NULL, NULL, '2018-11-26 10:10:26', '2018-11-26 10:10:26', NULL),
(1066, 'id', 78, NULL, NULL, '2018-11-26 10:10:26', '2018-11-26 10:10:26', NULL),
(1067, 'short', 78, NULL, NULL, '2018-11-26 10:10:26', '2018-11-26 10:10:26', NULL),
(1068, 'media_image_id', 78, NULL, NULL, '2018-11-26 10:10:26', '2018-11-26 10:10:26', NULL),
(1069, 'media_id', 78, NULL, NULL, '2018-11-26 10:10:26', '2018-11-26 10:10:26', NULL),
(1070, 'product_unit_id', 78, NULL, NULL, '2018-11-26 10:10:26', '2018-11-26 10:10:26', NULL),
(1071, 'taxes_id', 78, NULL, NULL, '2018-11-26 10:10:26', '2018-11-26 10:10:26', NULL),
(1072, 'refund_id', 78, NULL, NULL, '2018-11-26 10:10:26', '2018-11-26 10:10:26', NULL),
(1073, 'producer_id', 78, NULL, NULL, '2018-11-26 10:10:26', '2018-11-26 10:10:26', NULL),
(1074, 'product_number', 78, NULL, NULL, '2018-11-26 10:10:26', '2018-11-26 10:10:26', NULL),
(1075, 'price', 78, NULL, NULL, '2018-11-26 10:10:26', '2018-11-26 10:10:26', NULL),
(1076, 'unit_count', 78, NULL, NULL, '2018-11-26 10:10:26', '2018-11-26 10:10:26', NULL),
(1077, 'shipping_cost_factor', 78, NULL, NULL, '2018-11-26 10:10:26', '2018-11-26 10:10:26', NULL),
(1078, 'top_product', 78, NULL, NULL, '2018-11-26 10:10:26', '2018-11-26 10:10:26', NULL),
(1079, 'sold_out', 78, NULL, NULL, '2018-11-26 10:10:26', '2018-11-26 10:10:26', NULL),
(1080, 'hidden', 78, NULL, NULL, '2018-11-26 10:10:26', '2018-11-26 10:10:26', NULL),
(1081, 'new', 78, NULL, NULL, '2018-11-26 10:10:26', '2018-11-26 10:10:26', NULL),
(1082, 'tip', 78, NULL, NULL, '2018-11-26 10:10:26', '2018-11-26 10:10:26', NULL),
(1083, 'product_status_id', 78, NULL, NULL, '2018-11-26 10:10:26', '2018-11-26 10:10:26', NULL),
(1084, 'need_media_upload', 78, NULL, NULL, '2018-11-26 10:10:26', '2018-11-26 10:10:26', NULL),
(1085, 'delivery_days', 78, NULL, NULL, '2018-11-26 10:10:26', '2018-11-26 10:10:26', NULL),
(1086, 'in_stock', 78, NULL, NULL, '2018-11-26 10:10:26', '2018-11-26 10:10:26', NULL),
(1087, 'no_stock_change', 78, NULL, NULL, '2018-11-26 10:10:26', '2018-11-26 10:10:26', NULL),
(1088, 'created_at', 78, NULL, NULL, '2018-11-26 10:10:26', '2018-11-26 10:10:26', NULL),
(1089, 'updated_at', 78, NULL, NULL, '2018-11-26 10:10:26', '2018-11-26 10:10:26', NULL),
(1090, 'deleted_at', 78, NULL, NULL, '2018-11-26 10:10:26', '2018-11-26 10:10:26', NULL),
(1091, 'id', 79, NULL, NULL, '2018-11-26 10:10:26', '2018-11-26 10:10:26', NULL),
(1092, 'short', 79, NULL, NULL, '2018-11-26 10:10:26', '2018-11-26 10:10:26', NULL),
(1093, 'product_group_id', 79, NULL, NULL, '2018-11-26 10:10:26', '2018-11-26 10:10:26', NULL),
(1094, 'media_image_id', 79, NULL, NULL, '2018-11-26 10:10:26', '2018-11-26 10:10:26', NULL),
(1095, 'small_media_image_id', 79, NULL, NULL, '2018-11-26 10:10:26', '2018-11-26 10:10:26', NULL),
(1096, 'show_in_shop', 79, NULL, NULL, '2018-11-26 10:10:26', '2018-11-26 10:10:26', NULL),
(1097, 'position', 79, NULL, NULL, '2018-11-26 10:10:26', '2018-11-26 10:10:26', NULL),
(1098, 'created_at', 79, NULL, NULL, '2018-11-26 10:10:26', '2018-11-26 10:10:26', NULL),
(1099, 'updated_at', 79, NULL, NULL, '2018-11-26 10:10:26', '2018-11-26 10:10:26', NULL),
(1100, 'deleted_at', 79, NULL, NULL, '2018-11-26 10:10:26', '2018-11-26 10:10:26', NULL),
(1101, 'id', 80, NULL, NULL, '2018-11-26 10:10:26', '2018-11-26 10:10:26', NULL),
(1102, 'short', 80, NULL, NULL, '2018-11-26 10:10:26', '2018-11-26 10:10:26', NULL),
(1103, 'name', 80, NULL, NULL, '2018-11-26 10:10:26', '2018-11-26 10:10:26', NULL),
(1104, 'position', 80, NULL, NULL, '2018-11-26 10:10:26', '2018-11-26 10:10:26', NULL),
(1105, 'created_at', 80, NULL, NULL, '2018-11-26 10:10:26', '2018-11-26 10:10:26', NULL),
(1106, 'updated_at', 80, NULL, NULL, '2018-11-26 10:10:26', '2018-11-26 10:10:26', NULL),
(1107, 'deleted_at', 80, NULL, NULL, '2018-11-26 10:10:26', '2018-11-26 10:10:26', NULL),
(1108, 'id', 81, NULL, NULL, '2018-11-26 10:10:26', '2018-11-26 10:10:26', NULL),
(1109, 'product_id', 81, NULL, NULL, '2018-11-26 10:10:26', '2018-11-26 10:10:26', NULL),
(1110, 'media_image_id', 81, NULL, NULL, '2018-11-26 10:10:26', '2018-11-26 10:10:26', NULL),
(1111, 'position', 81, NULL, NULL, '2018-11-26 10:10:26', '2018-11-26 10:10:26', NULL),
(1112, 'created_at', 81, NULL, NULL, '2018-11-26 10:10:26', '2018-11-26 10:10:26', NULL),
(1113, 'updated_at', 81, NULL, NULL, '2018-11-26 10:10:26', '2018-11-26 10:10:26', NULL),
(1114, 'deleted_at', 81, NULL, NULL, '2018-11-26 10:10:26', '2018-11-26 10:10:26', NULL),
(1115, 'id', 82, NULL, NULL, '2018-11-26 10:10:26', '2018-11-26 10:10:26', NULL),
(1116, 'product_id', 82, NULL, NULL, '2018-11-26 10:10:26', '2018-11-26 10:10:26', NULL),
(1117, 'product_group_id', 82, NULL, NULL, '2018-11-26 10:10:26', '2018-11-26 10:10:26', NULL),
(1118, 'created_at', 82, NULL, NULL, '2018-11-26 10:10:26', '2018-11-26 10:10:26', NULL),
(1119, 'updated_at', 82, NULL, NULL, '2018-11-26 10:10:26', '2018-11-26 10:10:26', NULL),
(1120, 'deleted_at', 82, NULL, NULL, '2018-11-26 10:10:26', '2018-11-26 10:10:26', NULL),
(1121, 'id', 83, NULL, NULL, '2018-11-26 10:10:26', '2018-11-26 10:10:26', NULL),
(1122, 'product_id', 83, NULL, NULL, '2018-11-26 10:10:26', '2018-11-26 10:10:26', NULL),
(1123, 'product_option_model_id', 83, NULL, NULL, '2018-11-26 10:10:26', '2018-11-26 10:10:26', NULL),
(1124, 'position', 83, NULL, NULL, '2018-11-26 10:10:26', '2018-11-26 10:10:26', NULL),
(1125, 'created_at', 83, NULL, NULL, '2018-11-26 10:10:26', '2018-11-26 10:10:26', NULL),
(1126, 'updated_at', 83, NULL, NULL, '2018-11-26 10:10:26', '2018-11-26 10:10:26', NULL),
(1127, 'deleted_at', 83, NULL, NULL, '2018-11-26 10:10:26', '2018-11-26 10:10:26', NULL),
(1128, 'id', 84, NULL, NULL, '2018-11-26 10:10:26', '2018-11-26 10:10:26', NULL),
(1129, 'product_m2n_product_option_model_id', 84, NULL, NULL, '2018-11-26 10:10:26', '2018-11-26 10:10:26', NULL),
(1130, 'referenced_id', 84, NULL, NULL, '2018-11-26 10:10:26', '2018-11-26 10:10:26', NULL),
(1131, 'disabled', 84, NULL, NULL, '2018-11-26 10:10:26', '2018-11-26 10:10:26', NULL),
(1132, 'price', 84, NULL, NULL, '2018-11-26 10:10:26', '2018-11-26 10:10:26', NULL),
(1133, 'created_at', 84, NULL, NULL, '2018-11-26 10:10:26', '2018-11-26 10:10:26', NULL),
(1134, 'updated_at', 84, NULL, NULL, '2018-11-26 10:10:26', '2018-11-26 10:10:26', NULL),
(1135, 'deleted_at', 84, NULL, NULL, '2018-11-26 10:10:26', '2018-11-26 10:10:26', NULL),
(1136, 'id', 85, NULL, NULL, '2018-11-26 10:10:26', '2018-11-26 10:10:26', NULL),
(1137, 'product_id', 85, NULL, NULL, '2018-11-26 10:10:26', '2018-11-26 10:10:26', NULL),
(1138, 'tag_id', 85, NULL, NULL, '2018-11-26 10:10:26', '2018-11-26 10:10:26', NULL);
INSERT INTO `model_column_name` (`id`, `name`, `model_name_id`, `model_column_name_edit_as_id`, `position`, `created_at`, `updated_at`, `deleted_at`) VALUES
(1139, 'created_at', 85, NULL, NULL, '2018-11-26 10:10:26', '2018-11-26 10:10:26', NULL),
(1140, 'updated_at', 85, NULL, NULL, '2018-11-26 10:10:26', '2018-11-26 10:10:26', NULL),
(1141, 'deleted_at', 85, NULL, NULL, '2018-11-26 10:10:26', '2018-11-26 10:10:26', NULL),
(1142, 'id', 86, NULL, NULL, '2018-11-26 10:10:26', '2018-11-26 10:10:26', NULL),
(1143, 'short', 86, NULL, NULL, '2018-11-26 10:10:26', '2018-11-26 10:10:26', NULL),
(1144, 'price', 86, NULL, NULL, '2018-11-26 10:10:26', '2018-11-26 10:10:26', NULL),
(1145, 'media_image_id', 86, NULL, NULL, '2018-11-26 10:10:26', '2018-11-26 10:10:26', NULL),
(1146, 'created_at', 86, NULL, NULL, '2018-11-26 10:10:26', '2018-11-26 10:10:26', NULL),
(1147, 'updated_at', 86, NULL, NULL, '2018-11-26 10:10:26', '2018-11-26 10:10:26', NULL),
(1148, 'deleted_at', 86, NULL, NULL, '2018-11-26 10:10:26', '2018-11-26 10:10:26', NULL),
(1149, 'id', 87, NULL, NULL, '2018-11-26 10:10:26', '2018-11-26 10:10:26', NULL),
(1150, 'short', 87, NULL, NULL, '2018-11-26 10:10:26', '2018-11-26 10:10:26', NULL),
(1151, 'name', 87, NULL, NULL, '2018-11-26 10:10:26', '2018-11-26 10:10:26', NULL),
(1152, 'model_name_id', 87, NULL, NULL, '2018-11-26 10:10:26', '2018-11-26 10:10:26', NULL),
(1153, 'position', 87, NULL, NULL, '2018-11-26 10:10:26', '2018-11-26 10:10:26', NULL),
(1154, 'created_at', 87, NULL, NULL, '2018-11-26 10:10:26', '2018-11-26 10:10:26', NULL),
(1155, 'updated_at', 87, NULL, NULL, '2018-11-26 10:10:26', '2018-11-26 10:10:26', NULL),
(1156, 'deleted_at', 87, NULL, NULL, '2018-11-26 10:10:26', '2018-11-26 10:10:26', NULL),
(1157, 'id', 88, NULL, NULL, '2018-11-26 10:10:26', '2018-11-26 10:10:26', NULL),
(1158, 'short', 88, NULL, NULL, '2018-11-26 10:10:26', '2018-11-26 10:10:26', NULL),
(1159, 'created_at', 88, NULL, NULL, '2018-11-26 10:10:26', '2018-11-26 10:10:26', NULL),
(1160, 'updated_at', 88, NULL, NULL, '2018-11-26 10:10:26', '2018-11-26 10:10:26', NULL),
(1161, 'deleted_at', 88, NULL, NULL, '2018-11-26 10:10:26', '2018-11-26 10:10:26', NULL),
(1162, 'id', 89, NULL, NULL, '2018-11-26 10:10:26', '2018-11-26 10:10:26', NULL),
(1163, 'short', 89, NULL, NULL, '2018-11-26 10:10:26', '2018-11-26 10:10:26', NULL),
(1164, 'name', 89, NULL, NULL, '2018-11-26 10:10:26', '2018-11-26 10:10:26', NULL),
(1165, 'position', 89, NULL, NULL, '2018-11-26 10:10:26', '2018-11-26 10:10:26', NULL),
(1166, 'created_at', 89, NULL, NULL, '2018-11-26 10:10:26', '2018-11-26 10:10:26', NULL),
(1167, 'updated_at', 89, NULL, NULL, '2018-11-26 10:10:26', '2018-11-26 10:10:26', NULL),
(1168, 'deleted_at', 89, NULL, NULL, '2018-11-26 10:10:26', '2018-11-26 10:10:26', NULL),
(1169, 'id', 90, NULL, NULL, '2018-11-26 10:10:26', '2018-11-26 10:10:26', NULL),
(1170, 'short', 90, NULL, NULL, '2018-11-26 10:10:26', '2018-11-26 10:10:26', NULL),
(1171, 'name', 90, NULL, NULL, '2018-11-26 10:10:26', '2018-11-26 10:10:26', NULL),
(1172, 'position', 90, NULL, NULL, '2018-11-26 10:10:26', '2018-11-26 10:10:26', NULL),
(1173, 'created_at', 90, NULL, NULL, '2018-11-26 10:10:26', '2018-11-26 10:10:26', NULL),
(1174, 'updated_at', 90, NULL, NULL, '2018-11-26 10:10:26', '2018-11-26 10:10:26', NULL),
(1175, 'deleted_at', 90, NULL, NULL, '2018-11-26 10:10:26', '2018-11-26 10:10:26', NULL),
(1176, 'id', 91, NULL, NULL, '2018-11-26 10:10:26', '2018-11-26 10:10:26', NULL),
(1177, 'short', 91, NULL, NULL, '2018-11-26 10:10:26', '2018-11-26 10:10:26', NULL),
(1178, 'name', 91, NULL, NULL, '2018-11-26 10:10:26', '2018-11-26 10:10:26', NULL),
(1179, 'position', 91, NULL, NULL, '2018-11-26 10:10:26', '2018-11-26 10:10:26', NULL),
(1180, 'created_at', 91, NULL, NULL, '2018-11-26 10:10:26', '2018-11-26 10:10:26', NULL),
(1181, 'updated_at', 91, NULL, NULL, '2018-11-26 10:10:26', '2018-11-26 10:10:26', NULL),
(1182, 'deleted_at', 91, NULL, NULL, '2018-11-26 10:10:26', '2018-11-26 10:10:26', NULL),
(1183, 'id', 92, NULL, NULL, '2018-11-26 10:10:26', '2018-11-26 10:10:26', NULL),
(1184, 'short', 92, NULL, NULL, '2018-11-26 10:10:26', '2018-11-26 10:10:26', NULL),
(1185, 'name', 92, NULL, NULL, '2018-11-26 10:10:26', '2018-11-26 10:10:26', NULL),
(1186, 'position', 92, NULL, NULL, '2018-11-26 10:10:26', '2018-11-26 10:10:26', NULL),
(1187, 'created_at', 92, NULL, NULL, '2018-11-26 10:10:26', '2018-11-26 10:10:26', NULL),
(1188, 'updated_at', 92, NULL, NULL, '2018-11-26 10:10:26', '2018-11-26 10:10:26', NULL),
(1189, 'deleted_at', 92, NULL, NULL, '2018-11-26 10:10:26', '2018-11-26 10:10:26', NULL),
(1190, 'id', 93, NULL, NULL, '2018-11-26 10:10:26', '2018-11-26 10:10:26', NULL),
(1191, 'short', 93, NULL, NULL, '2018-11-26 10:10:26', '2018-11-26 10:10:26', NULL),
(1192, 'name', 93, NULL, NULL, '2018-11-26 10:10:26', '2018-11-26 10:10:26', NULL),
(1193, 'position', 93, NULL, NULL, '2018-11-26 10:10:26', '2018-11-26 10:10:26', NULL),
(1194, 'created_at', 93, NULL, NULL, '2018-11-26 10:10:26', '2018-11-26 10:10:26', NULL),
(1195, 'updated_at', 93, NULL, NULL, '2018-11-26 10:10:26', '2018-11-26 10:10:26', NULL),
(1196, 'deleted_at', 93, NULL, NULL, '2018-11-26 10:10:26', '2018-11-26 10:10:26', NULL),
(1197, 'id', 94, NULL, NULL, '2018-11-26 10:10:26', '2018-11-26 10:10:26', NULL),
(1198, 'product_options_id', 94, NULL, NULL, '2018-11-26 10:10:26', '2018-11-26 10:10:26', NULL),
(1199, 'product_option_items_id', 94, NULL, NULL, '2018-11-26 10:10:26', '2018-11-26 10:10:26', NULL),
(1200, 'position', 94, NULL, NULL, '2018-11-26 10:10:26', '2018-11-26 10:10:26', NULL),
(1201, 'created_at', 94, NULL, NULL, '2018-11-26 10:10:26', '2018-11-26 10:10:26', NULL),
(1202, 'updated_at', 94, NULL, NULL, '2018-11-26 10:10:26', '2018-11-26 10:10:26', NULL),
(1203, 'deleted_at', 94, NULL, NULL, '2018-11-26 10:10:26', '2018-11-26 10:10:26', NULL),
(1204, 'id', 95, NULL, NULL, '2018-11-26 10:10:26', '2018-11-26 10:10:26', NULL),
(1205, 'short', 95, NULL, NULL, '2018-11-26 10:10:26', '2018-11-26 10:10:26', NULL),
(1206, 'name', 95, NULL, NULL, '2018-11-26 10:10:26', '2018-11-26 10:10:26', NULL),
(1207, 'position', 95, NULL, NULL, '2018-11-26 10:10:26', '2018-11-26 10:10:26', NULL),
(1208, 'created_at', 95, NULL, NULL, '2018-11-26 10:10:26', '2018-11-26 10:10:26', NULL),
(1209, 'updated_at', 95, NULL, NULL, '2018-11-26 10:10:26', '2018-11-26 10:10:26', NULL),
(1210, 'deleted_at', 95, NULL, NULL, '2018-11-26 10:10:26', '2018-11-26 10:10:26', NULL),
(1211, 'id', 96, NULL, NULL, '2018-11-26 10:10:26', '2018-11-26 10:10:26', NULL),
(1212, 'short', 96, NULL, NULL, '2018-11-26 10:10:26', '2018-11-26 10:10:26', NULL),
(1213, 'name', 96, NULL, NULL, '2018-11-26 10:10:26', '2018-11-26 10:10:26', NULL),
(1214, 'position', 96, NULL, NULL, '2018-11-26 10:10:26', '2018-11-26 10:10:26', NULL),
(1215, 'created_at', 96, NULL, NULL, '2018-11-26 10:10:26', '2018-11-26 10:10:26', NULL),
(1216, 'updated_at', 96, NULL, NULL, '2018-11-26 10:10:26', '2018-11-26 10:10:26', NULL),
(1217, 'deleted_at', 96, NULL, NULL, '2018-11-26 10:10:26', '2018-11-26 10:10:26', NULL),
(1218, 'id', 97, NULL, NULL, '2018-11-26 10:10:26', '2018-11-26 10:10:26', NULL),
(1219, 'short', 97, NULL, NULL, '2018-11-26 10:10:26', '2018-11-26 10:10:26', NULL),
(1220, 'name', 97, NULL, NULL, '2018-11-26 10:10:26', '2018-11-26 10:10:26', NULL),
(1221, 'position', 97, NULL, NULL, '2018-11-26 10:10:26', '2018-11-26 10:10:26', NULL),
(1222, 'created_at', 97, NULL, NULL, '2018-11-26 10:10:26', '2018-11-26 10:10:26', NULL),
(1223, 'updated_at', 97, NULL, NULL, '2018-11-26 10:10:26', '2018-11-26 10:10:26', NULL),
(1224, 'deleted_at', 97, NULL, NULL, '2018-11-26 10:10:26', '2018-11-26 10:10:26', NULL),
(1225, 'id', 98, NULL, NULL, '2018-11-26 10:10:26', '2018-11-26 10:10:26', NULL),
(1226, 'short', 98, NULL, NULL, '2018-11-26 10:10:26', '2018-11-26 10:10:26', NULL),
(1227, 'name', 98, NULL, NULL, '2018-11-26 10:10:26', '2018-11-26 10:10:26', NULL),
(1228, 'position', 98, NULL, NULL, '2018-11-26 10:10:26', '2018-11-26 10:10:26', NULL),
(1229, 'created_at', 98, NULL, NULL, '2018-11-26 10:10:26', '2018-11-26 10:10:26', NULL),
(1230, 'updated_at', 98, NULL, NULL, '2018-11-26 10:10:26', '2018-11-26 10:10:26', NULL),
(1231, 'deleted_at', 98, NULL, NULL, '2018-11-26 10:10:26', '2018-11-26 10:10:26', NULL),
(1232, 'id', 99, NULL, NULL, '2018-11-26 10:10:26', '2018-11-26 10:10:26', NULL),
(1233, 'short', 99, NULL, NULL, '2018-11-26 10:10:26', '2018-11-26 10:10:26', NULL),
(1234, 'name', 99, NULL, NULL, '2018-11-26 10:10:26', '2018-11-26 10:10:26', NULL),
(1235, 'position', 99, NULL, NULL, '2018-11-26 10:10:26', '2018-11-26 10:10:26', NULL),
(1236, 'created_at', 99, NULL, NULL, '2018-11-26 10:10:26', '2018-11-26 10:10:26', NULL),
(1237, 'updated_at', 99, NULL, NULL, '2018-11-26 10:10:26', '2018-11-26 10:10:26', NULL),
(1238, 'deleted_at', 99, NULL, NULL, '2018-11-26 10:10:26', '2018-11-26 10:10:26', NULL),
(1239, 'id', 100, NULL, NULL, '2018-11-26 10:10:26', '2018-11-26 10:10:26', NULL),
(1240, 'short', 100, NULL, NULL, '2018-11-26 10:10:26', '2018-11-26 10:10:26', NULL),
(1241, 'name', 100, NULL, NULL, '2018-11-26 10:10:26', '2018-11-26 10:10:26', NULL),
(1242, 'position', 100, NULL, NULL, '2018-11-26 10:10:26', '2018-11-26 10:10:26', NULL),
(1243, 'created_at', 100, NULL, NULL, '2018-11-26 10:10:26', '2018-11-26 10:10:26', NULL),
(1244, 'updated_at', 100, NULL, NULL, '2018-11-26 10:10:26', '2018-11-26 10:10:26', NULL),
(1245, 'deleted_at', 100, NULL, NULL, '2018-11-26 10:10:26', '2018-11-26 10:10:26', NULL),
(1246, 'id', 101, NULL, NULL, '2018-11-26 10:10:26', '2018-11-26 10:10:26', NULL),
(1247, 'short', 101, NULL, NULL, '2018-11-26 10:10:26', '2018-11-26 10:10:26', NULL),
(1248, 'name', 101, NULL, NULL, '2018-11-26 10:10:26', '2018-11-26 10:10:26', NULL),
(1249, 'position', 101, NULL, NULL, '2018-11-26 10:10:26', '2018-11-26 10:10:26', NULL),
(1250, 'created_at', 101, NULL, NULL, '2018-11-26 10:10:26', '2018-11-26 10:10:26', NULL),
(1251, 'updated_at', 101, NULL, NULL, '2018-11-26 10:10:26', '2018-11-26 10:10:26', NULL),
(1252, 'deleted_at', 101, NULL, NULL, '2018-11-26 10:10:26', '2018-11-26 10:10:26', NULL),
(1253, 'id', 102, NULL, NULL, '2018-11-26 10:10:26', '2018-11-26 10:10:26', NULL),
(1254, 'short', 102, NULL, NULL, '2018-11-26 10:10:26', '2018-11-26 10:10:26', NULL),
(1255, 'name', 102, NULL, NULL, '2018-11-26 10:10:26', '2018-11-26 10:10:26', NULL),
(1256, 'position', 102, NULL, NULL, '2018-11-26 10:10:26', '2018-11-26 10:10:26', NULL),
(1257, 'created_at', 102, NULL, NULL, '2018-11-26 10:10:26', '2018-11-26 10:10:26', NULL),
(1258, 'updated_at', 102, NULL, NULL, '2018-11-26 10:10:26', '2018-11-26 10:10:26', NULL),
(1259, 'deleted_at', 102, NULL, NULL, '2018-11-26 10:10:26', '2018-11-26 10:10:26', NULL),
(1260, 'id', 103, NULL, NULL, '2018-11-26 10:10:26', '2018-11-26 10:10:26', NULL),
(1261, 'short', 103, NULL, NULL, '2018-11-26 10:10:26', '2018-11-26 10:10:26', NULL),
(1262, 'name', 103, NULL, NULL, '2018-11-26 10:10:26', '2018-11-26 10:10:26', NULL),
(1263, 'position', 103, NULL, NULL, '2018-11-26 10:10:26', '2018-11-26 10:10:26', NULL),
(1264, 'created_at', 103, NULL, NULL, '2018-11-26 10:10:26', '2018-11-26 10:10:26', NULL),
(1265, 'updated_at', 103, NULL, NULL, '2018-11-26 10:10:26', '2018-11-26 10:10:26', NULL),
(1266, 'deleted_at', 103, NULL, NULL, '2018-11-26 10:10:26', '2018-11-26 10:10:26', NULL),
(1267, 'id', 104, NULL, NULL, '2018-11-26 10:10:26', '2018-11-26 10:10:26', NULL),
(1268, 'short', 104, NULL, NULL, '2018-11-26 10:10:26', '2018-11-26 10:10:26', NULL),
(1269, 'name', 104, NULL, NULL, '2018-11-26 10:10:26', '2018-11-26 10:10:26', NULL),
(1270, 'position', 104, NULL, NULL, '2018-11-26 10:10:26', '2018-11-26 10:10:26', NULL),
(1271, 'created_at', 104, NULL, NULL, '2018-11-26 10:10:26', '2018-11-26 10:10:26', NULL),
(1272, 'updated_at', 104, NULL, NULL, '2018-11-26 10:10:26', '2018-11-26 10:10:26', NULL),
(1273, 'deleted_at', 104, NULL, NULL, '2018-11-26 10:10:26', '2018-11-26 10:10:26', NULL),
(1274, 'id', 105, NULL, NULL, '2018-11-26 10:10:26', '2018-11-26 10:10:26', NULL),
(1275, 'short', 105, NULL, NULL, '2018-11-26 10:10:26', '2018-11-26 10:10:26', NULL),
(1276, 'name', 105, NULL, NULL, '2018-11-26 10:10:26', '2018-11-26 10:10:26', NULL),
(1277, 'position', 105, NULL, NULL, '2018-11-26 10:10:26', '2018-11-26 10:10:26', NULL),
(1278, 'created_at', 105, NULL, NULL, '2018-11-26 10:10:26', '2018-11-26 10:10:26', NULL),
(1279, 'updated_at', 105, NULL, NULL, '2018-11-26 10:10:26', '2018-11-26 10:10:26', NULL),
(1280, 'deleted_at', 105, NULL, NULL, '2018-11-26 10:10:26', '2018-11-26 10:10:26', NULL),
(1281, 'id', 106, NULL, NULL, '2018-11-26 10:10:26', '2018-11-26 10:10:26', NULL),
(1282, 'short', 106, NULL, NULL, '2018-11-26 10:10:26', '2018-11-26 10:10:26', NULL),
(1283, 'name', 106, NULL, NULL, '2018-11-26 10:10:26', '2018-11-26 10:10:26', NULL),
(1284, 'position', 106, NULL, NULL, '2018-11-26 10:10:26', '2018-11-26 10:10:26', NULL),
(1285, 'created_at', 106, NULL, NULL, '2018-11-26 10:10:26', '2018-11-26 10:10:26', NULL),
(1286, 'updated_at', 106, NULL, NULL, '2018-11-26 10:10:26', '2018-11-26 10:10:26', NULL),
(1287, 'deleted_at', 106, NULL, NULL, '2018-11-26 10:10:26', '2018-11-26 10:10:26', NULL),
(1288, 'id', 107, NULL, NULL, '2018-11-26 10:10:26', '2018-11-26 10:10:26', NULL),
(1289, 'short', 107, NULL, NULL, '2018-11-26 10:10:26', '2018-11-26 10:10:26', NULL),
(1290, 'name', 107, NULL, NULL, '2018-11-26 10:10:26', '2018-11-26 10:10:26', NULL),
(1291, 'position', 107, NULL, NULL, '2018-11-26 10:10:26', '2018-11-26 10:10:26', NULL),
(1292, 'created_at', 107, NULL, NULL, '2018-11-26 10:10:26', '2018-11-26 10:10:26', NULL),
(1293, 'updated_at', 107, NULL, NULL, '2018-11-26 10:10:26', '2018-11-26 10:10:26', NULL),
(1294, 'deleted_at', 107, NULL, NULL, '2018-11-26 10:10:26', '2018-11-26 10:10:26', NULL),
(1295, 'id', 108, NULL, NULL, '2018-11-26 10:10:26', '2018-11-26 10:10:26', NULL),
(1296, 'entity_user_id', 108, NULL, NULL, '2018-11-26 10:10:26', '2018-11-26 10:10:26', NULL),
(1297, 'company', 108, NULL, NULL, '2018-11-26 10:10:26', '2018-11-26 10:10:26', NULL),
(1298, 'firstname', 108, NULL, NULL, '2018-11-26 10:10:26', '2018-11-26 10:10:26', NULL),
(1299, 'lastname', 108, NULL, NULL, '2018-11-26 10:10:26', '2018-11-26 10:10:26', NULL),
(1300, 'billing_number', 108, NULL, NULL, '2018-11-26 10:10:26', '2018-11-26 10:10:26', NULL),
(1301, 'sum_price', 108, NULL, NULL, '2018-11-26 10:10:26', '2018-11-26 10:10:26', NULL),
(1302, 'shipping_costs', 108, NULL, NULL, '2018-11-26 10:10:26', '2018-11-26 10:10:26', NULL),
(1303, 'payment_costs', 108, NULL, NULL, '2018-11-26 10:10:26', '2018-11-26 10:10:26', NULL),
(1304, 'billing_street', 108, NULL, NULL, '2018-11-26 10:10:26', '2018-11-26 10:10:26', NULL),
(1305, 'billing_street_number', 108, NULL, NULL, '2018-11-26 10:10:26', '2018-11-26 10:10:26', NULL),
(1306, 'billing_address_line_1', 108, NULL, NULL, '2018-11-26 10:10:26', '2018-11-26 10:10:26', NULL),
(1307, 'billing_address_line_2', 108, NULL, NULL, '2018-11-26 10:10:26', '2018-11-26 10:10:26', NULL),
(1308, 'billing_zip', 108, NULL, NULL, '2018-11-26 10:10:26', '2018-11-26 10:10:26', NULL),
(1309, 'billing_city', 108, NULL, NULL, '2018-11-26 10:10:26', '2018-11-26 10:10:26', NULL),
(1310, 'billing_country_id', 108, NULL, NULL, '2018-11-26 10:10:26', '2018-11-26 10:10:26', NULL),
(1311, 'email', 108, NULL, NULL, '2018-11-26 10:10:26', '2018-11-26 10:10:26', NULL),
(1312, 'phone', 108, NULL, NULL, '2018-11-26 10:10:26', '2018-11-26 10:10:26', NULL),
(1313, 'mobile', 108, NULL, NULL, '2018-11-26 10:10:26', '2018-11-26 10:10:26', NULL),
(1314, 'comment', 108, NULL, NULL, '2018-11-26 10:10:26', '2018-11-26 10:10:26', NULL),
(1315, 'payment_service_id', 108, NULL, NULL, '2018-11-26 10:10:26', '2018-11-26 10:10:26', NULL),
(1316, 'state_wait_for_payment', 108, NULL, NULL, '2018-11-26 10:10:26', '2018-11-26 10:10:26', NULL),
(1317, 'state_dispose', 108, NULL, NULL, '2018-11-26 10:10:26', '2018-11-26 10:10:26', NULL),
(1318, 'state_shipped', 108, NULL, NULL, '2018-11-26 10:10:26', '2018-11-26 10:10:26', NULL),
(1319, 'delivery_company', 108, NULL, NULL, '2018-11-26 10:10:26', '2018-11-26 10:10:26', NULL),
(1320, 'delivery_firstname', 108, NULL, NULL, '2018-11-26 10:10:26', '2018-11-26 10:10:26', NULL),
(1321, 'delivery_lastname', 108, NULL, NULL, '2018-11-26 10:10:26', '2018-11-26 10:10:26', NULL),
(1322, 'delivery_street', 108, NULL, NULL, '2018-11-26 10:10:26', '2018-11-26 10:10:26', NULL),
(1323, 'delivery_street_number', 108, NULL, NULL, '2018-11-26 10:10:26', '2018-11-26 10:10:26', NULL),
(1324, 'delivery_address_line_1', 108, NULL, NULL, '2018-11-26 10:10:26', '2018-11-26 10:10:26', NULL),
(1325, 'delivery_address_line_2', 108, NULL, NULL, '2018-11-26 10:10:26', '2018-11-26 10:10:26', NULL),
(1326, 'delivery_zip', 108, NULL, NULL, '2018-11-26 10:10:26', '2018-11-26 10:10:26', NULL),
(1327, 'delivery_city', 108, NULL, NULL, '2018-11-26 10:10:26', '2018-11-26 10:10:26', NULL),
(1328, 'delivery_country_id', 108, NULL, NULL, '2018-11-26 10:10:26', '2018-11-26 10:10:26', NULL),
(1329, 'bank_account_name', 108, NULL, NULL, '2018-11-26 10:10:26', '2018-11-26 10:10:26', NULL),
(1330, 'bank_account_number', 108, NULL, NULL, '2018-11-26 10:10:26', '2018-11-26 10:10:26', NULL),
(1331, 'bank_account_iban', 108, NULL, NULL, '2018-11-26 10:10:26', '2018-11-26 10:10:26', NULL),
(1332, 'bank_account_bic', 108, NULL, NULL, '2018-11-26 10:10:26', '2018-11-26 10:10:26', NULL),
(1333, 'bank_identification_code', 108, NULL, NULL, '2018-11-26 10:10:26', '2018-11-26 10:10:26', NULL),
(1334, 'bank_name', 108, NULL, NULL, '2018-11-26 10:10:26', '2018-11-26 10:10:26', NULL),
(1335, 'card_number', 108, NULL, NULL, '2018-11-26 10:10:26', '2018-11-26 10:10:26', NULL),
(1336, 'valid_to', 108, NULL, NULL, '2018-11-26 10:10:26', '2018-11-26 10:10:26', NULL),
(1337, 'verification_code', 108, NULL, NULL, '2018-11-26 10:10:26', '2018-11-26 10:10:26', NULL),
(1338, 'coupon_id', 108, NULL, NULL, '2018-11-26 10:10:26', '2018-11-26 10:10:26', NULL),
(1339, 'note', 108, NULL, NULL, '2018-11-26 10:10:26', '2018-11-26 10:10:26', NULL),
(1340, 'intern_comment', 108, NULL, NULL, '2018-11-26 10:10:26', '2018-11-26 10:10:26', NULL),
(1341, 'cancelled', 108, NULL, NULL, '2018-11-26 10:10:26', '2018-11-26 10:10:26', NULL),
(1342, 'order_mail_send', 108, NULL, NULL, '2018-11-26 10:10:26', '2018-11-26 10:10:26', NULL),
(1343, 'ship_mail_send', 108, NULL, NULL, '2018-11-26 10:10:26', '2018-11-26 10:10:26', NULL),
(1344, 'created_at', 108, NULL, NULL, '2018-11-26 10:10:26', '2018-11-26 10:10:26', NULL),
(1345, 'updated_at', 108, NULL, NULL, '2018-11-26 10:10:26', '2018-11-26 10:10:26', NULL),
(1346, 'deleted_at', 108, NULL, NULL, '2018-11-26 10:10:26', '2018-11-26 10:10:26', NULL),
(1347, 'id', 109, NULL, NULL, '2018-11-26 10:10:26', '2018-11-26 10:10:26', NULL),
(1348, 'product_order_id', 109, NULL, NULL, '2018-11-26 10:10:26', '2018-11-26 10:10:26', NULL),
(1349, 'price', 109, NULL, NULL, '2018-11-26 10:10:26', '2018-11-26 10:10:26', NULL),
(1350, 'quantity', 109, NULL, NULL, '2018-11-26 10:10:26', '2018-11-26 10:10:26', NULL),
(1351, 'taxes_rate', 109, NULL, NULL, '2018-11-26 10:10:26', '2018-11-26 10:10:26', NULL),
(1352, 'name', 109, NULL, NULL, '2018-11-26 10:10:26', '2018-11-26 10:10:26', NULL),
(1353, 'product_unit_short', 109, NULL, NULL, '2018-11-26 10:10:26', '2018-11-26 10:10:26', NULL),
(1354, 'product_short', 109, NULL, NULL, '2018-11-26 10:10:26', '2018-11-26 10:10:26', NULL),
(1355, 'refund_value', 109, NULL, NULL, '2018-11-26 10:10:26', '2018-11-26 10:10:26', NULL),
(1356, 'product_number', 109, NULL, NULL, '2018-11-26 10:10:26', '2018-11-26 10:10:26', NULL),
(1357, 'media_image_id', 109, NULL, NULL, '2018-11-26 10:10:26', '2018-11-26 10:10:26', NULL),
(1358, 'media_id', 109, NULL, NULL, '2018-11-26 10:10:26', '2018-11-26 10:10:26', NULL),
(1359, 'delivery_date', 109, NULL, NULL, '2018-11-26 10:10:26', '2018-11-26 10:10:26', NULL),
(1360, 'created_at', 109, NULL, NULL, '2018-11-26 10:10:26', '2018-11-26 10:10:26', NULL),
(1361, 'updated_at', 109, NULL, NULL, '2018-11-26 10:10:26', '2018-11-26 10:10:26', NULL),
(1362, 'deleted_at', 109, NULL, NULL, '2018-11-26 10:10:26', '2018-11-26 10:10:26', NULL),
(1363, 'id', 110, NULL, NULL, '2018-11-26 10:10:26', '2018-11-26 10:10:26', NULL),
(1364, 'product_order_item_id', 110, NULL, NULL, '2018-11-26 10:10:26', '2018-11-26 10:10:26', NULL),
(1365, 'form_short', 110, NULL, NULL, '2018-11-26 10:10:26', '2018-11-26 10:10:26', NULL),
(1366, 'form_value', 110, NULL, NULL, '2018-11-26 10:10:26', '2018-11-26 10:10:26', NULL),
(1367, 'created_at', 110, NULL, NULL, '2018-11-26 10:10:26', '2018-11-26 10:10:26', NULL),
(1368, 'updated_at', 110, NULL, NULL, '2018-11-26 10:10:26', '2018-11-26 10:10:26', NULL),
(1369, 'deleted_at', 110, NULL, NULL, '2018-11-26 10:10:26', '2018-11-26 10:10:26', NULL),
(1370, 'id', 111, NULL, NULL, '2018-11-26 10:10:26', '2018-11-26 10:10:26', NULL),
(1371, 'product_id', 111, NULL, NULL, '2018-11-26 10:10:26', '2018-11-26 10:10:26', NULL),
(1372, 'rating_counter', 111, NULL, NULL, '2018-11-26 10:10:26', '2018-11-26 10:10:26', NULL),
(1373, 'average', 111, NULL, NULL, '2018-11-26 10:10:26', '2018-11-26 10:10:26', NULL),
(1374, 'summed_ratings', 111, NULL, NULL, '2018-11-26 10:10:26', '2018-11-26 10:10:26', NULL),
(1375, 'created_at', 111, NULL, NULL, '2018-11-26 10:10:26', '2018-11-26 10:10:26', NULL),
(1376, 'updated_at', 111, NULL, NULL, '2018-11-26 10:10:26', '2018-11-26 10:10:26', NULL),
(1377, 'deleted_at', 111, NULL, NULL, '2018-11-26 10:10:26', '2018-11-26 10:10:26', NULL),
(1378, 'id', 112, NULL, NULL, '2018-11-26 10:10:26', '2018-11-26 10:10:26', NULL),
(1379, 'product_id', 112, NULL, NULL, '2018-11-26 10:10:26', '2018-11-26 10:10:26', NULL),
(1380, 'product_options_id', 112, NULL, NULL, '2018-11-26 10:10:26', '2018-11-26 10:10:26', NULL),
(1381, 'position', 112, NULL, NULL, '2018-11-26 10:10:26', '2018-11-26 10:10:26', NULL),
(1382, 'created_at', 112, NULL, NULL, '2018-11-26 10:10:26', '2018-11-26 10:10:26', NULL),
(1383, 'updated_at', 112, NULL, NULL, '2018-11-26 10:10:26', '2018-11-26 10:10:26', NULL),
(1384, 'deleted_at', 112, NULL, NULL, '2018-11-26 10:10:26', '2018-11-26 10:10:26', NULL),
(1385, 'id', 113, NULL, NULL, '2018-11-26 10:10:26', '2018-11-26 10:10:26', NULL),
(1386, 'short', 113, NULL, NULL, '2018-11-26 10:10:26', '2018-11-26 10:10:26', NULL),
(1387, 'name', 113, NULL, NULL, '2018-11-26 10:10:26', '2018-11-26 10:10:26', NULL),
(1388, 'color_code', 113, NULL, NULL, '2018-11-26 10:10:26', '2018-11-26 10:10:26', NULL),
(1389, 'created_at', 113, NULL, NULL, '2018-11-26 10:10:26', '2018-11-26 10:10:26', NULL),
(1390, 'updated_at', 113, NULL, NULL, '2018-11-26 10:10:26', '2018-11-26 10:10:26', NULL),
(1391, 'deleted_at', 113, NULL, NULL, '2018-11-26 10:10:26', '2018-11-26 10:10:26', NULL),
(1392, 'id', 114, NULL, NULL, '2018-11-26 10:10:26', '2018-11-26 10:10:26', NULL),
(1393, 'short', 114, NULL, NULL, '2018-11-26 10:10:26', '2018-11-26 10:10:26', NULL),
(1394, 'created_at', 114, NULL, NULL, '2018-11-26 10:10:26', '2018-11-26 10:10:26', NULL),
(1395, 'updated_at', 114, NULL, NULL, '2018-11-26 10:10:26', '2018-11-26 10:10:26', NULL),
(1396, 'deleted_at', 114, NULL, NULL, '2018-11-26 10:10:26', '2018-11-26 10:10:26', NULL),
(1397, 'id', 115, NULL, NULL, '2018-11-26 10:10:26', '2018-11-26 10:10:26', NULL),
(1398, 'short', 115, NULL, NULL, '2018-11-26 10:10:26', '2018-11-26 10:10:26', NULL),
(1399, 'name', 115, NULL, NULL, '2018-11-26 10:10:26', '2018-11-26 10:10:26', NULL),
(1400, 'commission_id', 115, NULL, NULL, '2018-11-26 10:10:26', '2018-11-26 10:10:26', NULL),
(1401, 'p_date', 115, NULL, NULL, '2018-11-26 10:10:26', '2018-11-26 10:10:26', NULL),
(1402, 'en_media_id', 115, NULL, NULL, '2018-11-26 10:10:26', '2018-11-26 10:10:26', NULL),
(1403, 'fr_media_id', 115, NULL, NULL, '2018-11-26 10:10:26', '2018-11-26 10:10:26', NULL),
(1404, 'de_media_id', 115, NULL, NULL, '2018-11-26 10:10:26', '2018-11-26 10:10:26', NULL),
(1405, 'it_media_id', 115, NULL, NULL, '2018-11-26 10:10:26', '2018-11-26 10:10:26', NULL),
(1406, 'created_at', 115, NULL, NULL, '2018-11-26 10:10:26', '2018-11-26 10:10:26', NULL),
(1407, 'updated_at', 115, NULL, NULL, '2018-11-26 10:10:26', '2018-11-26 10:10:26', NULL),
(1408, 'deleted_at', 115, NULL, NULL, '2018-11-26 10:10:26', '2018-11-26 10:10:26', NULL),
(1409, 'id', 116, NULL, NULL, '2018-11-26 10:10:26', '2018-11-26 10:10:26', NULL),
(1410, 'short', 116, NULL, NULL, '2018-11-26 10:10:26', '2018-11-26 10:10:26', NULL),
(1411, 'value', 116, NULL, NULL, '2018-11-26 10:10:26', '2018-11-26 10:10:26', NULL),
(1412, 'name', 116, NULL, NULL, '2018-11-26 10:10:26', '2018-11-26 10:10:26', NULL),
(1413, 'created_at', 116, NULL, NULL, '2018-11-26 10:10:26', '2018-11-26 10:10:26', NULL),
(1414, 'updated_at', 116, NULL, NULL, '2018-11-26 10:10:26', '2018-11-26 10:10:26', NULL),
(1415, 'deleted_at', 116, NULL, NULL, '2018-11-26 10:10:26', '2018-11-26 10:10:26', NULL),
(1416, 'id', 117, NULL, NULL, '2018-11-26 10:10:26', '2018-11-26 10:10:26', NULL),
(1417, 'model_column_name_id', 117, NULL, NULL, '2018-11-26 10:10:26', '2018-11-26 10:10:26', NULL),
(1418, 'entity_id', 117, NULL, NULL, '2018-11-26 10:10:26', '2018-11-26 10:10:26', NULL),
(1419, 'media_folder_id', 117, NULL, NULL, '2018-11-26 10:10:26', '2018-11-26 10:10:26', NULL),
(1420, 'created_at', 117, NULL, NULL, '2018-11-26 10:10:26', '2018-11-26 10:10:26', NULL),
(1421, 'updated_at', 117, NULL, NULL, '2018-11-26 10:10:26', '2018-11-26 10:10:26', NULL),
(1422, 'deleted_at', 117, NULL, NULL, '2018-11-26 10:10:26', '2018-11-26 10:10:26', NULL),
(1423, 'id', 118, NULL, NULL, '2018-11-26 10:10:26', '2018-11-26 10:10:26', NULL),
(1424, 'resource', 118, NULL, NULL, '2018-11-26 10:10:26', '2018-11-26 10:10:26', NULL),
(1425, 'created_at', 118, NULL, NULL, '2018-11-26 10:10:26', '2018-11-26 10:10:26', NULL),
(1426, 'updated_at', 118, NULL, NULL, '2018-11-26 10:10:26', '2018-11-26 10:10:26', NULL),
(1427, 'deleted_at', 118, NULL, NULL, '2018-11-26 10:10:26', '2018-11-26 10:10:26', NULL),
(1428, 'id', 119, NULL, NULL, '2018-11-26 10:10:26', '2018-11-26 10:10:26', NULL),
(1429, 'short', 119, NULL, NULL, '2018-11-26 10:10:26', '2018-11-26 10:10:26', NULL),
(1430, 'role_id', 119, NULL, NULL, '2018-11-26 10:10:26', '2018-11-26 10:10:26', NULL),
(1431, 'disabled', 119, NULL, NULL, '2018-11-26 10:10:26', '2018-11-26 10:10:26', NULL),
(1432, 'default_action_resource', 119, NULL, NULL, '2018-11-26 10:10:26', '2018-11-26 10:10:26', NULL),
(1433, 'created_at', 119, NULL, NULL, '2018-11-26 10:10:26', '2018-11-26 10:10:26', NULL),
(1434, 'updated_at', 119, NULL, NULL, '2018-11-26 10:10:26', '2018-11-26 10:10:26', NULL),
(1435, 'deleted_at', 119, NULL, NULL, '2018-11-26 10:10:26', '2018-11-26 10:10:26', NULL),
(1436, 'id', 120, NULL, NULL, '2018-11-26 10:10:26', '2018-11-26 10:10:26', NULL),
(1437, 'disabled', 120, NULL, NULL, '2018-11-26 10:10:26', '2018-11-26 10:10:26', NULL),
(1438, 'is_male', 120, NULL, NULL, '2018-11-26 10:10:26', '2018-11-26 10:10:26', NULL),
(1439, 'created_at', 120, NULL, NULL, '2018-11-26 10:10:26', '2018-11-26 10:10:26', NULL),
(1440, 'updated_at', 120, NULL, NULL, '2018-11-26 10:10:26', '2018-11-26 10:10:26', NULL),
(1441, 'deleted_at', 120, NULL, NULL, '2018-11-26 10:10:26', '2018-11-26 10:10:26', NULL),
(1442, 'id', 121, NULL, NULL, '2018-11-26 10:10:26', '2018-11-26 10:10:26', NULL),
(1443, 'short', 121, NULL, NULL, '2018-11-26 10:10:26', '2018-11-26 10:10:26', NULL),
(1444, 'name', 121, NULL, NULL, '2018-11-26 10:10:26', '2018-11-26 10:10:26', NULL),
(1445, 'cost', 121, NULL, NULL, '2018-11-26 10:10:26', '2018-11-26 10:10:26', NULL),
(1446, 'factor', 121, NULL, NULL, '2018-11-26 10:10:26', '2018-11-26 10:10:26', NULL),
(1447, 'from_factor', 121, NULL, NULL, '2018-11-26 10:10:26', '2018-11-26 10:10:26', NULL),
(1448, 'till_factor', 121, NULL, NULL, '2018-11-26 10:10:26', '2018-11-26 10:10:26', NULL),
(1449, 'equal_factor', 121, NULL, NULL, '2018-11-26 10:10:26', '2018-11-26 10:10:26', NULL),
(1450, 'created_at', 121, NULL, NULL, '2018-11-26 10:10:26', '2018-11-26 10:10:26', NULL),
(1451, 'updated_at', 121, NULL, NULL, '2018-11-26 10:10:26', '2018-11-26 10:10:26', NULL),
(1452, 'deleted_at', 121, NULL, NULL, '2018-11-26 10:10:26', '2018-11-26 10:10:26', NULL),
(1453, 'id', 122, NULL, NULL, '2018-11-26 10:10:26', '2018-11-26 10:10:26', NULL),
(1454, 'country_id', 122, NULL, NULL, '2018-11-26 10:10:26', '2018-11-26 10:10:26', NULL),
(1455, 'costs', 122, NULL, NULL, '2018-11-26 10:10:26', '2018-11-26 10:10:26', NULL),
(1456, 'consistent_costs', 122, NULL, NULL, '2018-11-26 10:10:26', '2018-11-26 10:10:26', NULL),
(1457, 'created_at', 122, NULL, NULL, '2018-11-26 10:10:26', '2018-11-26 10:10:26', NULL),
(1458, 'updated_at', 122, NULL, NULL, '2018-11-26 10:10:26', '2018-11-26 10:10:26', NULL),
(1459, 'deleted_at', 122, NULL, NULL, '2018-11-26 10:10:26', '2018-11-26 10:10:26', NULL),
(1460, 'id', 123, NULL, NULL, '2018-11-26 10:10:26', '2018-11-26 10:10:26', NULL),
(1461, 'short', 123, NULL, NULL, '2018-11-26 10:10:26', '2018-11-26 10:10:26', NULL),
(1462, 'name', 123, NULL, NULL, '2018-11-26 10:10:26', '2018-11-26 10:10:26', NULL),
(1463, 'value', 123, NULL, NULL, '2018-11-26 10:10:26', '2018-11-26 10:10:26', NULL),
(1464, 'created_at', 123, NULL, NULL, '2018-11-26 10:10:26', '2018-11-26 10:10:26', NULL),
(1465, 'updated_at', 123, NULL, NULL, '2018-11-26 10:10:26', '2018-11-26 10:10:26', NULL),
(1466, 'deleted_at', 123, NULL, NULL, '2018-11-26 10:10:26', '2018-11-26 10:10:26', NULL),
(1467, 'id', 124, NULL, NULL, '2018-11-26 10:10:26', '2018-11-26 10:10:26', NULL),
(1468, 'short', 124, NULL, NULL, '2018-11-26 10:10:26', '2018-11-26 10:10:26', NULL),
(1469, 'name', 124, NULL, NULL, '2018-11-26 10:10:26', '2018-11-26 10:10:26', NULL),
(1470, 'created_at', 124, NULL, NULL, '2018-11-26 10:10:26', '2018-11-26 10:10:26', NULL),
(1471, 'updated_at', 124, NULL, NULL, '2018-11-26 10:10:26', '2018-11-26 10:10:26', NULL),
(1472, 'deleted_at', 124, NULL, NULL, '2018-11-26 10:10:26', '2018-11-26 10:10:26', NULL),
(1473, 'id', 125, NULL, NULL, '2018-11-26 10:10:26', '2018-11-26 10:10:26', NULL),
(1474, 'short', 125, NULL, NULL, '2018-11-26 10:10:26', '2018-11-26 10:10:26', NULL),
(1475, 'name', 125, NULL, NULL, '2018-11-26 10:10:26', '2018-11-26 10:10:26', NULL),
(1476, 'created_at', 125, NULL, NULL, '2018-11-26 10:10:26', '2018-11-26 10:10:26', NULL),
(1477, 'updated_at', 125, NULL, NULL, '2018-11-26 10:10:26', '2018-11-26 10:10:26', NULL),
(1478, 'deleted_at', 125, NULL, NULL, '2018-11-26 10:10:26', '2018-11-26 10:10:26', NULL),
(1479, 'id', 126, NULL, NULL, '2018-11-26 10:10:26', '2018-11-26 10:10:26', NULL),
(1480, 'value', 126, NULL, NULL, '2018-11-26 10:10:26', '2018-11-26 10:10:26', NULL),
(1481, 'name', 126, NULL, NULL, '2018-11-26 10:10:26', '2018-11-26 10:10:26', NULL),
(1482, 'created_at', 126, NULL, NULL, '2018-11-26 10:10:26', '2018-11-26 10:10:26', NULL),
(1483, 'updated_at', 126, NULL, NULL, '2018-11-26 10:10:26', '2018-11-26 10:10:26', NULL),
(1484, 'deleted_at', 126, NULL, NULL, '2018-11-26 10:10:26', '2018-11-26 10:10:26', NULL),
(1485, 'id', 127, NULL, NULL, '2018-11-26 10:10:26', '2018-11-26 10:10:26', NULL),
(1486, 'short', 127, NULL, NULL, '2018-11-26 10:10:26', '2018-11-26 10:10:26', NULL),
(1487, 'name', 127, NULL, NULL, '2018-11-26 10:10:26', '2018-11-26 10:10:26', NULL),
(1488, 'media_image_id', 127, NULL, NULL, '2018-11-26 10:10:26', '2018-11-26 10:10:26', NULL),
(1489, 'position', 127, NULL, NULL, '2018-11-26 10:10:26', '2018-11-26 10:10:26', NULL),
(1490, 'created_at', 127, NULL, NULL, '2018-11-26 10:10:26', '2018-11-26 10:10:26', NULL),
(1491, 'updated_at', 127, NULL, NULL, '2018-11-26 10:10:26', '2018-11-26 10:10:26', NULL),
(1492, 'deleted_at', 127, NULL, NULL, '2018-11-26 10:10:26', '2018-11-26 10:10:26', NULL),
(1493, 'id', 128, NULL, NULL, '2018-11-26 10:10:26', '2018-11-26 10:10:26', NULL),
(1494, 'from_date', 128, NULL, NULL, '2018-11-26 10:10:26', '2018-11-26 10:10:26', NULL),
(1495, 'till_date', 128, NULL, NULL, '2018-11-26 10:10:26', '2018-11-26 10:10:26', NULL),
(1496, 'product_id', 128, NULL, NULL, '2018-11-26 10:10:26', '2018-11-26 10:10:26', NULL),
(1497, 'price', 128, NULL, NULL, '2018-11-26 10:10:26', '2018-11-26 10:10:26', NULL),
(1498, 'created_at', 128, NULL, NULL, '2018-11-26 10:10:26', '2018-11-26 10:10:26', NULL),
(1499, 'updated_at', 128, NULL, NULL, '2018-11-26 10:10:26', '2018-11-26 10:10:26', NULL),
(1500, 'deleted_at', 128, NULL, NULL, '2018-11-26 10:10:26', '2018-11-26 10:10:26', NULL),
(1501, 'id', 129, NULL, NULL, '2018-11-26 10:10:26', '2018-11-26 10:10:26', NULL),
(1502, 'iso_nr', 129, NULL, NULL, '2018-11-26 10:10:26', '2018-11-26 10:10:26', NULL),
(1503, 'territory_iso_nr', 129, NULL, NULL, '2018-11-26 10:10:26', '2018-11-26 10:10:26', NULL),
(1504, 'created_at', 129, NULL, NULL, '2018-11-26 10:10:26', '2018-11-26 10:10:26', NULL),
(1505, 'updated_at', 129, NULL, NULL, '2018-11-26 10:10:26', '2018-11-26 10:10:26', NULL),
(1506, 'deleted_at', 129, NULL, NULL, '2018-11-26 10:10:26', '2018-11-26 10:10:26', NULL),
(1507, 'id', 130, NULL, NULL, '2018-11-26 10:10:26', '2018-11-26 10:10:26', NULL),
(1508, 'short', 130, NULL, NULL, '2018-11-26 10:10:26', '2018-11-26 10:10:26', NULL),
(1509, 'name', 130, NULL, NULL, '2018-11-26 10:10:26', '2018-11-26 10:10:26', NULL),
(1510, 'content', 130, NULL, NULL, '2018-11-26 10:10:26', '2018-11-26 10:10:26', NULL),
(1511, 'created_at', 130, NULL, NULL, '2018-11-26 10:10:26', '2018-11-26 10:10:26', NULL),
(1512, 'updated_at', 130, NULL, NULL, '2018-11-26 10:10:26', '2018-11-26 10:10:26', NULL),
(1513, 'deleted_at', 130, NULL, NULL, '2018-11-26 10:10:26', '2018-11-26 10:10:26', NULL),
(1514, 'id', 131, NULL, NULL, '2018-11-26 10:10:26', '2018-11-26 10:10:26', NULL),
(1515, 'short', 131, NULL, NULL, '2018-11-26 10:10:26', '2018-11-26 10:10:26', NULL),
(1516, 'untranslated', 131, NULL, NULL, '2018-11-26 10:10:26', '2018-11-26 10:10:26', NULL),
(1517, 'comment', 131, NULL, NULL, '2018-11-26 10:10:26', '2018-11-26 10:10:26', NULL),
(1518, 'created_at', 131, NULL, NULL, '2018-11-26 10:10:26', '2018-11-26 10:10:26', NULL),
(1519, 'updated_at', 131, NULL, NULL, '2018-11-26 10:10:26', '2018-11-26 10:10:26', NULL),
(1520, 'deleted_at', 131, NULL, NULL, '2018-11-26 10:10:26', '2018-11-26 10:10:26', NULL),
(1521, 'action_id', 1, NULL, NULL, '2018-11-26 17:14:58', '2018-11-26 17:14:58', NULL),
(1522, 'media_type_id', 55, NULL, NULL, '2018-11-26 17:15:36', '2018-11-26 17:15:36', NULL),
(1523, 'entity_id', 26, NULL, NULL, '2018-11-26 17:15:36', '2018-11-26 17:15:36', NULL),
(1524, 'salutation_id', 120, NULL, NULL, '2018-11-26 17:37:35', '2018-11-26 17:37:35', NULL),
(1525, 'country_id', 13, NULL, NULL, '2018-11-26 17:37:35', '2018-11-26 17:37:35', NULL),
(1526, 'billing_country_id', 13, NULL, NULL, '2018-11-26 17:37:35', '2018-11-26 17:37:35', NULL),
(1527, 'controller_id', 12, NULL, NULL, '2018-11-30 13:19:16', '2018-11-30 13:19:16', NULL),
(1528, 'parent_user_id', 32, NULL, NULL, '2018-12-17 16:27:06', '2018-12-17 16:27:06', NULL),
(1529, 'department_id', 32, NULL, NULL, '2018-12-17 16:27:06', '2018-12-17 16:27:06', NULL),
(1530, 'id', 132, NULL, NULL, '2018-12-17 16:27:07', '2018-12-17 16:27:07', NULL),
(1531, 'short', 132, NULL, NULL, '2018-12-17 16:27:07', '2018-12-17 16:27:07', NULL),
(1532, 'name', 132, NULL, NULL, '2018-12-17 16:27:07', '2018-12-17 16:27:07', NULL),
(1533, 'created_at', 132, NULL, NULL, '2018-12-17 16:27:07', '2018-12-17 16:27:07', NULL),
(1534, 'updated_at', 132, NULL, NULL, '2018-12-17 16:27:07', '2018-12-17 16:27:07', NULL),
(1535, 'deleted_at', 132, NULL, NULL, '2018-12-17 16:27:07', '2018-12-17 16:27:07', NULL),
(1536, 'id', 133, NULL, NULL, '2018-12-17 16:27:07', '2018-12-17 16:27:07', NULL),
(1537, 'short', 133, NULL, NULL, '2018-12-17 16:27:07', '2018-12-17 16:27:07', NULL),
(1538, 'name', 133, NULL, NULL, '2018-12-17 16:27:07', '2018-12-17 16:27:07', NULL),
(1539, 'media_image_id', 133, NULL, NULL, '2018-12-17 16:27:07', '2018-12-17 16:27:07', NULL),
(1540, 'position', 133, NULL, NULL, '2018-12-17 16:27:07', '2018-12-17 16:27:07', NULL),
(1541, 'created_at', 133, NULL, NULL, '2018-12-17 16:27:07', '2018-12-17 16:27:07', NULL),
(1542, 'updated_at', 133, NULL, NULL, '2018-12-17 16:27:07', '2018-12-17 16:27:07', NULL),
(1543, 'deleted_at', 133, NULL, NULL, '2018-12-17 16:27:07', '2018-12-17 16:27:07', NULL),
(1544, 'parent_user_id', 27, NULL, NULL, '2018-12-17 16:27:08', '2018-12-17 16:27:08', NULL),
(1545, 'department_id', 27, NULL, NULL, '2018-12-17 16:27:08', '2018-12-17 16:27:08', NULL),
(1546, 'parent_user_id', 19, NULL, NULL, '2018-12-17 16:27:09', '2018-12-17 16:27:09', NULL),
(1547, 'department_id', 19, NULL, NULL, '2018-12-17 16:27:09', '2018-12-17 16:27:09', NULL),
(1548, 'id', 134, NULL, NULL, '2018-12-17 16:27:09', '2018-12-17 16:27:09', NULL),
(1549, 'sales_statistics_protocol_id', 134, NULL, NULL, '2018-12-17 16:27:09', '2018-12-17 16:27:09', NULL),
(1550, 'department_id', 134, NULL, NULL, '2018-12-17 16:27:09', '2018-12-17 16:27:09', NULL),
(1551, 'created_at', 134, NULL, NULL, '2018-12-17 16:27:09', '2018-12-17 16:27:09', NULL),
(1552, 'updated_at', 134, NULL, NULL, '2018-12-17 16:27:09', '2018-12-17 16:27:09', NULL),
(1553, 'deleted_at', 134, NULL, NULL, '2018-12-17 16:27:09', '2018-12-17 16:27:09', NULL),
(1554, 'parent_user_id', 26, NULL, NULL, '2018-12-17 16:27:10', '2018-12-17 16:27:10', NULL),
(1555, 'department_id', 26, NULL, NULL, '2018-12-17 16:27:10', '2018-12-17 16:27:10', NULL),
(1556, 'id', 135, NULL, NULL, '2018-12-17 16:27:11', '2018-12-17 16:27:11', NULL),
(1557, 'protocol_id', 135, NULL, NULL, '2018-12-17 16:27:11', '2018-12-17 16:27:11', NULL),
(1558, 'department_id', 135, NULL, NULL, '2018-12-17 16:27:11', '2018-12-17 16:27:11', NULL),
(1559, 'created_at', 135, NULL, NULL, '2018-12-17 16:27:11', '2018-12-17 16:27:11', NULL),
(1560, 'updated_at', 135, NULL, NULL, '2018-12-17 16:27:11', '2018-12-17 16:27:11', NULL),
(1561, 'deleted_at', 135, NULL, NULL, '2018-12-17 16:27:11', '2018-12-17 16:27:11', NULL),
(1562, 'id', 136, NULL, NULL, '2018-12-17 16:27:11', '2018-12-17 16:27:11', NULL),
(1563, 'dates_id', 136, NULL, NULL, '2018-12-17 16:27:11', '2018-12-17 16:27:11', NULL),
(1564, 'department_id', 136, NULL, NULL, '2018-12-17 16:27:11', '2018-12-17 16:27:11', NULL),
(1565, 'created_at', 136, NULL, NULL, '2018-12-17 16:27:11', '2018-12-17 16:27:11', NULL),
(1566, 'updated_at', 136, NULL, NULL, '2018-12-17 16:27:11', '2018-12-17 16:27:11', NULL),
(1567, 'deleted_at', 136, NULL, NULL, '2018-12-17 16:27:11', '2018-12-17 16:27:11', NULL),
(1568, 'id', 137, NULL, NULL, '2018-12-17 16:27:12', '2018-12-17 16:27:12', NULL),
(1569, 'news_id', 137, NULL, NULL, '2018-12-17 16:27:12', '2018-12-17 16:27:12', NULL),
(1570, 'department_id', 137, NULL, NULL, '2018-12-17 16:27:12', '2018-12-17 16:27:12', NULL),
(1571, 'created_at', 137, NULL, NULL, '2018-12-17 16:27:12', '2018-12-17 16:27:12', NULL),
(1572, 'updated_at', 137, NULL, NULL, '2018-12-17 16:27:12', '2018-12-17 16:27:12', NULL),
(1573, 'deleted_at', 137, NULL, NULL, '2018-12-17 16:27:12', '2018-12-17 16:27:12', NULL),
(1574, 'parent_user_id', 34, NULL, NULL, '2018-12-17 16:27:12', '2018-12-17 16:27:12', NULL),
(1575, 'department_id', 34, NULL, NULL, '2018-12-17 16:27:12', '2018-12-17 16:27:12', NULL),
(1576, 'parent_user_id', 33, NULL, NULL, '2018-12-17 16:27:12', '2018-12-17 16:27:12', NULL),
(1577, 'department_id', 33, NULL, NULL, '2018-12-17 16:27:12', '2018-12-17 16:27:12', NULL),
(1578, 'id', 138, NULL, NULL, '2018-12-17 16:27:13', '2018-12-17 16:27:13', NULL),
(1579, 'short', 138, NULL, NULL, '2018-12-17 16:27:13', '2018-12-17 16:27:13', NULL),
(1580, 'name', 138, NULL, NULL, '2018-12-17 16:27:13', '2018-12-17 16:27:13', NULL),
(1581, 'sales_statistics_id', 138, NULL, NULL, '2018-12-17 16:27:13', '2018-12-17 16:27:13', NULL),
(1582, 'p_date', 138, NULL, NULL, '2018-12-17 16:27:13', '2018-12-17 16:27:13', NULL),
(1583, 'en_media_id', 138, NULL, NULL, '2018-12-17 16:27:13', '2018-12-17 16:27:13', NULL),
(1584, 'fr_media_id', 138, NULL, NULL, '2018-12-17 16:27:13', '2018-12-17 16:27:13', NULL),
(1585, 'de_media_id', 138, NULL, NULL, '2018-12-17 16:27:13', '2018-12-17 16:27:13', NULL),
(1586, 'it_media_id', 138, NULL, NULL, '2018-12-17 16:27:13', '2018-12-17 16:27:13', NULL),
(1587, 'created_at', 138, NULL, NULL, '2018-12-17 16:27:13', '2018-12-17 16:27:13', NULL),
(1588, 'updated_at', 138, NULL, NULL, '2018-12-17 16:27:13', '2018-12-17 16:27:13', NULL),
(1589, 'deleted_at', 138, NULL, NULL, '2018-12-17 16:27:13', '2018-12-17 16:27:13', NULL),
(1590, 'id', 139, NULL, NULL, '2018-12-17 16:27:13', '2018-12-17 16:27:13', NULL),
(1591, 'short', 139, NULL, NULL, '2018-12-17 16:27:13', '2018-12-17 16:27:13', NULL),
(1592, 'publish_datetime', 139, NULL, NULL, '2018-12-17 16:27:13', '2018-12-17 16:27:13', NULL),
(1593, 'en_media_id', 139, NULL, NULL, '2018-12-17 16:27:13', '2018-12-17 16:27:13', NULL),
(1594, 'fr_media_id', 139, NULL, NULL, '2018-12-17 16:27:13', '2018-12-17 16:27:13', NULL),
(1595, 'de_media_id', 139, NULL, NULL, '2018-12-17 16:27:13', '2018-12-17 16:27:13', NULL),
(1596, 'it_media_id', 139, NULL, NULL, '2018-12-17 16:27:13', '2018-12-17 16:27:13', NULL),
(1597, 'created_at', 139, NULL, NULL, '2018-12-17 16:27:13', '2018-12-17 16:27:13', NULL),
(1598, 'updated_at', 139, NULL, NULL, '2018-12-17 16:27:13', '2018-12-17 16:27:13', NULL),
(1599, 'deleted_at', 139, NULL, NULL, '2018-12-17 16:27:13', '2018-12-17 16:27:13', NULL),
(1600, 'en_media_id', 70, NULL, NULL, '2018-12-17 16:27:13', '2018-12-17 16:27:13', NULL),
(1601, 'fr_media_id', 70, NULL, NULL, '2018-12-17 16:27:13', '2018-12-17 16:27:13', NULL),
(1602, 'de_media_id', 70, NULL, NULL, '2018-12-17 16:27:13', '2018-12-17 16:27:13', NULL),
(1603, 'it_media_id', 70, NULL, NULL, '2018-12-17 16:27:13', '2018-12-17 16:27:13', NULL),
(1604, 'parent_user_id', 28, NULL, NULL, '2018-12-17 16:27:14', '2018-12-17 16:27:14', NULL),
(1605, 'department_id', 28, NULL, NULL, '2018-12-17 16:27:14', '2018-12-17 16:27:14', NULL),
(1606, 'en_media_id', 46, NULL, NULL, '2018-12-17 16:27:28', '2018-12-17 16:27:28', NULL),
(1607, 'fr_media_id', 46, NULL, NULL, '2018-12-17 16:27:28', '2018-12-17 16:27:28', NULL),
(1608, 'de_media_id', 46, NULL, NULL, '2018-12-17 16:27:28', '2018-12-17 16:27:28', NULL),
(1609, 'it_media_id', 46, NULL, NULL, '2018-12-17 16:27:28', '2018-12-17 16:27:28', NULL),
(1610, 'sales_statistics_id', 133, NULL, NULL, '2018-12-18 18:36:45', '2018-12-18 18:36:45', NULL),
(1611, 'commission_id', 9, NULL, NULL, '2018-12-18 19:30:20', '2018-12-18 19:30:20', NULL),
(1612, 'published', 115, NULL, NULL, '2018-12-19 09:11:36', '2018-12-19 09:11:36', NULL),
(1613, 'published', 138, NULL, NULL, '2018-12-19 09:11:42', '2018-12-19 09:11:42', NULL),
(1614, 'published', 139, NULL, NULL, '2018-12-19 09:11:42', '2018-12-19 09:11:42', NULL),
(1615, 'published', 70, NULL, NULL, '2018-12-19 09:11:43', '2018-12-19 09:11:43', NULL),
(1616, 'media_id', 46, NULL, NULL, '2019-01-04 11:35:32', '2019-01-04 11:35:32', NULL),
(1617, 'id', 140, NULL, NULL, '2019-01-13 20:34:43', '2019-01-13 20:34:43', NULL),
(1618, 'short', 140, NULL, NULL, '2019-01-13 20:34:43', '2019-01-13 20:34:43', NULL),
(1619, 'publish_datetime', 140, NULL, NULL, '2019-01-13 20:34:43', '2019-01-13 20:34:43', NULL),
(1620, 'en_media_id', 140, NULL, NULL, '2019-01-13 20:34:43', '2019-01-13 20:34:43', NULL),
(1621, 'fr_media_id', 140, NULL, NULL, '2019-01-13 20:34:43', '2019-01-13 20:34:43', NULL),
(1622, 'de_media_id', 140, NULL, NULL, '2019-01-13 20:34:43', '2019-01-13 20:34:43', NULL),
(1623, 'it_media_id', 140, NULL, NULL, '2019-01-13 20:34:43', '2019-01-13 20:34:43', NULL),
(1624, 'published', 140, NULL, NULL, '2019-01-13 20:34:43', '2019-01-13 20:34:43', NULL),
(1625, 'created_at', 140, NULL, NULL, '2019-01-13 20:34:43', '2019-01-13 20:34:43', NULL),
(1626, 'updated_at', 140, NULL, NULL, '2019-01-13 20:34:43', '2019-01-13 20:34:43', NULL),
(1627, 'deleted_at', 140, NULL, NULL, '2019-01-13 20:34:43', '2019-01-13 20:34:43', NULL),
(1628, 'id', 141, NULL, NULL, '2019-01-13 20:34:44', '2019-01-13 20:34:44', NULL),
(1629, 'short', 141, NULL, NULL, '2019-01-13 20:34:44', '2019-01-13 20:34:44', NULL),
(1630, 'publish_datetime', 141, NULL, NULL, '2019-01-13 20:34:44', '2019-01-13 20:34:44', NULL),
(1631, 'en_media_id', 141, NULL, NULL, '2019-01-13 20:34:44', '2019-01-13 20:34:44', NULL),
(1632, 'fr_media_id', 141, NULL, NULL, '2019-01-13 20:34:44', '2019-01-13 20:34:44', NULL),
(1633, 'de_media_id', 141, NULL, NULL, '2019-01-13 20:34:44', '2019-01-13 20:34:44', NULL),
(1634, 'it_media_id', 141, NULL, NULL, '2019-01-13 20:34:44', '2019-01-13 20:34:44', NULL),
(1635, 'published', 141, NULL, NULL, '2019-01-13 20:34:44', '2019-01-13 20:34:44', NULL),
(1636, 'created_at', 141, NULL, NULL, '2019-01-13 20:34:44', '2019-01-13 20:34:44', NULL),
(1637, 'updated_at', 141, NULL, NULL, '2019-01-13 20:34:44', '2019-01-13 20:34:44', NULL),
(1638, 'deleted_at', 141, NULL, NULL, '2019-01-13 20:34:44', '2019-01-13 20:34:44', NULL),
(1639, 'ch_code', 32, NULL, NULL, '2019-01-13 20:34:44', '2019-01-13 20:34:44', NULL),
(1640, 'title', 32, NULL, NULL, '2019-01-13 20:34:44', '2019-01-13 20:34:44', NULL),
(1641, 'kanton_id', 32, NULL, NULL, '2019-01-13 20:34:44', '2019-01-13 20:34:44', NULL),
(1642, 'contract_type_id', 32, NULL, NULL, '2019-01-13 20:34:44', '2019-01-13 20:34:44', NULL),
(1643, 'sales_statistics_id', 32, NULL, NULL, '2019-01-13 20:34:44', '2019-01-13 20:34:44', NULL),
(1644, 'manager_phone', 32, NULL, NULL, '2019-01-13 20:34:44', '2019-01-13 20:34:44', NULL),
(1645, 'id', 142, NULL, NULL, '2019-01-13 20:34:45', '2019-01-13 20:34:45', NULL),
(1646, 'assembly_id', 142, NULL, NULL, '2019-01-13 20:34:45', '2019-01-13 20:34:45', NULL),
(1647, 'department_id', 142, NULL, NULL, '2019-01-13 20:34:45', '2019-01-13 20:34:45', NULL),
(1648, 'created_at', 142, NULL, NULL, '2019-01-13 20:34:45', '2019-01-13 20:34:45', NULL),
(1649, 'updated_at', 142, NULL, NULL, '2019-01-13 20:34:45', '2019-01-13 20:34:45', NULL),
(1650, 'deleted_at', 142, NULL, NULL, '2019-01-13 20:34:45', '2019-01-13 20:34:45', NULL),
(1651, 'ch_code', 27, NULL, NULL, '2019-01-13 20:34:46', '2019-01-13 20:34:46', NULL),
(1652, 'title', 27, NULL, NULL, '2019-01-13 20:34:46', '2019-01-13 20:34:46', NULL),
(1653, 'kanton_id', 27, NULL, NULL, '2019-01-13 20:34:46', '2019-01-13 20:34:46', NULL),
(1654, 'contract_type_id', 27, NULL, NULL, '2019-01-13 20:34:46', '2019-01-13 20:34:46', NULL),
(1655, 'sales_statistics_id', 27, NULL, NULL, '2019-01-13 20:34:46', '2019-01-13 20:34:46', NULL),
(1656, 'manager_phone', 27, NULL, NULL, '2019-01-13 20:34:46', '2019-01-13 20:34:46', NULL),
(1657, 'id', 143, NULL, NULL, '2019-01-13 20:34:46', '2019-01-13 20:34:46', NULL),
(1658, 'otc_id', 143, NULL, NULL, '2019-01-13 20:34:46', '2019-01-13 20:34:46', NULL),
(1659, 'department_id', 143, NULL, NULL, '2019-01-13 20:34:46', '2019-01-13 20:34:46', NULL),
(1660, 'created_at', 143, NULL, NULL, '2019-01-13 20:34:46', '2019-01-13 20:34:46', NULL),
(1661, 'updated_at', 143, NULL, NULL, '2019-01-13 20:34:46', '2019-01-13 20:34:46', NULL),
(1662, 'deleted_at', 143, NULL, NULL, '2019-01-13 20:34:46', '2019-01-13 20:34:46', NULL),
(1663, 'id', 144, NULL, NULL, '2019-01-13 20:34:46', '2019-01-13 20:34:46', NULL),
(1664, 'short', 144, NULL, NULL, '2019-01-13 20:34:46', '2019-01-13 20:34:46', NULL),
(1665, 'name', 144, NULL, NULL, '2019-01-13 20:34:46', '2019-01-13 20:34:46', NULL),
(1666, 'sales_statistics_id', 144, NULL, NULL, '2019-01-13 20:34:46', '2019-01-13 20:34:46', NULL),
(1667, 'created_at', 144, NULL, NULL, '2019-01-13 20:34:46', '2019-01-13 20:34:46', NULL),
(1668, 'updated_at', 144, NULL, NULL, '2019-01-13 20:34:46', '2019-01-13 20:34:46', NULL),
(1669, 'deleted_at', 144, NULL, NULL, '2019-01-13 20:34:46', '2019-01-13 20:34:46', NULL),
(1670, 'ch_code', 19, NULL, NULL, '2019-01-13 20:34:47', '2019-01-13 20:34:47', NULL),
(1671, 'title', 19, NULL, NULL, '2019-01-13 20:34:47', '2019-01-13 20:34:47', NULL),
(1672, 'kanton_id', 19, NULL, NULL, '2019-01-13 20:34:47', '2019-01-13 20:34:47', NULL),
(1673, 'contract_type_id', 19, NULL, NULL, '2019-01-13 20:34:47', '2019-01-13 20:34:47', NULL),
(1674, 'sales_statistics_id', 19, NULL, NULL, '2019-01-13 20:34:47', '2019-01-13 20:34:47', NULL),
(1675, 'manager_phone', 19, NULL, NULL, '2019-01-13 20:34:47', '2019-01-13 20:34:47', NULL),
(1676, 'ch_code', 26, NULL, NULL, '2019-01-13 20:34:48', '2019-01-13 20:34:48', NULL),
(1677, 'title', 26, NULL, NULL, '2019-01-13 20:34:48', '2019-01-13 20:34:48', NULL),
(1678, 'kanton_id', 26, NULL, NULL, '2019-01-13 20:34:48', '2019-01-13 20:34:48', NULL),
(1679, 'contract_type_id', 26, NULL, NULL, '2019-01-13 20:34:48', '2019-01-13 20:34:48', NULL),
(1680, 'sales_statistics_id', 26, NULL, NULL, '2019-01-13 20:34:48', '2019-01-13 20:34:48', NULL),
(1681, 'manager_phone', 26, NULL, NULL, '2019-01-13 20:34:48', '2019-01-13 20:34:48', NULL),
(1682, 'id', 145, NULL, NULL, '2019-01-13 20:34:49', '2019-01-13 20:34:49', NULL),
(1683, 'short', 145, NULL, NULL, '2019-01-13 20:34:49', '2019-01-13 20:34:49', NULL),
(1684, 'name', 145, NULL, NULL, '2019-01-13 20:34:49', '2019-01-13 20:34:49', NULL),
(1685, 'created_at', 145, NULL, NULL, '2019-01-13 20:34:49', '2019-01-13 20:34:49', NULL),
(1686, 'updated_at', 145, NULL, NULL, '2019-01-13 20:34:49', '2019-01-13 20:34:49', NULL),
(1687, 'deleted_at', 145, NULL, NULL, '2019-01-13 20:34:49', '2019-01-13 20:34:49', NULL),
(1688, 'ch_code', 34, NULL, NULL, '2019-01-13 20:34:50', '2019-01-13 20:34:50', NULL),
(1689, 'title', 34, NULL, NULL, '2019-01-13 20:34:50', '2019-01-13 20:34:50', NULL),
(1690, 'kanton_id', 34, NULL, NULL, '2019-01-13 20:34:50', '2019-01-13 20:34:50', NULL),
(1691, 'contract_type_id', 34, NULL, NULL, '2019-01-13 20:34:50', '2019-01-13 20:34:50', NULL),
(1692, 'sales_statistics_id', 34, NULL, NULL, '2019-01-13 20:34:50', '2019-01-13 20:34:50', NULL),
(1693, 'manager_phone', 34, NULL, NULL, '2019-01-13 20:34:50', '2019-01-13 20:34:50', NULL),
(1694, 'ch_code', 33, NULL, NULL, '2019-01-13 20:34:51', '2019-01-13 20:34:51', NULL),
(1695, 'title', 33, NULL, NULL, '2019-01-13 20:34:51', '2019-01-13 20:34:51', NULL),
(1696, 'kanton_id', 33, NULL, NULL, '2019-01-13 20:34:51', '2019-01-13 20:34:51', NULL),
(1697, 'contract_type_id', 33, NULL, NULL, '2019-01-13 20:34:51', '2019-01-13 20:34:51', NULL),
(1698, 'sales_statistics_id', 33, NULL, NULL, '2019-01-13 20:34:51', '2019-01-13 20:34:51', NULL),
(1699, 'manager_phone', 33, NULL, NULL, '2019-01-13 20:34:51', '2019-01-13 20:34:51', NULL),
(1700, 'closed_registration_date', 139, NULL, NULL, '2019-01-13 20:34:52', '2019-01-13 20:34:52', NULL),
(1701, 'ch_code', 28, NULL, NULL, '2019-01-13 20:34:52', '2019-01-13 20:34:52', NULL),
(1702, 'title', 28, NULL, NULL, '2019-01-13 20:34:52', '2019-01-13 20:34:52', NULL),
(1703, 'kanton_id', 28, NULL, NULL, '2019-01-13 20:34:52', '2019-01-13 20:34:52', NULL),
(1704, 'contract_type_id', 28, NULL, NULL, '2019-01-13 20:34:52', '2019-01-13 20:34:52', NULL),
(1705, 'sales_statistics_id', 28, NULL, NULL, '2019-01-13 20:34:52', '2019-01-13 20:34:52', NULL);
INSERT INTO `model_column_name` (`id`, `name`, `model_name_id`, `model_column_name_edit_as_id`, `position`, `created_at`, `updated_at`, `deleted_at`) VALUES
(1706, 'manager_phone', 28, NULL, NULL, '2019-01-13 20:34:53', '2019-01-13 20:34:53', NULL),
(1707, 'id', 146, NULL, NULL, '2019-01-25 14:12:40', '2019-01-25 14:12:40', NULL),
(1708, 'user_id', 146, NULL, NULL, '2019-01-25 14:12:40', '2019-01-25 14:12:40', NULL),
(1709, 'participant_name', 146, NULL, NULL, '2019-01-25 14:12:40', '2019-01-25 14:12:40', NULL),
(1710, 'date_id', 146, NULL, NULL, '2019-01-25 14:12:40', '2019-01-25 14:12:40', NULL),
(1711, 'created_at', 146, NULL, NULL, '2019-01-25 14:12:40', '2019-01-25 14:12:40', NULL),
(1712, 'updated_at', 146, NULL, NULL, '2019-01-25 14:12:40', '2019-01-25 14:12:40', NULL),
(1713, 'deleted_at', 146, NULL, NULL, '2019-01-25 14:12:40', '2019-01-25 14:12:40', NULL),
(1714, 'fr_presentation_media_id', 140, NULL, NULL, '2019-01-25 14:12:41', '2019-01-25 14:12:41', NULL),
(1715, 'de_presentation_media_id', 140, NULL, NULL, '2019-01-25 14:12:41', '2019-01-25 14:12:41', NULL),
(1716, 'fr_presentation_media_id', 141, NULL, NULL, '2019-01-25 14:12:41', '2019-01-25 14:12:41', NULL),
(1717, 'de_presentation_media_id', 141, NULL, NULL, '2019-01-25 14:12:41', '2019-01-25 14:12:41', NULL),
(1718, 'spoken_language', 32, NULL, NULL, '2019-01-25 14:12:42', '2019-01-25 14:12:42', NULL),
(1719, 'publish_datetime', 115, NULL, NULL, '2019-01-25 14:12:43', '2019-01-25 14:12:43', NULL),
(1720, 'fr_presentation_media_id', 115, NULL, NULL, '2019-01-25 14:12:43', '2019-01-25 14:12:43', NULL),
(1721, 'de_presentation_media_id', 115, NULL, NULL, '2019-01-25 14:12:43', '2019-01-25 14:12:43', NULL),
(1722, 'spoken_language', 27, NULL, NULL, '2019-01-25 14:12:44', '2019-01-25 14:12:44', NULL),
(1723, 'spoken_language', 19, NULL, NULL, '2019-01-25 14:12:45', '2019-01-25 14:12:45', NULL),
(1724, 'spoken_language', 26, NULL, NULL, '2019-01-25 14:12:46', '2019-01-25 14:12:46', NULL),
(1725, 'spoken_language', 34, NULL, NULL, '2019-01-25 14:12:48', '2019-01-25 14:12:48', NULL),
(1726, 'spoken_language', 33, NULL, NULL, '2019-01-25 14:12:49', '2019-01-25 14:12:49', NULL),
(1727, 'fr_presentation_media_id', 139, NULL, NULL, '2019-01-25 14:12:50', '2019-01-25 14:12:50', NULL),
(1728, 'de_presentation_media_id', 139, NULL, NULL, '2019-01-25 14:12:50', '2019-01-25 14:12:50', NULL),
(1729, 'fr_presentation_media_id', 70, NULL, NULL, '2019-01-25 14:12:50', '2019-01-25 14:12:50', NULL),
(1730, 'de_presentation_media_id', 70, NULL, NULL, '2019-01-25 14:12:50', '2019-01-25 14:12:50', NULL),
(1731, 'spoken_language', 28, NULL, NULL, '2019-01-25 14:12:51', '2019-01-25 14:12:51', NULL),
(1732, 'fr_presentation_media_id', 46, NULL, NULL, '2019-01-25 14:13:16', '2019-01-25 14:13:16', NULL),
(1733, 'de_presentation_media_id', 46, NULL, NULL, '2019-01-25 14:13:16', '2019-01-25 14:13:16', NULL);

-- --------------------------------------------------------

--
-- Tabellenstruktur für Tabelle `model_column_name_edit_as`
--

CREATE TABLE `model_column_name_edit_as` (
  `id` bigint(20) UNSIGNED NOT NULL,
  `short` varchar(128) COLLATE utf8_bin NOT NULL,
  `created_at` datetime NOT NULL,
  `updated_at` datetime NOT NULL,
  `deleted_at` datetime DEFAULT NULL
) ENGINE=InnoDB DEFAULT CHARSET=utf8 COLLATE=utf8_bin;

-- --------------------------------------------------------

--
-- Tabellenstruktur für Tabelle `model_column_name_translation`
--

CREATE TABLE `model_column_name_translation` (
  `id` bigint(20) UNSIGNED NOT NULL DEFAULT '0',
  `display` varchar(255) COLLATE utf8_bin NOT NULL,
  `lang` char(2) COLLATE utf8_bin NOT NULL DEFAULT '',
  `created_at` datetime NOT NULL,
  `updated_at` datetime NOT NULL,
  `deleted_at` datetime DEFAULT NULL
) ENGINE=InnoDB DEFAULT CHARSET=utf8 COLLATE=utf8_bin;

--
-- Daten für Tabelle `model_column_name_translation`
--

INSERT INTO `model_column_name_translation` (`id`, `display`, `lang`, `created_at`, `updated_at`, `deleted_at`) VALUES
(1, 'ID', 'de', '2018-11-30 13:19:16', '2018-11-30 13:19:16', NULL),
(1, 'ID', 'en', '2018-11-30 13:19:16', '2018-11-30 13:19:16', NULL),
(2, 'Name', 'de', '2018-11-30 13:19:16', '2018-11-30 13:19:16', NULL),
(2, 'Name', 'en', '2018-11-30 13:19:16', '2018-11-30 13:19:16', NULL),
(3, 'Ressource', 'de', '2018-11-30 13:19:16', '2018-11-30 13:19:16', NULL),
(3, 'Resource', 'en', '2018-11-30 13:19:16', '2018-11-30 13:19:16', NULL),
(67, 'ID', 'de', '2018-12-18 19:18:45', '2018-12-18 19:18:45', NULL),
(67, 'ID', 'en', '2018-12-18 19:18:45', '2018-12-18 19:18:45', NULL),
(68, 'Kürzel', 'de', '2018-12-18 19:18:45', '2018-12-18 19:18:45', NULL),
(68, 'Short', 'en', '2018-12-18 19:18:45', '2018-12-18 19:18:45', NULL),
(69, 'Name', 'de', '2018-12-18 19:18:45', '2018-12-18 19:18:45', NULL),
(69, 'Name', 'en', '2018-12-18 19:18:45', '2018-12-18 19:18:45', NULL),
(83, 'ID', 'de', '2018-12-18 19:20:11', '2018-12-18 19:20:11', NULL),
(83, 'ID', 'en', '2018-12-18 19:20:11', '2018-12-18 19:20:11', NULL),
(83, 'ID', 'fr', '2019-01-14 10:54:13', '2019-01-14 10:54:13', NULL),
(84, 'Kürzel', 'de', '2018-12-18 19:20:11', '2018-12-18 19:20:11', NULL),
(84, 'Short', 'en', '2018-12-18 19:20:11', '2018-12-18 19:20:11', NULL),
(84, 'abréviation', 'fr', '2019-01-14 10:54:13', '2019-01-14 10:54:13', NULL),
(85, 'Name', 'de', '2018-12-18 19:20:11', '2018-12-18 19:20:11', NULL),
(85, 'Name', 'en', '2018-12-18 19:20:11', '2018-12-18 19:20:11', NULL),
(85, 'Nom', 'fr', '2019-01-14 10:54:13', '2019-01-14 10:54:13', NULL),
(87, 'Position', 'de', '2018-12-18 19:20:11', '2018-12-18 19:20:11', NULL),
(87, 'Position', 'en', '2018-12-18 19:20:11', '2018-12-18 19:20:11', NULL),
(87, 'position', 'fr', '2019-01-14 10:54:13', '2019-01-14 10:54:13', NULL),
(249, 'ID', 'de', '2019-01-14 10:13:34', '2019-01-14 10:13:34', NULL),
(249, 'ID', 'en', '2019-01-14 10:13:34', '2019-01-14 10:13:34', NULL),
(249, 'ID', 'fr', '2019-01-14 10:13:34', '2019-01-14 10:13:34', NULL),
(250, 'Kürzel', 'de', '2019-01-14 10:13:34', '2019-01-14 10:13:34', NULL),
(250, 'Short', 'en', '2019-01-14 10:13:34', '2019-01-14 10:13:34', NULL),
(250, 'abréviation', 'fr', '2019-01-14 10:13:34', '2019-01-14 10:13:34', NULL),
(251, 'Name', 'de', '2019-01-14 10:13:34', '2019-01-14 10:13:34', NULL),
(251, 'Name', 'en', '2019-01-14 10:13:34', '2019-01-14 10:13:34', NULL),
(251, 'Nom', 'fr', '2019-01-14 10:13:34', '2019-01-14 10:13:34', NULL),
(268, 'ID', 'de', '2019-01-14 10:13:36', '2019-01-14 10:13:36', NULL),
(268, 'ID', 'en', '2019-01-14 10:13:36', '2019-01-14 10:13:36', NULL),
(268, 'ID', 'fr', '2019-01-14 10:13:36', '2019-01-14 10:13:36', NULL),
(269, 'Kürzel', 'de', '2019-01-14 10:13:36', '2019-01-14 10:13:36', NULL),
(269, 'Short', 'en', '2019-01-14 10:13:36', '2019-01-14 10:13:36', NULL),
(269, 'abréviation', 'fr', '2019-01-14 10:13:36', '2019-01-14 10:13:36', NULL),
(270, 'Name', 'de', '2019-01-14 10:13:36', '2019-01-14 10:13:36', NULL),
(270, 'Name', 'en', '2019-01-14 10:13:36', '2019-01-14 10:13:36', NULL),
(270, 'Nom', 'fr', '2019-01-14 10:13:36', '2019-01-14 10:13:36', NULL),
(274, 'ID', 'de', '2019-01-17 18:45:08', '2019-01-17 18:45:08', NULL),
(274, 'ID', 'en', '2019-01-17 18:45:08', '2019-01-17 18:45:08', NULL),
(274, 'ID', 'fr', '2019-01-17 18:45:08', '2019-01-17 18:45:08', NULL),
(275, 'Kürzel', 'de', '2019-01-17 18:45:08', '2019-01-17 18:45:08', NULL),
(275, 'Short', 'en', '2019-01-17 18:45:08', '2019-01-17 18:45:08', NULL),
(275, 'abréviation', 'fr', '2019-01-17 18:45:08', '2019-01-17 18:45:08', NULL),
(276, 'Name', 'de', '2019-01-17 18:45:08', '2019-01-17 18:45:08', NULL),
(276, 'Name', 'en', '2019-01-17 18:45:08', '2019-01-17 18:45:08', NULL),
(276, 'Nom', 'fr', '2019-01-17 18:45:08', '2019-01-17 18:45:08', NULL),
(277, 'Wert', 'de', '2019-01-17 18:45:08', '2019-01-17 18:45:08', NULL),
(277, 'Value', 'en', '2019-01-17 18:45:08', '2019-01-17 18:45:08', NULL),
(277, 'Valeur', 'fr', '2019-01-17 18:45:08', '2019-01-17 18:45:08', NULL),
(281, 'ID', 'de', '2018-11-26 10:10:26', '2018-11-26 17:37:35', NULL),
(281, 'ID', 'en', '2018-11-26 10:10:26', '2018-11-26 10:10:26', NULL),
(285, 'Login', 'de', '2018-11-26 10:10:26', '2018-11-26 17:37:35', NULL),
(285, 'Login', 'en', '2018-11-26 10:10:26', '2018-11-26 10:10:26', NULL),
(291, 'Vorname', 'de', '2018-11-26 10:10:26', '2018-11-26 17:37:35', NULL),
(291, 'Firstname', 'en', '2018-11-26 10:10:26', '2018-11-26 10:10:26', NULL),
(292, 'Nachname', 'de', '2018-11-26 10:10:26', '2018-11-26 17:37:35', NULL),
(292, 'Lastname', 'en', '2018-11-26 10:10:26', '2018-11-26 10:10:26', NULL),
(310, 'E-Mail', 'de', '2018-11-26 17:37:35', '2018-11-26 17:37:35', NULL),
(310, 'Email', 'en', '2018-11-26 17:37:35', '2018-11-26 17:37:35', NULL),
(710, 'ID', 'de', '2018-11-26 17:22:51', '2018-11-26 17:22:51', NULL),
(710, 'ID', 'en', '2018-11-26 17:22:51', '2018-11-26 17:22:51', NULL),
(711, 'Kürzel', 'de', '2018-11-26 17:22:51', '2018-11-26 17:22:51', NULL),
(711, 'Short', 'en', '2018-11-26 17:22:51', '2018-11-26 17:22:51', NULL),
(712, 'Name', 'de', '2018-11-26 17:22:51', '2018-11-26 17:22:51', NULL),
(712, 'Name', 'en', '2018-11-26 17:22:51', '2018-11-26 17:22:51', NULL),
(717, 'ID', 'de', '2018-11-30 13:52:56', '2018-11-30 13:52:56', NULL),
(717, 'ID', 'en', '2018-11-30 13:52:56', '2018-11-30 13:52:56', NULL),
(718, 'Kürzel', 'de', '2018-11-30 13:52:56', '2018-11-30 13:52:56', NULL),
(718, 'Short', 'en', '2018-11-30 13:52:56', '2018-11-30 13:52:56', NULL),
(719, 'Name', 'de', '2018-11-30 13:52:56', '2018-11-30 13:52:56', NULL),
(719, 'Name', 'en', '2018-11-30 13:52:56', '2018-11-30 13:52:56', NULL),
(720, 'Info-Seite', 'de', '2018-11-30 13:52:56', '2018-11-30 13:52:56', NULL),
(720, 'InfoPage', 'en', '2018-11-30 13:52:56', '2018-11-30 13:52:56', NULL),
(721, 'Position', 'de', '2018-11-30 13:52:56', '2018-11-30 13:52:56', NULL),
(721, 'Position', 'en', '2018-11-30 13:52:56', '2018-11-30 13:52:56', NULL),
(735, 'ID', 'de', '2018-11-26 17:15:36', '2018-11-26 17:15:36', NULL),
(735, 'ID', 'en', '2018-11-26 17:15:36', '2018-11-26 17:15:36', NULL),
(736, 'Kürzel', 'de', '2018-11-26 17:15:36', '2018-11-26 17:15:36', NULL),
(736, 'Short', 'en', '2018-11-26 17:15:36', '2018-11-26 17:15:36', NULL),
(742, 'Dateigröße', 'de', '2018-11-26 17:15:36', '2018-11-26 17:15:36', NULL),
(742, 'File Size', 'en', '2018-11-26 17:15:36', '2018-11-26 17:15:36', NULL),
(743, 'MIME-Typ', 'de', '2018-11-26 17:15:36', '2018-11-26 17:15:36', NULL),
(743, 'Mime Type', 'en', '2018-11-26 17:15:36', '2018-11-26 17:15:36', NULL),
(745, 'Breite', 'de', '2018-11-26 17:15:36', '2018-11-26 17:15:36', NULL),
(745, 'Width', 'en', '2018-11-26 17:15:36', '2018-11-26 17:15:36', NULL),
(746, 'Höhe', 'de', '2018-11-26 17:15:36', '2018-11-26 17:15:36', NULL),
(746, 'Height', 'en', '2018-11-26 17:15:36', '2018-11-26 17:15:36', NULL),
(755, 'ID', 'de', '2019-01-04 11:35:32', '2019-01-04 11:35:32', NULL),
(755, 'ID', 'en', '2019-01-04 11:35:32', '2019-01-04 11:35:32', NULL),
(755, 'ID', 'fr', '2019-01-04 11:35:32', '2019-01-04 11:35:32', NULL),
(756, 'Kürzel', 'de', '2019-01-04 11:35:32', '2019-01-04 11:35:32', NULL),
(756, 'Short', 'en', '2019-01-04 11:35:32', '2019-01-04 11:35:32', NULL),
(756, 'abréviation', 'fr', '2019-01-04 11:35:32', '2019-01-04 11:35:32', NULL),
(757, 'Name', 'de', '2019-01-04 11:35:32', '2019-01-04 11:35:32', NULL),
(757, 'Name', 'en', '2019-01-04 11:35:32', '2019-01-04 11:35:32', NULL),
(757, 'Nom', 'fr', '2019-01-04 11:35:32', '2019-01-04 11:35:32', NULL),
(804, 'Bild', 'de', '2018-11-26 17:14:58', '2018-11-26 17:14:58', NULL),
(804, 'MediaImage', 'en', '2018-11-26 17:14:58', '2018-11-26 17:14:58', NULL),
(804, 'Image', 'fr', '2019-01-14 10:54:13', '2019-01-14 10:54:13', NULL),
(828, 'ID', 'de', '2018-11-26 17:14:57', '2018-11-26 17:14:57', NULL),
(828, 'ID', 'en', '2018-11-26 17:14:57', '2018-11-26 17:14:57', NULL),
(829, 'Kürzel', 'de', '2018-11-26 17:14:57', '2018-11-26 17:14:57', NULL),
(829, 'Short', 'en', '2018-11-26 17:14:57', '2018-11-26 17:14:57', NULL),
(830, 'Name', 'de', '2018-11-26 17:14:57', '2018-11-26 17:14:57', NULL),
(830, 'Name', 'en', '2018-11-26 17:14:57', '2018-11-26 17:14:57', NULL),
(833, 'Position', 'de', '2018-11-26 17:14:57', '2018-11-26 17:14:57', NULL),
(833, 'Position', 'en', '2018-11-26 17:14:57', '2018-11-26 17:14:57', NULL),
(869, 'ID', 'de', '2019-01-04 11:34:17', '2019-01-04 11:34:17', NULL),
(869, 'ID', 'en', '2019-01-04 11:34:17', '2019-01-04 11:34:17', NULL),
(869, 'ID', 'fr', '2019-01-04 11:34:17', '2019-01-04 11:34:17', NULL),
(870, 'Kürzel', 'de', '2019-01-04 11:34:17', '2019-01-04 11:34:17', NULL),
(870, 'Short', 'en', '2019-01-04 11:34:17', '2019-01-04 11:34:17', NULL),
(870, 'abréviation', 'fr', '2019-01-04 11:34:17', '2019-01-04 11:34:17', NULL),
(871, 'Name', 'de', '2019-01-04 11:34:17', '2019-01-04 11:34:17', NULL),
(871, 'Name', 'en', '2019-01-04 11:34:17', '2019-01-04 11:34:17', NULL),
(871, 'Nom', 'fr', '2019-01-04 11:34:17', '2019-01-04 11:34:17', NULL),
(872, 'Wert', 'de', '2019-01-04 11:34:17', '2019-01-04 11:34:17', NULL),
(872, 'Value', 'en', '2019-01-04 11:34:17', '2019-01-04 11:34:17', NULL),
(872, 'Valeur', 'fr', '2019-01-04 11:34:17', '2019-01-04 11:34:17', NULL),
(889, 'ID', 'de', '2018-12-17 16:27:01', '2018-12-17 16:27:01', NULL),
(889, 'ID', 'en', '2018-12-17 16:27:01', '2018-12-17 16:27:01', NULL),
(889, 'ID', 'fr', '2019-01-13 20:34:39', '2019-01-13 20:34:39', NULL),
(890, 'Name', 'de', '2018-12-17 16:27:01', '2018-12-17 16:27:01', NULL),
(890, 'Name', 'en', '2018-12-17 16:27:01', '2018-12-17 16:27:01', NULL),
(890, 'Nom', 'fr', '2019-01-13 20:34:39', '2019-01-13 20:34:39', NULL),
(891, 'Kurz-Name', 'de', '2018-12-17 16:27:01', '2018-12-17 16:27:01', NULL),
(891, 'Short-Name', 'en', '2018-12-17 16:27:01', '2018-12-17 16:27:01', NULL),
(891, 'Nom court', 'fr', '2019-01-13 20:34:39', '2019-01-13 20:34:39', NULL),
(994, 'ID', 'de', '2018-12-19 09:15:46', '2018-12-19 09:15:46', NULL),
(994, 'ID', 'en', '2018-12-19 09:15:46', '2018-12-19 09:15:46', NULL),
(994, 'ID', 'fr', '2019-01-04 11:37:22', '2019-01-04 11:37:22', NULL),
(995, 'Kürzel', 'de', '2018-12-19 09:15:46', '2018-12-19 09:15:46', NULL),
(995, 'Short', 'en', '2018-12-19 09:15:46', '2018-12-19 09:15:46', NULL),
(995, 'abréviation', 'fr', '2019-01-04 11:37:22', '2019-01-04 11:37:22', NULL),
(1023, 'ID', 'de', '2019-01-04 11:20:46', '2019-01-04 11:20:46', NULL),
(1023, 'ID', 'en', '2019-01-04 11:20:46', '2019-01-04 11:20:46', NULL),
(1023, 'ID', 'fr', '2019-01-04 11:20:46', '2019-01-04 11:20:46', NULL),
(1024, 'Parameter', 'de', '2019-01-04 11:20:46', '2019-01-04 11:20:46', NULL),
(1024, 'Param', 'en', '2019-01-04 11:20:46', '2019-01-04 11:20:46', NULL),
(1024, 'Paramètre', 'fr', '2019-01-04 11:20:46', '2019-01-04 11:20:46', NULL),
(1397, 'ID', 'de', '2018-12-18 19:30:20', '2018-12-18 19:30:20', NULL),
(1397, 'ID', 'en', '2018-12-18 19:30:20', '2018-12-18 19:30:20', NULL),
(1397, 'ID', 'fr', '2019-01-14 10:57:21', '2019-01-14 10:57:21', NULL),
(1398, 'Kürzel', 'de', '2018-12-18 19:30:20', '2018-12-18 19:30:20', NULL),
(1398, 'Short', 'en', '2018-12-18 19:30:20', '2018-12-18 19:30:20', NULL),
(1398, 'abréviation', 'fr', '2019-01-14 10:57:21', '2019-01-14 10:57:21', NULL),
(1399, 'Name', 'de', '2018-12-18 19:30:20', '2018-12-18 19:30:20', NULL),
(1399, 'Name', 'en', '2018-12-18 19:30:20', '2018-12-18 19:30:20', NULL),
(1399, 'Nom', 'fr', '2019-01-14 10:57:21', '2019-01-14 10:57:21', NULL),
(1423, 'ID', 'de', '2019-01-04 11:20:36', '2019-01-04 11:20:36', NULL),
(1423, 'ID', 'en', '2019-01-04 11:20:36', '2019-01-04 11:20:36', NULL),
(1423, 'ID', 'fr', '2019-01-04 11:20:36', '2019-01-04 11:20:36', NULL),
(1424, 'Ressource', 'de', '2019-01-04 11:20:36', '2019-01-04 11:20:36', NULL),
(1424, 'Resource', 'en', '2019-01-04 11:20:36', '2019-01-04 11:20:36', NULL),
(1424, 'Ressource', 'fr', '2019-01-04 11:20:36', '2019-01-04 11:20:36', NULL),
(1430, 'Gruppe', 'de', '2018-11-26 17:15:36', '2018-11-26 17:15:36', NULL),
(1430, 'Role', 'en', '2018-11-26 17:15:36', '2018-11-26 17:15:36', NULL),
(1460, 'ID', 'de', '2019-01-04 11:35:06', '2019-01-04 11:35:06', NULL),
(1460, 'ID', 'en', '2019-01-04 11:35:06', '2019-01-04 11:35:06', NULL),
(1460, 'ID', 'fr', '2019-01-04 11:35:06', '2019-01-04 11:35:06', NULL),
(1461, 'Kürzel', 'de', '2019-01-04 11:35:06', '2019-01-04 11:35:06', NULL),
(1461, 'Short', 'en', '2019-01-04 11:35:06', '2019-01-04 11:35:06', NULL),
(1461, 'abréviation', 'fr', '2019-01-04 11:35:06', '2019-01-04 11:35:06', NULL),
(1462, 'Name', 'de', '2019-01-04 11:35:06', '2019-01-04 11:35:06', NULL),
(1462, 'Name', 'en', '2019-01-04 11:35:06', '2019-01-04 11:35:06', NULL),
(1462, 'Nom', 'fr', '2019-01-04 11:35:06', '2019-01-04 11:35:06', NULL),
(1463, 'Wert', 'de', '2019-01-04 11:35:06', '2019-01-04 11:35:06', NULL),
(1463, 'Value', 'en', '2019-01-04 11:35:06', '2019-01-04 11:35:06', NULL),
(1463, 'Valeur', 'fr', '2019-01-04 11:35:06', '2019-01-04 11:35:06', NULL),
(1467, 'ID', 'de', '2018-11-30 13:23:06', '2018-11-30 13:23:06', NULL),
(1467, 'ID', 'en', '2018-11-30 13:23:06', '2018-11-30 13:23:06', NULL),
(1467, 'ID', 'fr', '2019-01-25 14:15:20', '2019-01-25 14:15:20', NULL),
(1468, 'Kürzel', 'de', '2018-11-30 13:23:06', '2018-11-30 13:23:06', NULL),
(1468, 'Short', 'en', '2018-11-30 13:23:06', '2018-11-30 13:23:06', NULL),
(1468, 'abréviation', 'fr', '2019-01-25 14:15:20', '2019-01-25 14:15:20', NULL),
(1469, 'Name', 'de', '2018-11-30 13:23:06', '2018-11-30 13:23:06', NULL),
(1469, 'Name', 'en', '2018-11-30 13:23:06', '2018-11-30 13:23:06', NULL),
(1469, 'Nom', 'fr', '2019-01-25 14:15:20', '2019-01-25 14:15:20', NULL),
(1507, 'ID', 'de', '2019-01-04 11:35:37', '2019-01-04 11:35:37', NULL),
(1507, 'ID', 'en', '2019-01-04 11:35:37', '2019-01-04 11:35:37', NULL),
(1507, 'ID', 'fr', '2019-01-04 11:35:37', '2019-01-04 11:35:37', NULL),
(1508, 'Kürzel', 'de', '2019-01-04 11:35:37', '2019-01-04 11:35:37', NULL),
(1508, 'Short', 'en', '2019-01-04 11:35:37', '2019-01-04 11:35:37', NULL),
(1508, 'abréviation', 'fr', '2019-01-04 11:35:37', '2019-01-04 11:35:37', NULL),
(1509, 'Name', 'de', '2019-01-04 11:35:37', '2019-01-04 11:35:37', NULL),
(1509, 'Name', 'en', '2019-01-04 11:35:37', '2019-01-04 11:35:37', NULL),
(1509, 'Nom', 'fr', '2019-01-04 11:35:37', '2019-01-04 11:35:37', NULL),
(1514, 'ID', 'de', '2018-12-18 19:20:49', '2018-12-18 19:20:49', NULL),
(1514, 'ID', 'en', '2018-12-18 19:20:49', '2018-12-18 19:20:49', NULL),
(1514, 'ID', 'fr', '2019-01-25 14:17:26', '2019-01-25 14:17:26', NULL),
(1515, 'Kürzel', 'de', '2018-12-18 19:20:49', '2018-12-18 19:20:49', NULL),
(1515, 'Short', 'en', '2018-12-18 19:20:49', '2018-12-18 19:20:49', NULL),
(1515, 'abréviation', 'fr', '2019-01-25 14:17:26', '2019-01-25 14:17:26', NULL),
(1521, 'Aktion', 'de', '2018-11-26 17:14:58', '2018-11-26 17:14:58', NULL),
(1521, 'Action', 'en', '2018-11-26 17:14:58', '2018-11-26 17:14:58', NULL),
(1522, 'Medien-Typ', 'de', '2018-11-26 17:15:36', '2018-11-26 17:15:36', NULL),
(1522, 'MediaType', 'en', '2018-11-26 17:15:36', '2018-11-26 17:15:36', NULL),
(1523, 'Nutzer', 'de', '2018-11-26 17:15:36', '2018-11-26 17:15:36', NULL),
(1523, 'Entity', 'en', '2018-11-26 17:15:36', '2018-11-26 17:15:36', NULL),
(1524, 'Anrede', 'de', '2018-11-26 17:37:35', '2018-11-26 17:37:35', NULL),
(1524, 'Salutation', 'en', '2018-11-26 17:37:35', '2018-11-26 17:37:35', NULL),
(1525, 'Land', 'de', '2018-11-26 17:37:35', '2018-11-26 17:37:35', NULL),
(1525, 'Country', 'en', '2018-11-26 17:37:35', '2018-11-26 17:37:35', NULL),
(1526, 'Rechnungs-Land', 'de', '2018-11-26 17:37:35', '2018-11-26 17:37:35', NULL),
(1526, 'BillingCountry', 'en', '2018-11-26 17:37:35', '2018-11-26 17:37:35', NULL),
(1527, 'Controller', 'de', '2018-11-30 13:19:16', '2018-11-30 13:19:16', NULL),
(1527, 'Controller', 'en', '2018-11-30 13:19:16', '2018-11-30 13:19:16', NULL),
(1530, 'ID', 'de', '2018-12-20 11:21:21', '2018-12-20 11:21:21', NULL),
(1530, 'ID', 'en', '2018-12-20 11:21:21', '2018-12-20 11:21:21', NULL),
(1530, 'ID', 'fr', '2019-01-25 14:15:35', '2019-01-25 14:15:35', NULL),
(1531, 'Kürzel', 'de', '2018-12-20 11:21:22', '2018-12-20 11:21:22', NULL),
(1531, 'Short', 'en', '2018-12-20 11:21:22', '2018-12-20 11:21:22', NULL),
(1531, 'abréviation', 'fr', '2019-01-25 14:15:35', '2019-01-25 14:15:35', NULL),
(1532, 'Name', 'de', '2018-12-20 11:21:21', '2018-12-20 11:21:21', NULL),
(1532, 'Name', 'en', '2018-12-20 11:21:21', '2018-12-20 11:21:21', NULL),
(1532, 'Nom', 'fr', '2019-01-25 14:15:35', '2019-01-25 14:15:35', NULL),
(1536, 'ID', 'de', '2018-12-18 19:30:15', '2018-12-18 19:30:15', NULL),
(1536, 'ID', 'en', '2018-12-18 19:30:15', '2018-12-18 19:30:15', NULL),
(1536, 'ID', 'fr', '2019-01-18 10:48:55', '2019-01-18 10:48:55', NULL),
(1537, 'Kürzel', 'de', '2018-12-18 19:30:15', '2018-12-18 19:30:15', NULL),
(1537, 'Short', 'en', '2018-12-18 19:30:15', '2018-12-18 19:30:15', NULL),
(1537, 'abréviation', 'fr', '2019-01-18 10:48:55', '2019-01-18 10:48:55', NULL),
(1538, 'Name', 'de', '2018-12-18 19:30:15', '2018-12-18 19:30:15', NULL),
(1538, 'Name', 'en', '2018-12-18 19:30:15', '2018-12-18 19:30:15', NULL),
(1538, 'Nom', 'fr', '2019-01-18 10:48:55', '2019-01-18 10:48:55', NULL),
(1540, 'Position', 'de', '2018-12-18 19:30:15', '2018-12-18 19:30:15', NULL),
(1540, 'Position', 'en', '2018-12-18 19:30:15', '2018-12-18 19:30:15', NULL),
(1540, 'position', 'fr', '2019-01-18 10:48:55', '2019-01-18 10:48:55', NULL),
(1578, 'ID', 'de', '2018-12-18 18:36:45', '2018-12-18 18:36:45', NULL),
(1578, 'ID', 'en', '2018-12-18 18:36:45', '2018-12-18 18:36:45', NULL),
(1578, 'ID', 'fr', '2019-01-14 08:16:39', '2019-01-14 08:16:39', NULL),
(1579, 'Kürzel', 'de', '2018-12-18 18:36:45', '2018-12-18 18:36:45', NULL),
(1579, 'Short', 'en', '2018-12-18 18:36:45', '2018-12-18 18:36:45', NULL),
(1579, 'abréviation', 'fr', '2019-01-14 08:16:39', '2019-01-14 08:16:39', NULL),
(1580, 'Name', 'de', '2018-12-18 18:36:45', '2018-12-18 18:36:45', NULL),
(1580, 'Name', 'en', '2018-12-18 18:36:45', '2018-12-18 18:36:45', NULL),
(1580, 'Nom', 'fr', '2019-01-14 08:16:39', '2019-01-14 08:16:39', NULL),
(1590, 'ID', 'de', '2018-12-17 16:27:28', '2018-12-17 16:27:28', NULL),
(1590, 'ID', 'en', '2018-12-17 16:27:28', '2018-12-17 16:27:28', NULL),
(1590, 'ID', 'fr', '2019-01-14 11:14:49', '2019-01-14 11:14:49', NULL),
(1591, 'Kürzel', 'de', '2018-12-17 16:27:28', '2018-12-17 16:27:28', NULL),
(1591, 'Short', 'en', '2018-12-17 16:27:28', '2018-12-17 16:27:28', NULL),
(1591, 'abréviation', 'fr', '2019-01-14 11:14:49', '2019-01-14 11:14:49', NULL),
(1606, 'Media-EN', 'de', '2018-12-17 16:27:28', '2018-12-17 16:27:28', NULL),
(1606, 'EnMedia', 'en', '2018-12-17 16:27:28', '2018-12-17 16:27:28', NULL),
(1606, 'Média-EN', 'fr', '2019-01-04 11:37:22', '2019-01-04 11:37:22', NULL),
(1607, 'Media-FR', 'de', '2018-12-17 16:27:28', '2018-12-17 16:27:28', NULL),
(1607, 'FrMedia', 'en', '2018-12-17 16:27:28', '2018-12-17 16:27:28', NULL),
(1607, 'Média-FR', 'fr', '2019-01-04 11:37:22', '2019-01-04 11:37:22', NULL),
(1608, 'Media-DE', 'de', '2018-12-17 16:27:28', '2018-12-17 16:27:28', NULL),
(1608, 'DeMedia', 'en', '2018-12-17 16:27:28', '2018-12-17 16:27:28', NULL),
(1608, 'Média-DE', 'fr', '2019-01-04 11:37:22', '2019-01-04 11:37:22', NULL),
(1609, 'Media-IT', 'de', '2018-12-17 16:27:28', '2018-12-17 16:27:28', NULL),
(1609, 'ItMedia', 'en', '2018-12-17 16:27:28', '2018-12-17 16:27:28', NULL),
(1609, 'Média-IT', 'fr', '2019-01-04 11:37:22', '2019-01-04 11:37:22', NULL),
(1610, 'Verkaufsstatistiken-Orte', 'de', '2018-12-18 18:36:45', '2018-12-18 19:30:23', NULL),
(1610, 'SalesStatistics', 'en', '2018-12-18 18:36:45', '2018-12-18 18:36:45', NULL),
(1610, 'Statistiques de vente des sites', 'fr', '2019-01-14 08:16:39', '2019-01-14 08:16:39', NULL),
(1611, 'Kommissionen', 'de', '2018-12-18 19:30:20', '2018-12-18 19:30:20', NULL),
(1611, 'Commission', 'en', '2018-12-18 19:30:20', '2018-12-18 19:30:20', NULL),
(1611, 'Commissions', 'fr', '2019-01-14 10:57:21', '2019-01-14 10:57:21', NULL),
(1616, 'Medium', 'de', '2019-01-04 11:35:32', '2019-01-04 11:35:32', NULL),
(1616, 'Media', 'en', '2019-01-04 11:35:32', '2019-01-04 11:35:32', NULL),
(1616, 'Média', 'fr', '2019-01-04 11:35:32', '2019-01-04 11:35:32', NULL),
(1617, 'ID', 'de', '2019-01-14 08:13:39', '2019-01-14 08:13:39', NULL),
(1617, 'ID', 'en', '2019-01-14 08:13:39', '2019-01-14 08:13:39', NULL),
(1617, 'ID', 'fr', '2019-01-14 08:13:39', '2019-01-14 08:13:39', NULL),
(1618, 'Kürzel', 'de', '2019-01-14 08:13:39', '2019-01-14 08:13:39', NULL),
(1618, 'Short', 'en', '2019-01-14 08:13:39', '2019-01-14 08:13:39', NULL),
(1618, 'abréviation', 'fr', '2019-01-14 08:13:39', '2019-01-14 08:13:39', NULL),
(1628, 'ID', 'de', '2019-01-18 09:07:48', '2019-01-18 09:07:48', NULL),
(1628, 'ID', 'en', '2019-01-18 09:07:48', '2019-01-18 09:07:48', NULL),
(1628, 'ID', 'fr', '2019-01-18 09:07:48', '2019-01-18 09:07:48', NULL),
(1629, 'Kürzel', 'de', '2019-01-18 09:07:48', '2019-01-18 09:07:48', NULL),
(1629, 'Short', 'en', '2019-01-18 09:07:48', '2019-01-18 09:07:48', NULL),
(1629, 'abréviation', 'fr', '2019-01-18 09:07:48', '2019-01-18 09:07:48', NULL),
(1732, 'Präsentation-FR', 'de', '2019-01-25 14:13:16', '2019-01-25 14:24:20', NULL),
(1732, 'fr[Präsentation-FR]', 'fr', '2019-01-25 14:13:16', '2019-01-25 14:24:20', NULL),
(1733, 'Präsentation-DE', 'de', '2019-01-25 14:13:16', '2019-01-25 14:24:20', NULL),
(1733, 'fr[Präsentation-DE]', 'fr', '2019-01-25 14:13:16', '2019-01-25 14:24:20', NULL);

-- --------------------------------------------------------

--
-- Tabellenstruktur für Tabelle `model_list`
--

CREATE TABLE `model_list` (
  `id` bigint(20) UNSIGNED NOT NULL,
  `name` varchar(255) COLLATE utf8_bin NOT NULL,
  `name_short` varchar(120) COLLATE utf8_bin NOT NULL,
  `default_sort` varchar(255) COLLATE utf8_bin NOT NULL,
  `button_edit` tinyint(1) DEFAULT '0',
  `button_add` tinyint(1) DEFAULT '0',
  `button_delete` tinyint(1) DEFAULT '0',
  `width` bigint(20) NOT NULL,
  `height` bigint(20) NOT NULL,
  `created_at` datetime NOT NULL,
  `updated_at` datetime NOT NULL,
  `deleted_at` datetime DEFAULT NULL
) ENGINE=InnoDB DEFAULT CHARSET=utf8 COLLATE=utf8_bin;

--
-- Daten für Tabelle `model_list`
--

INSERT INTO `model_list` (`id`, `name`, `name_short`, `default_sort`, `button_edit`, `button_add`, `button_delete`, `width`, `height`, `created_at`, `updated_at`, `deleted_at`) VALUES
(1, 'Default_Model_Entity', 'e', 'e_login', 1, 1, 1, 860, 385, '2018-11-26 10:10:26', '2018-11-26 10:10:26', NULL),
(2, 'Default_Model_MediaImageM2nAction', 'cis', 'cis_id', 1, 1, 1, 860, 385, '2018-11-26 17:14:57', '2018-11-26 17:14:57', NULL),
(3, 'Default_Model_Media', 'media', 'media_id', 0, 1, 1, 569, 385, '2018-11-26 17:15:36', '2018-11-26 17:15:36', NULL),
(4, 'Default_Model_ImageConfig', 'imco', 'imco_id', 1, 0, 0, 860, 385, '2018-11-26 17:22:51', '2018-11-26 17:22:51', NULL),
(5, 'Default_Model_Entity', 'user', 'user_id', 1, 1, 1, 860, 385, '2018-11-26 17:37:35', '2018-11-26 17:37:35', NULL),
(6, 'Default_Model_Action', 'sact', 'sact_id', 1, 1, 0, 860, 385, '2018-11-30 13:19:16', '2018-11-30 13:19:16', NULL),
(7, 'Default_Model_Action', 'aa', 'aa_id', 1, 0, 0, 860, 385, '2018-11-30 13:20:34', '2018-11-30 13:20:34', NULL),
(9, 'Default_Model_InfoPage', 'inpa', 'inpa_id', 1, 1, 1, 860, 385, '2018-11-30 13:52:56', '2018-11-30 13:52:56', NULL),
(27, 'Default_Model_BackgroundImage', 'bgimg', 'bgimg_id', 1, 1, 1, 860, 385, '2018-12-18 19:18:45', '2018-12-18 19:18:45', NULL),
(654, 'Default_Model_ResourceTranslator', 'rtrans', 'rtrans_id', 1, 1, 1, 860, 385, '2019-01-04 11:20:36', '2019-01-04 11:20:36', NULL),
(655, 'Default_Model_ParamTranslator', 'ptrans', 'ptrans_id', 1, 1, 1, 860, 385, '2019-01-04 11:20:46', '2019-01-04 11:20:46', NULL),
(656, 'Default_Model_MetaConfiguration', 'meco', 'meco_id', 1, 0, 0, 860, 385, '2019-01-04 11:34:17', '2019-01-04 11:34:17', NULL),
(657, 'Default_Model_SiteConfig', 'scfg', 'scfg_id', 1, 0, 0, 860, 385, '2019-01-04 11:35:06', '2019-01-04 11:35:06', NULL),
(658, 'Default_Model_MediaConfig', 'imco', 'imco_id', 1, 0, 0, 860, 385, '2019-01-04 11:35:32', '2019-01-04 11:35:32', NULL),
(659, 'Default_Model_TinymceTemplate', 'tymce', 'tymce_id', 1, 1, 1, 860, 385, '2019-01-04 11:35:37', '2019-01-04 11:35:37', NULL),
(736, 'Default_Model_EmailTemplate', 'malt', 'malt_id', 1, 1, 1, 860, 385, '2019-01-14 10:13:34', '2019-01-14 10:13:34', NULL),
(737, 'Default_Model_EmailTemplatePart', 'maltp', 'maltp_id', 1, 1, 1, 860, 385, '2019-01-14 10:13:36', '2019-01-14 10:13:36', NULL),
(846, 'Default_Model_EmailTemplateReplacement', 'maltr', 'maltr_id', 1, 1, 1, 860, 385, '2019-01-17 18:45:08', '2019-01-17 18:45:08', NULL),
(1212, 'Default_Model_ModelList', 'modlu', 'modlu_id', 1, 0, 0, 860, 385, '2019-01-25 14:12:38', '2019-01-25 14:12:38', NULL),
(1232, 'Default_Model_SiteRights', 'srights', 'srights_id', 1, 0, 0, 860, 385, '2019-01-25 14:15:22', '2019-01-25 14:15:22', NULL),
(1264, 'Default_Model_Department', 'department', 'department_id', 1, 1, 1, 860, 385, '2019-01-25 14:16:04', '2019-01-25 14:16:04', NULL),
(1270, 'Default_Model_Commission', 'c', 'c_id', 1, 1, 1, 860, 385, '2019-01-25 14:16:05', '2019-01-25 14:16:05', NULL),
(1277, 'Default_Model_Translator', 'trans', 'trans_id', 1, 0, 1, 860, 385, '2019-01-25 14:17:28', '2019-01-25 14:17:28', NULL),
(1281, 'Default_Model_Otc', 'o', 'o_id', 1, 1, 1, 860, 385, '2019-01-25 14:18:48', '2019-01-25 14:18:48', NULL),
(1283, 'Default_Model_Assembly', 'a', 'a_id', 1, 1, 1, 860, 385, '2019-01-25 14:24:20', '2019-01-25 14:24:20', NULL),
(1285, 'Default_Model_SalesStatistics', 's', 's_id', 1, 1, 1, 860, 385, '2019-01-25 14:24:24', '2019-01-25 14:24:24', NULL),
(1287, 'Default_Model_News', 'n', 'n_id', 1, 1, 1, 860, 385, '2019-01-25 14:24:28', '2019-01-25 14:24:28', NULL),
(1289, 'Default_Model_Dates', 'd', 'd_id', 1, 1, 1, 860, 385, '2019-01-25 14:25:01', '2019-01-25 14:25:01', NULL),
(1291, 'Default_Model_Protocol', 'p', 'p_id', 1, 1, 1, 860, 385, '2019-01-25 14:25:10', '2019-01-25 14:25:10', NULL),
(1292, 'Default_Model_SalesStatistics', 's', 's_id', 1, 1, 1, 860, 385, '2019-01-25 14:31:09', '2019-01-25 14:31:09', NULL),
(1293, 'Default_Model_SalesStatistics', 's', 's_id', 1, 1, 1, 860, 385, '2019-01-25 14:31:09', '2019-01-25 14:31:09', NULL),
(1294, 'Default_Model_SalesStatistics', 's', 's_id', 1, 1, 1, 860, 385, '2019-01-25 14:31:09', '2019-01-25 14:31:09', NULL),
(1295, 'Default_Model_SalesStatistics', 's', 's_id', 1, 1, 1, 860, 385, '2019-01-25 14:31:10', '2019-01-25 14:31:10', NULL),
(1296, 'Default_Model_SalesStatistics', 's', 's_id', 1, 1, 1, 860, 385, '2019-01-25 14:31:10', '2019-01-25 14:31:10', NULL),
(1297, 'Default_Model_SalesStatistics', 's', 's_id', 1, 1, 1, 860, 385, '2019-01-25 14:33:05', '2019-01-25 14:33:05', NULL),
(1298, 'Default_Model_SalesStatistics', 's', 's_id', 1, 1, 1, 860, 385, '2019-01-25 14:33:05', '2019-01-25 14:33:05', NULL),
(1299, 'Default_Model_SalesStatistics', 's', 's_id', 1, 1, 1, 860, 385, '2019-01-25 14:33:05', '2019-01-25 14:33:05', NULL),
(1300, 'Default_Model_SalesStatistics', 's', 's_id', 1, 1, 1, 860, 385, '2019-01-25 14:33:06', '2019-01-25 14:33:06', NULL),
(1301, 'Default_Model_SalesStatistics', 's', 's_id', 1, 1, 1, 860, 385, '2019-01-25 14:33:06', '2019-01-25 14:33:06', NULL),
(1302, 'Default_Model_SalesStatistics', 's', 's_id', 1, 1, 1, 860, 385, '2019-01-25 14:33:18', '2019-01-25 14:33:18', NULL),
(1303, 'Default_Model_SalesStatistics', 's', 's_id', 1, 1, 1, 860, 385, '2019-01-25 14:33:18', '2019-01-25 14:33:18', NULL),
(1304, 'Default_Model_SalesStatistics', 's', 's_id', 1, 1, 1, 860, 385, '2019-01-25 14:33:27', '2019-01-25 14:33:27', NULL),
(1305, 'Default_Model_SalesStatistics', 's', 's_id', 1, 1, 1, 860, 385, '2019-01-25 14:33:27', '2019-01-25 14:33:27', NULL),
(1306, 'Default_Model_SalesStatistics', 's', 's_id', 1, 1, 1, 860, 385, '2019-01-25 14:33:27', '2019-01-25 14:33:27', NULL),
(1307, 'Default_Model_SalesStatistics', 's', 's_id', 1, 1, 1, 860, 385, '2019-01-25 14:33:28', '2019-01-25 14:33:28', NULL),
(1308, 'Default_Model_SalesStatistics', 's', 's_id', 1, 1, 1, 860, 385, '2019-01-25 14:33:28', '2019-01-25 14:33:28', NULL),
(1309, 'Default_Model_SalesStatistics', 's', 's_id', 1, 1, 1, 860, 385, '2019-01-25 14:33:28', '2019-01-25 14:33:28', NULL),
(1310, 'Default_Model_SalesStatistics', 's', 's_id', 1, 1, 1, 860, 385, '2019-01-25 14:33:39', '2019-01-25 14:33:39', NULL),
(1311, 'Default_Model_SalesStatistics', 's', 's_id', 1, 1, 1, 860, 385, '2019-01-25 14:33:40', '2019-01-25 14:33:40', NULL),
(1312, 'Default_Model_SalesStatistics', 's', 's_id', 1, 1, 1, 860, 385, '2019-01-25 14:33:40', '2019-01-25 14:33:40', NULL),
(1313, 'Default_Model_SalesStatistics', 's', 's_id', 1, 1, 1, 860, 385, '2019-01-25 14:33:40', '2019-01-25 14:33:40', NULL),
(1314, 'Default_Model_SalesStatistics', 's', 's_id', 1, 1, 1, 860, 385, '2019-01-25 14:33:41', '2019-01-25 14:33:41', NULL),
(1315, 'Default_Model_SalesStatistics', 's', 's_id', 1, 1, 1, 860, 385, '2019-01-25 14:33:41', '2019-01-25 14:33:41', NULL),
(1316, 'Default_Model_SalesStatistics', 's', 's_id', 1, 1, 1, 860, 385, '2019-01-25 14:33:45', '2019-01-25 14:33:45', NULL),
(1317, 'Default_Model_SalesStatistics', 's', 's_id', 1, 1, 1, 860, 385, '2019-01-25 14:33:45', '2019-01-25 14:33:45', NULL),
(1318, 'Default_Model_SalesStatistics', 's', 's_id', 1, 1, 1, 860, 385, '2019-01-25 14:34:14', '2019-01-25 14:34:14', NULL),
(1319, 'Default_Model_SalesStatistics', 's', 's_id', 1, 1, 1, 860, 385, '2019-01-25 14:34:14', '2019-01-25 14:34:14', NULL),
(1320, 'Default_Model_SalesStatistics', 's', 's_id', 1, 1, 1, 860, 385, '2019-01-25 14:34:25', '2019-01-25 14:34:25', NULL),
(1321, 'Default_Model_SalesStatistics', 's', 's_id', 1, 1, 1, 860, 385, '2019-01-25 14:34:26', '2019-01-25 14:34:26', NULL),
(1322, 'Default_Model_SalesStatistics', 's', 's_id', 1, 1, 1, 860, 385, '2019-01-25 14:34:27', '2019-01-25 14:34:27', NULL),
(1323, 'Default_Model_SalesStatistics', 's', 's_id', 1, 1, 1, 860, 385, '2019-01-25 14:34:27', '2019-01-25 14:34:27', NULL),
(1324, 'Default_Model_SalesStatistics', 's', 's_id', 1, 1, 1, 860, 385, '2019-01-25 14:34:28', '2019-01-25 14:34:28', NULL),
(1325, 'Default_Model_SalesStatistics', 's', 's_id', 1, 1, 1, 860, 385, '2019-01-25 14:34:28', '2019-01-25 14:34:28', NULL),
(1326, 'Default_Model_SalesStatistics', 's', 's_id', 1, 1, 1, 860, 385, '2019-01-25 14:34:31', '2019-01-25 14:34:31', NULL),
(1327, 'Default_Model_SalesStatistics', 's', 's_id', 1, 1, 1, 860, 385, '2019-01-25 14:34:31', '2019-01-25 14:34:31', NULL),
(1328, 'Default_Model_SalesStatistics', 's', 's_id', 1, 1, 1, 860, 385, '2019-01-25 14:34:55', '2019-01-25 14:34:55', NULL),
(1329, 'Default_Model_SalesStatistics', 's', 's_id', 1, 1, 1, 860, 385, '2019-01-25 14:34:55', '2019-01-25 14:34:55', NULL),
(1330, 'Default_Model_SalesStatistics', 's', 's_id', 1, 1, 1, 860, 385, '2019-01-25 14:34:56', '2019-01-25 14:34:56', NULL),
(1331, 'Default_Model_SalesStatistics', 's', 's_id', 1, 1, 1, 860, 385, '2019-01-25 14:34:56', '2019-01-25 14:34:56', NULL),
(1332, 'Default_Model_SalesStatistics', 's', 's_id', 1, 1, 1, 860, 385, '2019-01-25 14:34:57', '2019-01-25 14:34:57', NULL),
(1333, 'Default_Model_SalesStatistics', 's', 's_id', 1, 1, 1, 860, 385, '2019-01-25 14:34:57', '2019-01-25 14:34:57', NULL),
(1334, 'Default_Model_SalesStatistics', 's', 's_id', 1, 1, 1, 860, 385, '2019-01-25 14:34:59', '2019-01-25 14:34:59', NULL),
(1335, 'Default_Model_SalesStatistics', 's', 's_id', 1, 1, 1, 860, 385, '2019-01-25 14:34:59', '2019-01-25 14:34:59', NULL),
(1336, 'Default_Model_SalesStatistics', 's', 's_id', 1, 1, 1, 860, 385, '2019-01-25 14:35:31', '2019-01-25 14:35:31', NULL),
(1337, 'Default_Model_SalesStatistics', 's', 's_id', 1, 1, 1, 860, 385, '2019-01-25 14:35:32', '2019-01-25 14:35:32', NULL),
(1338, 'Default_Model_SalesStatistics', 's', 's_id', 1, 1, 1, 860, 385, '2019-01-25 14:35:33', '2019-01-25 14:35:33', NULL),
(1339, 'Default_Model_SalesStatistics', 's', 's_id', 1, 1, 1, 860, 385, '2019-01-25 14:35:33', '2019-01-25 14:35:33', NULL),
(1340, 'Default_Model_SalesStatistics', 's', 's_id', 1, 1, 1, 860, 385, '2019-01-25 14:35:34', '2019-01-25 14:35:34', NULL),
(1341, 'Default_Model_SalesStatistics', 's', 's_id', 1, 1, 1, 860, 385, '2019-01-25 14:35:35', '2019-01-25 14:35:35', NULL),
(1342, 'Default_Model_Dates', 'd', 'd_id', 1, 1, 1, 860, 385, '2019-01-25 14:35:40', '2019-01-25 14:35:40', NULL),
(1343, 'Default_Model_Dates', 'd', 'd_id', 1, 1, 1, 860, 385, '2019-01-25 14:35:40', '2019-01-25 14:35:40', NULL),
(1344, 'Default_Model_Dates', 'd', 'd_id', 1, 1, 1, 860, 385, '2019-01-25 14:35:40', '2019-01-25 14:35:40', NULL),
(1345, 'Default_Model_Dates', 'd', 'd_id', 1, 1, 1, 860, 385, '2019-01-25 14:35:41', '2019-01-25 14:35:41', NULL),
(1346, 'Default_Model_Dates', 'd', 'd_id', 1, 1, 1, 860, 385, '2019-01-25 14:35:41', '2019-01-25 14:35:41', NULL),
(1347, 'Default_Model_Dates', 'd', 'd_id', 1, 1, 1, 860, 385, '2019-01-25 14:35:46', '2019-01-25 14:35:46', NULL),
(1348, 'Default_Model_Dates', 'd', 'd_id', 1, 1, 1, 860, 385, '2019-01-25 14:35:46', '2019-01-25 14:35:46', NULL),
(1349, 'Default_Model_Dates', 'd', 'd_id', 1, 1, 1, 860, 385, '2019-01-25 14:36:01', '2019-01-25 14:36:01', NULL),
(1350, 'Default_Model_Dates', 'd', 'd_id', 1, 1, 1, 860, 385, '2019-01-25 14:36:01', '2019-01-25 14:36:01', NULL),
(1351, 'Default_Model_Dates', 'd', 'd_id', 1, 1, 1, 860, 385, '2019-01-25 14:36:16', '2019-01-25 14:36:16', NULL),
(1352, 'Default_Model_Dates', 'd', 'd_id', 1, 1, 1, 860, 385, '2019-01-25 14:36:17', '2019-01-25 14:36:17', NULL),
(1353, 'Default_Model_Dates', 'd', 'd_id', 1, 1, 1, 860, 385, '2019-01-25 14:36:26', '2019-01-25 14:36:26', NULL),
(1354, 'Default_Model_Dates', 'd', 'd_id', 1, 1, 1, 860, 385, '2019-01-25 14:36:26', '2019-01-25 14:36:26', NULL),
(1355, 'Default_Model_Dates', 'd', 'd_id', 1, 1, 1, 860, 385, '2019-01-25 14:36:27', '2019-01-25 14:36:27', NULL),
(1356, 'Default_Model_Dates', 'd', 'd_id', 1, 1, 1, 860, 385, '2019-01-25 14:36:27', '2019-01-25 14:36:27', NULL),
(1357, 'Default_Model_Dates', 'd', 'd_id', 1, 1, 1, 860, 385, '2019-01-25 14:36:28', '2019-01-25 14:36:28', NULL),
(1358, 'Default_Model_Dates', 'd', 'd_id', 1, 1, 1, 860, 385, '2019-01-25 14:36:28', '2019-01-25 14:36:28', NULL),
(1359, 'Default_Model_Dates', 'd', 'd_id', 1, 1, 1, 860, 385, '2019-01-25 14:36:36', '2019-01-25 14:36:36', NULL),
(1360, 'Default_Model_Dates', 'd', 'd_id', 1, 1, 1, 860, 385, '2019-01-25 14:36:36', '2019-01-25 14:36:36', NULL);

-- --------------------------------------------------------

--
-- Tabellenstruktur für Tabelle `model_list_column`
--

CREATE TABLE `model_list_column` (
  `id` bigint(20) UNSIGNED NOT NULL,
  `name` varchar(255) COLLATE utf8_bin NOT NULL,
  `search_like` tinyint(1) DEFAULT '0',
  `width` bigint(20) NOT NULL,
  `model_list_id` bigint(20) UNSIGNED NOT NULL,
  `model_column_name_id` bigint(20) UNSIGNED NOT NULL,
  `model_list_connection_id` bigint(20) UNSIGNED DEFAULT NULL,
  `position` bigint(20) UNSIGNED DEFAULT NULL,
  `created_at` datetime NOT NULL,
  `updated_at` datetime NOT NULL,
  `deleted_at` datetime DEFAULT NULL
) ENGINE=InnoDB DEFAULT CHARSET=utf8 COLLATE=utf8_bin;

--
-- Daten für Tabelle `model_list_column`
--

INSERT INTO `model_list_column` (`id`, `name`, `search_like`, `width`, `model_list_id`, `model_column_name_id`, `model_list_connection_id`, `position`, `created_at`, `updated_at`, `deleted_at`) VALUES
(1, 'id', 1, 30, 1, 281, NULL, NULL, '2018-11-26 10:10:26', '2018-11-26 10:10:26', NULL),
(2, 'login', 1, 180, 1, 285, NULL, NULL, '2018-11-26 10:10:26', '2018-11-26 10:10:26', NULL),
(3, 'lastname', 1, 180, 1, 292, NULL, NULL, '2018-11-26 10:10:26', '2018-11-26 10:10:26', NULL),
(4, 'firstname', 1, 180, 1, 291, NULL, NULL, '2018-11-26 10:10:26', '2018-11-26 10:10:26', NULL),
(5, 'id', 0, 30, 2, 828, NULL, 0, '2018-11-26 17:14:57', '2018-11-26 17:14:57', NULL),
(6, 'position', 0, 55, 2, 833, NULL, 1, '2018-11-26 17:14:57', '2018-11-26 17:14:57', NULL),
(7, 'name', 1, 180, 2, 830, NULL, 2, '2018-11-26 17:14:57', '2018-11-26 17:14:57', NULL),
(8, 'short', 1, 100, 2, 829, NULL, 3, '2018-11-26 17:14:57', '2018-11-26 17:14:57', NULL),
(9, 'id', 1, 100, 2, 804, 1, 4, '2018-11-26 17:14:58', '2018-11-26 17:14:58', NULL),
(10, 'id', 1, 180, 2, 1521, 2, 5, '2018-11-26 17:14:58', '2018-11-26 17:14:58', NULL),
(11, 'id', 0, 30, 3, 735, NULL, 0, '2018-11-26 17:15:36', '2018-11-26 17:15:36', NULL),
(12, 'short', 1, 100, 3, 736, NULL, 1, '2018-11-26 17:15:36', '2018-11-26 17:15:36', NULL),
(13, 'width', 1, 30, 3, 745, NULL, 2, '2018-11-26 17:15:36', '2018-11-26 17:15:36', NULL),
(14, 'height', 1, 30, 3, 746, NULL, 3, '2018-11-26 17:15:36', '2018-11-26 17:15:36', NULL),
(15, 'file_size', 1, 50, 3, 742, NULL, 4, '2018-11-26 17:15:36', '2018-11-26 17:15:36', NULL),
(16, 'mime_type', 1, 50, 3, 743, NULL, 5, '2018-11-26 17:15:36', '2018-11-26 17:15:36', NULL),
(17, 'id', 1, 100, 3, 1522, 3, 6, '2018-11-26 17:15:36', '2018-11-26 17:15:36', NULL),
(18, 'id', 1, 100, 3, 1430, 4, 7, '2018-11-26 17:15:36', '2018-11-26 17:15:36', NULL),
(19, 'id', 1, 180, 3, 1523, 5, 8, '2018-11-26 17:15:36', '2018-11-26 17:15:36', NULL),
(20, 'id', 0, 30, 4, 710, NULL, 0, '2018-11-26 17:22:51', '2018-11-26 17:22:51', NULL),
(21, 'name', 1, 180, 4, 712, NULL, 1, '2018-11-26 17:22:51', '2018-11-26 17:22:51', NULL),
(22, 'short', 1, 100, 4, 711, NULL, 2, '2018-11-26 17:22:51', '2018-11-26 17:22:51', NULL),
(23, 'id', 1, 100, 4, 804, 6, 3, '2018-11-26 17:22:51', '2018-11-26 17:22:51', NULL),
(24, 'id', 0, 30, 5, 281, NULL, 0, '2018-11-26 17:37:35', '2018-11-26 17:37:35', NULL),
(25, 'login', 1, 180, 5, 285, NULL, 1, '2018-11-26 17:37:35', '2018-11-26 17:37:35', NULL),
(26, 'lastname', 1, 180, 5, 292, NULL, 2, '2018-11-26 17:37:35', '2018-11-26 17:37:35', NULL),
(27, 'firstname', 1, 180, 5, 291, NULL, 3, '2018-11-26 17:37:35', '2018-11-26 17:37:35', NULL),
(28, 'email', 1, 180, 5, 310, NULL, 4, '2018-11-26 17:37:35', '2018-11-26 17:37:35', NULL),
(29, 'id', 1, 100, 5, 1430, 7, 5, '2018-11-26 17:37:35', '2018-11-26 17:37:35', NULL),
(30, 'id', 0, 180, 5, 1524, 8, 6, '2018-11-26 17:37:35', '2018-11-26 17:37:35', NULL),
(31, 'id', 1, 100, 5, 804, 9, 7, '2018-11-26 17:37:35', '2018-11-26 17:37:35', NULL),
(32, 'id', 1, 50, 5, 1525, 10, 8, '2018-11-26 17:37:35', '2018-11-26 17:37:35', NULL),
(33, 'id', 1, 50, 5, 1526, 11, 9, '2018-11-26 17:37:35', '2018-11-26 17:37:35', NULL),
(34, 'id', 0, 30, 6, 1, NULL, 0, '2018-11-30 13:19:16', '2018-11-30 13:19:16', NULL),
(35, 'resource', 1, 180, 6, 3, NULL, 1, '2018-11-30 13:19:16', '2018-11-30 13:19:16', NULL),
(36, 'name', 1, 180, 6, 2, NULL, 2, '2018-11-30 13:19:16', '2018-11-30 13:19:16', NULL),
(37, 'id', 1, 180, 6, 1527, 12, 3, '2018-11-30 13:19:16', '2018-11-30 13:19:16', NULL),
(38, 'id', 1, 100, 6, 1430, 13, 4, '2018-11-30 13:19:16', '2018-11-30 13:19:16', NULL),
(39, 'id', 0, 30, 7, 1, NULL, 0, '2018-11-30 13:20:34', '2018-11-30 13:20:34', NULL),
(40, 'resource', 1, 180, 7, 3, NULL, 1, '2018-11-30 13:20:34', '2018-11-30 13:20:34', NULL),
(41, 'name', 1, 180, 7, 2, NULL, 2, '2018-11-30 13:20:34', '2018-11-30 13:20:34', NULL),
(42, 'id', 1, 180, 7, 1527, 14, 3, '2018-11-30 13:20:34', '2018-11-30 13:20:34', NULL),
(43, 'id', 1, 100, 7, 1430, 15, 4, '2018-11-30 13:20:34', '2018-11-30 13:20:34', NULL),
(47, 'id', 0, 30, 9, 717, NULL, 0, '2018-11-30 13:52:56', '2018-11-30 13:52:56', NULL),
(48, 'position', 0, 55, 9, 721, NULL, 1, '2018-11-30 13:52:56', '2018-11-30 13:52:56', NULL),
(49, 'name', 1, 180, 9, 719, NULL, 2, '2018-11-30 13:52:56', '2018-11-30 13:52:56', NULL),
(50, 'short', 1, 100, 9, 718, NULL, 3, '2018-11-30 13:52:56', '2018-11-30 13:52:56', NULL),
(51, 'id', 1, 180, 9, 720, 17, 4, '2018-11-30 13:52:56', '2018-11-30 13:52:56', NULL),
(149, 'id', 0, 30, 27, 67, NULL, 0, '2018-12-18 19:18:45', '2018-12-18 19:18:45', NULL),
(150, 'name', 1, 180, 27, 69, NULL, 1, '2018-12-18 19:18:45', '2018-12-18 19:18:45', NULL),
(151, 'short', 1, 100, 27, 68, NULL, 2, '2018-12-18 19:18:45', '2018-12-18 19:18:45', NULL),
(152, 'id', 1, 180, 27, 1521, 27, 3, '2018-12-18 19:18:45', '2018-12-18 19:18:45', NULL),
(153, 'id', 1, 100, 27, 804, 28, 4, '2018-12-18 19:18:45', '2018-12-18 19:18:45', NULL),
(4044, 'id', 0, 30, 654, 1423, NULL, 0, '2019-01-04 11:20:36', '2019-01-04 11:20:36', NULL),
(4045, 'resource', 1, 125, 654, 1424, NULL, 1, '2019-01-04 11:20:36', '2019-01-04 11:20:36', NULL),
(4046, 'id', 0, 30, 655, 1023, NULL, 0, '2019-01-04 11:20:46', '2019-01-04 11:20:46', NULL),
(4047, 'param', 1, 125, 655, 1024, NULL, 1, '2019-01-04 11:20:46', '2019-01-04 11:20:46', NULL),
(4048, 'id', 0, 30, 656, 869, NULL, 0, '2019-01-04 11:34:17', '2019-01-04 11:34:17', NULL),
(4049, 'name', 1, 180, 656, 871, NULL, 1, '2019-01-04 11:34:17', '2019-01-04 11:34:17', NULL),
(4050, 'short', 1, 100, 656, 870, NULL, 2, '2019-01-04 11:34:17', '2019-01-04 11:34:17', NULL),
(4051, 'value', 1, 180, 656, 872, NULL, 3, '2019-01-04 11:34:17', '2019-01-04 11:34:17', NULL),
(4052, 'id', 0, 30, 657, 1460, NULL, 0, '2019-01-04 11:35:06', '2019-01-04 11:35:06', NULL),
(4053, 'name', 1, 180, 657, 1462, NULL, 1, '2019-01-04 11:35:06', '2019-01-04 11:35:06', NULL),
(4054, 'short', 1, 100, 657, 1461, NULL, 2, '2019-01-04 11:35:06', '2019-01-04 11:35:06', NULL),
(4055, 'value', 1, 180, 657, 1463, NULL, 3, '2019-01-04 11:35:06', '2019-01-04 11:35:06', NULL),
(4056, 'id', 0, 30, 658, 755, NULL, 0, '2019-01-04 11:35:32', '2019-01-04 11:35:32', NULL),
(4057, 'name', 1, 180, 658, 757, NULL, 1, '2019-01-04 11:35:32', '2019-01-04 11:35:32', NULL),
(4058, 'short', 1, 100, 658, 756, NULL, 2, '2019-01-04 11:35:32', '2019-01-04 11:35:32', NULL),
(4059, 'id', 1, 100, 658, 1616, 40, 3, '2019-01-04 11:35:32', '2019-01-04 11:35:32', NULL),
(4060, 'id', 0, 30, 659, 1507, NULL, 0, '2019-01-04 11:35:37', '2019-01-04 11:35:37', NULL),
(4061, 'name', 1, 180, 659, 1509, NULL, 1, '2019-01-04 11:35:37', '2019-01-04 11:35:37', NULL),
(4062, 'short', 1, 100, 659, 1508, NULL, 2, '2019-01-04 11:35:37', '2019-01-04 11:35:37', NULL),
(4598, 'id', 0, 30, 736, 249, NULL, 0, '2019-01-14 10:13:34', '2019-01-14 10:13:34', NULL),
(4599, 'name', 1, 180, 736, 251, NULL, 1, '2019-01-14 10:13:34', '2019-01-14 10:13:34', NULL),
(4600, 'short', 1, 100, 736, 250, NULL, 2, '2019-01-14 10:13:34', '2019-01-14 10:13:34', NULL),
(4601, 'id', 0, 30, 737, 268, NULL, 0, '2019-01-14 10:13:36', '2019-01-14 10:13:36', NULL),
(4602, 'name', 1, 180, 737, 270, NULL, 1, '2019-01-14 10:13:36', '2019-01-14 10:13:36', NULL),
(4603, 'short', 1, 100, 737, 269, NULL, 2, '2019-01-14 10:13:36', '2019-01-14 10:13:36', NULL),
(5370, 'id', 0, 30, 846, 274, NULL, 0, '2019-01-17 18:45:08', '2019-01-17 18:45:08', NULL),
(5371, 'name', 1, 180, 846, 276, NULL, 1, '2019-01-17 18:45:08', '2019-01-17 18:45:08', NULL),
(5372, 'short', 1, 100, 846, 275, NULL, 2, '2019-01-17 18:45:08', '2019-01-17 18:45:08', NULL),
(5373, 'value', 1, 180, 846, 277, NULL, 3, '2019-01-17 18:45:08', '2019-01-17 18:45:08', NULL),
(7470, 'id', 0, 30, 1212, 889, NULL, 0, '2019-01-25 14:12:38', '2019-01-25 14:12:38', NULL),
(7471, 'name', 1, 180, 1212, 890, NULL, 1, '2019-01-25 14:12:38', '2019-01-25 14:12:38', NULL),
(7472, 'name_short', 1, 100, 1212, 891, NULL, 2, '2019-01-25 14:12:38', '2019-01-25 14:12:38', NULL),
(7595, 'id', 0, 30, 1232, 1467, NULL, 0, '2019-01-25 14:15:22', '2019-01-25 14:15:22', NULL),
(7596, 'name', 1, 180, 1232, 1469, NULL, 1, '2019-01-25 14:15:22', '2019-01-25 14:15:22', NULL),
(7597, 'short', 1, 100, 1232, 1468, NULL, 2, '2019-01-25 14:15:22', '2019-01-25 14:15:22', NULL),
(7776, 'id', 0, 30, 1264, 1530, NULL, 0, '2019-01-25 14:16:04', '2019-01-25 14:16:04', NULL),
(7777, 'name', 1, 180, 1264, 1532, NULL, 1, '2019-01-25 14:16:04', '2019-01-25 14:16:04', NULL),
(7778, 'short', 1, 100, 1264, 1531, NULL, 2, '2019-01-25 14:16:04', '2019-01-25 14:16:04', NULL),
(7806, 'id', 0, 30, 1270, 83, NULL, 0, '2019-01-25 14:16:05', '2019-01-25 14:16:05', NULL),
(7807, 'position', 0, 55, 1270, 87, NULL, 1, '2019-01-25 14:16:05', '2019-01-25 14:16:05', NULL),
(7808, 'name', 1, 180, 1270, 85, NULL, 2, '2019-01-25 14:16:05', '2019-01-25 14:16:05', NULL),
(7809, 'short', 1, 100, 1270, 84, NULL, 3, '2019-01-25 14:16:05', '2019-01-25 14:16:05', NULL),
(7810, 'id', 0, 180, 1270, 804, 29, 4, '2019-01-25 14:16:05', '2019-01-25 14:16:05', NULL),
(7831, 'id', 0, 30, 1277, 1514, NULL, 0, '2019-01-25 14:17:28', '2019-01-25 14:17:28', NULL),
(7832, 'short', 1, 100, 1277, 1515, NULL, 1, '2019-01-25 14:17:28', '2019-01-25 14:17:28', NULL),
(7855, 'id', 0, 30, 1281, 1617, NULL, 0, '2019-01-25 14:18:48', '2019-01-25 14:18:48', NULL),
(7856, 'short', 1, 100, 1281, 1618, NULL, 1, '2019-01-25 14:18:48', '2019-01-25 14:18:48', NULL),
(7857, 'id', 0, 180, 1281, 1607, 42, 2, '2019-01-25 14:18:48', '2019-01-25 14:18:48', NULL),
(7858, 'id', 0, 180, 1281, 1608, 43, 3, '2019-01-25 14:18:48', '2019-01-25 14:18:48', NULL),
(7859, 'id', 0, 180, 1281, 1732, 53, 4, '2019-01-25 14:18:48', '2019-01-25 14:18:48', NULL),
(7860, 'id', 0, 180, 1281, 1733, 54, 5, '2019-01-25 14:18:48', '2019-01-25 14:18:48', NULL),
(7867, 'id', 0, 30, 1283, 1628, NULL, 0, '2019-01-25 14:24:20', '2019-01-25 14:24:20', NULL),
(7868, 'short', 1, 100, 1283, 1629, NULL, 1, '2019-01-25 14:24:20', '2019-01-25 14:24:20', NULL),
(7869, 'id', 0, 180, 1283, 1607, 46, 2, '2019-01-25 14:24:20', '2019-01-25 14:24:20', NULL),
(7870, 'id', 0, 180, 1283, 1608, 47, 3, '2019-01-25 14:24:20', '2019-01-25 14:24:20', NULL),
(7871, 'id', 0, 180, 1283, 1732, 55, 4, '2019-01-25 14:24:20', '2019-01-25 14:24:20', NULL),
(7872, 'id', 0, 180, 1283, 1733, 56, 5, '2019-01-25 14:24:21', '2019-01-25 14:24:21', NULL),
(7878, 'id', 0, 30, 1285, 1536, NULL, 0, '2019-01-25 14:24:24', '2019-01-25 14:24:24', NULL),
(7879, 'position', 0, 55, 1285, 1540, NULL, 1, '2019-01-25 14:24:24', '2019-01-25 14:24:24', NULL),
(7880, 'name', 1, 180, 1285, 1538, NULL, 2, '2019-01-25 14:24:24', '2019-01-25 14:24:24', NULL),
(7881, 'short', 1, 100, 1285, 1537, NULL, 3, '2019-01-25 14:24:24', '2019-01-25 14:24:24', NULL),
(7882, 'id', 0, 180, 1285, 804, 30, 4, '2019-01-25 14:24:24', '2019-01-25 14:24:24', NULL),
(7889, 'id', 0, 30, 1287, 994, NULL, 0, '2019-01-25 14:24:28', '2019-01-25 14:24:28', NULL),
(7890, 'short', 1, 100, 1287, 995, NULL, 1, '2019-01-25 14:24:28', '2019-01-25 14:24:28', NULL),
(7891, 'id', 0, 180, 1287, 1607, 37, 2, '2019-01-25 14:24:28', '2019-01-25 14:24:28', NULL),
(7892, 'id', 0, 180, 1287, 1608, 38, 3, '2019-01-25 14:24:28', '2019-01-25 14:24:28', NULL),
(7893, 'id', 0, 180, 1287, 1732, 57, 4, '2019-01-25 14:24:28', '2019-01-25 14:24:28', NULL),
(7894, 'id', 0, 180, 1287, 1733, 58, 5, '2019-01-25 14:24:28', '2019-01-25 14:24:28', NULL),
(7901, 'id', 0, 30, 1289, 1590, NULL, 0, '2019-01-25 14:25:01', '2019-01-25 14:25:01', NULL),
(7902, 'short', 1, 100, 1289, 1591, NULL, 1, '2019-01-25 14:25:01', '2019-01-25 14:25:01', NULL),
(7903, 'id', 0, 180, 1289, 1607, 19, 2, '2019-01-25 14:25:01', '2019-01-25 14:25:01', NULL),
(7904, 'id', 0, 180, 1289, 1608, 20, 3, '2019-01-25 14:25:01', '2019-01-25 14:25:01', NULL),
(7905, 'id', 0, 180, 1289, 1732, 49, 4, '2019-01-25 14:25:01', '2019-01-25 14:25:01', NULL),
(7906, 'id', 0, 180, 1289, 1733, 50, 5, '2019-01-25 14:25:02', '2019-01-25 14:25:02', NULL),
(7915, 'id', 0, 30, 1291, 1397, NULL, 0, '2019-01-25 14:25:10', '2019-01-25 14:25:10', NULL),
(7916, 'name', 1, 180, 1291, 1399, NULL, 1, '2019-01-25 14:25:10', '2019-01-25 14:25:10', NULL),
(7917, 'short', 1, 100, 1291, 1398, NULL, 2, '2019-01-25 14:25:10', '2019-01-25 14:25:10', NULL),
(7918, 'id', 0, 180, 1291, 1611, 31, 3, '2019-01-25 14:25:10', '2019-01-25 14:25:10', NULL),
(7919, 'id', 0, 180, 1291, 1607, 33, 4, '2019-01-25 14:25:10', '2019-01-25 14:25:10', NULL),
(7920, 'id', 0, 180, 1291, 1608, 34, 5, '2019-01-25 14:25:10', '2019-01-25 14:25:10', NULL),
(7921, 'id', 0, 180, 1291, 1732, 51, 6, '2019-01-25 14:25:10', '2019-01-25 14:25:10', NULL),
(7922, 'id', 0, 180, 1291, 1733, 52, 7, '2019-01-25 14:25:10', '2019-01-25 14:25:10', NULL),
(7923, 'id', 0, 30, 1292, 1536, NULL, 0, '2019-01-25 14:31:09', '2019-01-25 14:31:09', NULL),
(7924, 'position', 0, 55, 1292, 1540, NULL, 1, '2019-01-25 14:31:09', '2019-01-25 14:31:09', NULL),
(7925, 'name', 1, 180, 1292, 1538, NULL, 2, '2019-01-25 14:31:09', '2019-01-25 14:31:09', NULL),
(7926, 'short', 1, 100, 1292, 1537, NULL, 3, '2019-01-25 14:31:09', '2019-01-25 14:31:09', NULL),
(7927, 'id', 0, 180, 1292, 804, 30, 4, '2019-01-25 14:31:09', '2019-01-25 14:31:09', NULL),
(7928, 'id', 0, 30, 1293, 1536, NULL, 0, '2019-01-25 14:31:09', '2019-01-25 14:31:09', NULL),
(7929, 'position', 0, 55, 1293, 1540, NULL, 1, '2019-01-25 14:31:09', '2019-01-25 14:31:09', NULL),
(7930, 'name', 1, 180, 1293, 1538, NULL, 2, '2019-01-25 14:31:09', '2019-01-25 14:31:09', NULL),
(7931, 'short', 1, 100, 1293, 1537, NULL, 3, '2019-01-25 14:31:09', '2019-01-25 14:31:09', NULL),
(7932, 'id', 0, 180, 1293, 804, 30, 4, '2019-01-25 14:31:09', '2019-01-25 14:31:09', NULL),
(7933, 'id', 0, 30, 1294, 1536, NULL, 0, '2019-01-25 14:31:09', '2019-01-25 14:31:09', NULL),
(7934, 'position', 0, 55, 1294, 1540, NULL, 1, '2019-01-25 14:31:09', '2019-01-25 14:31:09', NULL),
(7935, 'name', 1, 180, 1294, 1538, NULL, 2, '2019-01-25 14:31:09', '2019-01-25 14:31:09', NULL),
(7936, 'short', 1, 100, 1294, 1537, NULL, 3, '2019-01-25 14:31:09', '2019-01-25 14:31:09', NULL),
(7937, 'id', 0, 180, 1294, 804, 30, 4, '2019-01-25 14:31:09', '2019-01-25 14:31:09', NULL),
(7938, 'id', 0, 30, 1295, 1536, NULL, 0, '2019-01-25 14:31:10', '2019-01-25 14:31:10', NULL),
(7939, 'position', 0, 55, 1295, 1540, NULL, 1, '2019-01-25 14:31:10', '2019-01-25 14:31:10', NULL),
(7940, 'name', 1, 180, 1295, 1538, NULL, 2, '2019-01-25 14:31:10', '2019-01-25 14:31:10', NULL),
(7941, 'short', 1, 100, 1295, 1537, NULL, 3, '2019-01-25 14:31:10', '2019-01-25 14:31:10', NULL),
(7942, 'id', 0, 180, 1295, 804, 30, 4, '2019-01-25 14:31:10', '2019-01-25 14:31:10', NULL),
(7943, 'id', 0, 30, 1296, 1536, NULL, 0, '2019-01-25 14:31:10', '2019-01-25 14:31:10', NULL),
(7944, 'position', 0, 55, 1296, 1540, NULL, 1, '2019-01-25 14:31:10', '2019-01-25 14:31:10', NULL),
(7945, 'name', 1, 180, 1296, 1538, NULL, 2, '2019-01-25 14:31:10', '2019-01-25 14:31:10', NULL),
(7946, 'short', 1, 100, 1296, 1537, NULL, 3, '2019-01-25 14:31:10', '2019-01-25 14:31:10', NULL),
(7947, 'id', 0, 180, 1296, 804, 30, 4, '2019-01-25 14:31:10', '2019-01-25 14:31:10', NULL),
(7948, 'id', 0, 30, 1297, 1536, NULL, 0, '2019-01-25 14:33:05', '2019-01-25 14:33:05', NULL),
(7949, 'position', 0, 55, 1297, 1540, NULL, 1, '2019-01-25 14:33:05', '2019-01-25 14:33:05', NULL),
(7950, 'name', 1, 180, 1297, 1538, NULL, 2, '2019-01-25 14:33:05', '2019-01-25 14:33:05', NULL),
(7951, 'short', 1, 100, 1297, 1537, NULL, 3, '2019-01-25 14:33:05', '2019-01-25 14:33:05', NULL),
(7952, 'id', 0, 180, 1297, 804, 30, 4, '2019-01-25 14:33:05', '2019-01-25 14:33:05', NULL),
(7953, 'id', 0, 30, 1298, 1536, NULL, 0, '2019-01-25 14:33:05', '2019-01-25 14:33:05', NULL),
(7954, 'position', 0, 55, 1298, 1540, NULL, 1, '2019-01-25 14:33:05', '2019-01-25 14:33:05', NULL),
(7955, 'name', 1, 180, 1298, 1538, NULL, 2, '2019-01-25 14:33:05', '2019-01-25 14:33:05', NULL),
(7956, 'short', 1, 100, 1298, 1537, NULL, 3, '2019-01-25 14:33:05', '2019-01-25 14:33:05', NULL),
(7957, 'id', 0, 180, 1298, 804, 30, 4, '2019-01-25 14:33:05', '2019-01-25 14:33:05', NULL),
(7958, 'id', 0, 30, 1299, 1536, NULL, 0, '2019-01-25 14:33:05', '2019-01-25 14:33:05', NULL),
(7959, 'position', 0, 55, 1299, 1540, NULL, 1, '2019-01-25 14:33:05', '2019-01-25 14:33:05', NULL),
(7960, 'name', 1, 180, 1299, 1538, NULL, 2, '2019-01-25 14:33:05', '2019-01-25 14:33:05', NULL),
(7961, 'short', 1, 100, 1299, 1537, NULL, 3, '2019-01-25 14:33:05', '2019-01-25 14:33:05', NULL),
(7962, 'id', 0, 180, 1299, 804, 30, 4, '2019-01-25 14:33:05', '2019-01-25 14:33:05', NULL),
(7963, 'id', 0, 30, 1300, 1536, NULL, 0, '2019-01-25 14:33:06', '2019-01-25 14:33:06', NULL),
(7964, 'position', 0, 55, 1300, 1540, NULL, 1, '2019-01-25 14:33:06', '2019-01-25 14:33:06', NULL),
(7965, 'name', 1, 180, 1300, 1538, NULL, 2, '2019-01-25 14:33:06', '2019-01-25 14:33:06', NULL),
(7966, 'short', 1, 100, 1300, 1537, NULL, 3, '2019-01-25 14:33:06', '2019-01-25 14:33:06', NULL),
(7967, 'id', 0, 180, 1300, 804, 30, 4, '2019-01-25 14:33:06', '2019-01-25 14:33:06', NULL),
(7968, 'id', 0, 30, 1301, 1536, NULL, 0, '2019-01-25 14:33:06', '2019-01-25 14:33:06', NULL),
(7969, 'position', 0, 55, 1301, 1540, NULL, 1, '2019-01-25 14:33:06', '2019-01-25 14:33:06', NULL),
(7970, 'name', 1, 180, 1301, 1538, NULL, 2, '2019-01-25 14:33:06', '2019-01-25 14:33:06', NULL),
(7971, 'short', 1, 100, 1301, 1537, NULL, 3, '2019-01-25 14:33:06', '2019-01-25 14:33:06', NULL),
(7972, 'id', 0, 180, 1301, 804, 30, 4, '2019-01-25 14:33:06', '2019-01-25 14:33:06', NULL),
(7973, 'id', 0, 30, 1302, 1536, NULL, 0, '2019-01-25 14:33:18', '2019-01-25 14:33:18', NULL),
(7974, 'position', 0, 55, 1302, 1540, NULL, 1, '2019-01-25 14:33:18', '2019-01-25 14:33:18', NULL),
(7975, 'name', 1, 180, 1302, 1538, NULL, 2, '2019-01-25 14:33:18', '2019-01-25 14:33:18', NULL),
(7976, 'short', 1, 100, 1302, 1537, NULL, 3, '2019-01-25 14:33:18', '2019-01-25 14:33:18', NULL),
(7977, 'id', 0, 180, 1302, 804, 30, 4, '2019-01-25 14:33:18', '2019-01-25 14:33:18', NULL),
(7978, 'id', 0, 30, 1303, 1536, NULL, 0, '2019-01-25 14:33:18', '2019-01-25 14:33:18', NULL),
(7979, 'position', 0, 55, 1303, 1540, NULL, 1, '2019-01-25 14:33:18', '2019-01-25 14:33:18', NULL),
(7980, 'name', 1, 180, 1303, 1538, NULL, 2, '2019-01-25 14:33:18', '2019-01-25 14:33:18', NULL),
(7981, 'short', 1, 100, 1303, 1537, NULL, 3, '2019-01-25 14:33:18', '2019-01-25 14:33:18', NULL),
(7982, 'id', 0, 180, 1303, 804, 30, 4, '2019-01-25 14:33:18', '2019-01-25 14:33:18', NULL),
(7983, 'id', 0, 30, 1304, 1536, NULL, 0, '2019-01-25 14:33:27', '2019-01-25 14:33:27', NULL),
(7984, 'position', 0, 55, 1304, 1540, NULL, 1, '2019-01-25 14:33:27', '2019-01-25 14:33:27', NULL),
(7985, 'name', 1, 180, 1304, 1538, NULL, 2, '2019-01-25 14:33:27', '2019-01-25 14:33:27', NULL),
(7986, 'short', 1, 100, 1304, 1537, NULL, 3, '2019-01-25 14:33:27', '2019-01-25 14:33:27', NULL),
(7987, 'id', 0, 180, 1304, 804, 30, 4, '2019-01-25 14:33:27', '2019-01-25 14:33:27', NULL),
(7988, 'id', 0, 30, 1305, 1536, NULL, 0, '2019-01-25 14:33:27', '2019-01-25 14:33:27', NULL),
(7989, 'position', 0, 55, 1305, 1540, NULL, 1, '2019-01-25 14:33:27', '2019-01-25 14:33:27', NULL),
(7990, 'name', 1, 180, 1305, 1538, NULL, 2, '2019-01-25 14:33:27', '2019-01-25 14:33:27', NULL),
(7991, 'short', 1, 100, 1305, 1537, NULL, 3, '2019-01-25 14:33:27', '2019-01-25 14:33:27', NULL),
(7992, 'id', 0, 180, 1305, 804, 30, 4, '2019-01-25 14:33:27', '2019-01-25 14:33:27', NULL),
(7993, 'id', 0, 30, 1306, 1536, NULL, 0, '2019-01-25 14:33:27', '2019-01-25 14:33:27', NULL),
(7994, 'position', 0, 55, 1306, 1540, NULL, 1, '2019-01-25 14:33:27', '2019-01-25 14:33:27', NULL),
(7995, 'name', 1, 180, 1306, 1538, NULL, 2, '2019-01-25 14:33:27', '2019-01-25 14:33:27', NULL),
(7996, 'short', 1, 100, 1306, 1537, NULL, 3, '2019-01-25 14:33:27', '2019-01-25 14:33:27', NULL),
(7997, 'id', 0, 180, 1306, 804, 30, 4, '2019-01-25 14:33:27', '2019-01-25 14:33:27', NULL),
(7998, 'id', 0, 30, 1307, 1536, NULL, 0, '2019-01-25 14:33:28', '2019-01-25 14:33:28', NULL),
(7999, 'position', 0, 55, 1307, 1540, NULL, 1, '2019-01-25 14:33:28', '2019-01-25 14:33:28', NULL),
(8000, 'name', 1, 180, 1307, 1538, NULL, 2, '2019-01-25 14:33:28', '2019-01-25 14:33:28', NULL),
(8001, 'short', 1, 100, 1307, 1537, NULL, 3, '2019-01-25 14:33:28', '2019-01-25 14:33:28', NULL),
(8002, 'id', 0, 180, 1307, 804, 30, 4, '2019-01-25 14:33:28', '2019-01-25 14:33:28', NULL),
(8003, 'id', 0, 30, 1308, 1536, NULL, 0, '2019-01-25 14:33:28', '2019-01-25 14:33:28', NULL),
(8004, 'position', 0, 55, 1308, 1540, NULL, 1, '2019-01-25 14:33:28', '2019-01-25 14:33:28', NULL),
(8005, 'name', 1, 180, 1308, 1538, NULL, 2, '2019-01-25 14:33:28', '2019-01-25 14:33:28', NULL),
(8006, 'short', 1, 100, 1308, 1537, NULL, 3, '2019-01-25 14:33:28', '2019-01-25 14:33:28', NULL),
(8007, 'id', 0, 180, 1308, 804, 30, 4, '2019-01-25 14:33:28', '2019-01-25 14:33:28', NULL),
(8008, 'id', 0, 30, 1309, 1536, NULL, 0, '2019-01-25 14:33:28', '2019-01-25 14:33:28', NULL),
(8009, 'position', 0, 55, 1309, 1540, NULL, 1, '2019-01-25 14:33:29', '2019-01-25 14:33:29', NULL),
(8010, 'name', 1, 180, 1309, 1538, NULL, 2, '2019-01-25 14:33:29', '2019-01-25 14:33:29', NULL),
(8011, 'short', 1, 100, 1309, 1537, NULL, 3, '2019-01-25 14:33:29', '2019-01-25 14:33:29', NULL),
(8012, 'id', 0, 180, 1309, 804, 30, 4, '2019-01-25 14:33:29', '2019-01-25 14:33:29', NULL),
(8013, 'id', 0, 30, 1310, 1536, NULL, 0, '2019-01-25 14:33:39', '2019-01-25 14:33:39', NULL),
(8014, 'position', 0, 55, 1310, 1540, NULL, 1, '2019-01-25 14:33:39', '2019-01-25 14:33:39', NULL),
(8015, 'name', 1, 180, 1310, 1538, NULL, 2, '2019-01-25 14:33:39', '2019-01-25 14:33:39', NULL),
(8016, 'short', 1, 100, 1310, 1537, NULL, 3, '2019-01-25 14:33:39', '2019-01-25 14:33:39', NULL),
(8017, 'id', 0, 180, 1310, 804, 30, 4, '2019-01-25 14:33:39', '2019-01-25 14:33:39', NULL),
(8018, 'id', 0, 30, 1311, 1536, NULL, 0, '2019-01-25 14:33:40', '2019-01-25 14:33:40', NULL),
(8019, 'position', 0, 55, 1311, 1540, NULL, 1, '2019-01-25 14:33:40', '2019-01-25 14:33:40', NULL),
(8020, 'name', 1, 180, 1311, 1538, NULL, 2, '2019-01-25 14:33:40', '2019-01-25 14:33:40', NULL),
(8021, 'short', 1, 100, 1311, 1537, NULL, 3, '2019-01-25 14:33:40', '2019-01-25 14:33:40', NULL),
(8022, 'id', 0, 180, 1311, 804, 30, 4, '2019-01-25 14:33:40', '2019-01-25 14:33:40', NULL),
(8023, 'id', 0, 30, 1312, 1536, NULL, 0, '2019-01-25 14:33:40', '2019-01-25 14:33:40', NULL),
(8024, 'position', 0, 55, 1312, 1540, NULL, 1, '2019-01-25 14:33:40', '2019-01-25 14:33:40', NULL),
(8025, 'name', 1, 180, 1312, 1538, NULL, 2, '2019-01-25 14:33:40', '2019-01-25 14:33:40', NULL),
(8026, 'short', 1, 100, 1312, 1537, NULL, 3, '2019-01-25 14:33:40', '2019-01-25 14:33:40', NULL),
(8027, 'id', 0, 180, 1312, 804, 30, 4, '2019-01-25 14:33:40', '2019-01-25 14:33:40', NULL),
(8028, 'id', 0, 30, 1313, 1536, NULL, 0, '2019-01-25 14:33:40', '2019-01-25 14:33:40', NULL),
(8029, 'position', 0, 55, 1313, 1540, NULL, 1, '2019-01-25 14:33:40', '2019-01-25 14:33:40', NULL),
(8030, 'name', 1, 180, 1313, 1538, NULL, 2, '2019-01-25 14:33:40', '2019-01-25 14:33:40', NULL),
(8031, 'short', 1, 100, 1313, 1537, NULL, 3, '2019-01-25 14:33:40', '2019-01-25 14:33:40', NULL),
(8032, 'id', 0, 180, 1313, 804, 30, 4, '2019-01-25 14:33:40', '2019-01-25 14:33:40', NULL),
(8033, 'id', 0, 30, 1314, 1536, NULL, 0, '2019-01-25 14:33:41', '2019-01-25 14:33:41', NULL),
(8034, 'position', 0, 55, 1314, 1540, NULL, 1, '2019-01-25 14:33:41', '2019-01-25 14:33:41', NULL),
(8035, 'name', 1, 180, 1314, 1538, NULL, 2, '2019-01-25 14:33:41', '2019-01-25 14:33:41', NULL),
(8036, 'short', 1, 100, 1314, 1537, NULL, 3, '2019-01-25 14:33:41', '2019-01-25 14:33:41', NULL),
(8037, 'id', 0, 180, 1314, 804, 30, 4, '2019-01-25 14:33:41', '2019-01-25 14:33:41', NULL),
(8038, 'id', 0, 30, 1315, 1536, NULL, 0, '2019-01-25 14:33:41', '2019-01-25 14:33:41', NULL),
(8039, 'position', 0, 55, 1315, 1540, NULL, 1, '2019-01-25 14:33:41', '2019-01-25 14:33:41', NULL),
(8040, 'name', 1, 180, 1315, 1538, NULL, 2, '2019-01-25 14:33:42', '2019-01-25 14:33:42', NULL),
(8041, 'short', 1, 100, 1315, 1537, NULL, 3, '2019-01-25 14:33:42', '2019-01-25 14:33:42', NULL),
(8042, 'id', 0, 180, 1315, 804, 30, 4, '2019-01-25 14:33:42', '2019-01-25 14:33:42', NULL),
(8043, 'id', 0, 30, 1316, 1536, NULL, 0, '2019-01-25 14:33:45', '2019-01-25 14:33:45', NULL),
(8044, 'position', 0, 55, 1316, 1540, NULL, 1, '2019-01-25 14:33:45', '2019-01-25 14:33:45', NULL),
(8045, 'name', 1, 180, 1316, 1538, NULL, 2, '2019-01-25 14:33:45', '2019-01-25 14:33:45', NULL),
(8046, 'short', 1, 100, 1316, 1537, NULL, 3, '2019-01-25 14:33:45', '2019-01-25 14:33:45', NULL),
(8047, 'id', 0, 180, 1316, 804, 30, 4, '2019-01-25 14:33:45', '2019-01-25 14:33:45', NULL),
(8048, 'id', 0, 30, 1317, 1536, NULL, 0, '2019-01-25 14:33:45', '2019-01-25 14:33:45', NULL),
(8049, 'position', 0, 55, 1317, 1540, NULL, 1, '2019-01-25 14:33:45', '2019-01-25 14:33:45', NULL),
(8050, 'name', 1, 180, 1317, 1538, NULL, 2, '2019-01-25 14:33:45', '2019-01-25 14:33:45', NULL),
(8051, 'short', 1, 100, 1317, 1537, NULL, 3, '2019-01-25 14:33:45', '2019-01-25 14:33:45', NULL),
(8052, 'id', 0, 180, 1317, 804, 30, 4, '2019-01-25 14:33:45', '2019-01-25 14:33:45', NULL),
(8053, 'id', 0, 30, 1318, 1536, NULL, 0, '2019-01-25 14:34:14', '2019-01-25 14:34:14', NULL),
(8054, 'position', 0, 55, 1318, 1540, NULL, 1, '2019-01-25 14:34:14', '2019-01-25 14:34:14', NULL),
(8055, 'name', 1, 180, 1318, 1538, NULL, 2, '2019-01-25 14:34:14', '2019-01-25 14:34:14', NULL),
(8056, 'short', 1, 100, 1318, 1537, NULL, 3, '2019-01-25 14:34:14', '2019-01-25 14:34:14', NULL),
(8057, 'id', 0, 180, 1318, 804, 30, 4, '2019-01-25 14:34:14', '2019-01-25 14:34:14', NULL),
(8058, 'id', 0, 30, 1319, 1536, NULL, 0, '2019-01-25 14:34:14', '2019-01-25 14:34:14', NULL),
(8059, 'position', 0, 55, 1319, 1540, NULL, 1, '2019-01-25 14:34:14', '2019-01-25 14:34:14', NULL),
(8060, 'name', 1, 180, 1319, 1538, NULL, 2, '2019-01-25 14:34:14', '2019-01-25 14:34:14', NULL),
(8061, 'short', 1, 100, 1319, 1537, NULL, 3, '2019-01-25 14:34:14', '2019-01-25 14:34:14', NULL),
(8062, 'id', 0, 180, 1319, 804, 30, 4, '2019-01-25 14:34:15', '2019-01-25 14:34:15', NULL),
(8063, 'id', 0, 30, 1320, 1536, NULL, 0, '2019-01-25 14:34:25', '2019-01-25 14:34:25', NULL),
(8064, 'position', 0, 55, 1320, 1540, NULL, 1, '2019-01-25 14:34:25', '2019-01-25 14:34:25', NULL),
(8065, 'name', 1, 180, 1320, 1538, NULL, 2, '2019-01-25 14:34:26', '2019-01-25 14:34:26', NULL),
(8066, 'short', 1, 100, 1320, 1537, NULL, 3, '2019-01-25 14:34:26', '2019-01-25 14:34:26', NULL),
(8067, 'id', 0, 180, 1320, 804, 30, 4, '2019-01-25 14:34:26', '2019-01-25 14:34:26', NULL),
(8068, 'id', 0, 30, 1321, 1536, NULL, 0, '2019-01-25 14:34:26', '2019-01-25 14:34:26', NULL),
(8069, 'position', 0, 55, 1321, 1540, NULL, 1, '2019-01-25 14:34:26', '2019-01-25 14:34:26', NULL),
(8070, 'name', 1, 180, 1321, 1538, NULL, 2, '2019-01-25 14:34:26', '2019-01-25 14:34:26', NULL),
(8071, 'short', 1, 100, 1321, 1537, NULL, 3, '2019-01-25 14:34:26', '2019-01-25 14:34:26', NULL),
(8072, 'id', 0, 180, 1321, 804, 30, 4, '2019-01-25 14:34:26', '2019-01-25 14:34:26', NULL),
(8073, 'id', 0, 30, 1322, 1536, NULL, 0, '2019-01-25 14:34:27', '2019-01-25 14:34:27', NULL),
(8074, 'position', 0, 55, 1322, 1540, NULL, 1, '2019-01-25 14:34:27', '2019-01-25 14:34:27', NULL),
(8075, 'name', 1, 180, 1322, 1538, NULL, 2, '2019-01-25 14:34:27', '2019-01-25 14:34:27', NULL),
(8076, 'short', 1, 100, 1322, 1537, NULL, 3, '2019-01-25 14:34:27', '2019-01-25 14:34:27', NULL),
(8077, 'id', 0, 180, 1322, 804, 30, 4, '2019-01-25 14:34:27', '2019-01-25 14:34:27', NULL),
(8078, 'id', 0, 30, 1323, 1536, NULL, 0, '2019-01-25 14:34:27', '2019-01-25 14:34:27', NULL),
(8079, 'position', 0, 55, 1323, 1540, NULL, 1, '2019-01-25 14:34:27', '2019-01-25 14:34:27', NULL),
(8080, 'name', 1, 180, 1323, 1538, NULL, 2, '2019-01-25 14:34:27', '2019-01-25 14:34:27', NULL),
(8081, 'short', 1, 100, 1323, 1537, NULL, 3, '2019-01-25 14:34:27', '2019-01-25 14:34:27', NULL),
(8082, 'id', 0, 180, 1323, 804, 30, 4, '2019-01-25 14:34:27', '2019-01-25 14:34:27', NULL),
(8083, 'id', 0, 30, 1324, 1536, NULL, 0, '2019-01-25 14:34:28', '2019-01-25 14:34:28', NULL),
(8084, 'position', 0, 55, 1324, 1540, NULL, 1, '2019-01-25 14:34:28', '2019-01-25 14:34:28', NULL),
(8085, 'name', 1, 180, 1324, 1538, NULL, 2, '2019-01-25 14:34:28', '2019-01-25 14:34:28', NULL),
(8086, 'short', 1, 100, 1324, 1537, NULL, 3, '2019-01-25 14:34:28', '2019-01-25 14:34:28', NULL),
(8087, 'id', 0, 180, 1324, 804, 30, 4, '2019-01-25 14:34:28', '2019-01-25 14:34:28', NULL),
(8088, 'id', 0, 30, 1325, 1536, NULL, 0, '2019-01-25 14:34:28', '2019-01-25 14:34:28', NULL),
(8089, 'position', 0, 55, 1325, 1540, NULL, 1, '2019-01-25 14:34:28', '2019-01-25 14:34:28', NULL),
(8090, 'name', 1, 180, 1325, 1538, NULL, 2, '2019-01-25 14:34:28', '2019-01-25 14:34:28', NULL),
(8091, 'short', 1, 100, 1325, 1537, NULL, 3, '2019-01-25 14:34:28', '2019-01-25 14:34:28', NULL),
(8092, 'id', 0, 180, 1325, 804, 30, 4, '2019-01-25 14:34:28', '2019-01-25 14:34:28', NULL),
(8093, 'id', 0, 30, 1326, 1536, NULL, 0, '2019-01-25 14:34:31', '2019-01-25 14:34:31', NULL),
(8094, 'position', 0, 55, 1326, 1540, NULL, 1, '2019-01-25 14:34:31', '2019-01-25 14:34:31', NULL),
(8095, 'name', 1, 180, 1326, 1538, NULL, 2, '2019-01-25 14:34:31', '2019-01-25 14:34:31', NULL),
(8096, 'short', 1, 100, 1326, 1537, NULL, 3, '2019-01-25 14:34:31', '2019-01-25 14:34:31', NULL),
(8097, 'id', 0, 180, 1326, 804, 30, 4, '2019-01-25 14:34:31', '2019-01-25 14:34:31', NULL),
(8098, 'id', 0, 30, 1327, 1536, NULL, 0, '2019-01-25 14:34:31', '2019-01-25 14:34:31', NULL),
(8099, 'position', 0, 55, 1327, 1540, NULL, 1, '2019-01-25 14:34:31', '2019-01-25 14:34:31', NULL),
(8100, 'name', 1, 180, 1327, 1538, NULL, 2, '2019-01-25 14:34:31', '2019-01-25 14:34:31', NULL),
(8101, 'short', 1, 100, 1327, 1537, NULL, 3, '2019-01-25 14:34:31', '2019-01-25 14:34:31', NULL),
(8102, 'id', 0, 180, 1327, 804, 30, 4, '2019-01-25 14:34:31', '2019-01-25 14:34:31', NULL),
(8103, 'id', 0, 30, 1328, 1536, NULL, 0, '2019-01-25 14:34:55', '2019-01-25 14:34:55', NULL),
(8104, 'position', 0, 55, 1328, 1540, NULL, 1, '2019-01-25 14:34:55', '2019-01-25 14:34:55', NULL),
(8105, 'name', 1, 180, 1328, 1538, NULL, 2, '2019-01-25 14:34:55', '2019-01-25 14:34:55', NULL),
(8106, 'short', 1, 100, 1328, 1537, NULL, 3, '2019-01-25 14:34:55', '2019-01-25 14:34:55', NULL),
(8107, 'id', 0, 180, 1328, 804, 30, 4, '2019-01-25 14:34:55', '2019-01-25 14:34:55', NULL),
(8108, 'id', 0, 30, 1329, 1536, NULL, 0, '2019-01-25 14:34:55', '2019-01-25 14:34:55', NULL),
(8109, 'position', 0, 55, 1329, 1540, NULL, 1, '2019-01-25 14:34:55', '2019-01-25 14:34:55', NULL),
(8110, 'name', 1, 180, 1329, 1538, NULL, 2, '2019-01-25 14:34:55', '2019-01-25 14:34:55', NULL),
(8111, 'short', 1, 100, 1329, 1537, NULL, 3, '2019-01-25 14:34:55', '2019-01-25 14:34:55', NULL),
(8112, 'id', 0, 180, 1329, 804, 30, 4, '2019-01-25 14:34:55', '2019-01-25 14:34:55', NULL),
(8113, 'id', 0, 30, 1330, 1536, NULL, 0, '2019-01-25 14:34:56', '2019-01-25 14:34:56', NULL),
(8114, 'position', 0, 55, 1330, 1540, NULL, 1, '2019-01-25 14:34:56', '2019-01-25 14:34:56', NULL),
(8115, 'name', 1, 180, 1330, 1538, NULL, 2, '2019-01-25 14:34:56', '2019-01-25 14:34:56', NULL),
(8116, 'short', 1, 100, 1330, 1537, NULL, 3, '2019-01-25 14:34:56', '2019-01-25 14:34:56', NULL),
(8117, 'id', 0, 180, 1330, 804, 30, 4, '2019-01-25 14:34:56', '2019-01-25 14:34:56', NULL),
(8118, 'id', 0, 30, 1331, 1536, NULL, 0, '2019-01-25 14:34:56', '2019-01-25 14:34:56', NULL),
(8119, 'position', 0, 55, 1331, 1540, NULL, 1, '2019-01-25 14:34:56', '2019-01-25 14:34:56', NULL),
(8120, 'name', 1, 180, 1331, 1538, NULL, 2, '2019-01-25 14:34:56', '2019-01-25 14:34:56', NULL),
(8121, 'short', 1, 100, 1331, 1537, NULL, 3, '2019-01-25 14:34:56', '2019-01-25 14:34:56', NULL),
(8122, 'id', 0, 180, 1331, 804, 30, 4, '2019-01-25 14:34:56', '2019-01-25 14:34:56', NULL),
(8123, 'id', 0, 30, 1332, 1536, NULL, 0, '2019-01-25 14:34:57', '2019-01-25 14:34:57', NULL),
(8124, 'position', 0, 55, 1332, 1540, NULL, 1, '2019-01-25 14:34:57', '2019-01-25 14:34:57', NULL),
(8125, 'name', 1, 180, 1332, 1538, NULL, 2, '2019-01-25 14:34:57', '2019-01-25 14:34:57', NULL),
(8126, 'short', 1, 100, 1332, 1537, NULL, 3, '2019-01-25 14:34:57', '2019-01-25 14:34:57', NULL),
(8127, 'id', 0, 180, 1332, 804, 30, 4, '2019-01-25 14:34:57', '2019-01-25 14:34:57', NULL),
(8128, 'id', 0, 30, 1333, 1536, NULL, 0, '2019-01-25 14:34:57', '2019-01-25 14:34:57', NULL),
(8129, 'position', 0, 55, 1333, 1540, NULL, 1, '2019-01-25 14:34:57', '2019-01-25 14:34:57', NULL),
(8130, 'name', 1, 180, 1333, 1538, NULL, 2, '2019-01-25 14:34:57', '2019-01-25 14:34:57', NULL),
(8131, 'short', 1, 100, 1333, 1537, NULL, 3, '2019-01-25 14:34:57', '2019-01-25 14:34:57', NULL),
(8132, 'id', 0, 180, 1333, 804, 30, 4, '2019-01-25 14:34:57', '2019-01-25 14:34:57', NULL),
(8133, 'id', 0, 30, 1334, 1536, NULL, 0, '2019-01-25 14:34:59', '2019-01-25 14:34:59', NULL),
(8134, 'position', 0, 55, 1334, 1540, NULL, 1, '2019-01-25 14:34:59', '2019-01-25 14:34:59', NULL),
(8135, 'name', 1, 180, 1334, 1538, NULL, 2, '2019-01-25 14:34:59', '2019-01-25 14:34:59', NULL),
(8136, 'short', 1, 100, 1334, 1537, NULL, 3, '2019-01-25 14:34:59', '2019-01-25 14:34:59', NULL),
(8137, 'id', 0, 180, 1334, 804, 30, 4, '2019-01-25 14:34:59', '2019-01-25 14:34:59', NULL),
(8138, 'id', 0, 30, 1335, 1536, NULL, 0, '2019-01-25 14:34:59', '2019-01-25 14:34:59', NULL),
(8139, 'position', 0, 55, 1335, 1540, NULL, 1, '2019-01-25 14:34:59', '2019-01-25 14:34:59', NULL),
(8140, 'name', 1, 180, 1335, 1538, NULL, 2, '2019-01-25 14:34:59', '2019-01-25 14:34:59', NULL),
(8141, 'short', 1, 100, 1335, 1537, NULL, 3, '2019-01-25 14:34:59', '2019-01-25 14:34:59', NULL),
(8142, 'id', 0, 180, 1335, 804, 30, 4, '2019-01-25 14:34:59', '2019-01-25 14:34:59', NULL),
(8143, 'id', 0, 30, 1336, 1536, NULL, 0, '2019-01-25 14:35:31', '2019-01-25 14:35:31', NULL),
(8144, 'position', 0, 55, 1336, 1540, NULL, 1, '2019-01-25 14:35:31', '2019-01-25 14:35:31', NULL),
(8145, 'name', 1, 180, 1336, 1538, NULL, 2, '2019-01-25 14:35:31', '2019-01-25 14:35:31', NULL),
(8146, 'short', 1, 100, 1336, 1537, NULL, 3, '2019-01-25 14:35:31', '2019-01-25 14:35:31', NULL),
(8147, 'id', 0, 180, 1336, 804, 30, 4, '2019-01-25 14:35:31', '2019-01-25 14:35:31', NULL),
(8148, 'id', 0, 30, 1337, 1536, NULL, 0, '2019-01-25 14:35:32', '2019-01-25 14:35:32', NULL),
(8149, 'position', 0, 55, 1337, 1540, NULL, 1, '2019-01-25 14:35:32', '2019-01-25 14:35:32', NULL),
(8150, 'name', 1, 180, 1337, 1538, NULL, 2, '2019-01-25 14:35:32', '2019-01-25 14:35:32', NULL),
(8151, 'short', 1, 100, 1337, 1537, NULL, 3, '2019-01-25 14:35:32', '2019-01-25 14:35:32', NULL),
(8152, 'id', 0, 180, 1337, 804, 30, 4, '2019-01-25 14:35:32', '2019-01-25 14:35:32', NULL),
(8153, 'id', 0, 30, 1338, 1536, NULL, 0, '2019-01-25 14:35:33', '2019-01-25 14:35:33', NULL),
(8154, 'position', 0, 55, 1338, 1540, NULL, 1, '2019-01-25 14:35:33', '2019-01-25 14:35:33', NULL),
(8155, 'name', 1, 180, 1338, 1538, NULL, 2, '2019-01-25 14:35:33', '2019-01-25 14:35:33', NULL),
(8156, 'short', 1, 100, 1338, 1537, NULL, 3, '2019-01-25 14:35:33', '2019-01-25 14:35:33', NULL),
(8157, 'id', 0, 180, 1338, 804, 30, 4, '2019-01-25 14:35:33', '2019-01-25 14:35:33', NULL),
(8158, 'id', 0, 30, 1339, 1536, NULL, 0, '2019-01-25 14:35:33', '2019-01-25 14:35:33', NULL),
(8159, 'position', 0, 55, 1339, 1540, NULL, 1, '2019-01-25 14:35:33', '2019-01-25 14:35:33', NULL),
(8160, 'name', 1, 180, 1339, 1538, NULL, 2, '2019-01-25 14:35:33', '2019-01-25 14:35:33', NULL),
(8161, 'short', 1, 100, 1339, 1537, NULL, 3, '2019-01-25 14:35:33', '2019-01-25 14:35:33', NULL),
(8162, 'id', 0, 180, 1339, 804, 30, 4, '2019-01-25 14:35:33', '2019-01-25 14:35:33', NULL),
(8163, 'id', 0, 30, 1340, 1536, NULL, 0, '2019-01-25 14:35:34', '2019-01-25 14:35:34', NULL),
(8164, 'position', 0, 55, 1340, 1540, NULL, 1, '2019-01-25 14:35:34', '2019-01-25 14:35:34', NULL),
(8165, 'name', 1, 180, 1340, 1538, NULL, 2, '2019-01-25 14:35:34', '2019-01-25 14:35:34', NULL),
(8166, 'short', 1, 100, 1340, 1537, NULL, 3, '2019-01-25 14:35:34', '2019-01-25 14:35:34', NULL),
(8167, 'id', 0, 180, 1340, 804, 30, 4, '2019-01-25 14:35:34', '2019-01-25 14:35:34', NULL),
(8168, 'id', 0, 30, 1341, 1536, NULL, 0, '2019-01-25 14:35:35', '2019-01-25 14:35:35', NULL),
(8169, 'position', 0, 55, 1341, 1540, NULL, 1, '2019-01-25 14:35:35', '2019-01-25 14:35:35', NULL),
(8170, 'name', 1, 180, 1341, 1538, NULL, 2, '2019-01-25 14:35:35', '2019-01-25 14:35:35', NULL),
(8171, 'short', 1, 100, 1341, 1537, NULL, 3, '2019-01-25 14:35:35', '2019-01-25 14:35:35', NULL),
(8172, 'id', 0, 180, 1341, 804, 30, 4, '2019-01-25 14:35:35', '2019-01-25 14:35:35', NULL),
(8173, 'id', 0, 30, 1342, 1590, NULL, 0, '2019-01-25 14:35:40', '2019-01-25 14:35:40', NULL),
(8174, 'short', 1, 100, 1342, 1591, NULL, 1, '2019-01-25 14:35:40', '2019-01-25 14:35:40', NULL),
(8175, 'id', 0, 180, 1342, 1607, 19, 2, '2019-01-25 14:35:40', '2019-01-25 14:35:40', NULL),
(8176, 'id', 0, 180, 1342, 1608, 20, 3, '2019-01-25 14:35:40', '2019-01-25 14:35:40', NULL),
(8177, 'id', 0, 180, 1342, 1732, 49, 4, '2019-01-25 14:35:40', '2019-01-25 14:35:40', NULL),
(8178, 'id', 0, 180, 1342, 1733, 50, 5, '2019-01-25 14:35:40', '2019-01-25 14:35:40', NULL),
(8179, 'id', 0, 30, 1343, 1590, NULL, 0, '2019-01-25 14:35:40', '2019-01-25 14:35:40', NULL),
(8180, 'short', 1, 100, 1343, 1591, NULL, 1, '2019-01-25 14:35:40', '2019-01-25 14:35:40', NULL),
(8181, 'id', 0, 180, 1343, 1607, 19, 2, '2019-01-25 14:35:40', '2019-01-25 14:35:40', NULL),
(8182, 'id', 0, 180, 1343, 1608, 20, 3, '2019-01-25 14:35:40', '2019-01-25 14:35:40', NULL),
(8183, 'id', 0, 180, 1343, 1732, 49, 4, '2019-01-25 14:35:40', '2019-01-25 14:35:40', NULL),
(8184, 'id', 0, 180, 1343, 1733, 50, 5, '2019-01-25 14:35:40', '2019-01-25 14:35:40', NULL),
(8185, 'id', 0, 30, 1344, 1590, NULL, 0, '2019-01-25 14:35:40', '2019-01-25 14:35:40', NULL),
(8186, 'short', 1, 100, 1344, 1591, NULL, 1, '2019-01-25 14:35:40', '2019-01-25 14:35:40', NULL),
(8187, 'id', 0, 180, 1344, 1607, 19, 2, '2019-01-25 14:35:40', '2019-01-25 14:35:40', NULL),
(8188, 'id', 0, 180, 1344, 1608, 20, 3, '2019-01-25 14:35:40', '2019-01-25 14:35:40', NULL),
(8189, 'id', 0, 180, 1344, 1732, 49, 4, '2019-01-25 14:35:40', '2019-01-25 14:35:40', NULL),
(8190, 'id', 0, 180, 1344, 1733, 50, 5, '2019-01-25 14:35:40', '2019-01-25 14:35:40', NULL),
(8191, 'id', 0, 30, 1345, 1590, NULL, 0, '2019-01-25 14:35:41', '2019-01-25 14:35:41', NULL),
(8192, 'short', 1, 100, 1345, 1591, NULL, 1, '2019-01-25 14:35:41', '2019-01-25 14:35:41', NULL),
(8193, 'id', 0, 180, 1345, 1607, 19, 2, '2019-01-25 14:35:41', '2019-01-25 14:35:41', NULL),
(8194, 'id', 0, 180, 1345, 1608, 20, 3, '2019-01-25 14:35:41', '2019-01-25 14:35:41', NULL),
(8195, 'id', 0, 180, 1345, 1732, 49, 4, '2019-01-25 14:35:41', '2019-01-25 14:35:41', NULL),
(8196, 'id', 0, 180, 1345, 1733, 50, 5, '2019-01-25 14:35:41', '2019-01-25 14:35:41', NULL),
(8197, 'id', 0, 30, 1346, 1590, NULL, 0, '2019-01-25 14:35:41', '2019-01-25 14:35:41', NULL),
(8198, 'short', 1, 100, 1346, 1591, NULL, 1, '2019-01-25 14:35:41', '2019-01-25 14:35:41', NULL),
(8199, 'id', 0, 180, 1346, 1607, 19, 2, '2019-01-25 14:35:41', '2019-01-25 14:35:41', NULL),
(8200, 'id', 0, 180, 1346, 1608, 20, 3, '2019-01-25 14:35:41', '2019-01-25 14:35:41', NULL),
(8201, 'id', 0, 180, 1346, 1732, 49, 4, '2019-01-25 14:35:41', '2019-01-25 14:35:41', NULL),
(8202, 'id', 0, 180, 1346, 1733, 50, 5, '2019-01-25 14:35:41', '2019-01-25 14:35:41', NULL),
(8203, 'id', 0, 30, 1347, 1590, NULL, 0, '2019-01-25 14:35:46', '2019-01-25 14:35:46', NULL),
(8204, 'short', 1, 100, 1347, 1591, NULL, 1, '2019-01-25 14:35:46', '2019-01-25 14:35:46', NULL),
(8205, 'id', 0, 180, 1347, 1607, 19, 2, '2019-01-25 14:35:46', '2019-01-25 14:35:46', NULL),
(8206, 'id', 0, 180, 1347, 1608, 20, 3, '2019-01-25 14:35:46', '2019-01-25 14:35:46', NULL),
(8207, 'id', 0, 180, 1347, 1732, 49, 4, '2019-01-25 14:35:46', '2019-01-25 14:35:46', NULL),
(8208, 'id', 0, 180, 1347, 1733, 50, 5, '2019-01-25 14:35:46', '2019-01-25 14:35:46', NULL),
(8209, 'id', 0, 30, 1348, 1590, NULL, 0, '2019-01-25 14:35:46', '2019-01-25 14:35:46', NULL),
(8210, 'short', 1, 100, 1348, 1591, NULL, 1, '2019-01-25 14:35:46', '2019-01-25 14:35:46', NULL),
(8211, 'id', 0, 180, 1348, 1607, 19, 2, '2019-01-25 14:35:46', '2019-01-25 14:35:46', NULL),
(8212, 'id', 0, 180, 1348, 1608, 20, 3, '2019-01-25 14:35:46', '2019-01-25 14:35:46', NULL),
(8213, 'id', 0, 180, 1348, 1732, 49, 4, '2019-01-25 14:35:46', '2019-01-25 14:35:46', NULL),
(8214, 'id', 0, 180, 1348, 1733, 50, 5, '2019-01-25 14:35:46', '2019-01-25 14:35:46', NULL),
(8215, 'id', 0, 30, 1349, 1590, NULL, 0, '2019-01-25 14:36:01', '2019-01-25 14:36:01', NULL),
(8216, 'short', 1, 100, 1349, 1591, NULL, 1, '2019-01-25 14:36:01', '2019-01-25 14:36:01', NULL),
(8217, 'id', 0, 180, 1349, 1607, 19, 2, '2019-01-25 14:36:01', '2019-01-25 14:36:01', NULL),
(8218, 'id', 0, 180, 1349, 1608, 20, 3, '2019-01-25 14:36:01', '2019-01-25 14:36:01', NULL),
(8219, 'id', 0, 180, 1349, 1732, 49, 4, '2019-01-25 14:36:01', '2019-01-25 14:36:01', NULL),
(8220, 'id', 0, 180, 1349, 1733, 50, 5, '2019-01-25 14:36:01', '2019-01-25 14:36:01', NULL),
(8221, 'id', 0, 30, 1350, 1590, NULL, 0, '2019-01-25 14:36:01', '2019-01-25 14:36:01', NULL),
(8222, 'short', 1, 100, 1350, 1591, NULL, 1, '2019-01-25 14:36:01', '2019-01-25 14:36:01', NULL),
(8223, 'id', 0, 180, 1350, 1607, 19, 2, '2019-01-25 14:36:01', '2019-01-25 14:36:01', NULL),
(8224, 'id', 0, 180, 1350, 1608, 20, 3, '2019-01-25 14:36:01', '2019-01-25 14:36:01', NULL),
(8225, 'id', 0, 180, 1350, 1732, 49, 4, '2019-01-25 14:36:01', '2019-01-25 14:36:01', NULL),
(8226, 'id', 0, 180, 1350, 1733, 50, 5, '2019-01-25 14:36:01', '2019-01-25 14:36:01', NULL),
(8227, 'id', 0, 30, 1351, 1590, NULL, 0, '2019-01-25 14:36:16', '2019-01-25 14:36:16', NULL),
(8228, 'short', 1, 100, 1351, 1591, NULL, 1, '2019-01-25 14:36:16', '2019-01-25 14:36:16', NULL),
(8229, 'id', 0, 180, 1351, 1607, 19, 2, '2019-01-25 14:36:16', '2019-01-25 14:36:16', NULL),
(8230, 'id', 0, 180, 1351, 1608, 20, 3, '2019-01-25 14:36:17', '2019-01-25 14:36:17', NULL),
(8231, 'id', 0, 180, 1351, 1732, 49, 4, '2019-01-25 14:36:17', '2019-01-25 14:36:17', NULL),
(8232, 'id', 0, 180, 1351, 1733, 50, 5, '2019-01-25 14:36:17', '2019-01-25 14:36:17', NULL),
(8233, 'id', 0, 30, 1352, 1590, NULL, 0, '2019-01-25 14:36:17', '2019-01-25 14:36:17', NULL),
(8234, 'short', 1, 100, 1352, 1591, NULL, 1, '2019-01-25 14:36:17', '2019-01-25 14:36:17', NULL),
(8235, 'id', 0, 180, 1352, 1607, 19, 2, '2019-01-25 14:36:17', '2019-01-25 14:36:17', NULL),
(8236, 'id', 0, 180, 1352, 1608, 20, 3, '2019-01-25 14:36:17', '2019-01-25 14:36:17', NULL),
(8237, 'id', 0, 180, 1352, 1732, 49, 4, '2019-01-25 14:36:17', '2019-01-25 14:36:17', NULL),
(8238, 'id', 0, 180, 1352, 1733, 50, 5, '2019-01-25 14:36:17', '2019-01-25 14:36:17', NULL),
(8239, 'id', 0, 30, 1353, 1590, NULL, 0, '2019-01-25 14:36:26', '2019-01-25 14:36:26', NULL),
(8240, 'short', 1, 100, 1353, 1591, NULL, 1, '2019-01-25 14:36:26', '2019-01-25 14:36:26', NULL),
(8241, 'id', 0, 180, 1353, 1607, 19, 2, '2019-01-25 14:36:26', '2019-01-25 14:36:26', NULL),
(8242, 'id', 0, 180, 1353, 1608, 20, 3, '2019-01-25 14:36:26', '2019-01-25 14:36:26', NULL),
(8243, 'id', 0, 180, 1353, 1732, 49, 4, '2019-01-25 14:36:26', '2019-01-25 14:36:26', NULL),
(8244, 'id', 0, 180, 1353, 1733, 50, 5, '2019-01-25 14:36:26', '2019-01-25 14:36:26', NULL),
(8245, 'id', 0, 30, 1354, 1590, NULL, 0, '2019-01-25 14:36:26', '2019-01-25 14:36:26', NULL),
(8246, 'short', 1, 100, 1354, 1591, NULL, 1, '2019-01-25 14:36:26', '2019-01-25 14:36:26', NULL),
(8247, 'id', 0, 180, 1354, 1607, 19, 2, '2019-01-25 14:36:26', '2019-01-25 14:36:26', NULL),
(8248, 'id', 0, 180, 1354, 1608, 20, 3, '2019-01-25 14:36:26', '2019-01-25 14:36:26', NULL),
(8249, 'id', 0, 180, 1354, 1732, 49, 4, '2019-01-25 14:36:26', '2019-01-25 14:36:26', NULL),
(8250, 'id', 0, 180, 1354, 1733, 50, 5, '2019-01-25 14:36:26', '2019-01-25 14:36:26', NULL),
(8251, 'id', 0, 30, 1355, 1590, NULL, 0, '2019-01-25 14:36:27', '2019-01-25 14:36:27', NULL),
(8252, 'short', 1, 100, 1355, 1591, NULL, 1, '2019-01-25 14:36:27', '2019-01-25 14:36:27', NULL),
(8253, 'id', 0, 180, 1355, 1607, 19, 2, '2019-01-25 14:36:27', '2019-01-25 14:36:27', NULL),
(8254, 'id', 0, 180, 1355, 1608, 20, 3, '2019-01-25 14:36:27', '2019-01-25 14:36:27', NULL),
(8255, 'id', 0, 180, 1355, 1732, 49, 4, '2019-01-25 14:36:27', '2019-01-25 14:36:27', NULL),
(8256, 'id', 0, 180, 1355, 1733, 50, 5, '2019-01-25 14:36:27', '2019-01-25 14:36:27', NULL),
(8257, 'id', 0, 30, 1356, 1590, NULL, 0, '2019-01-25 14:36:27', '2019-01-25 14:36:27', NULL),
(8258, 'short', 1, 100, 1356, 1591, NULL, 1, '2019-01-25 14:36:27', '2019-01-25 14:36:27', NULL),
(8259, 'id', 0, 180, 1356, 1607, 19, 2, '2019-01-25 14:36:27', '2019-01-25 14:36:27', NULL),
(8260, 'id', 0, 180, 1356, 1608, 20, 3, '2019-01-25 14:36:27', '2019-01-25 14:36:27', NULL),
(8261, 'id', 0, 180, 1356, 1732, 49, 4, '2019-01-25 14:36:27', '2019-01-25 14:36:27', NULL),
(8262, 'id', 0, 180, 1356, 1733, 50, 5, '2019-01-25 14:36:27', '2019-01-25 14:36:27', NULL),
(8263, 'id', 0, 30, 1357, 1590, NULL, 0, '2019-01-25 14:36:28', '2019-01-25 14:36:28', NULL),
(8264, 'short', 1, 100, 1357, 1591, NULL, 1, '2019-01-25 14:36:28', '2019-01-25 14:36:28', NULL),
(8265, 'id', 0, 180, 1357, 1607, 19, 2, '2019-01-25 14:36:28', '2019-01-25 14:36:28', NULL),
(8266, 'id', 0, 180, 1357, 1608, 20, 3, '2019-01-25 14:36:28', '2019-01-25 14:36:28', NULL),
(8267, 'id', 0, 180, 1357, 1732, 49, 4, '2019-01-25 14:36:28', '2019-01-25 14:36:28', NULL),
(8268, 'id', 0, 180, 1357, 1733, 50, 5, '2019-01-25 14:36:28', '2019-01-25 14:36:28', NULL),
(8269, 'id', 0, 30, 1358, 1590, NULL, 0, '2019-01-25 14:36:28', '2019-01-25 14:36:28', NULL),
(8270, 'short', 1, 100, 1358, 1591, NULL, 1, '2019-01-25 14:36:28', '2019-01-25 14:36:28', NULL),
(8271, 'id', 0, 180, 1358, 1607, 19, 2, '2019-01-25 14:36:28', '2019-01-25 14:36:28', NULL),
(8272, 'id', 0, 180, 1358, 1608, 20, 3, '2019-01-25 14:36:28', '2019-01-25 14:36:28', NULL),
(8273, 'id', 0, 180, 1358, 1732, 49, 4, '2019-01-25 14:36:28', '2019-01-25 14:36:28', NULL),
(8274, 'id', 0, 180, 1358, 1733, 50, 5, '2019-01-25 14:36:28', '2019-01-25 14:36:28', NULL),
(8275, 'id', 0, 30, 1359, 1590, NULL, 0, '2019-01-25 14:36:36', '2019-01-25 14:36:36', NULL),
(8276, 'short', 1, 100, 1359, 1591, NULL, 1, '2019-01-25 14:36:36', '2019-01-25 14:36:36', NULL),
(8277, 'id', 0, 180, 1359, 1607, 19, 2, '2019-01-25 14:36:36', '2019-01-25 14:36:36', NULL),
(8278, 'id', 0, 180, 1359, 1608, 20, 3, '2019-01-25 14:36:36', '2019-01-25 14:36:36', NULL),
(8279, 'id', 0, 180, 1359, 1732, 49, 4, '2019-01-25 14:36:36', '2019-01-25 14:36:36', NULL),
(8280, 'id', 0, 180, 1359, 1733, 50, 5, '2019-01-25 14:36:36', '2019-01-25 14:36:36', NULL),
(8281, 'id', 0, 30, 1360, 1590, NULL, 0, '2019-01-25 14:36:36', '2019-01-25 14:36:36', NULL),
(8282, 'short', 1, 100, 1360, 1591, NULL, 1, '2019-01-25 14:36:36', '2019-01-25 14:36:36', NULL),
(8283, 'id', 0, 180, 1360, 1607, 19, 2, '2019-01-25 14:36:36', '2019-01-25 14:36:36', NULL),
(8284, 'id', 0, 180, 1360, 1608, 20, 3, '2019-01-25 14:36:37', '2019-01-25 14:36:37', NULL),
(8285, 'id', 0, 180, 1360, 1732, 49, 4, '2019-01-25 14:36:37', '2019-01-25 14:36:37', NULL),
(8286, 'id', 0, 180, 1360, 1733, 50, 5, '2019-01-25 14:36:37', '2019-01-25 14:36:37', NULL);

-- --------------------------------------------------------

--
-- Tabellenstruktur für Tabelle `model_list_column_export`
--

CREATE TABLE `model_list_column_export` (
  `id` bigint(20) UNSIGNED NOT NULL,
  `model_list_export_id` bigint(20) UNSIGNED NOT NULL,
  `column_name` varchar(120) COLLATE utf8_bin NOT NULL,
  `width` double(18,2) NOT NULL,
  `show_column` tinyint(1) DEFAULT '0',
  `created_at` datetime NOT NULL,
  `updated_at` datetime NOT NULL,
  `deleted_at` datetime DEFAULT NULL
) ENGINE=InnoDB DEFAULT CHARSET=utf8 COLLATE=utf8_bin;

-- --------------------------------------------------------

--
-- Tabellenstruktur für Tabelle `model_list_connection`
--

CREATE TABLE `model_list_connection` (
  `id` bigint(20) UNSIGNED NOT NULL,
  `short` varchar(45) COLLATE utf8_bin NOT NULL,
  `join_on_short` varchar(45) COLLATE utf8_bin DEFAULT NULL,
  `name_alias` varchar(255) COLLATE utf8_bin DEFAULT NULL,
  `model_name_id` bigint(20) UNSIGNED NOT NULL,
  `replace_with_column` varchar(255) COLLATE utf8_bin DEFAULT NULL,
  `is_foreign` tinyint(1) DEFAULT '0',
  `local_key` varchar(255) COLLATE utf8_bin DEFAULT NULL,
  `foreign_key` varchar(255) COLLATE utf8_bin DEFAULT NULL,
  `created_at` datetime NOT NULL,
  `updated_at` datetime NOT NULL,
  `deleted_at` datetime DEFAULT NULL
) ENGINE=InnoDB DEFAULT CHARSET=utf8 COLLATE=utf8_bin;

--
-- Daten für Tabelle `model_list_connection`
--

INSERT INTO `model_list_connection` (`id`, `short`, `join_on_short`, `name_alias`, `model_name_id`, `replace_with_column`, `is_foreign`, `local_key`, `foreign_key`, `created_at`, `updated_at`, `deleted_at`) VALUES
(1, 'mediaimage', 'cis', 'MediaImage', 50, 'short', 0, 'media_image_id', 'id', '2018-11-26 17:14:58', '2018-11-26 17:14:58', NULL),
(2, 'action', 'cis', 'Action', 1, 'resource', 0, 'action_id', 'id', '2018-11-26 17:14:58', '2018-11-26 17:14:58', NULL),
(3, 'mediatype', 'media', 'MediaType', 55, 'short', 0, 'media_type_id', 'id', '2018-11-26 17:15:36', '2018-11-26 17:15:36', NULL),
(4, 'role', 'media', 'Role', 119, 'short', 0, 'role_id', 'id', '2018-11-26 17:15:36', '2018-11-26 17:15:36', NULL),
(5, 'entity', 'media', 'Entity', 26, 'login', 0, 'entity_id', 'id', '2018-11-26 17:15:36', '2018-11-26 17:15:36', NULL),
(6, 'mediaimage', 'imco', 'MediaImage', 50, 'short', 0, 'media_image_id', 'id', '2018-11-26 17:22:51', '2018-11-26 17:22:51', NULL),
(7, 'role', 'user', 'Role', 119, 'short', 0, 'role_id', 'id', '2018-11-26 17:37:35', '2018-11-26 17:37:35', NULL),
(8, 'salutation', 'user', 'Salutation', 120, NULL, 0, 'salutation_id', 'id', '2018-11-26 17:37:35', '2018-11-26 17:37:35', NULL),
(9, 'mediaimage', 'user', 'MediaImage', 50, 'short', 0, 'media_image_id', 'id', '2018-11-26 17:37:35', '2018-11-26 17:37:35', NULL),
(10, 'country', 'user', 'Country', 13, 'iso_2', 0, 'country_id', 'id', '2018-11-26 17:37:35', '2018-11-26 17:37:35', NULL),
(11, 'billingcountry', 'user', 'BillingCountry', 13, 'iso_2', 0, 'billing_country_id', 'id', '2018-11-26 17:37:35', '2018-11-26 17:37:35', NULL),
(12, 'controller', 'sact', 'Controller', 12, 'resource', 0, 'controller_id', 'id', '2018-11-30 13:19:16', '2018-11-30 13:19:16', NULL),
(13, 'role', 'sact', 'Role', 119, 'short', 0, 'role_id', 'id', '2018-11-30 13:19:16', '2018-11-30 13:19:16', NULL),
(14, 'controller', 'aa', 'Controller', 12, 'resource', 0, 'controller_id', 'id', '2018-11-30 13:20:34', '2018-11-30 13:20:34', NULL),
(15, 'role', 'aa', 'Role', 119, 'short', 0, 'role_id', 'id', '2018-11-30 13:20:34', '2018-11-30 13:20:34', NULL),
(16, 'r', 'aa', NULL, 119, NULL, 0, NULL, NULL, '2018-11-30 13:20:34', '2018-11-30 13:20:34', NULL),
(17, 'infopage', 'inpa', 'InfoPage', 44, 'name', 0, 'info_page_id', 'id', '2018-11-30 13:52:56', '2018-11-30 13:52:56', NULL),
(18, 'enmedia', 'd', 'EnMedia', 46, 'short', 0, 'en_media_id', 'id', '2018-12-17 16:27:28', '2018-12-17 16:27:28', NULL),
(19, 'frmedia', 'd', 'FrMedia', 46, 'short', 0, 'fr_media_id', 'id', '2018-12-17 16:27:28', '2018-12-17 16:27:28', NULL),
(20, 'demedia', 'd', 'DeMedia', 46, 'short', 0, 'de_media_id', 'id', '2018-12-17 16:27:28', '2018-12-17 16:27:28', NULL),
(21, 'itmedia', 'd', 'ItMedia', 46, 'short', 0, 'it_media_id', 'id', '2018-12-17 16:27:28', '2018-12-17 16:27:28', NULL),
(22, 'salesstatistics', 's', 'SalesStatistics', 133, 'name', 0, 'sales_statistics_id', 'id', '2018-12-18 18:36:45', '2018-12-18 18:36:45', NULL),
(23, 'enmedia', 's', 'EnMedia', 46, 'short', 0, 'en_media_id', 'id', '2018-12-18 18:36:45', '2018-12-18 18:36:45', NULL),
(24, 'frmedia', 's', 'FrMedia', 46, 'short', 0, 'fr_media_id', 'id', '2018-12-18 18:36:45', '2018-12-18 18:36:45', NULL),
(25, 'demedia', 's', 'DeMedia', 46, 'short', 0, 'de_media_id', 'id', '2018-12-18 18:36:45', '2018-12-18 18:36:45', NULL),
(26, 'itmedia', 's', 'ItMedia', 46, 'short', 0, 'it_media_id', 'id', '2018-12-18 18:36:45', '2018-12-18 18:36:45', NULL),
(27, 'action', 'bgimg', 'Action', 1, 'resource', 0, 'action_id', 'id', '2018-12-18 19:18:45', '2018-12-18 19:18:45', NULL),
(28, 'mediaimage', 'bgimg', 'MediaImage', 50, 'short', 0, 'media_image_id', 'id', '2018-12-18 19:18:45', '2018-12-18 19:18:45', NULL),
(29, 'mediaimage', 'c', 'MediaImage', 50, 'short', 0, 'media_image_id', 'id', '2018-12-18 19:20:12', '2018-12-18 19:20:12', NULL),
(30, 'mediaimage', 's', 'MediaImage', 50, 'short', 0, 'media_image_id', 'id', '2018-12-18 19:30:15', '2018-12-18 19:30:15', NULL),
(31, 'commission', 'p', 'Commission', 9, 'name', 0, 'commission_id', 'id', '2018-12-18 19:30:20', '2018-12-18 19:30:20', NULL),
(32, 'enmedia', 'p', 'EnMedia', 46, 'short', 0, 'en_media_id', 'id', '2018-12-18 19:30:20', '2018-12-18 19:30:20', NULL),
(33, 'frmedia', 'p', 'FrMedia', 46, 'short', 0, 'fr_media_id', 'id', '2018-12-18 19:30:20', '2018-12-18 19:30:20', NULL),
(34, 'demedia', 'p', 'DeMedia', 46, 'short', 0, 'de_media_id', 'id', '2018-12-18 19:30:20', '2018-12-18 19:30:20', NULL),
(35, 'itmedia', 'p', 'ItMedia', 46, 'short', 0, 'it_media_id', 'id', '2018-12-18 19:30:20', '2018-12-18 19:30:20', NULL),
(36, 'enmedia', 'n', 'EnMedia', 46, 'short', 0, 'en_media_id', 'id', '2018-12-19 09:15:46', '2018-12-19 09:15:46', NULL),
(37, 'frmedia', 'n', 'FrMedia', 46, 'short', 0, 'fr_media_id', 'id', '2018-12-19 09:15:46', '2018-12-19 09:15:46', NULL),
(38, 'demedia', 'n', 'DeMedia', 46, 'short', 0, 'de_media_id', 'id', '2018-12-19 09:15:46', '2018-12-19 09:15:46', NULL),
(39, 'itmedia', 'n', 'ItMedia', 46, 'short', 0, 'it_media_id', 'id', '2018-12-19 09:15:47', '2018-12-19 09:15:47', NULL),
(40, 'media', 'imco', 'Media', 46, 'short', 0, 'media_id', 'id', '2019-01-04 11:35:32', '2019-01-04 11:35:32', NULL),
(41, 'enmedia', 'o', 'EnMedia', 46, 'short', 0, 'en_media_id', 'id', '2019-01-14 08:13:39', '2019-01-14 08:13:39', NULL),
(42, 'frmedia', 'o', 'FrMedia', 46, 'short', 0, 'fr_media_id', 'id', '2019-01-14 08:13:39', '2019-01-14 08:13:39', NULL),
(43, 'demedia', 'o', 'DeMedia', 46, 'short', 0, 'de_media_id', 'id', '2019-01-14 08:13:39', '2019-01-14 08:13:39', NULL),
(44, 'itmedia', 'o', 'ItMedia', 46, 'short', 0, 'it_media_id', 'id', '2019-01-14 08:13:39', '2019-01-14 08:13:39', NULL),
(45, 'enmedia', 'a', 'EnMedia', 46, 'short', 0, 'en_media_id', 'id', '2019-01-18 09:07:48', '2019-01-18 09:07:48', NULL),
(46, 'frmedia', 'a', 'FrMedia', 46, 'short', 0, 'fr_media_id', 'id', '2019-01-18 09:07:48', '2019-01-18 09:07:48', NULL),
(47, 'demedia', 'a', 'DeMedia', 46, 'short', 0, 'de_media_id', 'id', '2019-01-18 09:07:48', '2019-01-18 09:07:48', NULL),
(48, 'itmedia', 'a', 'ItMedia', 46, 'short', 0, 'it_media_id', 'id', '2019-01-18 09:07:48', '2019-01-18 09:07:48', NULL),
(49, 'frpresentationmedia', 'd', 'FrPresentationMedia', 46, 'short', 0, 'fr_presentation_media_id', 'id', '2019-01-25 14:13:16', '2019-01-25 14:13:16', NULL),
(50, 'depresentationmedia', 'd', 'DePresentationMedia', 46, 'short', 0, 'de_presentation_media_id', 'id', '2019-01-25 14:13:16', '2019-01-25 14:13:16', NULL),
(51, 'frpresentationmedia', 'p', 'FrPresentationMedia', 46, 'short', 0, 'fr_presentation_media_id', 'id', '2019-01-25 14:15:29', '2019-01-25 14:15:29', NULL),
(52, 'depresentationmedia', 'p', 'DePresentationMedia', 46, 'short', 0, 'de_presentation_media_id', 'id', '2019-01-25 14:15:29', '2019-01-25 14:15:29', NULL),
(53, 'frpresentationmedia', 'o', 'FrPresentationMedia', 46, 'short', 0, 'fr_presentation_media_id', 'id', '2019-01-25 14:15:33', '2019-01-25 14:15:33', NULL),
(54, 'depresentationmedia', 'o', 'DePresentationMedia', 46, 'short', 0, 'de_presentation_media_id', 'id', '2019-01-25 14:15:33', '2019-01-25 14:15:33', NULL),
(55, 'frpresentationmedia', 'a', 'FrPresentationMedia', 46, 'short', 0, 'fr_presentation_media_id', 'id', '2019-01-25 14:15:34', '2019-01-25 14:15:34', NULL),
(56, 'depresentationmedia', 'a', 'DePresentationMedia', 46, 'short', 0, 'de_presentation_media_id', 'id', '2019-01-25 14:15:34', '2019-01-25 14:15:34', NULL),
(57, 'frpresentationmedia', 'n', 'FrPresentationMedia', 46, 'short', 0, 'fr_presentation_media_id', 'id', '2019-01-25 14:15:54', '2019-01-25 14:15:54', NULL),
(58, 'depresentationmedia', 'n', 'DePresentationMedia', 46, 'short', 0, 'de_presentation_media_id', 'id', '2019-01-25 14:15:54', '2019-01-25 14:15:54', NULL);

-- --------------------------------------------------------

--
-- Tabellenstruktur für Tabelle `model_list_edit_ignore`
--

CREATE TABLE `model_list_edit_ignore` (
  `id` bigint(20) UNSIGNED NOT NULL,
  `model_column_name_id` bigint(20) UNSIGNED NOT NULL,
  `model_list_id` bigint(20) UNSIGNED NOT NULL,
  `created_at` datetime NOT NULL,
  `updated_at` datetime NOT NULL,
  `deleted_at` datetime DEFAULT NULL
) ENGINE=InnoDB DEFAULT CHARSET=utf8 COLLATE=utf8_bin;

-- --------------------------------------------------------

--
-- Tabellenstruktur für Tabelle `model_list_export`
--

CREATE TABLE `model_list_export` (
  `id` bigint(20) UNSIGNED NOT NULL,
  `model_list_id` bigint(20) UNSIGNED NOT NULL,
  `entity_id` bigint(20) UNSIGNED NOT NULL,
  `export_type` varchar(120) COLLATE utf8_bin DEFAULT NULL,
  `created_at` datetime NOT NULL,
  `updated_at` datetime NOT NULL,
  `deleted_at` datetime DEFAULT NULL
) ENGINE=InnoDB DEFAULT CHARSET=utf8 COLLATE=utf8_bin;

-- --------------------------------------------------------

--
-- Tabellenstruktur für Tabelle `model_list_translation`
--

CREATE TABLE `model_list_translation` (
  `id` bigint(20) UNSIGNED NOT NULL DEFAULT '0',
  `title` varchar(255) COLLATE utf8_bin DEFAULT NULL,
  `lang` char(2) COLLATE utf8_bin NOT NULL DEFAULT '',
  `created_at` datetime NOT NULL,
  `updated_at` datetime NOT NULL,
  `deleted_at` datetime DEFAULT NULL
) ENGINE=InnoDB DEFAULT CHARSET=utf8 COLLATE=utf8_bin;

--
-- Daten für Tabelle `model_list_translation`
--

INSERT INTO `model_list_translation` (`id`, `title`, `lang`, `created_at`, `updated_at`, `deleted_at`) VALUES
(1, 'de[User]', 'de', '2018-11-26 10:10:26', '2018-11-26 10:10:26', NULL),
(1, 'User', 'en', '2018-11-26 10:10:26', '2018-11-26 10:10:26', NULL),
(2, 'de[MediaImageM2nAction]', 'de', '2018-11-26 17:14:57', '2018-11-26 17:14:57', NULL),
(2, 'MediaImageM2nAction', 'en', '2018-11-26 17:14:57', '2018-11-26 17:14:57', NULL),
(3, 'Medium', 'de', '2018-11-26 17:15:36', '2018-11-26 17:15:36', NULL),
(3, 'Media', 'en', '2018-11-26 17:15:36', '2018-11-26 17:15:36', NULL),
(4, 'Bild-Config', 'de', '2018-11-26 17:22:51', '2018-11-26 17:22:51', NULL),
(4, 'ImageConfig', 'en', '2018-11-26 17:22:51', '2018-11-26 17:22:51', NULL),
(5, 'Nutzer', 'de', '2018-11-26 17:37:35', '2018-11-26 17:37:35', NULL),
(5, 'Entity', 'en', '2018-11-26 17:37:35', '2018-11-26 17:37:35', NULL),
(6, 'Aktion', 'de', '2018-11-30 13:19:16', '2018-11-30 13:19:16', NULL),
(6, 'Action', 'en', '2018-11-30 13:19:16', '2018-11-30 13:19:16', NULL),
(7, 'Aktion', 'de', '2018-11-30 13:20:34', '2018-11-30 13:20:34', NULL),
(7, 'Action', 'en', '2018-11-30 13:20:34', '2018-11-30 13:20:34', NULL),
(9, 'Info-Seite', 'de', '2018-11-30 13:52:56', '2018-11-30 13:52:56', NULL),
(9, 'InfoPage', 'en', '2018-11-30 13:52:56', '2018-11-30 13:52:56', NULL),
(27, 'Hintergrundbild', 'de', '2018-12-18 19:18:45', '2018-12-18 19:18:45', NULL),
(27, 'BackgroundImage', 'en', '2018-12-18 19:18:45', '2018-12-18 19:18:45', NULL),
(654, 'Ressourcen-Übersetzung', 'de', '2019-01-04 11:20:36', '2019-01-04 11:20:36', NULL),
(654, 'ResourceTranslator', 'en', '2019-01-04 11:20:36', '2019-01-04 11:20:36', NULL),
(654, 'Traduction des ressources', 'fr', '2019-01-04 11:20:36', '2019-01-04 11:20:36', NULL),
(655, 'Parameter-Übersetzung', 'de', '2019-01-04 11:20:46', '2019-01-04 11:20:46', NULL),
(655, 'ParamTranslator', 'en', '2019-01-04 11:20:46', '2019-01-04 11:20:46', NULL),
(655, 'Paramètre-Translation', 'fr', '2019-01-04 11:20:46', '2019-01-04 11:20:46', NULL),
(656, 'Meta-Tag Konfiguration', 'de', '2019-01-04 11:34:17', '2019-01-04 11:34:17', NULL),
(656, 'MetaConfiguration', 'en', '2019-01-04 11:34:17', '2019-01-04 11:34:17', NULL),
(656, 'Configuration du Meta-Tag', 'fr', '2019-01-04 11:34:17', '2019-01-04 11:34:17', NULL),
(657, 'Seiten-Config', 'de', '2019-01-04 11:35:06', '2019-01-04 11:35:06', NULL),
(657, 'SiteConfig', 'en', '2019-01-04 11:35:06', '2019-01-04 11:35:06', NULL),
(657, 'Configuration de la page', 'fr', '2019-01-04 11:35:06', '2019-01-04 11:35:06', NULL),
(658, 'Medien-Config', 'de', '2019-01-04 11:35:32', '2019-01-04 11:35:32', NULL),
(658, 'MediaConfig', 'en', '2019-01-04 11:35:32', '2019-01-04 11:35:32', NULL),
(658, 'Configuration des médias', 'fr', '2019-01-04 11:35:32', '2019-01-04 11:35:32', NULL),
(659, 'HTML-Vorlage', 'de', '2019-01-04 11:35:37', '2019-01-04 11:35:37', NULL),
(659, 'TinymceTemplate', 'en', '2019-01-04 11:35:37', '2019-01-04 11:35:37', NULL),
(659, 'modèle HTML', 'fr', '2019-01-04 11:35:37', '2019-01-04 11:35:37', NULL),
(736, 'E-Mail - Vorlage', 'de', '2019-01-14 10:13:34', '2019-01-14 10:13:34', NULL),
(736, 'EmailTemplate', 'en', '2019-01-14 10:13:34', '2019-01-14 10:13:34', NULL),
(736, 'Courriel - Modèle de courriel', 'fr', '2019-01-14 10:13:34', '2019-01-14 10:13:34', NULL),
(737, 'E-Mail - Teil-Vorlage', 'de', '2019-01-14 10:13:36', '2019-01-14 10:13:36', NULL),
(737, 'EmailTemplatePart', 'en', '2019-01-14 10:13:36', '2019-01-14 10:13:36', NULL),
(737, 'Courriel - Modèle partiel', 'fr', '2019-01-14 10:13:36', '2019-01-14 10:13:36', NULL),
(846, 'E-Mail - Vorlagen - Ersetzung', 'de', '2019-01-17 18:45:08', '2019-01-17 18:45:08', NULL),
(846, 'EmailTemplateReplacement', 'en', '2019-01-17 18:45:08', '2019-01-17 18:45:08', NULL),
(846, 'Email - Gabarit - Remplacement', 'fr', '2019-01-17 18:45:08', '2019-01-17 18:45:08', NULL),
(1212, 'ModelList', 'de', '2019-01-25 14:12:38', '2019-01-25 14:12:38', NULL),
(1212, 'ModelList', 'fr', '2019-01-25 14:12:38', '2019-01-25 14:12:38', NULL),
(1232, 'SiteRights', 'de', '2019-01-25 14:15:22', '2019-01-25 14:15:22', NULL),
(1232, 'SiteRights', 'fr', '2019-01-25 14:15:22', '2019-01-25 14:15:22', NULL),
(1264, 'Abteilung', 'de', '2019-01-25 14:16:04', '2019-01-25 14:16:04', NULL),
(1264, 'Département', 'fr', '2019-01-25 14:16:04', '2019-01-25 14:16:04', NULL),
(1270, 'Kommissionen', 'de', '2019-01-25 14:16:05', '2019-01-25 14:16:05', NULL),
(1270, 'Commissions', 'fr', '2019-01-25 14:16:05', '2019-01-25 14:16:05', NULL),
(1277, 'Übersetzer', 'de', '2019-01-25 14:17:28', '2019-01-25 14:17:28', NULL),
(1277, 'Traducteur', 'fr', '2019-01-25 14:17:28', '2019-01-25 14:17:28', NULL),
(1281, 'OTC', 'de', '2019-01-25 14:18:48', '2019-01-25 14:18:48', NULL),
(1281, 'OTC', 'fr', '2019-01-25 14:18:48', '2019-01-25 14:18:48', NULL),
(1283, 'Mitgliederversammlung', 'de', '2019-01-25 14:24:20', '2019-01-25 14:24:20', NULL),
(1283, 'Assemblée générale', 'fr', '2019-01-25 14:24:20', '2019-01-25 14:24:20', NULL),
(1285, 'Verkaufsstatistiken-Orte', 'de', '2019-01-25 14:24:24', '2019-01-25 14:24:24', NULL),
(1285, 'Statistiques de vente des sites', 'fr', '2019-01-25 14:24:24', '2019-01-25 14:24:24', NULL),
(1287, 'Aktuelles', 'de', '2019-01-25 14:24:28', '2019-01-25 14:24:28', NULL),
(1287, 'Dernières nouvelles', 'fr', '2019-01-25 14:24:28', '2019-01-25 14:24:28', NULL),
(1289, 'Termine', 'de', '2019-01-25 14:25:01', '2019-01-25 14:25:01', NULL),
(1289, 'Dates', 'fr', '2019-01-25 14:25:01', '2019-01-25 14:25:01', NULL),
(1291, 'Kommission-Protokolle', 'de', '2019-01-25 14:25:10', '2019-01-25 14:25:10', NULL),
(1291, 'Procès-verbal de la Commission', 'fr', '2019-01-25 14:25:10', '2019-01-25 14:25:10', NULL),
(1292, 'Verkaufsstatistiken-Orte', 'de', '2019-01-25 14:31:09', '2019-01-25 14:31:09', NULL),
(1292, 'Statistiques de vente des sites', 'fr', '2019-01-25 14:31:09', '2019-01-25 14:31:09', NULL),
(1293, 'Verkaufsstatistiken-Orte', 'de', '2019-01-25 14:31:09', '2019-01-25 14:31:09', NULL),
(1293, 'Statistiques de vente des sites', 'fr', '2019-01-25 14:31:09', '2019-01-25 14:31:09', NULL),
(1294, 'Verkaufsstatistiken-Orte', 'de', '2019-01-25 14:31:09', '2019-01-25 14:31:09', NULL),
(1294, 'Statistiques de vente des sites', 'fr', '2019-01-25 14:31:09', '2019-01-25 14:31:09', NULL),
(1295, 'Verkaufsstatistiken-Orte', 'de', '2019-01-25 14:31:10', '2019-01-25 14:31:10', NULL),
(1295, 'Statistiques de vente des sites', 'fr', '2019-01-25 14:31:10', '2019-01-25 14:31:10', NULL),
(1296, 'Verkaufsstatistiken-Orte', 'de', '2019-01-25 14:31:10', '2019-01-25 14:31:10', NULL),
(1296, 'Statistiques de vente des sites', 'fr', '2019-01-25 14:31:10', '2019-01-25 14:31:10', NULL),
(1297, 'Region', 'de', '2019-01-25 14:33:05', '2019-01-25 14:33:05', NULL),
(1297, 'Région', 'fr', '2019-01-25 14:33:05', '2019-01-25 14:33:05', NULL),
(1298, 'Region', 'de', '2019-01-25 14:33:05', '2019-01-25 14:33:05', NULL),
(1298, 'Région', 'fr', '2019-01-25 14:33:05', '2019-01-25 14:33:05', NULL),
(1299, 'Region', 'de', '2019-01-25 14:33:05', '2019-01-25 14:33:05', NULL),
(1299, 'Région', 'fr', '2019-01-25 14:33:05', '2019-01-25 14:33:05', NULL),
(1300, 'Region', 'de', '2019-01-25 14:33:06', '2019-01-25 14:33:06', NULL),
(1300, 'Région', 'fr', '2019-01-25 14:33:06', '2019-01-25 14:33:06', NULL),
(1301, 'Region', 'de', '2019-01-25 14:33:06', '2019-01-25 14:33:06', NULL),
(1301, 'Région', 'fr', '2019-01-25 14:33:06', '2019-01-25 14:33:06', NULL),
(1302, 'Region', 'de', '2019-01-25 14:33:18', '2019-01-25 14:33:18', NULL),
(1302, 'Région', 'fr', '2019-01-25 14:33:18', '2019-01-25 14:33:18', NULL),
(1303, 'Region', 'de', '2019-01-25 14:33:18', '2019-01-25 14:33:18', NULL),
(1303, 'Région', 'fr', '2019-01-25 14:33:18', '2019-01-25 14:33:18', NULL),
(1304, 'Region', 'de', '2019-01-25 14:33:27', '2019-01-25 14:33:27', NULL),
(1304, 'Région', 'fr', '2019-01-25 14:33:27', '2019-01-25 14:33:27', NULL),
(1305, 'Region', 'de', '2019-01-25 14:33:27', '2019-01-25 14:33:27', NULL),
(1305, 'Région', 'fr', '2019-01-25 14:33:27', '2019-01-25 14:33:27', NULL),
(1306, 'Region', 'de', '2019-01-25 14:33:27', '2019-01-25 14:33:27', NULL),
(1306, 'Région', 'fr', '2019-01-25 14:33:27', '2019-01-25 14:33:27', NULL),
(1307, 'Region', 'de', '2019-01-25 14:33:28', '2019-01-25 14:33:28', NULL),
(1307, 'Région', 'fr', '2019-01-25 14:33:28', '2019-01-25 14:33:28', NULL),
(1308, 'Region', 'de', '2019-01-25 14:33:28', '2019-01-25 14:33:28', NULL),
(1308, 'Région', 'fr', '2019-01-25 14:33:28', '2019-01-25 14:33:28', NULL),
(1309, 'Region', 'de', '2019-01-25 14:33:28', '2019-01-25 14:33:28', NULL),
(1309, 'Région', 'fr', '2019-01-25 14:33:28', '2019-01-25 14:33:28', NULL),
(1310, 'Region', 'de', '2019-01-25 14:33:39', '2019-01-25 14:33:39', NULL),
(1310, 'Région', 'fr', '2019-01-25 14:33:39', '2019-01-25 14:33:39', NULL),
(1311, 'Region', 'de', '2019-01-25 14:33:40', '2019-01-25 14:33:40', NULL),
(1311, 'Région', 'fr', '2019-01-25 14:33:40', '2019-01-25 14:33:40', NULL),
(1312, 'Region', 'de', '2019-01-25 14:33:40', '2019-01-25 14:33:40', NULL),
(1312, 'Région', 'fr', '2019-01-25 14:33:40', '2019-01-25 14:33:40', NULL),
(1313, 'Region', 'de', '2019-01-25 14:33:40', '2019-01-25 14:33:40', NULL),
(1313, 'Région', 'fr', '2019-01-25 14:33:40', '2019-01-25 14:33:40', NULL),
(1314, 'Region', 'de', '2019-01-25 14:33:41', '2019-01-25 14:33:41', NULL),
(1314, 'Région', 'fr', '2019-01-25 14:33:41', '2019-01-25 14:33:41', NULL),
(1315, 'Region', 'de', '2019-01-25 14:33:41', '2019-01-25 14:33:41', NULL),
(1315, 'Région', 'fr', '2019-01-25 14:33:41', '2019-01-25 14:33:41', NULL),
(1316, 'Region', 'de', '2019-01-25 14:33:45', '2019-01-25 14:33:45', NULL),
(1316, 'Région', 'fr', '2019-01-25 14:33:45', '2019-01-25 14:33:45', NULL),
(1317, 'Region', 'de', '2019-01-25 14:33:45', '2019-01-25 14:33:45', NULL),
(1317, 'Région', 'fr', '2019-01-25 14:33:45', '2019-01-25 14:33:45', NULL),
(1318, 'Region', 'de', '2019-01-25 14:34:14', '2019-01-25 14:34:14', NULL),
(1318, 'Région', 'fr', '2019-01-25 14:34:14', '2019-01-25 14:34:14', NULL),
(1319, 'Region', 'de', '2019-01-25 14:34:14', '2019-01-25 14:34:14', NULL),
(1319, 'Région', 'fr', '2019-01-25 14:34:14', '2019-01-25 14:34:14', NULL),
(1320, 'Region', 'de', '2019-01-25 14:34:25', '2019-01-25 14:34:25', NULL),
(1320, 'Région', 'fr', '2019-01-25 14:34:25', '2019-01-25 14:34:25', NULL),
(1321, 'Region', 'de', '2019-01-25 14:34:26', '2019-01-25 14:34:26', NULL),
(1321, 'Région', 'fr', '2019-01-25 14:34:26', '2019-01-25 14:34:26', NULL),
(1322, 'Region', 'de', '2019-01-25 14:34:27', '2019-01-25 14:34:27', NULL),
(1322, 'Région', 'fr', '2019-01-25 14:34:27', '2019-01-25 14:34:27', NULL),
(1323, 'Region', 'de', '2019-01-25 14:34:27', '2019-01-25 14:34:27', NULL),
(1323, 'Région', 'fr', '2019-01-25 14:34:27', '2019-01-25 14:34:27', NULL),
(1324, 'Region', 'de', '2019-01-25 14:34:28', '2019-01-25 14:34:28', NULL),
(1324, 'Région', 'fr', '2019-01-25 14:34:28', '2019-01-25 14:34:28', NULL),
(1325, 'Region', 'de', '2019-01-25 14:34:28', '2019-01-25 14:34:28', NULL),
(1325, 'Région', 'fr', '2019-01-25 14:34:28', '2019-01-25 14:34:28', NULL),
(1326, 'Region', 'de', '2019-01-25 14:34:31', '2019-01-25 14:34:31', NULL),
(1326, 'Région', 'fr', '2019-01-25 14:34:31', '2019-01-25 14:34:31', NULL),
(1327, 'Region', 'de', '2019-01-25 14:34:31', '2019-01-25 14:34:31', NULL),
(1327, 'Région', 'fr', '2019-01-25 14:34:31', '2019-01-25 14:34:31', NULL),
(1328, 'Region', 'de', '2019-01-25 14:34:55', '2019-01-25 14:34:55', NULL),
(1328, 'Région', 'fr', '2019-01-25 14:34:55', '2019-01-25 14:34:55', NULL),
(1329, 'Region', 'de', '2019-01-25 14:34:55', '2019-01-25 14:34:55', NULL),
(1329, 'Région', 'fr', '2019-01-25 14:34:55', '2019-01-25 14:34:55', NULL),
(1330, 'Region', 'de', '2019-01-25 14:34:56', '2019-01-25 14:34:56', NULL),
(1330, 'Région', 'fr', '2019-01-25 14:34:56', '2019-01-25 14:34:56', NULL),
(1331, 'Region', 'de', '2019-01-25 14:34:56', '2019-01-25 14:34:56', NULL),
(1331, 'Région', 'fr', '2019-01-25 14:34:56', '2019-01-25 14:34:56', NULL),
(1332, 'Region', 'de', '2019-01-25 14:34:57', '2019-01-25 14:34:57', NULL),
(1332, 'Région', 'fr', '2019-01-25 14:34:57', '2019-01-25 14:34:57', NULL),
(1333, 'Region', 'de', '2019-01-25 14:34:57', '2019-01-25 14:34:57', NULL),
(1333, 'Région', 'fr', '2019-01-25 14:34:57', '2019-01-25 14:34:57', NULL),
(1334, 'Region', 'de', '2019-01-25 14:34:59', '2019-01-25 14:34:59', NULL),
(1334, 'Région', 'fr', '2019-01-25 14:34:59', '2019-01-25 14:34:59', NULL),
(1335, 'Region', 'de', '2019-01-25 14:34:59', '2019-01-25 14:34:59', NULL),
(1335, 'Région', 'fr', '2019-01-25 14:34:59', '2019-01-25 14:34:59', NULL),
(1336, 'Region', 'de', '2019-01-25 14:35:31', '2019-01-25 14:35:31', NULL),
(1336, 'Région', 'fr', '2019-01-25 14:35:31', '2019-01-25 14:35:31', NULL),
(1337, 'Region', 'de', '2019-01-25 14:35:32', '2019-01-25 14:35:32', NULL),
(1337, 'Région', 'fr', '2019-01-25 14:35:32', '2019-01-25 14:35:32', NULL),
(1338, 'Region', 'de', '2019-01-25 14:35:33', '2019-01-25 14:35:33', NULL),
(1338, 'Région', 'fr', '2019-01-25 14:35:33', '2019-01-25 14:35:33', NULL),
(1339, 'Region', 'de', '2019-01-25 14:35:33', '2019-01-25 14:35:33', NULL),
(1339, 'Région', 'fr', '2019-01-25 14:35:33', '2019-01-25 14:35:33', NULL),
(1340, 'Region', 'de', '2019-01-25 14:35:34', '2019-01-25 14:35:34', NULL),
(1340, 'Région', 'fr', '2019-01-25 14:35:34', '2019-01-25 14:35:34', NULL),
(1341, 'Region', 'de', '2019-01-25 14:35:35', '2019-01-25 14:35:35', NULL),
(1341, 'Région', 'fr', '2019-01-25 14:35:35', '2019-01-25 14:35:35', NULL),
(1342, 'Termine', 'de', '2019-01-25 14:35:40', '2019-01-25 14:35:40', NULL),
(1342, 'Dates', 'fr', '2019-01-25 14:35:40', '2019-01-25 14:35:40', NULL),
(1343, 'Termine', 'de', '2019-01-25 14:35:40', '2019-01-25 14:35:40', NULL),
(1343, 'Dates', 'fr', '2019-01-25 14:35:40', '2019-01-25 14:35:40', NULL),
(1344, 'Termine', 'de', '2019-01-25 14:35:40', '2019-01-25 14:35:40', NULL),
(1344, 'Dates', 'fr', '2019-01-25 14:35:40', '2019-01-25 14:35:40', NULL),
(1345, 'Termine', 'de', '2019-01-25 14:35:41', '2019-01-25 14:35:41', NULL),
(1345, 'Dates', 'fr', '2019-01-25 14:35:41', '2019-01-25 14:35:41', NULL),
(1346, 'Termine', 'de', '2019-01-25 14:35:41', '2019-01-25 14:35:41', NULL),
(1346, 'Dates', 'fr', '2019-01-25 14:35:41', '2019-01-25 14:35:41', NULL),
(1347, 'Termine', 'de', '2019-01-25 14:35:46', '2019-01-25 14:35:46', NULL),
(1347, 'Dates', 'fr', '2019-01-25 14:35:46', '2019-01-25 14:35:46', NULL),
(1348, 'Termine', 'de', '2019-01-25 14:35:46', '2019-01-25 14:35:46', NULL),
(1348, 'Dates', 'fr', '2019-01-25 14:35:46', '2019-01-25 14:35:46', NULL),
(1349, 'Termine', 'de', '2019-01-25 14:36:01', '2019-01-25 14:36:01', NULL),
(1349, 'Dates', 'fr', '2019-01-25 14:36:01', '2019-01-25 14:36:01', NULL),
(1350, 'Termine', 'de', '2019-01-25 14:36:01', '2019-01-25 14:36:01', NULL),
(1350, 'Dates', 'fr', '2019-01-25 14:36:01', '2019-01-25 14:36:01', NULL),
(1351, 'Termine', 'de', '2019-01-25 14:36:16', '2019-01-25 14:36:16', NULL),
(1351, 'Dates', 'fr', '2019-01-25 14:36:16', '2019-01-25 14:36:16', NULL),
(1352, 'Termine', 'de', '2019-01-25 14:36:17', '2019-01-25 14:36:17', NULL),
(1352, 'Dates', 'fr', '2019-01-25 14:36:17', '2019-01-25 14:36:17', NULL),
(1353, 'Termine', 'de', '2019-01-25 14:36:26', '2019-01-25 14:36:26', NULL),
(1353, 'Dates', 'fr', '2019-01-25 14:36:26', '2019-01-25 14:36:26', NULL),
(1354, 'Termine', 'de', '2019-01-25 14:36:26', '2019-01-25 14:36:26', NULL),
(1354, 'Dates', 'fr', '2019-01-25 14:36:26', '2019-01-25 14:36:26', NULL),
(1355, 'Termine', 'de', '2019-01-25 14:36:27', '2019-01-25 14:36:27', NULL),
(1355, 'Dates', 'fr', '2019-01-25 14:36:27', '2019-01-25 14:36:27', NULL),
(1356, 'Termine', 'de', '2019-01-25 14:36:27', '2019-01-25 14:36:27', NULL),
(1356, 'Dates', 'fr', '2019-01-25 14:36:27', '2019-01-25 14:36:27', NULL),
(1357, 'Termine', 'de', '2019-01-25 14:36:28', '2019-01-25 14:36:28', NULL),
(1357, 'Dates', 'fr', '2019-01-25 14:36:28', '2019-01-25 14:36:28', NULL),
(1358, 'Termine', 'de', '2019-01-25 14:36:28', '2019-01-25 14:36:28', NULL),
(1358, 'Dates', 'fr', '2019-01-25 14:36:28', '2019-01-25 14:36:28', NULL),
(1359, 'Termine', 'de', '2019-01-25 14:36:36', '2019-01-25 14:36:36', NULL),
(1359, 'Dates', 'fr', '2019-01-25 14:36:36', '2019-01-25 14:36:36', NULL),
(1360, 'Termine', 'de', '2019-01-25 14:36:36', '2019-01-25 14:36:36', NULL),
(1360, 'Dates', 'fr', '2019-01-25 14:36:36', '2019-01-25 14:36:36', NULL);

-- --------------------------------------------------------

--
-- Tabellenstruktur für Tabelle `model_list_where`
--

CREATE TABLE `model_list_where` (
  `id` bigint(20) UNSIGNED NOT NULL,
  `value` varchar(255) COLLATE utf8_bin DEFAULT NULL,
  `use_like` varchar(255) COLLATE utf8_bin NOT NULL,
  `model_list_id` bigint(20) UNSIGNED NOT NULL,
  `model_column_name_id` bigint(20) UNSIGNED NOT NULL,
  `model_list_connection_id` bigint(20) UNSIGNED DEFAULT NULL,
  `created_at` datetime NOT NULL,
  `updated_at` datetime NOT NULL,
  `deleted_at` datetime DEFAULT NULL
) ENGINE=InnoDB DEFAULT CHARSET=utf8 COLLATE=utf8_bin;

--
-- Daten für Tabelle `model_list_where`
--

INSERT INTO `model_list_where` (`id`, `value`, `use_like`, `model_list_id`, `model_column_name_id`, `model_list_connection_id`, `created_at`, `updated_at`, `deleted_at`) VALUES
(2031, 'guest', '', 7, 1429, 16, '2019-01-25 10:36:59', '2019-01-25 10:36:59', NULL);

-- --------------------------------------------------------

--
-- Tabellenstruktur für Tabelle `model_marked_for_editor`
--

CREATE TABLE `model_marked_for_editor` (
  `id` bigint(20) UNSIGNED NOT NULL,
  `model_name_id` bigint(20) UNSIGNED NOT NULL,
  `referenced_id` bigint(20) UNSIGNED NOT NULL,
  `active` tinyint(1) DEFAULT '0',
  `entity_id` bigint(20) UNSIGNED NOT NULL,
  `identifier` varchar(120) COLLATE utf8_bin DEFAULT NULL,
  `created_at` datetime NOT NULL,
  `updated_at` datetime NOT NULL,
  `deleted_at` datetime DEFAULT NULL
) ENGINE=InnoDB DEFAULT CHARSET=utf8 COLLATE=utf8_bin;

-- --------------------------------------------------------

--
-- Tabellenstruktur für Tabelle `model_name`
--

CREATE TABLE `model_name` (
  `id` bigint(20) UNSIGNED NOT NULL,
  `name` varchar(255) COLLATE utf8_bin NOT NULL,
  `created_at` datetime NOT NULL,
  `updated_at` datetime NOT NULL,
  `deleted_at` datetime DEFAULT NULL
) ENGINE=InnoDB DEFAULT CHARSET=utf8 COLLATE=utf8_bin;

--
-- Daten für Tabelle `model_name`
--

INSERT INTO `model_name` (`id`, `name`, `created_at`, `updated_at`, `deleted_at`) VALUES
(1, 'Default_Model_Action', '2018-11-26 10:10:25', '2018-11-26 10:10:25', NULL),
(2, 'Default_Model_Activation', '2018-11-26 10:10:25', '2018-11-26 10:10:25', NULL),
(3, 'Default_Model_Address', '2018-11-26 10:10:25', '2018-11-26 10:10:25', NULL),
(4, 'Default_Model_BackendAdminBoxes', '2018-11-26 10:10:25', '2018-11-26 10:10:25', NULL),
(5, 'Default_Model_BackendAdminBoxesAction', '2018-11-26 10:10:25', '2018-11-26 10:10:25', NULL),
(6, 'Default_Model_BackendAdminBoxesActionM2nBackendAdminBoxes', '2018-11-26 10:10:25', '2018-11-26 10:10:25', NULL),
(7, 'Default_Model_BackgroundImage', '2018-11-26 10:10:25', '2018-11-26 10:10:25', NULL),
(8, 'Default_Model_Blog', '2018-11-26 10:10:25', '2018-11-26 10:10:25', NULL),
(9, 'Default_Model_Commission', '2018-11-26 10:10:25', '2018-11-26 10:10:25', NULL),
(10, 'Default_Model_CommissionM2nMediaImage', '2018-11-26 10:10:25', '2018-11-26 10:10:25', NULL),
(11, 'Default_Model_ContentBox', '2018-11-26 10:10:25', '2018-11-26 10:10:25', NULL),
(12, 'Default_Model_Controller', '2018-11-26 10:10:25', '2018-11-26 10:10:25', NULL),
(13, 'Default_Model_Country', '2018-11-26 10:10:25', '2018-11-26 10:10:25', NULL),
(14, 'Default_Model_CountryZone', '2018-11-26 10:10:25', '2018-11-26 10:10:25', NULL),
(15, 'Default_Model_Coupon', '2018-11-26 10:10:25', '2018-11-26 10:10:25', NULL),
(16, 'Default_Model_CouponHistory', '2018-11-26 10:10:25', '2018-11-26 10:10:25', NULL),
(17, 'Default_Model_CrossSell', '2018-11-26 10:10:25', '2018-11-26 10:10:25', NULL),
(18, 'Default_Model_Currency', '2018-11-26 10:10:25', '2018-11-26 10:10:25', NULL),
(19, 'Default_Model_Customer', '2018-11-26 10:10:25', '2018-11-26 10:10:25', NULL),
(20, 'Default_Model_DeliveryTime', '2018-11-26 10:10:25', '2018-11-26 10:10:25', NULL),
(21, 'Default_Model_DoctrineCache', '2018-11-26 10:10:25', '2018-11-26 10:10:25', NULL),
(22, 'Default_Model_EmailTemplate', '2018-11-26 10:10:25', '2018-11-26 10:10:25', NULL),
(23, 'Default_Model_EmailTemplateM2nEmailTemplatePart', '2018-11-26 10:10:25', '2018-11-26 10:10:25', NULL),
(24, 'Default_Model_EmailTemplatePart', '2018-11-26 10:10:25', '2018-11-26 10:10:25', NULL),
(25, 'Default_Model_EmailTemplateReplacement', '2018-11-26 10:10:25', '2018-11-26 10:10:25', NULL),
(26, 'Default_Model_Entity', '2018-11-26 10:10:25', '2018-11-26 10:10:25', NULL),
(27, 'Default_Model_EntityAdmin', '2018-11-26 10:10:25', '2018-11-26 10:10:25', NULL),
(28, 'Default_Model_EntityAuthor', '2018-11-26 10:10:25', '2018-11-26 10:10:25', NULL),
(29, 'Default_Model_EntityLog', '2018-11-26 10:10:25', '2018-11-26 10:10:25', NULL),
(30, 'Default_Model_EntityLogMessage', '2018-11-26 10:10:25', '2018-11-26 10:10:25', NULL),
(31, 'Default_Model_EntityModelListConfig', '2018-11-26 10:10:25', '2018-11-26 10:10:25', NULL),
(32, 'Default_Model_EntitySupervisor', '2018-11-26 10:10:25', '2018-11-26 10:10:25', NULL),
(33, 'Default_Model_EntityTranslator', '2018-11-26 10:10:25', '2018-11-26 10:10:25', NULL),
(34, 'Default_Model_EntityUser', '2018-11-26 10:10:25', '2018-11-26 10:10:25', NULL),
(35, 'Default_Model_Etage', '2018-11-26 10:10:25', '2018-11-26 10:10:25', NULL),
(36, 'Default_Model_Events', '2018-11-26 10:10:25', '2018-11-26 10:10:25', NULL),
(37, 'Default_Model_Faq', '2018-11-26 10:10:25', '2018-11-26 10:10:25', NULL),
(38, 'Default_Model_Flyer', '2018-11-26 10:10:25', '2018-11-26 10:10:25', NULL),
(39, 'Default_Model_FlyerImages', '2018-11-26 10:10:25', '2018-11-26 10:10:25', NULL),
(40, 'Default_Model_Holiday', '2018-11-26 10:10:25', '2018-11-26 10:10:25', NULL),
(41, 'Default_Model_Hours', '2018-11-26 10:10:25', '2018-11-26 10:10:25', NULL),
(42, 'Default_Model_HouseTypes', '2018-11-26 10:10:25', '2018-11-26 10:10:25', NULL),
(43, 'Default_Model_ImageConfig', '2018-11-26 10:10:25', '2018-11-26 10:10:25', NULL),
(44, 'Default_Model_InfoPage', '2018-11-26 10:10:25', '2018-11-26 10:10:25', NULL),
(45, 'Default_Model_Language', '2018-11-26 10:10:25', '2018-11-26 10:10:25', NULL),
(46, 'Default_Model_Media', '2018-11-26 10:10:25', '2018-11-26 10:10:25', NULL),
(47, 'Default_Model_MediaConfig', '2018-11-26 10:10:26', '2018-11-26 10:10:26', NULL),
(48, 'Default_Model_MediaFile', '2018-11-26 10:10:26', '2018-11-26 10:10:26', NULL),
(49, 'Default_Model_MediaFolder', '2018-11-26 10:10:26', '2018-11-26 10:10:26', NULL),
(50, 'Default_Model_MediaImage', '2018-11-26 10:10:26', '2018-11-26 10:10:26', NULL),
(51, 'Default_Model_MediaImageInstance', '2018-11-26 10:10:26', '2018-11-26 10:10:26', NULL),
(52, 'Default_Model_MediaImageM2nAction', '2018-11-26 10:10:26', '2018-11-26 10:10:26', NULL),
(53, 'Default_Model_MediaImageM2nInfoPage', '2018-11-26 10:10:26', '2018-11-26 10:10:26', NULL),
(54, 'Default_Model_MediaShockwave', '2018-11-26 10:10:26', '2018-11-26 10:10:26', NULL),
(55, 'Default_Model_MediaType', '2018-11-26 10:10:26', '2018-11-26 10:10:26', NULL),
(56, 'Default_Model_MetaConfiguration', '2018-11-26 10:10:26', '2018-11-26 10:10:26', NULL),
(57, 'Default_Model_ModelColumnName', '2018-11-26 10:10:26', '2018-11-26 10:10:26', NULL),
(58, 'Default_Model_ModelColumnNameEditAs', '2018-11-26 10:10:26', '2018-11-26 10:10:26', NULL),
(59, 'Default_Model_ModelList', '2018-11-26 10:10:26', '2018-11-26 10:10:26', NULL),
(60, 'Default_Model_ModelListColumn', '2018-11-26 10:10:26', '2018-11-26 10:10:26', NULL),
(61, 'Default_Model_ModelListColumnExport', '2018-11-26 10:10:26', '2018-11-26 10:10:26', NULL),
(62, 'Default_Model_ModelListConnection', '2018-11-26 10:10:26', '2018-11-26 10:10:26', NULL),
(63, 'Default_Model_ModelListEditIgnore', '2018-11-26 10:10:26', '2018-11-26 10:10:26', NULL),
(64, 'Default_Model_ModelListExport', '2018-11-26 10:10:26', '2018-11-26 10:10:26', NULL),
(65, 'Default_Model_ModelListWhere', '2018-11-26 10:10:26', '2018-11-26 10:10:26', NULL),
(66, 'Default_Model_ModelMarkedForEditor', '2018-11-26 10:10:26', '2018-11-26 10:10:26', NULL),
(67, 'Default_Model_ModelName', '2018-11-26 10:10:26', '2018-11-26 10:10:26', NULL),
(68, 'Default_Model_Module', '2018-11-26 10:10:26', '2018-11-26 10:10:26', NULL),
(69, 'Default_Model_Navigation', '2018-11-26 10:10:26', '2018-11-26 10:10:26', NULL),
(70, 'Default_Model_News', '2018-11-26 10:10:26', '2018-11-26 10:10:26', NULL),
(71, 'Default_Model_Newsletter', '2018-11-26 10:10:26', '2018-11-26 10:10:26', NULL),
(72, 'Default_Model_NewsletterSubscriber', '2018-11-26 10:10:26', '2018-11-26 10:10:26', NULL),
(73, 'Default_Model_NewsletterSubscriberType', '2018-11-26 10:10:26', '2018-11-26 10:10:26', NULL),
(74, 'Default_Model_ParamTranslator', '2018-11-26 10:10:26', '2018-11-26 10:10:26', NULL),
(75, 'Default_Model_PaymentService', '2018-11-26 10:10:26', '2018-11-26 10:10:26', NULL),
(76, 'Default_Model_Plugin', '2018-11-26 10:10:26', '2018-11-26 10:10:26', NULL),
(77, 'Default_Model_Producer', '2018-11-26 10:10:26', '2018-11-26 10:10:26', NULL),
(78, 'Default_Model_Product', '2018-11-26 10:10:26', '2018-11-26 10:10:26', NULL),
(79, 'Default_Model_ProductGroup', '2018-11-26 10:10:26', '2018-11-26 10:10:26', NULL),
(80, 'Default_Model_ProductInformation', '2018-11-26 10:10:26', '2018-11-26 10:10:26', NULL),
(81, 'Default_Model_ProductM2nMediaImage', '2018-11-26 10:10:26', '2018-11-26 10:10:26', NULL),
(82, 'Default_Model_ProductM2nProductGroup', '2018-11-26 10:10:26', '2018-11-26 10:10:26', NULL),
(83, 'Default_Model_ProductM2nProductOptionModel', '2018-11-26 10:10:26', '2018-11-26 10:10:26', NULL),
(84, 'Default_Model_ProductM2nProductOptionModelValues', '2018-11-26 10:10:26', '2018-11-26 10:10:26', NULL),
(85, 'Default_Model_ProductM2nTag', '2018-11-26 10:10:26', '2018-11-26 10:10:26', NULL),
(86, 'Default_Model_ProductOptionItems', '2018-11-26 10:10:26', '2018-11-26 10:10:26', NULL),
(87, 'Default_Model_ProductOptionModel', '2018-11-26 10:10:26', '2018-11-26 10:10:26', NULL),
(88, 'Default_Model_ProductOptions', '2018-11-26 10:10:26', '2018-11-26 10:10:26', NULL),
(89, 'Default_Model_ProductOptionsAmountLiquid', '2018-11-26 10:10:26', '2018-11-26 10:10:26', NULL),
(90, 'Default_Model_ProductOptionsAmountPiece', '2018-11-26 10:10:26', '2018-11-26 10:10:26', NULL),
(91, 'Default_Model_ProductOptionsColor', '2018-11-26 10:10:26', '2018-11-26 10:10:26', NULL),
(92, 'Default_Model_ProductOptionsForm', '2018-11-26 10:10:26', '2018-11-26 10:10:26', NULL),
(93, 'Default_Model_ProductOptionsGeneral', '2018-11-26 10:10:26', '2018-11-26 10:10:26', NULL),
(94, 'Default_Model_ProductOptionsM2nProductOptionItems', '2018-11-26 10:10:26', '2018-11-26 10:10:26', NULL),
(95, 'Default_Model_ProductOptionsMeasureCircumference', '2018-11-26 10:10:26', '2018-11-26 10:10:26', NULL),
(96, 'Default_Model_ProductOptionsMeasureDepth', '2018-11-26 10:10:26', '2018-11-26 10:10:26', NULL),
(97, 'Default_Model_ProductOptionsMeasureDiameter', '2018-11-26 10:10:26', '2018-11-26 10:10:26', NULL),
(98, 'Default_Model_ProductOptionsMeasureHeight', '2018-11-26 10:10:26', '2018-11-26 10:10:26', NULL),
(99, 'Default_Model_ProductOptionsMeasureLength', '2018-11-26 10:10:26', '2018-11-26 10:10:26', NULL),
(100, 'Default_Model_ProductOptionsMeasureWidth', '2018-11-26 10:10:26', '2018-11-26 10:10:26', NULL),
(101, 'Default_Model_ProductOptionsSize', '2018-11-26 10:10:26', '2018-11-26 10:10:26', NULL),
(102, 'Default_Model_ProductOptionsSizeClothesBraCup', '2018-11-26 10:10:26', '2018-11-26 10:10:26', NULL),
(103, 'Default_Model_ProductOptionsSizeClothesBraSize', '2018-11-26 10:10:26', '2018-11-26 10:10:26', NULL),
(104, 'Default_Model_ProductOptionsSizeClothesGeneral', '2018-11-26 10:10:26', '2018-11-26 10:10:26', NULL),
(105, 'Default_Model_ProductOptionsSizeClothesGirth', '2018-11-26 10:10:26', '2018-11-26 10:10:26', NULL),
(106, 'Default_Model_ProductOptionsSizeShoes', '2018-11-26 10:10:26', '2018-11-26 10:10:26', NULL),
(107, 'Default_Model_ProductOptionsWeight', '2018-11-26 10:10:26', '2018-11-26 10:10:26', NULL),
(108, 'Default_Model_ProductOrder', '2018-11-26 10:10:26', '2018-11-26 10:10:26', NULL),
(109, 'Default_Model_ProductOrderItem', '2018-11-26 10:10:26', '2018-11-26 10:10:26', NULL),
(110, 'Default_Model_ProductOrderItemUnits', '2018-11-26 10:10:26', '2018-11-26 10:10:26', NULL),
(111, 'Default_Model_ProductRating', '2018-11-26 10:10:26', '2018-11-26 10:10:26', NULL),
(112, 'Default_Model_ProductsOptions', '2018-11-26 10:10:26', '2018-11-26 10:10:26', NULL),
(113, 'Default_Model_ProductStatus', '2018-11-26 10:10:26', '2018-11-26 10:10:26', NULL),
(114, 'Default_Model_ProductUnit', '2018-11-26 10:10:26', '2018-11-26 10:10:26', NULL),
(115, 'Default_Model_Protocol', '2018-11-26 10:10:26', '2018-11-26 10:10:26', NULL),
(116, 'Default_Model_Refund', '2018-11-26 10:10:26', '2018-11-26 10:10:26', NULL),
(117, 'Default_Model_RememberMediaFolder', '2018-11-26 10:10:26', '2018-11-26 10:10:26', NULL),
(118, 'Default_Model_ResourceTranslator', '2018-11-26 10:10:26', '2018-11-26 10:10:26', NULL),
(119, 'Default_Model_Role', '2018-11-26 10:10:26', '2018-11-26 10:10:26', NULL),
(120, 'Default_Model_Salutation', '2018-11-26 10:10:26', '2018-11-26 10:10:26', NULL),
(121, 'Default_Model_ShippingCost', '2018-11-26 10:10:26', '2018-11-26 10:10:26', NULL),
(122, 'Default_Model_ShippingCountry', '2018-11-26 10:10:26', '2018-11-26 10:10:26', NULL),
(123, 'Default_Model_SiteConfig', '2018-11-26 10:10:26', '2018-11-26 10:10:26', NULL),
(124, 'Default_Model_SiteRights', '2018-11-26 10:10:26', '2018-11-26 10:10:26', NULL),
(125, 'Default_Model_Tag', '2018-11-26 10:10:26', '2018-11-26 10:10:26', NULL),
(126, 'Default_Model_Taxes', '2018-11-26 10:10:26', '2018-11-26 10:10:26', NULL),
(127, 'Default_Model_Team', '2018-11-26 10:10:26', '2018-11-26 10:10:26', NULL),
(128, 'Default_Model_TemporaryOffer', '2018-11-26 10:10:26', '2018-11-26 10:10:26', NULL),
(129, 'Default_Model_Territory', '2018-11-26 10:10:26', '2018-11-26 10:10:26', NULL),
(130, 'Default_Model_TinymceTemplate', '2018-11-26 10:10:26', '2018-11-26 10:10:26', NULL),
(131, 'Default_Model_Translator', '2018-11-26 10:10:26', '2018-11-26 10:10:26', NULL),
(132, 'Default_Model_Department', '2018-12-17 16:27:07', '2018-12-17 16:27:07', NULL),
(133, 'Default_Model_SalesStatistics', '2018-12-17 16:27:07', '2018-12-17 16:27:07', NULL),
(134, 'Default_Model_SalesStatisticsProtocolM2nDepartment', '2018-12-17 16:27:09', '2018-12-17 16:27:09', NULL),
(135, 'Default_Model_ProtocolM2nDepartment', '2018-12-17 16:27:11', '2018-12-17 16:27:11', NULL),
(136, 'Default_Model_DatesM2nDepartment', '2018-12-17 16:27:11', '2018-12-17 16:27:11', NULL),
(137, 'Default_Model_NewsM2nDepartment', '2018-12-17 16:27:12', '2018-12-17 16:27:12', NULL),
(138, 'Default_Model_SalesStatisticsProtocol', '2018-12-17 16:27:13', '2018-12-17 16:27:13', NULL),
(139, 'Default_Model_Dates', '2018-12-17 16:27:13', '2018-12-17 16:27:13', NULL),
(140, 'Default_Model_Otc', '2019-01-13 20:34:43', '2019-01-13 20:34:43', NULL),
(141, 'Default_Model_Assembly', '2019-01-13 20:34:44', '2019-01-13 20:34:44', NULL),
(142, 'Default_Model_AssemblyM2nDepartment', '2019-01-13 20:34:45', '2019-01-13 20:34:45', NULL),
(143, 'Default_Model_OtcM2nDepartment', '2019-01-13 20:34:46', '2019-01-13 20:34:46', NULL),
(144, 'Default_Model_Kanton', '2019-01-13 20:34:46', '2019-01-13 20:34:46', NULL),
(145, 'Default_Model_ContractType', '2019-01-13 20:34:49', '2019-01-13 20:34:49', NULL),
(146, 'Default_Model_DatesParticipants', '2019-01-25 14:12:40', '2019-01-25 14:12:40', NULL);

-- --------------------------------------------------------

--
-- Tabellenstruktur für Tabelle `module`
--

CREATE TABLE `module` (
  `id` bigint(20) UNSIGNED NOT NULL,
  `name` varchar(64) COLLATE utf8_bin NOT NULL,
  `description` varchar(255) COLLATE utf8_bin DEFAULT NULL,
  `created_at` datetime NOT NULL,
  `updated_at` datetime NOT NULL,
  `deleted_at` datetime DEFAULT NULL
) ENGINE=InnoDB DEFAULT CHARSET=utf8 COLLATE=utf8_bin;

--
-- Daten für Tabelle `module`
--

INSERT INTO `module` (`id`, `name`, `description`, `created_at`, `updated_at`, `deleted_at`) VALUES
(1, 'default', NULL, '2018-11-26 10:10:27', '2018-11-26 10:10:27', NULL),
(2, 'admin', NULL, '2018-11-26 10:10:27', '2018-11-26 10:10:27', NULL),
(3, 'author', NULL, '2018-11-26 10:10:27', '2018-11-26 10:10:27', NULL),
(4, 'system', NULL, '2018-11-26 10:10:27', '2018-11-26 10:10:27', NULL),
(5, 'system-model-list', NULL, '2018-11-26 10:10:28', '2018-11-26 10:10:28', NULL);

-- --------------------------------------------------------

--
-- Tabellenstruktur für Tabelle `navigation`
--

CREATE TABLE `navigation` (
  `id` bigint(20) UNSIGNED NOT NULL,
  `navigation_id` bigint(20) UNSIGNED DEFAULT NULL,
  `short` varchar(255) COLLATE utf8_bin NOT NULL,
  `name` varchar(255) COLLATE utf8_bin NOT NULL,
  `title` varchar(255) COLLATE utf8_bin DEFAULT NULL,
  `action_resource` varchar(255) COLLATE utf8_bin DEFAULT NULL,
  `role_short` varchar(16) COLLATE utf8_bin NOT NULL,
  `dynamic` varchar(120) COLLATE utf8_bin DEFAULT NULL,
  `visible` tinyint(1) DEFAULT '0',
  `show_all` tinyint(1) DEFAULT '0',
  `show_all_loggedin` tinyint(1) DEFAULT '0',
  `target` varchar(255) COLLATE utf8_bin DEFAULT NULL,
  `uri` varchar(255) COLLATE utf8_bin DEFAULT NULL,
  `css_class` varchar(120) COLLATE utf8_bin DEFAULT NULL,
  `default_language` varchar(2) COLLATE utf8_bin DEFAULT NULL,
  `do_not_translate` tinyint(1) DEFAULT '0',
  `position` bigint(20) UNSIGNED DEFAULT NULL,
  `created_at` datetime NOT NULL,
  `updated_at` datetime NOT NULL,
  `deleted_at` datetime DEFAULT NULL
) ENGINE=InnoDB DEFAULT CHARSET=utf8 COLLATE=utf8_bin;

--
-- Daten für Tabelle `navigation`
--

INSERT INTO `navigation` (`id`, `navigation_id`, `short`, `name`, `title`, `action_resource`, `role_short`, `dynamic`, `visible`, `show_all`, `show_all_loggedin`, `target`, `uri`, `css_class`, `default_language`, `do_not_translate`, `position`, `created_at`, `updated_at`, `deleted_at`) VALUES
(1, NULL, 'home', 'Home', 'Home', 'default.index.index', 'guest', 'home', 1, 1, 1, NULL, NULL, 'home', 'en', 1, 1, '2018-11-26 10:10:28', '2018-11-26 10:10:28', NULL);

-- --------------------------------------------------------

--
-- Tabellenstruktur für Tabelle `news`
--

CREATE TABLE `news` (
  `id` bigint(20) UNSIGNED NOT NULL,
  `short` varchar(120) COLLATE utf8_bin NOT NULL,
  `publish_datetime` datetime DEFAULT NULL,
  `fr_media_id` bigint(20) UNSIGNED DEFAULT NULL,
  `de_media_id` bigint(20) UNSIGNED DEFAULT NULL,
  `fr_presentation_media_id` bigint(20) UNSIGNED DEFAULT NULL,
  `de_presentation_media_id` bigint(20) UNSIGNED DEFAULT NULL,
  `published` tinyint(1) DEFAULT '0',
  `created_at` datetime NOT NULL,
  `updated_at` datetime NOT NULL,
  `deleted_at` datetime DEFAULT NULL
) ENGINE=InnoDB DEFAULT CHARSET=utf8 COLLATE=utf8_bin;

--
-- Daten für Tabelle `news`
--

INSERT INTO `news` (`id`, `short`, `publish_datetime`, `fr_media_id`, `de_media_id`, `fr_presentation_media_id`, `de_presentation_media_id`, `published`, `created_at`, `updated_at`, `deleted_at`) VALUES
(1, 'a1', '2018-11-28 00:00:00', 46, 46, NULL, NULL, 1, '2018-11-28 00:00:00', '2018-12-20 11:27:00', NULL),
(2, 'a2', '2016-11-28 00:00:00', 46, 46, NULL, NULL, 1, '2018-11-28 00:00:00', '2018-12-20 11:27:44', NULL),
(3, 'a3', '2018-11-28 00:00:00', 46, 46, NULL, NULL, 1, '2018-11-28 00:00:00', '2018-12-20 11:28:15', NULL);

-- --------------------------------------------------------

--
-- Tabellenstruktur für Tabelle `newsletter`
--

CREATE TABLE `newsletter` (
  `id` bigint(20) UNSIGNED NOT NULL,
  `short` varchar(120) COLLATE utf8_bin NOT NULL,
  `name` varchar(120) COLLATE utf8_bin NOT NULL,
  `media_id` bigint(20) UNSIGNED DEFAULT NULL,
  `created_at` datetime NOT NULL,
  `updated_at` datetime NOT NULL,
  `deleted_at` datetime DEFAULT NULL
) ENGINE=InnoDB DEFAULT CHARSET=utf8 COLLATE=utf8_bin;

-- --------------------------------------------------------

--
-- Tabellenstruktur für Tabelle `newsletter_subscriber`
--

CREATE TABLE `newsletter_subscriber` (
  `id` bigint(20) UNSIGNED NOT NULL,
  `email` varchar(255) COLLATE utf8_bin DEFAULT NULL,
  `firstname` varchar(120) COLLATE utf8_bin DEFAULT NULL,
  `lastname` varchar(120) COLLATE utf8_bin DEFAULT NULL,
  `lang` varchar(2) COLLATE utf8_bin DEFAULT NULL,
  `salutation_id` bigint(20) UNSIGNED DEFAULT NULL,
  `newsletter_subscriber_type_id` bigint(20) UNSIGNED DEFAULT NULL,
  `created_at` datetime NOT NULL,
  `updated_at` datetime NOT NULL,
  `deleted_at` datetime DEFAULT NULL
) ENGINE=InnoDB DEFAULT CHARSET=utf8 COLLATE=utf8_bin;

-- --------------------------------------------------------

--
-- Tabellenstruktur für Tabelle `newsletter_subscriber_type`
--

CREATE TABLE `newsletter_subscriber_type` (
  `id` bigint(20) UNSIGNED NOT NULL,
  `short` varchar(120) COLLATE utf8_bin NOT NULL,
  `name` varchar(120) COLLATE utf8_bin NOT NULL,
  `created_at` datetime NOT NULL,
  `updated_at` datetime NOT NULL,
  `deleted_at` datetime DEFAULT NULL
) ENGINE=InnoDB DEFAULT CHARSET=utf8 COLLATE=utf8_bin;

-- --------------------------------------------------------

--
-- Tabellenstruktur für Tabelle `newsletter_translation`
--

CREATE TABLE `newsletter_translation` (
  `id` bigint(20) UNSIGNED NOT NULL DEFAULT '0',
  `title` varchar(120) COLLATE utf8_bin NOT NULL,
  `content_plain` mediumtext COLLATE utf8_bin,
  `content_html` mediumtext COLLATE utf8_bin,
  `lang` char(2) COLLATE utf8_bin NOT NULL DEFAULT '',
  `created_at` datetime NOT NULL,
  `updated_at` datetime NOT NULL,
  `deleted_at` datetime DEFAULT NULL
) ENGINE=InnoDB DEFAULT CHARSET=utf8 COLLATE=utf8_bin;

-- --------------------------------------------------------

--
-- Tabellenstruktur für Tabelle `news_m2n_department`
--

CREATE TABLE `news_m2n_department` (
  `id` bigint(20) UNSIGNED NOT NULL,
  `news_id` bigint(20) UNSIGNED NOT NULL,
  `department_id` bigint(20) UNSIGNED NOT NULL,
  `created_at` datetime NOT NULL,
  `updated_at` datetime NOT NULL,
  `deleted_at` datetime DEFAULT NULL
) ENGINE=InnoDB DEFAULT CHARSET=utf8 COLLATE=utf8_bin;

--
-- Daten für Tabelle `news_m2n_department`
--

INSERT INTO `news_m2n_department` (`id`, `news_id`, `department_id`, `created_at`, `updated_at`, `deleted_at`) VALUES
(1, 1, 1, '2018-12-19 16:26:38', '2018-12-19 16:26:38', NULL),
(2, 2, 1, '2018-12-20 11:27:44', '2018-12-20 11:27:44', NULL),
(3, 3, 1, '2018-12-20 11:28:15', '2018-12-20 11:28:15', NULL),
(4, 1, 2, '2018-12-20 16:35:56', '2018-12-20 16:35:56', NULL),
(5, 1, 4, '2018-12-20 16:35:56', '2018-12-20 16:35:56', NULL),
(7, 1, 3, '2018-12-20 16:35:56', '2018-12-20 16:35:56', NULL);

-- --------------------------------------------------------

--
-- Tabellenstruktur für Tabelle `news_translation`
--

CREATE TABLE `news_translation` (
  `id` bigint(20) UNSIGNED NOT NULL DEFAULT '0',
  `ushort` varchar(120) COLLATE utf8_bin NOT NULL,
  `uname` varchar(120) COLLATE utf8_bin NOT NULL,
  `title` varchar(255) COLLATE utf8_bin DEFAULT NULL,
  `description` mediumtext COLLATE utf8_bin,
  `content` mediumtext COLLATE utf8_bin,
  `lang` char(2) COLLATE utf8_bin NOT NULL DEFAULT '',
  `created_at` datetime NOT NULL,
  `updated_at` datetime NOT NULL,
  `deleted_at` datetime DEFAULT NULL
) ENGINE=InnoDB DEFAULT CHARSET=utf8 COLLATE=utf8_bin;

--
-- Daten für Tabelle `news_translation`
--

INSERT INTO `news_translation` (`id`, `ushort`, `uname`, `title`, `description`, `content`, `lang`, `created_at`, `updated_at`, `deleted_at`) VALUES
(1, 'asd1', 'asd1', 'qwe1', 'aaurepudia nonesciis dolore vel escitatur?<br> mporeicia consendiigolestori occaturia quo id esectatio. Luptate\r\nlabo. Et ut est ut a diaecumque est ut a diaecumque est ut a diaecumque est ut a diaecumque diaecumque andem explaccae lab intibus.', 'aaurepudia nonesciis dolore vel escitatur?<br /> mporeicia consendiigolestor<strong>i occaturia quo</strong> id esectatio. Luptate labo. Et ut est ut a diaecumque est ut a diaecumque est ut a diaecumque est ut a diaecumque diaecumque andem explaccae lab intibus.', 'de', '2018-11-28 11:22:41', '2018-12-20 16:35:56', NULL),
(1, 'asd2', 'asd2', 'qwe2', 'aaurepudia nonesciis dolore vel escitatur?<br> mporeicia consendiigolestori occaturia quo id esectatio. Luptate\r\nlabo. Et ut est ut a diaecumque est ut a diaecumque est ut a diaecumque est ut a diaecumque diaecumque andem explaccae lab intibus.', 'aaurepudia nonesciis dolore vel escitatur?<br /> mporeicia consendiigolestori occaturia quo id esectatio. Luptate labo. Et ut est ut a diaecumque est ut a diaecumque est ut a diaecumque est ut a diaecumque diaecumque andem explaccae lab intibus.', 'en', '2018-11-28 11:22:41', '2018-12-19 16:26:38', NULL),
(2, 'asd3', 'asd3', 'qwe3', 'aaurepudia nonesciis dolore vel escitatur?<br> mporeicia consendiigolestori occaturia quo id esectatio. Luptate\r\nlabo. Et ut est ut a diaecumque est ut a diaecumque est ut a diaecumque est ut a diaecumque diaecumque andem explaccae lab intibus.', 'aaurepudia nonesciis dolore vel escitatur?<br /> mporeicia consendiigolestori occaturia quo id esectatio. Luptate labo. Et ut est ut a diaecumque est ut a diaecumque est ut a diaecumque est ut a diaecumque diaecumque andem explaccae lab intibus.', 'de', '2018-11-28 11:22:41', '2018-12-20 11:27:44', NULL),
(2, 'asd4', 'asd4', 'qwe4', 'aaurepudia nonesciis dolore vel escitatur?<br> mporeicia consendiigolestori occaturia quo id esectatio. Luptate\r\nlabo. Et ut est ut a diaecumque est ut a diaecumque est ut a diaecumque est ut a diaecumque diaecumque andem explaccae lab intibus.', 'aaurepudia nonesciis dolore vel escitatur?<br /> mporeicia consendiigolestori occaturia quo id esectatio. Luptate labo. Et ut est ut a diaecumque est ut a diaecumque est ut a diaecumque est ut a diaecumque diaecumque andem explaccae lab intibus.', 'en', '2018-11-28 11:22:41', '2018-12-20 11:27:44', NULL),
(3, 'asd5', 'asd5', 'qwe5', 'aaurepudia nonesciis dolore vel escitatur?<br> mporeicia consendiigolestori occaturia quo id esectatio. Luptate\r\nlabo. Et ut est ut a diaecumque est ut a diaecumque est ut a diaecumque est ut a diaecumque diaecumque andem explaccae lab intibus.', 'aaurepudia nonesciis dolore vel escitatur?<br /> mporeicia consendiigolestori occaturia quo id esectatio. Luptate labo. Et ut est ut a diaecumque est ut a diaecumque est ut a diaecumque est ut a diaecumque diaecumque andem explaccae lab intibus.', 'de', '2018-11-28 11:22:41', '2018-12-20 11:28:15', NULL),
(3, 'asd6', 'asd6', 'qwe6', 'aaurepudia nonesciis dolore vel escitatur?<br> mporeicia consendiigolestori occaturia quo id esectatio. Luptate\r\nlabo. Et ut est ut a diaecumque est ut a diaecumque est ut a diaecumque est ut a diaecumque diaecumque andem explaccae lab intibus.', 'aaurepudia nonesciis dolore vel escitatur?<br /> mporeicia consendiigolestori occaturia quo id esectatio. Luptate labo. Et ut est ut a diaecumque est ut a diaecumque est ut a diaecumque est ut a diaecumque diaecumque andem explaccae lab intibus.', 'en', '2018-11-28 11:22:41', '2018-12-20 11:28:15', NULL);

-- --------------------------------------------------------

--
-- Tabellenstruktur für Tabelle `otc`
--

CREATE TABLE `otc` (
  `id` bigint(20) UNSIGNED NOT NULL,
  `short` varchar(120) COLLATE utf8_bin NOT NULL,
  `publish_datetime` datetime DEFAULT NULL,
  `fr_media_id` bigint(20) UNSIGNED DEFAULT NULL,
  `de_media_id` bigint(20) UNSIGNED DEFAULT NULL,
  `fr_presentation_media_id` bigint(20) UNSIGNED DEFAULT NULL,
  `de_presentation_media_id` bigint(20) UNSIGNED DEFAULT NULL,
  `published` tinyint(1) DEFAULT '0',
  `created_at` datetime NOT NULL,
  `updated_at` datetime NOT NULL,
  `deleted_at` datetime DEFAULT NULL
) ENGINE=InnoDB DEFAULT CHARSET=utf8 COLLATE=utf8_bin;

--
-- Daten für Tabelle `otc`
--

INSERT INTO `otc` (`id`, `short`, `publish_datetime`, `fr_media_id`, `de_media_id`, `fr_presentation_media_id`, `de_presentation_media_id`, `published`, `created_at`, `updated_at`, `deleted_at`) VALUES
(1, 'protocols', '2018-11-20 00:00:00', 76, 79, NULL, NULL, 1, '2019-01-14 08:16:04', '2019-01-18 08:50:15', NULL);

-- --------------------------------------------------------

--
-- Tabellenstruktur für Tabelle `otc_m2n_department`
--

CREATE TABLE `otc_m2n_department` (
  `id` bigint(20) UNSIGNED NOT NULL,
  `otc_id` bigint(20) UNSIGNED NOT NULL,
  `department_id` bigint(20) UNSIGNED NOT NULL,
  `created_at` datetime NOT NULL,
  `updated_at` datetime NOT NULL,
  `deleted_at` datetime DEFAULT NULL
) ENGINE=InnoDB DEFAULT CHARSET=utf8 COLLATE=utf8_bin;

-- --------------------------------------------------------

--
-- Tabellenstruktur für Tabelle `otc_translation`
--

CREATE TABLE `otc_translation` (
  `id` bigint(20) UNSIGNED NOT NULL DEFAULT '0',
  `ushort` varchar(120) COLLATE utf8_bin NOT NULL,
  `uname` varchar(120) COLLATE utf8_bin NOT NULL,
  `title` varchar(255) COLLATE utf8_bin DEFAULT NULL,
  `description` mediumtext COLLATE utf8_bin,
  `content` mediumtext COLLATE utf8_bin,
  `lang` char(2) COLLATE utf8_bin NOT NULL DEFAULT '',
  `created_at` datetime NOT NULL,
  `updated_at` datetime NOT NULL,
  `deleted_at` datetime DEFAULT NULL
) ENGINE=InnoDB DEFAULT CHARSET=utf8 COLLATE=utf8_bin;

--
-- Daten für Tabelle `otc_translation`
--

INSERT INTO `otc_translation` (`id`, `ushort`, `uname`, `title`, `description`, `content`, `lang`, `created_at`, `updated_at`, `deleted_at`) VALUES
(1, 'protokolle', 'Protokolle', 'OTC vom 20. November 2018 - Protokoll und Präsentation', 'Das letzte Protokoll im abgelaufenen Jahr', 'Dies ist der Inhalt!', 'de', '2019-01-14 08:16:04', '2019-01-18 08:31:51', NULL),
(1, 'protocols', 'Protocols', 'OTC of 20 November 2018 - Minutes and presentation', 'The last protocol of the past year', 'This is the content!', 'en', '2019-01-14 08:16:04', '2019-01-18 08:39:21', NULL),
(1, 'proces-verbaux', 'Procès-verbaux', 'OTC du 20 novembre 2018 - Procès-verbal et présentation', 'Le dernier protocole de l\'année dernière.', 'C\'est le contenu!', 'fr', '2019-01-14 08:16:04', '2019-01-18 08:39:21', NULL);

-- --------------------------------------------------------

--
-- Tabellenstruktur für Tabelle `param_translator`
--

CREATE TABLE `param_translator` (
  `id` bigint(20) UNSIGNED NOT NULL,
  `param` varchar(255) COLLATE utf8_bin NOT NULL,
  `created_at` datetime NOT NULL,
  `updated_at` datetime NOT NULL,
  `deleted_at` datetime DEFAULT NULL
) ENGINE=InnoDB DEFAULT CHARSET=utf8 COLLATE=utf8_bin;

--
-- Daten für Tabelle `param_translator`
--

INSERT INTO `param_translator` (`id`, `param`, `created_at`, `updated_at`, `deleted_at`) VALUES
(1, 'product', '2018-11-26 10:10:41', '2018-11-26 10:10:41', NULL),
(2, 'page', '2018-11-26 10:10:41', '2018-11-26 10:10:41', NULL);

-- --------------------------------------------------------

--
-- Tabellenstruktur für Tabelle `param_translator_translation`
--

CREATE TABLE `param_translator_translation` (
  `id` bigint(20) UNSIGNED NOT NULL DEFAULT '0',
  `uparam` varchar(255) COLLATE utf8_bin NOT NULL,
  `lang` char(2) COLLATE utf8_bin NOT NULL DEFAULT '',
  `created_at` datetime NOT NULL,
  `updated_at` datetime NOT NULL,
  `deleted_at` datetime DEFAULT NULL
) ENGINE=InnoDB DEFAULT CHARSET=utf8 COLLATE=utf8_bin;

--
-- Daten für Tabelle `param_translator_translation`
--

INSERT INTO `param_translator_translation` (`id`, `uparam`, `lang`, `created_at`, `updated_at`, `deleted_at`) VALUES
(1, 'produkt', 'de', '2018-11-26 10:10:41', '2018-11-26 10:10:41', NULL),
(1, 'product', 'en', '2018-11-26 10:10:41', '2018-11-26 10:10:41', NULL),
(1, 'produit', 'fr', '2019-01-04 11:21:11', '2019-01-04 11:21:11', NULL),
(2, 'seite', 'de', '2018-11-26 10:10:41', '2018-11-26 10:10:41', NULL),
(2, 'page', 'en', '2018-11-26 10:10:41', '2018-11-26 10:10:41', NULL),
(2, 'page', 'fr', '2019-01-04 11:21:20', '2019-01-04 11:21:20', NULL);

-- --------------------------------------------------------

--
-- Tabellenstruktur für Tabelle `payment_service`
--

CREATE TABLE `payment_service` (
  `id` bigint(20) UNSIGNED NOT NULL,
  `short` varchar(80) COLLATE utf8_bin NOT NULL,
  `name` varchar(80) COLLATE utf8_bin NOT NULL,
  `visible` tinyint(1) DEFAULT '0',
  `percent` smallint(6) DEFAULT NULL,
  `fixed` decimal(10,2) DEFAULT NULL,
  `cant_be_null` tinyint(1) DEFAULT '0',
  `class_name` varchar(120) COLLATE utf8_bin NOT NULL,
  `need_bank_account_infos` tinyint(1) DEFAULT '0',
  `need_creditcard_infos` tinyint(1) DEFAULT '0',
  `has_internal_review` tinyint(1) DEFAULT '0',
  `has_payment_after_order` tinyint(1) DEFAULT '0',
  `payment_after_delivery` tinyint(1) DEFAULT '0',
  `payment_days` bigint(20) UNSIGNED DEFAULT NULL,
  `media_image_id` bigint(20) UNSIGNED DEFAULT NULL,
  `position` bigint(20) UNSIGNED DEFAULT NULL,
  `created_at` datetime NOT NULL,
  `updated_at` datetime NOT NULL,
  `deleted_at` datetime DEFAULT NULL
) ENGINE=InnoDB DEFAULT CHARSET=utf8 COLLATE=utf8_bin;

-- --------------------------------------------------------

--
-- Tabellenstruktur für Tabelle `payment_service_translation`
--

CREATE TABLE `payment_service_translation` (
  `id` bigint(20) UNSIGNED NOT NULL DEFAULT '0',
  `title` varchar(255) COLLATE utf8_bin NOT NULL,
  `content` mediumtext COLLATE utf8_bin,
  `lang` char(2) COLLATE utf8_bin NOT NULL DEFAULT '',
  `created_at` datetime NOT NULL,
  `updated_at` datetime NOT NULL,
  `deleted_at` datetime DEFAULT NULL
) ENGINE=InnoDB DEFAULT CHARSET=utf8 COLLATE=utf8_bin;

-- --------------------------------------------------------

--
-- Tabellenstruktur für Tabelle `plugin`
--

CREATE TABLE `plugin` (
  `id` bigint(20) UNSIGNED NOT NULL,
  `short` varchar(45) COLLATE utf8_bin NOT NULL,
  `name` varchar(45) COLLATE utf8_bin NOT NULL,
  `description` mediumtext COLLATE utf8_bin NOT NULL,
  `version` varchar(45) COLLATE utf8_bin NOT NULL,
  `author` varchar(255) COLLATE utf8_bin NOT NULL,
  `created_at` datetime NOT NULL,
  `updated_at` datetime NOT NULL,
  `deleted_at` datetime DEFAULT NULL
) ENGINE=InnoDB DEFAULT CHARSET=utf8 COLLATE=utf8_bin;

-- --------------------------------------------------------

--
-- Tabellenstruktur für Tabelle `producer`
--

CREATE TABLE `producer` (
  `id` bigint(20) UNSIGNED NOT NULL,
  `short` varchar(45) COLLATE utf8_bin NOT NULL,
  `name` varchar(255) COLLATE utf8_bin NOT NULL,
  `url` varchar(255) COLLATE utf8_bin DEFAULT NULL,
  `media_image_id` bigint(20) UNSIGNED DEFAULT NULL,
  `description` mediumtext COLLATE utf8_bin,
  `position` bigint(20) UNSIGNED DEFAULT NULL,
  `created_at` datetime NOT NULL,
  `updated_at` datetime NOT NULL,
  `deleted_at` datetime DEFAULT NULL
) ENGINE=InnoDB DEFAULT CHARSET=utf8 COLLATE=utf8_bin;

-- --------------------------------------------------------

--
-- Tabellenstruktur für Tabelle `product`
--

CREATE TABLE `product` (
  `id` bigint(20) UNSIGNED NOT NULL,
  `short` varchar(255) COLLATE utf8_bin NOT NULL,
  `media_image_id` bigint(20) UNSIGNED DEFAULT NULL,
  `media_id` bigint(20) UNSIGNED DEFAULT NULL,
  `product_unit_id` bigint(20) UNSIGNED DEFAULT NULL,
  `taxes_id` bigint(20) UNSIGNED NOT NULL,
  `refund_id` bigint(20) UNSIGNED DEFAULT NULL,
  `producer_id` bigint(20) UNSIGNED DEFAULT NULL,
  `product_number` varchar(25) COLLATE utf8_bin NOT NULL,
  `price` decimal(10,2) DEFAULT NULL,
  `unit_count` bigint(20) UNSIGNED DEFAULT NULL,
  `shipping_cost_factor` bigint(20) DEFAULT NULL,
  `top_product` tinyint(1) DEFAULT '0',
  `sold_out` tinyint(1) DEFAULT '0',
  `hidden` tinyint(1) DEFAULT '0',
  `new` tinyint(1) DEFAULT '0',
  `tip` tinyint(1) DEFAULT '0',
  `product_status_id` bigint(20) UNSIGNED DEFAULT NULL,
  `need_media_upload` tinyint(1) DEFAULT '0',
  `delivery_days` bigint(20) UNSIGNED NOT NULL DEFAULT '0',
  `in_stock` bigint(20) DEFAULT '0',
  `no_stock_change` tinyint(1) DEFAULT '0',
  `created_at` datetime NOT NULL,
  `updated_at` datetime NOT NULL,
  `deleted_at` datetime DEFAULT NULL
) ENGINE=InnoDB DEFAULT CHARSET=utf8 COLLATE=utf8_bin;

-- --------------------------------------------------------

--
-- Tabellenstruktur für Tabelle `products_options`
--

CREATE TABLE `products_options` (
  `id` bigint(20) UNSIGNED NOT NULL,
  `product_id` bigint(20) UNSIGNED NOT NULL,
  `product_options_id` bigint(20) UNSIGNED NOT NULL,
  `position` bigint(20) UNSIGNED DEFAULT NULL,
  `created_at` datetime NOT NULL,
  `updated_at` datetime NOT NULL,
  `deleted_at` datetime DEFAULT NULL
) ENGINE=InnoDB DEFAULT CHARSET=utf8 COLLATE=utf8_bin;

-- --------------------------------------------------------

--
-- Tabellenstruktur für Tabelle `product_group`
--

CREATE TABLE `product_group` (
  `id` bigint(20) UNSIGNED NOT NULL,
  `short` varchar(45) COLLATE utf8_bin NOT NULL,
  `product_group_id` bigint(20) UNSIGNED DEFAULT NULL,
  `media_image_id` bigint(20) UNSIGNED DEFAULT NULL,
  `small_media_image_id` bigint(20) UNSIGNED DEFAULT NULL,
  `show_in_shop` tinyint(1) DEFAULT '0',
  `position` bigint(20) UNSIGNED DEFAULT NULL,
  `created_at` datetime NOT NULL,
  `updated_at` datetime NOT NULL,
  `deleted_at` datetime DEFAULT NULL
) ENGINE=InnoDB DEFAULT CHARSET=utf8 COLLATE=utf8_bin;

-- --------------------------------------------------------

--
-- Tabellenstruktur für Tabelle `product_group_translation`
--

CREATE TABLE `product_group_translation` (
  `id` bigint(20) UNSIGNED NOT NULL DEFAULT '0',
  `description` mediumtext COLLATE utf8_bin,
  `ushort` varchar(120) COLLATE utf8_bin NOT NULL,
  `name` varchar(120) COLLATE utf8_bin NOT NULL,
  `menu_name` varchar(120) COLLATE utf8_bin NOT NULL,
  `title` varchar(120) COLLATE utf8_bin NOT NULL,
  `meta_keywords` varchar(120) COLLATE utf8_bin DEFAULT NULL,
  `meta_title` varchar(120) COLLATE utf8_bin DEFAULT NULL,
  `meta_description` varchar(120) COLLATE utf8_bin DEFAULT NULL,
  `lang` char(2) COLLATE utf8_bin NOT NULL DEFAULT '',
  `created_at` datetime NOT NULL,
  `updated_at` datetime NOT NULL,
  `deleted_at` datetime DEFAULT NULL
) ENGINE=InnoDB DEFAULT CHARSET=utf8 COLLATE=utf8_bin;

-- --------------------------------------------------------

--
-- Tabellenstruktur für Tabelle `product_information`
--

CREATE TABLE `product_information` (
  `id` bigint(20) UNSIGNED NOT NULL,
  `short` varchar(120) COLLATE utf8_bin NOT NULL,
  `name` varchar(120) COLLATE utf8_bin NOT NULL,
  `position` bigint(20) UNSIGNED DEFAULT NULL,
  `created_at` datetime NOT NULL,
  `updated_at` datetime NOT NULL,
  `deleted_at` datetime DEFAULT NULL
) ENGINE=InnoDB DEFAULT CHARSET=utf8 COLLATE=utf8_bin;

-- --------------------------------------------------------

--
-- Tabellenstruktur für Tabelle `product_information_translation`
--

CREATE TABLE `product_information_translation` (
  `id` bigint(20) UNSIGNED NOT NULL DEFAULT '0',
  `menu_name` varchar(120) COLLATE utf8_bin NOT NULL,
  `headline` varchar(120) COLLATE utf8_bin DEFAULT NULL,
  `subheadline` varchar(120) COLLATE utf8_bin DEFAULT NULL,
  `meta_title` varchar(255) COLLATE utf8_bin DEFAULT NULL,
  `meta_keywords` varchar(255) COLLATE utf8_bin DEFAULT NULL,
  `meta_description` varchar(255) COLLATE utf8_bin DEFAULT NULL,
  `content` mediumtext COLLATE utf8_bin,
  `lang` char(2) COLLATE utf8_bin NOT NULL DEFAULT '',
  `created_at` datetime NOT NULL,
  `updated_at` datetime NOT NULL,
  `deleted_at` datetime DEFAULT NULL
) ENGINE=InnoDB DEFAULT CHARSET=utf8 COLLATE=utf8_bin;

-- --------------------------------------------------------

--
-- Tabellenstruktur für Tabelle `product_m2n_media_image`
--

CREATE TABLE `product_m2n_media_image` (
  `id` bigint(20) UNSIGNED NOT NULL,
  `product_id` bigint(20) UNSIGNED NOT NULL,
  `media_image_id` bigint(20) UNSIGNED NOT NULL,
  `position` bigint(20) UNSIGNED DEFAULT NULL,
  `created_at` datetime NOT NULL,
  `updated_at` datetime NOT NULL,
  `deleted_at` datetime DEFAULT NULL
) ENGINE=InnoDB DEFAULT CHARSET=utf8 COLLATE=utf8_bin;

-- --------------------------------------------------------

--
-- Tabellenstruktur für Tabelle `product_m2n_product_group`
--

CREATE TABLE `product_m2n_product_group` (
  `id` bigint(20) UNSIGNED NOT NULL,
  `product_id` bigint(20) UNSIGNED NOT NULL,
  `product_group_id` bigint(20) UNSIGNED NOT NULL,
  `created_at` datetime NOT NULL,
  `updated_at` datetime NOT NULL,
  `deleted_at` datetime DEFAULT NULL
) ENGINE=InnoDB DEFAULT CHARSET=utf8 COLLATE=utf8_bin;

-- --------------------------------------------------------

--
-- Tabellenstruktur für Tabelle `product_m2n_product_option_model`
--

CREATE TABLE `product_m2n_product_option_model` (
  `id` bigint(20) UNSIGNED NOT NULL,
  `product_id` bigint(20) UNSIGNED NOT NULL,
  `product_option_model_id` bigint(20) UNSIGNED NOT NULL,
  `position` bigint(20) DEFAULT NULL,
  `created_at` datetime NOT NULL,
  `updated_at` datetime NOT NULL,
  `deleted_at` datetime DEFAULT NULL
) ENGINE=InnoDB DEFAULT CHARSET=utf8 COLLATE=utf8_bin;

-- --------------------------------------------------------

--
-- Tabellenstruktur für Tabelle `product_m2n_product_option_model_values`
--

CREATE TABLE `product_m2n_product_option_model_values` (
  `id` bigint(20) UNSIGNED NOT NULL,
  `product_m2n_product_option_model_id` bigint(20) UNSIGNED NOT NULL,
  `referenced_id` bigint(20) UNSIGNED DEFAULT NULL,
  `disabled` tinyint(1) DEFAULT '0',
  `price` decimal(10,2) DEFAULT NULL,
  `created_at` datetime NOT NULL,
  `updated_at` datetime NOT NULL,
  `deleted_at` datetime DEFAULT NULL
) ENGINE=InnoDB DEFAULT CHARSET=utf8 COLLATE=utf8_bin;

-- --------------------------------------------------------

--
-- Tabellenstruktur für Tabelle `product_m2n_tag`
--

CREATE TABLE `product_m2n_tag` (
  `id` bigint(20) UNSIGNED NOT NULL,
  `product_id` bigint(20) UNSIGNED NOT NULL,
  `tag_id` bigint(20) UNSIGNED NOT NULL,
  `created_at` datetime NOT NULL,
  `updated_at` datetime NOT NULL,
  `deleted_at` datetime DEFAULT NULL
) ENGINE=InnoDB DEFAULT CHARSET=utf8 COLLATE=utf8_bin;

-- --------------------------------------------------------

--
-- Tabellenstruktur für Tabelle `product_options`
--

CREATE TABLE `product_options` (
  `id` bigint(20) UNSIGNED NOT NULL,
  `short` varchar(45) COLLATE utf8_bin NOT NULL,
  `created_at` datetime NOT NULL,
  `updated_at` datetime NOT NULL,
  `deleted_at` datetime DEFAULT NULL
) ENGINE=InnoDB DEFAULT CHARSET=utf8 COLLATE=utf8_bin;

-- --------------------------------------------------------

--
-- Tabellenstruktur für Tabelle `product_options_amount_liquid`
--

CREATE TABLE `product_options_amount_liquid` (
  `id` bigint(20) UNSIGNED NOT NULL,
  `short` varchar(120) COLLATE utf8_bin NOT NULL,
  `name` varchar(120) COLLATE utf8_bin NOT NULL,
  `position` bigint(20) UNSIGNED DEFAULT NULL,
  `created_at` datetime NOT NULL,
  `updated_at` datetime NOT NULL,
  `deleted_at` datetime DEFAULT NULL
) ENGINE=InnoDB DEFAULT CHARSET=utf8 COLLATE=utf8_bin;

-- --------------------------------------------------------

--
-- Tabellenstruktur für Tabelle `product_options_amount_piece`
--

CREATE TABLE `product_options_amount_piece` (
  `id` bigint(20) UNSIGNED NOT NULL,
  `short` varchar(120) COLLATE utf8_bin NOT NULL,
  `name` varchar(120) COLLATE utf8_bin NOT NULL,
  `position` bigint(20) UNSIGNED DEFAULT NULL,
  `created_at` datetime NOT NULL,
  `updated_at` datetime NOT NULL,
  `deleted_at` datetime DEFAULT NULL
) ENGINE=InnoDB DEFAULT CHARSET=utf8 COLLATE=utf8_bin;

-- --------------------------------------------------------

--
-- Tabellenstruktur für Tabelle `product_options_color`
--

CREATE TABLE `product_options_color` (
  `id` bigint(20) UNSIGNED NOT NULL,
  `short` varchar(120) COLLATE utf8_bin NOT NULL,
  `name` varchar(120) COLLATE utf8_bin NOT NULL,
  `position` bigint(20) UNSIGNED DEFAULT NULL,
  `created_at` datetime NOT NULL,
  `updated_at` datetime NOT NULL,
  `deleted_at` datetime DEFAULT NULL
) ENGINE=InnoDB DEFAULT CHARSET=utf8 COLLATE=utf8_bin;

-- --------------------------------------------------------

--
-- Tabellenstruktur für Tabelle `product_options_form`
--

CREATE TABLE `product_options_form` (
  `id` bigint(20) UNSIGNED NOT NULL,
  `short` varchar(120) COLLATE utf8_bin NOT NULL,
  `name` varchar(120) COLLATE utf8_bin NOT NULL,
  `position` bigint(20) UNSIGNED DEFAULT NULL,
  `created_at` datetime NOT NULL,
  `updated_at` datetime NOT NULL,
  `deleted_at` datetime DEFAULT NULL
) ENGINE=InnoDB DEFAULT CHARSET=utf8 COLLATE=utf8_bin;

-- --------------------------------------------------------

--
-- Tabellenstruktur für Tabelle `product_options_general`
--

CREATE TABLE `product_options_general` (
  `id` bigint(20) UNSIGNED NOT NULL,
  `short` varchar(120) COLLATE utf8_bin NOT NULL,
  `name` varchar(120) COLLATE utf8_bin NOT NULL,
  `position` bigint(20) UNSIGNED DEFAULT NULL,
  `created_at` datetime NOT NULL,
  `updated_at` datetime NOT NULL,
  `deleted_at` datetime DEFAULT NULL
) ENGINE=InnoDB DEFAULT CHARSET=utf8 COLLATE=utf8_bin;

-- --------------------------------------------------------

--
-- Tabellenstruktur für Tabelle `product_options_m2n_product_option_items`
--

CREATE TABLE `product_options_m2n_product_option_items` (
  `id` bigint(20) UNSIGNED NOT NULL,
  `product_options_id` bigint(20) UNSIGNED NOT NULL,
  `product_option_items_id` bigint(20) UNSIGNED NOT NULL,
  `position` bigint(20) UNSIGNED DEFAULT NULL,
  `created_at` datetime NOT NULL,
  `updated_at` datetime NOT NULL,
  `deleted_at` datetime DEFAULT NULL
) ENGINE=InnoDB DEFAULT CHARSET=utf8 COLLATE=utf8_bin;

-- --------------------------------------------------------

--
-- Tabellenstruktur für Tabelle `product_options_measure_circumference`
--

CREATE TABLE `product_options_measure_circumference` (
  `id` bigint(20) UNSIGNED NOT NULL,
  `short` varchar(120) COLLATE utf8_bin NOT NULL,
  `name` varchar(120) COLLATE utf8_bin NOT NULL,
  `position` bigint(20) UNSIGNED DEFAULT NULL,
  `created_at` datetime NOT NULL,
  `updated_at` datetime NOT NULL,
  `deleted_at` datetime DEFAULT NULL
) ENGINE=InnoDB DEFAULT CHARSET=utf8 COLLATE=utf8_bin;

-- --------------------------------------------------------

--
-- Tabellenstruktur für Tabelle `product_options_measure_depth`
--

CREATE TABLE `product_options_measure_depth` (
  `id` bigint(20) UNSIGNED NOT NULL,
  `short` varchar(120) COLLATE utf8_bin NOT NULL,
  `name` varchar(120) COLLATE utf8_bin NOT NULL,
  `position` bigint(20) UNSIGNED DEFAULT NULL,
  `created_at` datetime NOT NULL,
  `updated_at` datetime NOT NULL,
  `deleted_at` datetime DEFAULT NULL
) ENGINE=InnoDB DEFAULT CHARSET=utf8 COLLATE=utf8_bin;

-- --------------------------------------------------------

--
-- Tabellenstruktur für Tabelle `product_options_measure_diameter`
--

CREATE TABLE `product_options_measure_diameter` (
  `id` bigint(20) UNSIGNED NOT NULL,
  `short` varchar(120) COLLATE utf8_bin NOT NULL,
  `name` varchar(120) COLLATE utf8_bin NOT NULL,
  `position` bigint(20) UNSIGNED DEFAULT NULL,
  `created_at` datetime NOT NULL,
  `updated_at` datetime NOT NULL,
  `deleted_at` datetime DEFAULT NULL
) ENGINE=InnoDB DEFAULT CHARSET=utf8 COLLATE=utf8_bin;

-- --------------------------------------------------------

--
-- Tabellenstruktur für Tabelle `product_options_measure_height`
--

CREATE TABLE `product_options_measure_height` (
  `id` bigint(20) UNSIGNED NOT NULL,
  `short` varchar(120) COLLATE utf8_bin NOT NULL,
  `name` varchar(120) COLLATE utf8_bin NOT NULL,
  `position` bigint(20) UNSIGNED DEFAULT NULL,
  `created_at` datetime NOT NULL,
  `updated_at` datetime NOT NULL,
  `deleted_at` datetime DEFAULT NULL
) ENGINE=InnoDB DEFAULT CHARSET=utf8 COLLATE=utf8_bin;

-- --------------------------------------------------------

--
-- Tabellenstruktur für Tabelle `product_options_measure_length`
--

CREATE TABLE `product_options_measure_length` (
  `id` bigint(20) UNSIGNED NOT NULL,
  `short` varchar(120) COLLATE utf8_bin NOT NULL,
  `name` varchar(120) COLLATE utf8_bin NOT NULL,
  `position` bigint(20) UNSIGNED DEFAULT NULL,
  `created_at` datetime NOT NULL,
  `updated_at` datetime NOT NULL,
  `deleted_at` datetime DEFAULT NULL
) ENGINE=InnoDB DEFAULT CHARSET=utf8 COLLATE=utf8_bin;

-- --------------------------------------------------------

--
-- Tabellenstruktur für Tabelle `product_options_measure_width`
--

CREATE TABLE `product_options_measure_width` (
  `id` bigint(20) UNSIGNED NOT NULL,
  `short` varchar(120) COLLATE utf8_bin NOT NULL,
  `name` varchar(120) COLLATE utf8_bin NOT NULL,
  `position` bigint(20) UNSIGNED DEFAULT NULL,
  `created_at` datetime NOT NULL,
  `updated_at` datetime NOT NULL,
  `deleted_at` datetime DEFAULT NULL
) ENGINE=InnoDB DEFAULT CHARSET=utf8 COLLATE=utf8_bin;

-- --------------------------------------------------------

--
-- Tabellenstruktur für Tabelle `product_options_size`
--

CREATE TABLE `product_options_size` (
  `id` bigint(20) UNSIGNED NOT NULL,
  `short` varchar(120) COLLATE utf8_bin NOT NULL,
  `name` varchar(120) COLLATE utf8_bin NOT NULL,
  `position` bigint(20) UNSIGNED DEFAULT NULL,
  `created_at` datetime NOT NULL,
  `updated_at` datetime NOT NULL,
  `deleted_at` datetime DEFAULT NULL
) ENGINE=InnoDB DEFAULT CHARSET=utf8 COLLATE=utf8_bin;

-- --------------------------------------------------------

--
-- Tabellenstruktur für Tabelle `product_options_size_clothes_bra_cup`
--

CREATE TABLE `product_options_size_clothes_bra_cup` (
  `id` bigint(20) UNSIGNED NOT NULL,
  `short` varchar(120) COLLATE utf8_bin NOT NULL,
  `name` varchar(120) COLLATE utf8_bin NOT NULL,
  `position` bigint(20) UNSIGNED DEFAULT NULL,
  `created_at` datetime NOT NULL,
  `updated_at` datetime NOT NULL,
  `deleted_at` datetime DEFAULT NULL
) ENGINE=InnoDB DEFAULT CHARSET=utf8 COLLATE=utf8_bin;

-- --------------------------------------------------------

--
-- Tabellenstruktur für Tabelle `product_options_size_clothes_bra_size`
--

CREATE TABLE `product_options_size_clothes_bra_size` (
  `id` bigint(20) UNSIGNED NOT NULL,
  `short` varchar(120) COLLATE utf8_bin NOT NULL,
  `name` varchar(120) COLLATE utf8_bin NOT NULL,
  `position` bigint(20) UNSIGNED DEFAULT NULL,
  `created_at` datetime NOT NULL,
  `updated_at` datetime NOT NULL,
  `deleted_at` datetime DEFAULT NULL
) ENGINE=InnoDB DEFAULT CHARSET=utf8 COLLATE=utf8_bin;

-- --------------------------------------------------------

--
-- Tabellenstruktur für Tabelle `product_options_size_clothes_general`
--

CREATE TABLE `product_options_size_clothes_general` (
  `id` bigint(20) UNSIGNED NOT NULL,
  `short` varchar(120) COLLATE utf8_bin NOT NULL,
  `name` varchar(120) COLLATE utf8_bin NOT NULL,
  `position` bigint(20) UNSIGNED DEFAULT NULL,
  `created_at` datetime NOT NULL,
  `updated_at` datetime NOT NULL,
  `deleted_at` datetime DEFAULT NULL
) ENGINE=InnoDB DEFAULT CHARSET=utf8 COLLATE=utf8_bin;

-- --------------------------------------------------------

--
-- Tabellenstruktur für Tabelle `product_options_size_clothes_girth`
--

CREATE TABLE `product_options_size_clothes_girth` (
  `id` bigint(20) UNSIGNED NOT NULL,
  `short` varchar(120) COLLATE utf8_bin NOT NULL,
  `name` varchar(120) COLLATE utf8_bin NOT NULL,
  `position` bigint(20) UNSIGNED DEFAULT NULL,
  `created_at` datetime NOT NULL,
  `updated_at` datetime NOT NULL,
  `deleted_at` datetime DEFAULT NULL
) ENGINE=InnoDB DEFAULT CHARSET=utf8 COLLATE=utf8_bin;

-- --------------------------------------------------------

--
-- Tabellenstruktur für Tabelle `product_options_size_shoes`
--

CREATE TABLE `product_options_size_shoes` (
  `id` bigint(20) UNSIGNED NOT NULL,
  `short` varchar(120) COLLATE utf8_bin NOT NULL,
  `name` varchar(120) COLLATE utf8_bin NOT NULL,
  `position` bigint(20) UNSIGNED DEFAULT NULL,
  `created_at` datetime NOT NULL,
  `updated_at` datetime NOT NULL,
  `deleted_at` datetime DEFAULT NULL
) ENGINE=InnoDB DEFAULT CHARSET=utf8 COLLATE=utf8_bin;

-- --------------------------------------------------------

--
-- Tabellenstruktur für Tabelle `product_options_translation`
--

CREATE TABLE `product_options_translation` (
  `id` bigint(20) UNSIGNED NOT NULL DEFAULT '0',
  `title` varchar(150) COLLATE utf8_bin NOT NULL,
  `sub_title` varchar(150) COLLATE utf8_bin NOT NULL,
  `lang` char(2) COLLATE utf8_bin NOT NULL DEFAULT '',
  `created_at` datetime NOT NULL,
  `updated_at` datetime NOT NULL,
  `deleted_at` datetime DEFAULT NULL
) ENGINE=InnoDB DEFAULT CHARSET=utf8 COLLATE=utf8_bin;

-- --------------------------------------------------------

--
-- Tabellenstruktur für Tabelle `product_options_weight`
--

CREATE TABLE `product_options_weight` (
  `id` bigint(20) UNSIGNED NOT NULL,
  `short` varchar(120) COLLATE utf8_bin NOT NULL,
  `name` varchar(120) COLLATE utf8_bin NOT NULL,
  `position` bigint(20) UNSIGNED DEFAULT NULL,
  `created_at` datetime NOT NULL,
  `updated_at` datetime NOT NULL,
  `deleted_at` datetime DEFAULT NULL
) ENGINE=InnoDB DEFAULT CHARSET=utf8 COLLATE=utf8_bin;

-- --------------------------------------------------------

--
-- Tabellenstruktur für Tabelle `product_option_items`
--

CREATE TABLE `product_option_items` (
  `id` bigint(20) UNSIGNED NOT NULL,
  `short` varchar(45) COLLATE utf8_bin NOT NULL,
  `price` decimal(10,2) DEFAULT NULL,
  `media_image_id` bigint(20) UNSIGNED DEFAULT NULL,
  `created_at` datetime NOT NULL,
  `updated_at` datetime NOT NULL,
  `deleted_at` datetime DEFAULT NULL
) ENGINE=InnoDB DEFAULT CHARSET=utf8 COLLATE=utf8_bin;

-- --------------------------------------------------------

--
-- Tabellenstruktur für Tabelle `product_option_items_translation`
--

CREATE TABLE `product_option_items_translation` (
  `id` bigint(20) UNSIGNED NOT NULL DEFAULT '0',
  `name` varchar(150) COLLATE utf8_bin NOT NULL,
  `lang` char(2) COLLATE utf8_bin NOT NULL DEFAULT '',
  `created_at` datetime NOT NULL,
  `updated_at` datetime NOT NULL,
  `deleted_at` datetime DEFAULT NULL
) ENGINE=InnoDB DEFAULT CHARSET=utf8 COLLATE=utf8_bin;

-- --------------------------------------------------------

--
-- Tabellenstruktur für Tabelle `product_option_model`
--

CREATE TABLE `product_option_model` (
  `id` bigint(20) UNSIGNED NOT NULL,
  `short` varchar(120) COLLATE utf8_bin NOT NULL,
  `name` varchar(120) COLLATE utf8_bin NOT NULL,
  `model_name_id` bigint(20) UNSIGNED NOT NULL,
  `position` bigint(20) UNSIGNED DEFAULT NULL,
  `created_at` datetime NOT NULL,
  `updated_at` datetime NOT NULL,
  `deleted_at` datetime DEFAULT NULL
) ENGINE=InnoDB DEFAULT CHARSET=utf8 COLLATE=utf8_bin;

-- --------------------------------------------------------

--
-- Tabellenstruktur für Tabelle `product_option_model_translation`
--

CREATE TABLE `product_option_model_translation` (
  `id` bigint(20) UNSIGNED NOT NULL DEFAULT '0',
  `title` varchar(150) COLLATE utf8_bin NOT NULL,
  `lang` char(2) COLLATE utf8_bin NOT NULL DEFAULT '',
  `created_at` datetime NOT NULL,
  `updated_at` datetime NOT NULL,
  `deleted_at` datetime DEFAULT NULL
) ENGINE=InnoDB DEFAULT CHARSET=utf8 COLLATE=utf8_bin;

-- --------------------------------------------------------

--
-- Tabellenstruktur für Tabelle `product_order`
--

CREATE TABLE `product_order` (
  `id` bigint(20) UNSIGNED NOT NULL,
  `entity_user_id` bigint(20) UNSIGNED DEFAULT NULL,
  `company` varchar(120) COLLATE utf8_bin DEFAULT NULL,
  `firstname` varchar(80) COLLATE utf8_bin DEFAULT NULL,
  `lastname` varchar(80) COLLATE utf8_bin DEFAULT NULL,
  `billing_number` varchar(120) COLLATE utf8_bin DEFAULT NULL,
  `sum_price` decimal(7,2) DEFAULT NULL,
  `shipping_costs` decimal(7,2) DEFAULT NULL,
  `payment_costs` decimal(7,2) DEFAULT NULL,
  `billing_street` varchar(255) COLLATE utf8_bin DEFAULT NULL,
  `billing_street_number` varchar(8) COLLATE utf8_bin DEFAULT NULL,
  `billing_address_line_1` varchar(80) COLLATE utf8_bin DEFAULT NULL,
  `billing_address_line_2` varchar(80) COLLATE utf8_bin DEFAULT NULL,
  `billing_zip` varchar(16) COLLATE utf8_bin DEFAULT NULL,
  `billing_city` varchar(80) COLLATE utf8_bin DEFAULT NULL,
  `billing_country_id` bigint(20) UNSIGNED DEFAULT NULL,
  `email` varchar(255) COLLATE utf8_bin DEFAULT NULL,
  `phone` varchar(80) COLLATE utf8_bin DEFAULT NULL,
  `mobile` varchar(80) COLLATE utf8_bin DEFAULT NULL,
  `comment` mediumtext COLLATE utf8_bin,
  `payment_service_id` bigint(20) UNSIGNED DEFAULT NULL,
  `state_wait_for_payment` tinyint(1) DEFAULT '0',
  `state_dispose` tinyint(1) DEFAULT '0',
  `state_shipped` tinyint(1) DEFAULT '0',
  `delivery_company` varchar(120) COLLATE utf8_bin DEFAULT NULL,
  `delivery_firstname` varchar(45) COLLATE utf8_bin DEFAULT NULL,
  `delivery_lastname` varchar(45) COLLATE utf8_bin DEFAULT NULL,
  `delivery_street` varchar(255) COLLATE utf8_bin DEFAULT NULL,
  `delivery_street_number` varchar(8) COLLATE utf8_bin DEFAULT NULL,
  `delivery_address_line_1` varchar(80) COLLATE utf8_bin DEFAULT NULL,
  `delivery_address_line_2` varchar(80) COLLATE utf8_bin DEFAULT NULL,
  `delivery_zip` varchar(16) COLLATE utf8_bin DEFAULT NULL,
  `delivery_city` varchar(80) COLLATE utf8_bin DEFAULT NULL,
  `delivery_country_id` bigint(20) UNSIGNED DEFAULT NULL,
  `bank_account_name` varchar(80) COLLATE utf8_bin DEFAULT NULL,
  `bank_account_number` varchar(45) COLLATE utf8_bin DEFAULT NULL,
  `bank_account_iban` varchar(120) COLLATE utf8_bin DEFAULT NULL,
  `bank_account_bic` varchar(120) COLLATE utf8_bin DEFAULT NULL,
  `bank_identification_code` varchar(45) COLLATE utf8_bin DEFAULT NULL,
  `bank_name` varchar(80) COLLATE utf8_bin DEFAULT NULL,
  `card_number` varchar(255) COLLATE utf8_bin DEFAULT NULL,
  `valid_to` varchar(255) COLLATE utf8_bin DEFAULT NULL,
  `verification_code` varchar(255) COLLATE utf8_bin DEFAULT NULL,
  `coupon_id` bigint(20) UNSIGNED DEFAULT NULL,
  `note` mediumtext COLLATE utf8_bin,
  `intern_comment` mediumtext COLLATE utf8_bin,
  `cancelled` tinyint(1) DEFAULT '0',
  `order_mail_send` tinyint(1) DEFAULT '0',
  `ship_mail_send` varchar(45) COLLATE utf8_bin DEFAULT NULL,
  `created_at` datetime NOT NULL,
  `updated_at` datetime NOT NULL,
  `deleted_at` datetime DEFAULT NULL
) ENGINE=InnoDB DEFAULT CHARSET=utf8 COLLATE=utf8_bin;

-- --------------------------------------------------------

--
-- Tabellenstruktur für Tabelle `product_order_item`
--

CREATE TABLE `product_order_item` (
  `id` bigint(20) UNSIGNED NOT NULL,
  `product_order_id` bigint(20) UNSIGNED NOT NULL,
  `price` decimal(7,2) DEFAULT NULL,
  `quantity` bigint(20) UNSIGNED DEFAULT NULL,
  `taxes_rate` mediumint(8) UNSIGNED DEFAULT NULL,
  `name` mediumtext COLLATE utf8_bin,
  `product_unit_short` mediumtext COLLATE utf8_bin,
  `product_short` varchar(125) COLLATE utf8_bin DEFAULT NULL,
  `refund_value` decimal(7,2) DEFAULT NULL,
  `product_number` varchar(25) COLLATE utf8_bin DEFAULT NULL,
  `media_image_id` bigint(20) UNSIGNED DEFAULT NULL,
  `media_id` bigint(20) UNSIGNED DEFAULT NULL,
  `delivery_date` date DEFAULT NULL,
  `created_at` datetime NOT NULL,
  `updated_at` datetime NOT NULL,
  `deleted_at` datetime DEFAULT NULL
) ENGINE=InnoDB DEFAULT CHARSET=utf8 COLLATE=utf8_bin;

-- --------------------------------------------------------

--
-- Tabellenstruktur für Tabelle `product_order_item_units`
--

CREATE TABLE `product_order_item_units` (
  `id` bigint(20) UNSIGNED NOT NULL,
  `product_order_item_id` bigint(20) UNSIGNED DEFAULT NULL,
  `form_short` mediumtext COLLATE utf8_bin,
  `form_value` mediumtext COLLATE utf8_bin,
  `created_at` datetime NOT NULL,
  `updated_at` datetime NOT NULL,
  `deleted_at` datetime DEFAULT NULL
) ENGINE=InnoDB DEFAULT CHARSET=utf8 COLLATE=utf8_bin;

-- --------------------------------------------------------

--
-- Tabellenstruktur für Tabelle `product_rating`
--

CREATE TABLE `product_rating` (
  `id` bigint(20) UNSIGNED NOT NULL,
  `product_id` bigint(20) UNSIGNED NOT NULL,
  `rating_counter` bigint(20) UNSIGNED DEFAULT NULL,
  `average` bigint(20) UNSIGNED DEFAULT NULL,
  `summed_ratings` bigint(20) UNSIGNED DEFAULT NULL,
  `created_at` datetime NOT NULL,
  `updated_at` datetime NOT NULL,
  `deleted_at` datetime DEFAULT NULL
) ENGINE=InnoDB DEFAULT CHARSET=utf8 COLLATE=utf8_bin;

-- --------------------------------------------------------

--
-- Tabellenstruktur für Tabelle `product_status`
--

CREATE TABLE `product_status` (
  `id` bigint(20) UNSIGNED NOT NULL,
  `short` varchar(120) COLLATE utf8_bin NOT NULL,
  `name` varchar(120) COLLATE utf8_bin NOT NULL,
  `color_code` varchar(120) COLLATE utf8_bin DEFAULT NULL,
  `created_at` datetime NOT NULL,
  `updated_at` datetime NOT NULL,
  `deleted_at` datetime DEFAULT NULL
) ENGINE=InnoDB DEFAULT CHARSET=utf8 COLLATE=utf8_bin;

-- --------------------------------------------------------

--
-- Tabellenstruktur für Tabelle `product_status_translation`
--

CREATE TABLE `product_status_translation` (
  `id` bigint(20) UNSIGNED NOT NULL DEFAULT '0',
  `info` varchar(120) COLLATE utf8_bin DEFAULT NULL,
  `lang` char(2) COLLATE utf8_bin NOT NULL DEFAULT '',
  `created_at` datetime NOT NULL,
  `updated_at` datetime NOT NULL,
  `deleted_at` datetime DEFAULT NULL
) ENGINE=InnoDB DEFAULT CHARSET=utf8 COLLATE=utf8_bin;

-- --------------------------------------------------------

--
-- Tabellenstruktur für Tabelle `product_translation`
--

CREATE TABLE `product_translation` (
  `id` bigint(20) UNSIGNED NOT NULL DEFAULT '0',
  `ushort` varchar(255) COLLATE utf8_bin NOT NULL,
  `name` varchar(255) COLLATE utf8_bin NOT NULL,
  `title` varchar(255) COLLATE utf8_bin NOT NULL,
  `subtitle` varchar(255) COLLATE utf8_bin DEFAULT NULL,
  `description` mediumtext COLLATE utf8_bin,
  `material` mediumtext COLLATE utf8_bin NOT NULL,
  `meta_title` varchar(255) COLLATE utf8_bin DEFAULT NULL,
  `meta_description` varchar(255) COLLATE utf8_bin DEFAULT NULL,
  `meta_keywords` varchar(255) COLLATE utf8_bin DEFAULT NULL,
  `lang` char(2) COLLATE utf8_bin NOT NULL DEFAULT '',
  `created_at` datetime NOT NULL,
  `updated_at` datetime NOT NULL,
  `deleted_at` datetime DEFAULT NULL
) ENGINE=InnoDB DEFAULT CHARSET=utf8 COLLATE=utf8_bin;

-- --------------------------------------------------------

--
-- Tabellenstruktur für Tabelle `product_unit`
--

CREATE TABLE `product_unit` (
  `id` bigint(20) UNSIGNED NOT NULL,
  `short` varchar(45) COLLATE utf8_bin NOT NULL,
  `created_at` datetime NOT NULL,
  `updated_at` datetime NOT NULL,
  `deleted_at` datetime DEFAULT NULL
) ENGINE=InnoDB DEFAULT CHARSET=utf8 COLLATE=utf8_bin;

-- --------------------------------------------------------

--
-- Tabellenstruktur für Tabelle `product_unit_translation`
--

CREATE TABLE `product_unit_translation` (
  `id` bigint(20) UNSIGNED NOT NULL DEFAULT '0',
  `name` varchar(128) COLLATE utf8_bin NOT NULL,
  `lang` char(2) COLLATE utf8_bin NOT NULL DEFAULT '',
  `created_at` datetime NOT NULL,
  `updated_at` datetime NOT NULL,
  `deleted_at` datetime DEFAULT NULL
) ENGINE=InnoDB DEFAULT CHARSET=utf8 COLLATE=utf8_bin;

-- --------------------------------------------------------

--
-- Tabellenstruktur für Tabelle `protocol`
--

CREATE TABLE `protocol` (
  `id` bigint(20) UNSIGNED NOT NULL,
  `short` varchar(45) COLLATE utf8_bin NOT NULL,
  `name` varchar(45) COLLATE utf8_bin NOT NULL,
  `commission_id` bigint(20) UNSIGNED NOT NULL,
  `publish_datetime` datetime DEFAULT NULL,
  `fr_media_id` bigint(20) UNSIGNED DEFAULT NULL,
  `de_media_id` bigint(20) UNSIGNED DEFAULT NULL,
  `fr_presentation_media_id` bigint(20) UNSIGNED DEFAULT NULL,
  `de_presentation_media_id` bigint(20) UNSIGNED DEFAULT NULL,
  `published` tinyint(1) DEFAULT '0',
  `created_at` datetime NOT NULL,
  `updated_at` datetime NOT NULL,
  `deleted_at` datetime DEFAULT NULL
) ENGINE=InnoDB DEFAULT CHARSET=utf8 COLLATE=utf8_bin;

--
-- Daten für Tabelle `protocol`
--

INSERT INTO `protocol` (`id`, `short`, `name`, `commission_id`, `publish_datetime`, `fr_media_id`, `de_media_id`, `fr_presentation_media_id`, `de_presentation_media_id`, `published`, `created_at`, `updated_at`, `deleted_at`) VALUES
(1, 'protokoll1', 'PROTOKOLL1', 1, '2018-11-01 00:00:00', 46, 46, NULL, NULL, 1, '2018-11-29 00:00:00', '2018-11-29 00:00:00', NULL),
(2, 'protokoll2', 'PROTOKOLL2', 1, '2018-11-02 00:00:00', 46, 46, NULL, NULL, 1, '2018-11-29 00:00:00', '2018-11-29 00:00:00', NULL),
(3, 'protokoll3', 'PROTOKOLL3', 1, '2018-11-03 00:00:00', 46, 46, NULL, NULL, 1, '2018-11-29 00:00:00', '2018-11-29 00:00:00', NULL),
(4, 'protocoll4', 'PROTOKOLL4', 1, '2018-11-04 00:00:00', 46, 46, NULL, NULL, 1, '2018-11-29 00:00:00', '2018-11-29 00:00:00', NULL),
(5, 'protocoll5', 'PROTOKOLL5', 1, '2014-11-05 00:00:00', 46, 46, NULL, NULL, 1, '2018-11-29 00:00:00', '2018-11-29 00:00:00', NULL),
(6, 'it-2018-08', 'IT 2018-08', 5, '2018-08-30 00:00:00', 46, 46, NULL, NULL, 1, '2018-12-20 09:56:52', '2018-12-20 09:57:13', NULL),
(7, 'marketing-2018-10', 'Marketing 2018-10', 4, '2018-10-09 00:00:00', 46, 46, NULL, NULL, 1, '2018-12-20 10:09:21', '2018-12-20 10:09:21', NULL);

-- --------------------------------------------------------

--
-- Tabellenstruktur für Tabelle `protocol_m2n_department`
--

CREATE TABLE `protocol_m2n_department` (
  `id` bigint(20) UNSIGNED NOT NULL,
  `protocol_id` bigint(20) UNSIGNED NOT NULL,
  `department_id` bigint(20) UNSIGNED NOT NULL,
  `created_at` datetime NOT NULL,
  `updated_at` datetime NOT NULL,
  `deleted_at` datetime DEFAULT NULL
) ENGINE=InnoDB DEFAULT CHARSET=utf8 COLLATE=utf8_bin;

--
-- Daten für Tabelle `protocol_m2n_department`
--

INSERT INTO `protocol_m2n_department` (`id`, `protocol_id`, `department_id`, `created_at`, `updated_at`, `deleted_at`) VALUES
(1, 6, 3, '2018-12-20 09:56:52', '2018-12-20 09:56:52', NULL),
(2, 7, 2, '2018-12-20 10:09:21', '2018-12-20 10:09:21', NULL),
(3, 1, 1, '2018-12-20 11:37:11', '2018-12-20 11:37:11', NULL),
(4, 2, 1, '2018-12-20 11:37:50', '2018-12-20 11:37:50', NULL),
(5, 3, 1, '2018-12-20 11:38:09', '2018-12-20 11:38:09', NULL),
(6, 4, 1, '2018-12-20 11:38:29', '2018-12-20 11:38:29', NULL),
(7, 5, 1, '2018-12-20 11:38:52', '2018-12-20 11:38:52', NULL);

-- --------------------------------------------------------

--
-- Tabellenstruktur für Tabelle `protocol_translation`
--

CREATE TABLE `protocol_translation` (
  `id` bigint(20) UNSIGNED NOT NULL DEFAULT '0',
  `title` varchar(45) COLLATE utf8_bin DEFAULT NULL,
  `description` varchar(120) COLLATE utf8_bin DEFAULT NULL,
  `content` mediumtext COLLATE utf8_bin,
  `lang` char(2) COLLATE utf8_bin NOT NULL DEFAULT '',
  `created_at` datetime NOT NULL,
  `updated_at` datetime NOT NULL,
  `deleted_at` datetime DEFAULT NULL
) ENGINE=InnoDB DEFAULT CHARSET=utf8 COLLATE=utf8_bin;

--
-- Daten für Tabelle `protocol_translation`
--

INSERT INTO `protocol_translation` (`id`, `title`, `description`, `content`, `lang`, `created_at`, `updated_at`, `deleted_at`) VALUES
(1, 'PROTOKOLL1', 'aaurepudia nonesciis dolore vel escitatur?<br> mporeicia consendiigolestori occaturia quo id esectatio. Luptate\r\nlabo. E', '<iframe style=\"width: 100%; height: 500px;\" src=\"/mediafile/2018-10-09protokollotcddef_116088.pdf\" width=\"300\" height=\"150\"></iframe>', 'de', '2018-11-29 00:00:00', '2019-01-14 11:09:19', NULL),
(1, 'PROTOKOLL1', 'aaurepudia nonesciis dolore vel escitatur?<br> mporeicia consendiigolestori occaturia quo id esectatio. Luptate\r\nlabo. E', NULL, 'en', '2018-11-29 00:00:00', '2018-12-20 11:37:11', NULL),
(1, NULL, NULL, NULL, 'fr', '2019-01-14 11:09:19', '2019-01-14 11:09:19', NULL),
(2, 'PROTOKOLL2', 'aaurepudia nonesciis dolore vel escitatur?<br> mporeicia consendiigolestori occaturia quo id esectatio. Luptate\r\nlabo. E', NULL, 'de', '2018-11-29 00:00:00', '2018-12-20 11:37:50', NULL),
(2, 'PROTOKOLL2', 'aaurepudia nonesciis dolore vel escitatur?<br> mporeicia consendiigolestori occaturia quo id esectatio. Luptate\r\nlabo. E', NULL, 'en', '2018-11-29 00:00:00', '2018-12-20 11:37:50', NULL),
(3, 'PROTOKOLL3', 'aaurepudia nonesciis dolore vel escitatur?<br> mporeicia consendiigolestori occaturia quo id esectatio. Luptate\r\nlabo. E', NULL, 'de', '2018-11-29 00:00:00', '2018-12-20 11:38:09', NULL),
(3, 'PROTOKOLL3', 'aaurepudia nonesciis dolore vel escitatur?<br> mporeicia consendiigolestori occaturia quo id esectatio. Luptate\r\nlabo. E', NULL, 'en', '2018-11-29 00:00:00', '2018-12-20 11:38:09', NULL),
(3, NULL, NULL, NULL, 'fr', '2019-01-25 10:50:15', '2019-01-25 10:50:15', NULL),
(4, 'PROTOKOLL4', 'aaurepudia nonesciis dolore vel escitatur?<br> mporeicia consendiigolestori occaturia quo id esectatio. Luptate\r\nlabo. E', NULL, 'de', '2018-11-29 00:00:00', '2018-12-20 11:38:29', NULL),
(4, 'PROTOKOLL4', 'aaurepudia nonesciis dolore vel escitatur?<br> mporeicia consendiigolestori occaturia quo id esectatio. Luptate\r\nlabo. E', NULL, 'en', '2018-11-29 00:00:00', '2018-12-20 11:38:29', NULL),
(5, 'PROTOKOLL5', 'aaurepudia nonesciis dolore vel escitatur?<br> mporeicia consendiigolestori occaturia quo id esectatio. Luptate\r\nlabo. E', NULL, 'de', '2018-11-29 00:00:00', '2018-12-20 11:38:52', NULL),
(5, 'PROTOKOLL5', 'aaurepudia nonesciis dolore vel escitatur?<br> mporeicia consendiigolestori occaturia quo id esectatio. Luptate\r\nlabo. E', NULL, 'en', '2018-11-29 00:00:00', '2018-12-20 11:38:52', NULL),
(6, 'IT 2018-08', NULL, NULL, 'de', '2018-12-20 09:56:52', '2018-12-20 09:56:52', NULL),
(6, 'IT 2018-08', NULL, NULL, 'en', '2018-12-20 09:56:52', '2018-12-20 09:56:52', NULL),
(7, 'Marketing 2018-10', NULL, NULL, 'de', '2018-12-20 10:09:21', '2018-12-20 10:09:21', NULL),
(7, 'Marketing 2018-10', NULL, NULL, 'en', '2018-12-20 10:09:21', '2018-12-20 10:09:21', NULL);

-- --------------------------------------------------------

--
-- Tabellenstruktur für Tabelle `refund`
--

CREATE TABLE `refund` (
  `id` bigint(20) UNSIGNED NOT NULL,
  `short` varchar(45) COLLATE utf8_bin NOT NULL,
  `value` decimal(10,2) DEFAULT NULL,
  `name` varchar(80) COLLATE utf8_bin DEFAULT NULL,
  `created_at` datetime NOT NULL,
  `updated_at` datetime NOT NULL,
  `deleted_at` datetime DEFAULT NULL
) ENGINE=InnoDB DEFAULT CHARSET=utf8 COLLATE=utf8_bin;

-- --------------------------------------------------------

--
-- Tabellenstruktur für Tabelle `remember_media_folder`
--

CREATE TABLE `remember_media_folder` (
  `id` bigint(20) UNSIGNED NOT NULL,
  `model_column_name_id` bigint(20) UNSIGNED NOT NULL,
  `entity_id` bigint(20) UNSIGNED NOT NULL,
  `media_folder_id` bigint(20) UNSIGNED NOT NULL,
  `created_at` datetime NOT NULL,
  `updated_at` datetime NOT NULL,
  `deleted_at` datetime DEFAULT NULL
) ENGINE=InnoDB DEFAULT CHARSET=utf8 COLLATE=utf8_bin;

--
-- Daten für Tabelle `remember_media_folder`
--

INSERT INTO `remember_media_folder` (`id`, `model_column_name_id`, `entity_id`, `media_folder_id`, `created_at`, `updated_at`, `deleted_at`) VALUES
(1, 831, 1, 5, '2018-11-26 17:15:36', '2018-11-26 17:15:36', NULL),
(2, 713, 1, 2, '2018-11-26 17:22:57', '2018-11-26 17:22:57', NULL),
(3, 1402, 1, 15, '2018-12-20 09:52:47', '2018-12-20 10:07:59', NULL),
(5, 1404, 1, 16, '2018-12-20 09:53:57', '2018-12-20 10:08:26', NULL),
(6, 1405, 1, 15, '2018-12-20 09:54:03', '2018-12-20 09:54:05', NULL),
(8, 1539, 1, 3, '2018-12-20 10:14:09', '2018-12-20 10:14:10', NULL),
(9, 1600, 1, 16, '2018-12-20 11:26:20', '2018-12-20 11:26:28', NULL),
(10, 1601, 1, 16, '2018-12-20 11:26:34', '2018-12-20 11:26:40', NULL),
(11, 1602, 1, 16, '2018-12-20 11:26:43', '2018-12-20 11:26:47', NULL),
(12, 1603, 1, 16, '2018-12-20 11:26:51', '2018-12-20 11:26:54', NULL),
(13, 1593, 1, 16, '2018-12-20 11:28:50', '2018-12-20 11:28:55', NULL),
(14, 1594, 1, 16, '2018-12-20 11:28:58', '2018-12-20 11:29:03', NULL),
(15, 1595, 1, 16, '2018-12-20 11:29:07', '2018-12-20 11:29:10', NULL),
(16, 1596, 1, 16, '2018-12-20 11:29:17', '2018-12-20 11:29:20', NULL),
(17, 1583, 1, 16, '2018-12-20 11:31:37', '2018-12-20 11:31:41', NULL),
(18, 1584, 1, 16, '2018-12-20 11:32:06', '2018-12-20 11:32:10', NULL),
(19, 1585, 1, 16, '2018-12-20 11:32:14', '2018-12-20 11:32:17', NULL),
(20, 1586, 1, 16, '2018-12-20 11:32:26', '2018-12-20 11:32:32', NULL),
(21, 1601, 2, 20, '2018-12-20 16:34:14', '2018-12-20 16:34:14', NULL),
(22, 1600, 2, 16, '2018-12-20 16:34:25', '2018-12-20 16:34:33', NULL),
(23, 1620, 7, 29, '2019-01-18 08:30:10', '2019-01-18 08:30:10', NULL),
(24, 1621, 7, 30, '2019-01-18 08:30:58', '2019-01-18 08:30:58', NULL),
(25, 1622, 7, 31, '2019-01-18 08:42:38', '2019-01-18 08:42:38', NULL),
(26, 1622, 1, 31, '2019-01-18 12:16:34', '2019-01-18 12:16:34', NULL);

-- --------------------------------------------------------

--
-- Tabellenstruktur für Tabelle `resource_translator`
--

CREATE TABLE `resource_translator` (
  `id` bigint(20) UNSIGNED NOT NULL,
  `resource` varchar(255) COLLATE utf8_bin NOT NULL,
  `created_at` datetime NOT NULL,
  `updated_at` datetime NOT NULL,
  `deleted_at` datetime DEFAULT NULL
) ENGINE=InnoDB DEFAULT CHARSET=utf8 COLLATE=utf8_bin;

--
-- Daten für Tabelle `resource_translator`
--

INSERT INTO `resource_translator` (`id`, `resource`, `created_at`, `updated_at`, `deleted_at`) VALUES
(1, 'default.imprint.index', '2018-11-26 10:10:40', '2018-11-26 10:10:40', NULL),
(2, 'default.privacy-policy.index', '2018-11-26 10:10:40', '2018-11-26 10:10:40', NULL),
(3, 'default.contact.index', '2018-11-26 10:10:41', '2018-11-26 10:10:41', NULL),
(4, 'default.news.index', '2018-11-26 10:10:41', '2018-11-26 10:10:41', NULL),
(5, 'default.news.detail', '2018-11-26 10:10:41', '2018-11-26 10:10:41', NULL),
(6, 'default.news.page', '2018-11-26 10:10:41', '2018-11-26 10:10:41', NULL);

-- --------------------------------------------------------

--
-- Tabellenstruktur für Tabelle `resource_translator_translation`
--

CREATE TABLE `resource_translator_translation` (
  `id` bigint(20) UNSIGNED NOT NULL DEFAULT '0',
  `uresource` varchar(255) COLLATE utf8_bin NOT NULL,
  `lang` char(2) COLLATE utf8_bin NOT NULL DEFAULT '',
  `created_at` datetime NOT NULL,
  `updated_at` datetime NOT NULL,
  `deleted_at` datetime DEFAULT NULL
) ENGINE=InnoDB DEFAULT CHARSET=utf8 COLLATE=utf8_bin;

--
-- Daten für Tabelle `resource_translator_translation`
--

INSERT INTO `resource_translator_translation` (`id`, `uresource`, `lang`, `created_at`, `updated_at`, `deleted_at`) VALUES
(1, 'default.impressum.index', 'de', '2018-11-26 10:10:40', '2018-11-26 10:10:40', NULL),
(1, 'default.imprint.index', 'en', '2018-11-26 10:10:40', '2018-11-26 10:10:40', NULL),
(1, 'default.imprint.index', 'fr', '2019-01-04 11:31:53', '2019-01-04 11:31:53', NULL),
(2, 'default.datenschutz.index', 'de', '2018-11-26 10:10:40', '2018-11-26 10:10:40', NULL),
(2, 'default.privacy-policy.index', 'en', '2018-11-26 10:10:40', '2018-11-26 10:10:40', NULL),
(2, 'default.privacy-policy.index', 'fr', '2019-01-04 11:32:26', '2019-01-04 11:32:26', NULL),
(3, 'default.kontakt.index', 'de', '2018-11-26 10:10:41', '2018-11-26 10:10:41', NULL),
(3, 'default.contact.index', 'en', '2018-11-26 10:10:41', '2018-11-26 10:10:41', NULL),
(3, 'default.contact.index', 'fr', '2019-01-04 11:32:39', '2019-01-04 11:32:39', NULL),
(4, 'default.aktuelles.index', 'de', '2018-11-26 10:10:41', '2018-11-26 10:10:41', NULL),
(4, 'default.news.index', 'en', '2018-11-26 10:10:41', '2018-11-26 10:10:41', NULL),
(4, 'default.news.index', 'fr', '2019-01-04 11:32:52', '2019-01-04 11:32:52', NULL),
(5, 'default.aktuelles.detail', 'de', '2018-11-26 10:10:41', '2018-11-26 10:10:41', NULL),
(5, 'default.news.detail', 'en', '2018-11-26 10:10:41', '2018-11-26 10:10:41', NULL),
(5, 'default.news.detail', 'fr', '2019-01-04 11:33:03', '2019-01-04 11:33:03', NULL),
(6, 'default.aktuelles.seite', 'de', '2018-11-26 10:10:41', '2018-11-26 10:10:41', NULL),
(6, 'default.news.page', 'en', '2018-11-26 10:10:41', '2018-11-26 10:10:41', NULL),
(6, 'default.news.page', 'fr', '2019-01-04 11:33:14', '2019-01-04 11:33:14', NULL);

-- --------------------------------------------------------

--
-- Tabellenstruktur für Tabelle `role`
--

CREATE TABLE `role` (
  `id` int(10) UNSIGNED NOT NULL,
  `short` varchar(16) COLLATE utf8_bin NOT NULL,
  `role_id` int(10) UNSIGNED DEFAULT NULL,
  `disabled` tinyint(1) DEFAULT '0',
  `default_action_resource` varchar(255) COLLATE utf8_bin DEFAULT NULL,
  `created_at` datetime NOT NULL,
  `updated_at` datetime NOT NULL,
  `deleted_at` datetime DEFAULT NULL
) ENGINE=InnoDB DEFAULT CHARSET=utf8 COLLATE=utf8_bin;

--
-- Daten für Tabelle `role`
--

INSERT INTO `role` (`id`, `short`, `role_id`, `disabled`, `default_action_resource`, `created_at`, `updated_at`, `deleted_at`) VALUES
(1, 'admin', NULL, 0, 'system.index.index', '2018-11-26 10:10:24', '2018-11-26 10:10:24', NULL),
(2, 'supervisor', 1, 0, 'admin.index.index', '2018-11-26 10:10:24', '2018-11-26 10:10:24', NULL),
(3, 'author', 2, 0, 'author.index.index', '2018-11-26 10:10:24', '2018-11-26 10:10:24', NULL),
(4, 'translator', 3, 0, 'admin.index.index', '2018-11-26 10:10:24', '2018-11-26 10:10:24', NULL),
(5, 'user', 4, 0, 'default.index.index', '2018-11-26 10:10:24', '2018-11-26 10:10:24', NULL),
(6, 'guest', 5, 0, 'default.index.index', '2018-11-26 10:10:24', '2018-11-26 10:10:24', NULL);

-- --------------------------------------------------------

--
-- Tabellenstruktur für Tabelle `role_translation`
--

CREATE TABLE `role_translation` (
  `id` int(10) UNSIGNED NOT NULL DEFAULT '0',
  `name` varchar(120) COLLATE utf8_bin NOT NULL,
  `description` varchar(255) COLLATE utf8_bin DEFAULT NULL,
  `lang` char(2) COLLATE utf8_bin NOT NULL DEFAULT '',
  `created_at` datetime NOT NULL,
  `updated_at` datetime NOT NULL,
  `deleted_at` datetime DEFAULT NULL
) ENGINE=InnoDB DEFAULT CHARSET=utf8 COLLATE=utf8_bin;

--
-- Daten für Tabelle `role_translation`
--

INSERT INTO `role_translation` (`id`, `name`, `description`, `lang`, `created_at`, `updated_at`, `deleted_at`) VALUES
(1, 'Administrator', NULL, 'de', '2018-11-26 10:10:24', '2018-11-26 10:10:24', NULL),
(1, 'Administrator', NULL, 'en', '2018-11-26 10:10:24', '2018-11-26 10:10:24', NULL),
(2, 'Leiter', NULL, 'de', '2018-11-26 10:10:24', '2018-11-26 10:10:24', NULL),
(2, 'Supervisor', NULL, 'en', '2018-11-26 10:10:24', '2018-11-26 10:10:24', NULL),
(3, 'Autor', NULL, 'de', '2018-11-26 10:10:24', '2018-11-26 10:10:24', NULL),
(3, 'Author', NULL, 'en', '2018-11-26 10:10:24', '2018-11-26 10:10:24', NULL),
(4, 'Übersetzer', NULL, 'de', '2018-11-26 10:10:24', '2018-11-26 10:10:24', NULL),
(4, 'Translator', NULL, 'en', '2018-11-26 10:10:24', '2018-11-26 10:10:24', NULL),
(5, 'Benutzer', NULL, 'de', '2018-11-26 10:10:24', '2018-11-26 10:10:24', NULL),
(5, 'User', NULL, 'en', '2018-11-26 10:10:24', '2018-11-26 10:10:24', NULL),
(6, 'Gast', NULL, 'de', '2018-11-26 10:10:24', '2018-11-26 10:10:24', NULL),
(6, 'Guest', NULL, 'en', '2018-11-26 10:10:24', '2018-11-26 10:10:24', NULL);

-- --------------------------------------------------------

--
-- Tabellenstruktur für Tabelle `sales_statistics`
--

CREATE TABLE `sales_statistics` (
  `id` bigint(20) UNSIGNED NOT NULL,
  `short` varchar(45) COLLATE utf8_bin NOT NULL,
  `name` varchar(45) COLLATE utf8_bin NOT NULL,
  `media_image_id` bigint(20) UNSIGNED NOT NULL,
  `position` bigint(20) UNSIGNED DEFAULT NULL,
  `created_at` datetime NOT NULL,
  `updated_at` datetime NOT NULL,
  `deleted_at` datetime DEFAULT NULL
) ENGINE=InnoDB DEFAULT CHARSET=utf8 COLLATE=utf8_bin;

--
-- Daten für Tabelle `sales_statistics`
--

INSERT INTO `sales_statistics` (`id`, `short`, `name`, `media_image_id`, `position`, `created_at`, `updated_at`, `deleted_at`) VALUES
(1, 'ost', 'Ost', 11, 1, '2018-12-03 11:49:31', '2019-01-25 14:34:26', NULL),
(2, 'mitte', 'Mitte', 11, 2, '2018-12-03 11:49:31', '2019-01-25 14:34:56', NULL),
(3, 'west', 'West', 11, 3, '2018-12-03 11:49:31', '2019-01-25 14:35:33', NULL);

-- --------------------------------------------------------

--
-- Tabellenstruktur für Tabelle `sales_statistics_translation`
--

CREATE TABLE `sales_statistics_translation` (
  `id` bigint(20) UNSIGNED NOT NULL DEFAULT '0',
  `title` varchar(45) COLLATE utf8_bin NOT NULL,
  `description` varchar(120) COLLATE utf8_bin NOT NULL,
  `lang` char(2) COLLATE utf8_bin NOT NULL DEFAULT '',
  `created_at` datetime NOT NULL,
  `updated_at` datetime NOT NULL,
  `deleted_at` datetime DEFAULT NULL
) ENGINE=InnoDB DEFAULT CHARSET=utf8 COLLATE=utf8_bin;

--
-- Daten für Tabelle `sales_statistics_translation`
--

INSERT INTO `sales_statistics_translation` (`id`, `title`, `description`, `lang`, `created_at`, `updated_at`, `deleted_at`) VALUES
(1, 'Ost', 'aurepudia nonesciis dolore vel escitatur?<br>mporeicia consendiigolestori occaturia qu', 'de', '2018-12-03 11:49:31', '2019-01-25 14:34:26', NULL),
(1, 'Waadt', 'aurepudia nonesciis dolore vel escitatur?<br>mporeicia consendiigolestori occaturia qu', 'en', '2018-12-03 11:49:31', '2018-12-20 10:11:02', NULL),
(1, 'Est', 'aurepudia nonesciis dolore vel escitatur?<br>mporeicia consendiigolestori occaturia qu', 'fr', '2019-01-25 14:34:26', '2019-01-25 14:34:26', NULL),
(2, 'Mitte', 'aurepudia nonesciis dolore vel escitatur?<br>mporeicia consendiigolestori occaturia qu', 'de', '2018-12-03 11:49:31', '2019-01-25 14:34:56', NULL),
(2, 'Neuenburg', 'aurepudia nonesciis dolore vel escitatur?<br>mporeicia consendiigolestori occaturia qu', 'en', '2018-12-03 11:49:31', '2018-12-20 10:11:21', NULL),
(2, 'Centre', 'aurepudia nonesciis dolore vel escitatur?<br>mporeicia consendiigolestori occaturia qu', 'fr', '2019-01-25 14:34:56', '2019-01-25 14:34:56', NULL),
(3, 'West', 'aurepudia nonesciis dolore vel escitatur?<br>mporeicia consendiigolestori occaturia qu', 'de', '2018-12-03 11:49:31', '2019-01-25 14:35:33', NULL),
(3, 'Freiburg', 'aurepudia nonesciis dolore vel escitatur?<br>mporeicia consendiigolestori occaturia qu', 'en', '2018-12-03 11:49:31', '2018-12-20 10:11:41', NULL),
(3, 'Ouest', 'aurepudia nonesciis dolore vel escitatur?<br>mporeicia consendiigolestori occaturia qu', 'fr', '2019-01-25 14:35:33', '2019-01-25 14:35:33', NULL);

-- --------------------------------------------------------

--
-- Tabellenstruktur für Tabelle `salutation`
--

CREATE TABLE `salutation` (
  `id` bigint(20) UNSIGNED NOT NULL,
  `disabled` tinyint(1) DEFAULT '0',
  `is_male` tinyint(1) DEFAULT '0',
  `created_at` datetime NOT NULL,
  `updated_at` datetime NOT NULL,
  `deleted_at` datetime DEFAULT NULL
) ENGINE=InnoDB DEFAULT CHARSET=utf8 COLLATE=utf8_bin;

--
-- Daten für Tabelle `salutation`
--

INSERT INTO `salutation` (`id`, `disabled`, `is_male`, `created_at`, `updated_at`, `deleted_at`) VALUES
(1, 0, 0, '2018-11-26 10:10:24', '2018-11-26 10:10:24', NULL),
(2, 0, 1, '2018-11-26 10:10:24', '2018-11-26 10:10:24', NULL);

-- --------------------------------------------------------

--
-- Tabellenstruktur für Tabelle `salutation_translation`
--

CREATE TABLE `salutation_translation` (
  `id` bigint(20) UNSIGNED NOT NULL DEFAULT '0',
  `name` varchar(120) COLLATE utf8_bin NOT NULL,
  `lang` char(2) COLLATE utf8_bin NOT NULL DEFAULT '',
  `created_at` datetime NOT NULL,
  `updated_at` datetime NOT NULL,
  `deleted_at` datetime DEFAULT NULL
) ENGINE=InnoDB DEFAULT CHARSET=utf8 COLLATE=utf8_bin;

--
-- Daten für Tabelle `salutation_translation`
--

INSERT INTO `salutation_translation` (`id`, `name`, `lang`, `created_at`, `updated_at`, `deleted_at`) VALUES
(1, 'Frau', 'de', '2018-11-26 10:10:24', '2018-11-26 10:10:24', NULL),
(1, 'Mrs.', 'en', '2018-11-26 10:10:24', '2018-11-26 10:10:24', NULL),
(2, 'Herr', 'de', '2018-11-26 10:10:24', '2018-11-26 10:10:24', NULL),
(2, 'Mr.', 'en', '2018-11-26 10:10:24', '2018-11-26 10:10:24', NULL);

-- --------------------------------------------------------

--
-- Tabellenstruktur für Tabelle `shipping_cost`
--

CREATE TABLE `shipping_cost` (
  `id` bigint(20) UNSIGNED NOT NULL,
  `short` varchar(45) COLLATE utf8_bin NOT NULL,
  `name` varchar(150) COLLATE utf8_bin NOT NULL,
  `cost` decimal(10,2) DEFAULT NULL,
  `factor` bigint(20) DEFAULT NULL,
  `from_factor` tinyint(1) DEFAULT '0',
  `till_factor` tinyint(1) DEFAULT '0',
  `equal_factor` tinyint(1) DEFAULT '0',
  `created_at` datetime NOT NULL,
  `updated_at` datetime NOT NULL,
  `deleted_at` datetime DEFAULT NULL
) ENGINE=InnoDB DEFAULT CHARSET=utf8 COLLATE=utf8_bin;

-- --------------------------------------------------------

--
-- Tabellenstruktur für Tabelle `shipping_country`
--

CREATE TABLE `shipping_country` (
  `id` bigint(20) UNSIGNED NOT NULL,
  `country_id` bigint(20) UNSIGNED NOT NULL,
  `costs` decimal(7,2) DEFAULT NULL,
  `consistent_costs` tinyint(1) DEFAULT '0',
  `created_at` datetime NOT NULL,
  `updated_at` datetime NOT NULL,
  `deleted_at` datetime DEFAULT NULL
) ENGINE=InnoDB DEFAULT CHARSET=utf8 COLLATE=utf8_bin;

-- --------------------------------------------------------

--
-- Tabellenstruktur für Tabelle `site_config`
--

CREATE TABLE `site_config` (
  `id` bigint(20) UNSIGNED NOT NULL,
  `short` varchar(120) COLLATE utf8_bin NOT NULL,
  `name` varchar(120) COLLATE utf8_bin NOT NULL,
  `value` mediumtext COLLATE utf8_bin,
  `created_at` datetime NOT NULL,
  `updated_at` datetime NOT NULL,
  `deleted_at` datetime DEFAULT NULL
) ENGINE=InnoDB DEFAULT CHARSET=utf8 COLLATE=utf8_bin;

--
-- Daten für Tabelle `site_config`
--

INSERT INTO `site_config` (`id`, `short`, `name`, `value`, `created_at`, `updated_at`, `deleted_at`) VALUES
(1, 'company_name', 'Company Name', 'Verband Schweizer Opel Händler', '2018-11-26 10:10:41', '2019-01-18 17:16:13', NULL),
(2, 'footer_text', 'Footer Text', 'Geschäftstelle Martin Bächtold | Hohlenweg 11b | CH-2564 Bellmund', '2018-11-26 10:10:41', '2019-01-18 17:17:10', NULL),
(3, 'company_address', 'Company Address', 'Hohlenweg 11b | CH-2564 Bellmund', '2018-11-26 10:10:41', '2019-01-18 17:17:48', NULL),
(4, 'google_map_address', 'Google Map Address', 'Hohlenweg 11b | CH-2564 Bellmund', '2018-11-26 10:10:41', '2019-01-18 17:18:10', NULL),
(5, 'location', 'Location', 'Bellmund', '2018-11-26 10:10:41', '2019-01-18 17:18:21', NULL),
(6, 'country', 'Country', 'Schweiz', '2018-11-26 10:10:41', '2019-01-18 17:18:28', NULL),
(7, 'service_hotline', 'Service Hotline', '+41 79 208 44 26', '2018-11-26 10:10:41', '2019-01-18 17:18:43', NULL),
(8, 'fax_number', 'Fax Number', NULL, '2018-11-26 10:10:41', '2019-01-18 17:19:06', NULL),
(9, 'kontoinhaber', 'Kontoinhaber', 'Verband Schweizer Opel Händler', '2018-11-26 10:10:41', '2019-01-18 17:19:24', NULL),
(10, 'blz', 'BLZ', NULL, '2018-11-26 10:10:41', '2019-01-18 17:20:06', NULL),
(11, 'konto', 'Konto', '208-Q0813421.1', '2018-11-26 10:10:41', '2019-01-18 17:20:26', NULL),
(12, 'bankname', 'Bankname', 'UBS Switzerland AG', '2018-11-26 10:10:41', '2019-01-18 17:20:40', NULL),
(13, 'iban', 'IBAN', 'CH96 0020 8208 Q081 3412 1', '2018-11-26 10:10:41', '2019-01-18 17:21:05', NULL),
(14, 'bic', 'BIC', 'UBSWCHZH80A', '2018-11-26 10:10:41', '2019-01-18 17:21:27', NULL),
(15, 'email', 'Email', NULL, '2018-11-26 10:10:41', '2019-01-18 17:21:48', NULL),
(16, 'tax_number', 'Tax Number', 'CHE-116.303.292 MWST', '2018-11-26 10:10:41', '2019-01-18 17:22:11', NULL),
(17, 'owner', 'Owner', 'Verband Schweizer Opel Händler', '2018-11-26 10:10:41', '2019-01-18 17:22:38', NULL),
(18, 'tax_office', 'Tax Office', NULL, '2018-11-26 10:10:41', '2019-01-18 17:22:45', NULL),
(19, 'jurisdiction', 'Jurisdiction', 'Bern', '2018-11-26 10:10:41', '2019-01-18 17:22:52', NULL),
(20, 'commercial_register_number', 'Commercial Register Number', 'CHE-116.303.292', '2018-11-26 10:10:41', '2019-01-18 17:23:15', NULL);

-- --------------------------------------------------------

--
-- Tabellenstruktur für Tabelle `site_rights`
--

CREATE TABLE `site_rights` (
  `id` bigint(20) UNSIGNED NOT NULL,
  `short` varchar(45) COLLATE utf8_bin NOT NULL,
  `name` varchar(45) COLLATE utf8_bin NOT NULL,
  `created_at` datetime NOT NULL,
  `updated_at` datetime NOT NULL,
  `deleted_at` datetime DEFAULT NULL
) ENGINE=InnoDB DEFAULT CHARSET=utf8 COLLATE=utf8_bin;

--
-- Daten für Tabelle `site_rights`
--

INSERT INTO `site_rights` (`id`, `short`, `name`, `created_at`, `updated_at`, `deleted_at`) VALUES
(1, 'imprint', 'imprint', '2018-11-26 10:10:41', '2018-11-26 10:10:41', NULL),
(2, 'privacy', 'privacy', '2018-11-26 10:10:41', '2018-11-26 10:10:41', NULL),
(3, 'terms-and-condition', 'terms-and-condition', '2018-11-26 10:10:41', '2018-11-26 10:10:41', NULL),
(4, 'cancellation-terms', 'cancellation-terms', '2018-11-26 10:10:41', '2018-11-26 10:10:41', NULL),
(5, 'provider-information', 'provider-information', '2018-11-26 10:10:41', '2018-11-26 10:10:41', NULL),
(6, 'shipping', 'shipping', '2018-11-26 10:10:41', '2018-11-26 10:10:41', NULL),
(7, 'terms-of-payment', 'terms-of-payment', '2018-11-26 10:10:41', '2018-11-26 10:10:41', NULL);

-- --------------------------------------------------------

--
-- Tabellenstruktur für Tabelle `site_rights_translation`
--

CREATE TABLE `site_rights_translation` (
  `id` bigint(20) UNSIGNED NOT NULL DEFAULT '0',
  `email_text_plain` mediumtext COLLATE utf8_bin,
  `email_text_html` mediumtext COLLATE utf8_bin,
  `website_text_html` mediumtext COLLATE utf8_bin,
  `lang` char(2) COLLATE utf8_bin NOT NULL DEFAULT '',
  `created_at` datetime NOT NULL,
  `updated_at` datetime NOT NULL,
  `deleted_at` datetime DEFAULT NULL
) ENGINE=InnoDB DEFAULT CHARSET=utf8 COLLATE=utf8_bin;

--
-- Daten für Tabelle `site_rights_translation`
--

INSERT INTO `site_rights_translation` (`id`, `email_text_plain`, `email_text_html`, `website_text_html`, `lang`, `created_at`, `updated_at`, `deleted_at`) VALUES
(1, NULL, NULL, '<h2>Kontaktadresse</h2>\r\n<p>Verband Schweizer Opel H&#228;ndler<br /> Hohlenweg 11b<br /> 2564 Bellmund<br /> Schweiz</p>\r\n<h2>Vertretungsberechtigte Personen</h2>\r\n<p>Martin B&#228;chtold<br /><a href=\"mailto:info@vsoh.ch\"> info@vsoh.ch</a></p>\r\n<h2>Haftungsausschluss</h2>\r\n<p>Der Autor &#252;bernimmt keinerlei Gew&#228;hr hinsichtlich der inhaltlichen Richtigkeit, Genauigkeit, Aktualit&#228;t, Zuverl&#228;ssigkeit und Vollst&#228;ndigkeit der Informationen.</p>\r\n<p>Haftungsanspr&#252;che gegen den Autor wegen Sch&#228;den materieller oder immaterieller Art, welche aus dem Zugriff oder der Nutzung bzw. Nichtnutzung der ver&#246;ffentlichten Informationen, durch Missbrauch der Verbindung oder durch technische St&#246;rungen entstanden sind, werden ausgeschlossen.</p>\r\n<p>Alle Angebote sind unverbindlich. Der Autor beh&#228;lt es sich ausdr&#252;cklich vor, Teile der Seiten oder das gesamte Angebot ohne gesonderte Ank&#252;ndigung zu ver&#228;ndern, zu erg&#228;nzen, zu l&#246;schen oder die Ver&#246;ffentlichung zeitweise oder endg&#252;ltig einzustellen.</p>\r\n<h2>Haftung f&#252;r Links</h2>\r\n<p>Verweise und Links auf Webseiten Dritter liegen ausserhalb unseres Verantwortungsbereichs Es wird jegliche Verantwortung f&#252;r solche Webseiten abgelehnt. Der Zugriff und die Nutzung solcher Webseiten erfolgen auf eigene Gefahr des Nutzers oder der Nutzerin.</p>\r\n<h2>Urheberrechte</h2>\r\n<p>Die Urheber- und alle anderen Rechte an Inhalten, Bildern, Fotos oder anderen Dateien auf der Website geh&#246;ren ausschliesslich dem Verband Schweizer Opel H&#228;ndler oder den speziell genannten Rechtsinhabern. F&#252;r die Reproduktion jeglicher Elemente ist die schriftliche Zustimmung der Urheberrechtstr&#228;ger im Voraus einzuholen.</p>', 'de', '2018-11-26 10:10:41', '2019-01-18 08:22:16', NULL),
(1, NULL, NULL, '<p>On this page, an imprint should be stored. Why not try out the <a class=\"external\" href=\"http://www.e-recht24.de/impressum-generator.html\">imprint generator</a> of eRecht24.</p>', 'en', '2018-11-26 10:10:41', '2018-11-30 13:42:29', NULL),
(1, NULL, NULL, '<h2>Adresse de contact</h2>\r\n<p>Union Suisse Distributeurs Opel<br />Hohlenweg 11b<br />2564 Bellmund<br />Suisse<br /><br /></p>\r\n<h2>Repr&#233;sentant autoris&#233;s</h2>\r\n<p>Martin B&#228;chtold<br /><a href=\"mailto:info@vsoh.ch\">info@vsoh.ch</a></p>\r\n<h2><br />D&#233;n&#233;gation de responsabilit&#233;</h2>\r\n<p>L\'auteur d&#233;cline toute responsabilit&#233; quant &#224; l\'exactitude, la pr&#233;cision, l\'actualit&#233;, la fiabilit&#233; et l\'exhaustivit&#233; des informations mises &#224; disposition.</p>\r\n<p>La responsabilit&#233; de l\'auteur est exclue en cas de dommages mat&#233;riels ou immat&#233;riels r&#233;sultant de l\'acc&#232;s, de l\'utilisation ou de la non-utilisation des informations publi&#233;es, d\'une mauvaise utilisation de la connexion ou de d&#233;faillances techniques.</p>\r\n<p>Toutes les offres sont sans engagement. L\'auteur se r&#233;serve express&#233;ment le droit de modifier, de compl&#233;ter ou d\'effacer des parties des pages ou l\'ensemble de l\'offre sans avis pr&#233;alable ou de cesser temporairement ou d&#233;finitivement la publication.</p>\r\n<h2><br />Responsabilit&#233; pour les liens</h2>\r\n<p>Les r&#233;f&#233;rences et liens vers des sites Internet de tiers ne rel&#232;vent pas de notre responsabilit&#233; et nous d&#233;clinons toute responsabilit&#233; quant &#224; ces sites Internet. L\'acc&#232;s &#224; ces sites Web et leur utilisation se font aux risques et p&#233;rils de l\'utilisateur.<br /><br /></p>\r\n<h2>Droits d\'auteur</h2>\r\n<p>Les droits d\'auteur et tous les autres droits sur le contenu, les images, les photographies ou autres fichiers du site Internet appartiennent exclusivement &#224; l\'Association suisse des concessionnaires Opel ou aux ayants droit express&#233;ment d&#233;sign&#233;s. La reproduction de tout &#233;l&#233;ment doit faire l\'objet d\'une autorisation &#233;crite pr&#233;alable du d&#233;tenteur des droits d\'auteur.</p>\r\n<h2>&#160;</h2>\r\nXX', 'fr', '2019-01-18 08:22:16', '2019-01-20 16:52:05', NULL),
(2, NULL, NULL, '<h1>Datenschutzerkl&#228;rung</h1>\r\n<p>Wir freuen uns, dass Sie unsere Webseiten besuchen und die Leistungen des Verbandes Schweizer Opel H&#228;ndler (VSOH) in Anspruch nehmen wollen.</p>\r\n<p>Der Schutz Ihrer Privatsph&#228;re bei der Nutzung unserer Webseiten ist uns wichtig. Daher nehmen Sie bitte nachstehende Informationen zur Kenntnis:</p>\r\n<h2>1. Datenerhebung</h2>\r\n<p>Da wir unsere Leistungen nur gegen&#252;ber einem exklusiven Benutzerkreis erbringen, k&#246;nnen Sie die Webseiten des VSOH nur besuchen, wenn Sie uns mitteilen, wer Sie sind. Daneben erfahren wir den Namen Ihres Internet Service Providers, die Webseite, von der aus Sie uns besuchen, und die Webseiten, die Sie bei uns besuchen. Diese Informationen werden zu statistischen Zwecken ausgewertet. Dabei bleiben Sie als einzelner Nutzer anonym.</p>\r\n<h2>2. Erhebung und Verarbeitung personenbezogener Daten</h2>\r\n<p>Personenbezogene Daten werden nur erhoben, wenn Sie uns diese von sich aus, zum Beispiel zur Durchf&#252;hrung eines Vertrages, einer Umfrage oder bei der Registrierung f&#252;r personalisierte Dienste mitteilen. Im Rahmen der personalisierten Dienste vom VSOH werden Ihre Registrierungsdaten unter der Voraussetzung Ihrer Einwilligung zum Zwecke von Werbung und Marktforschung sowie zur bedarfsgerechten Gestaltung elektronischer Dienste verarbeitet. Ihre Daten werden innerhalb der Schweiz verarbeitet.</p>\r\n<h2>3. Nutzung und Weitergabe personenbezogener Daten</h2>\r\n<p>Die im Rahmen der Webseiten des VSOH erhobenen personenbezogenen Daten werden ohne Ihre Einwilligung nur zur Vertragsabwicklung und Bearbeitung Ihrer Anfragen genutzt. Dar&#252;ber hinaus erfolgt eine Nutzung Ihrer Daten f&#252;r Zwecke der Werbung und Marktforschung sowie zur bedarfsgerechten Gestaltung der elektronischen Dienste des VSOH nur, wenn Sie hierzu zuvor Ihre Einwilligung erteilt haben.</p>\r\n<p>Da die Einwilligung in die Nutzung Ihrer Daten in die vorgenannten Zwecke auch die &#220;bermittlung Ihrer Daten an die Partnergesellschaften des VSOH und an die von VSOH beauftragten Leistungserbringer umfassen kann, k&#246;nnen Ihre Daten auch an diese Stellen weitergegeben werden. Im &#220;brigen findet keine Weitergabe an sonstige Dritte statt. Ihre jeweilige Einwilligung k&#246;nnen Sie selbstverst&#228;ndlich jederzeit mit Wirkung f&#252;r die Zukunft widerrufen.</p>\r\n<p>Auskunftsersuchen zu Ihren Daten und Anregungen k&#246;nnen Sie jederzeit per E-Mail oder Brief an die unter Kontakt genannte Adresse senden.</p>', 'de', '2018-11-26 10:10:41', '2018-11-30 13:23:23', NULL),
(2, NULL, NULL, '<p>On this page everything should be stored on data protection. Why not try out the <a class=\"external\" href=\"http://www.e-recht24.de/impressum-generator.html\">imprint generator</a> of eRecht24.</p>', 'en', '2018-11-26 10:10:41', '2018-11-30 13:23:23', NULL),
(2, NULL, NULL, '<h1>D&#233;claration de confidentialit&#233;</h1>\r\n<p>Nous nous r&#233;jouissons de votre visite sur notre site Internet et souhaitons b&#233;n&#233;ficier des services de l\'Union Suisse desitributeurs Opel&#160;(VSOH).</p>\r\n<p>La protection de votre vie priv&#233;e lors de l\'utilisation de notre site Web est importante pour nous. Veuillez donc prendre note des informations suivantes:<br /><br /></p>\r\n<h2>1. Collecte de donn&#233;es</h2>\r\n<p>Comme nous ne fournissons nos services qu\'&#224; un groupe exclusif d\'utilisateurs, vous ne pouvez visiter les sites Web de VSOH que si vous nous dites qui vous &#234;tes. Nous apprenons &#233;galement le nom de votre fournisseur d\'acc&#232;s Internet, le site Web &#224; partir duquel vous nous visitez et les pages de notre site Web que vous visitez. Ces informations sont exploit&#233;es &#224; des fins statistiques. Vous restez anonyme en tant qu\'utilisateur individuel.<br /><br /></p>\r\n<h2>2. La collecte et le traitement des donn&#233;es &#224; caract&#232;re personnel</h2>\r\n<p>Les donn&#233;es personnelles ne sont collect&#233;es que si vous nous les fournissez volontairement, par exemple pour l\'ex&#233;cution d\'un contrat, d\'un sondage ou lors de l\'inscription &#224; des services personnalis&#233;s. Dans le cadre des services personnalis&#233;s de VSOH, vos donn&#233;es d\'inscription seront trait&#233;es, sous r&#233;serve de votre consentement, &#224; des fins publicitaires et d\'&#233;tude de march&#233; ainsi que pour la conception de services &#233;lectroniques en fonction des besoins. Vos donn&#233;es seront trait&#233;es en Suisse.<br /><br /></p>\r\n<h2>3. L\'utilisation et la divulgation des donn&#233;es personnelles</h2>\r\n<p>Les donn&#233;es personnelles collect&#233;es sur le site Web de VSOH ne seront utilis&#233;es sans votre consentement que pour le traitement contractuel et le traitement de vos demandes. En outre, vos donn&#233;es ne seront utilis&#233;es qu\'&#224; des fins publicitaires et d\'&#233;tudes de march&#233; et pour concevoir les services &#233;lectroniques de la VSOH afin de r&#233;pondre &#224; vos besoins si vous nous avez donn&#233; votre consentement pr&#233;alable.</p>\r\n<p>Etant donn&#233; que le consentement &#224; l\'utilisation de vos donn&#233;es aux fins susmentionn&#233;es peut &#233;galement inclure le transfert de vos donn&#233;es aux entreprises partenaires de VSOH et aux prestataires de services mandat&#233;s par VSOH, vos donn&#233;es peuvent &#233;galement &#234;tre transmises &#224; ces parties. Pour le reste, aucune transmission &#224; des tiers n\'a lieu. Bien entendu, vous pouvez &#224; tout moment r&#233;voquer votre consentement respectif avec effet pour l\'avenir.</p>\r\n<p>Vous pouvez &#224; tout moment envoyer vos demandes d\'information sur vos donn&#233;es et suggestions par e-mail ou par courrier &#224; l\'adresse indiqu&#233;e sous Contact.</p>', 'fr', '2019-01-18 08:22:25', '2019-01-20 16:52:23', NULL),
(3, NULL, NULL, '<h1>Nutzungsbedingungen</h1>\r\n<h2>1. Allgemeines</h2>\r\n<p>Diese Web-Site ist Gegenstand der nachfolgenden Nutzungsbedingungen, die im Verh&#228;ltnis zwischen Nutzer und dem Verband Schweizer Opel H&#228;ndler (nachfolgend Diensteanbieter genannt) mit dem Aufruf dieser Web-Site verbindlich vereinbart sind. Soweit spezielle Bedingungen f&#252;r einzelne Nutzungen dieser Web-Site von den Nutzungsbedingungen abweichen, wird in der Web-Site an entsprechender Stelle ausdr&#252;cklich darauf hingewiesen. Es gelten dann im jeweiligen Einzelfall erg&#228;nzend die besonderen Nutzungsbedingungen.<br /><br /></p>\r\n<h2>2. Herunterladen / Vervielf&#228;ltigung</h2>\r\n<p>Diese Web-Site beinhaltet Daten und Informationen aller Art, die marken und/oder urheberrechtlich zugunsten des Diensteanbieters oder im Einzelfall auch zugunsten Dritter gesch&#252;tzt sind. Es ist daher nicht gestattet, die Web-Site im ganzen oder einzelne Teile davon herunterzuladen, zu vervielf&#228;ltigen und zu verbreiten. Das grunds&#228;tzliche Verbot des Herunterladens der ganzen Web-Site oder einzelner Teile bezieht sich nicht auf ausdr&#252;cklich vom Diensteanbieter zum Download eingestellte Daten, Dokumente, Formulare etc. Gestattet sind weiter die technisch bedingte Vervielf&#228;ltigung zum Zwecke des Browsing, soweit diese Handlung keinen wirtschaftlichen Zwecken dient, sowie die dauerhafte Vervielf&#228;ltigung f&#252;r den eigenen Gebrauch.<br /><br /></p>\r\n<h2>3. Setzen eines Link, Frames</h2>\r\n<p>Es ist gestattet, einen Link auf diese Web-Site zu setzen, soweit er allein der Querreferenz dient. Der Diensteanbieter beh&#228;lt sich das Recht vor, die Gestattung zu widerrufen. Das Framen dieser Web-Site ist nicht gestattet.<br /><br /></p>\r\n<h2>4. Haftung</h2>\r\n<p>Der Diensteanbieter &#252;bernimmt die Haftung f&#252;r die Inhalte seiner Web-Site gem&#228;&#223; den gesetzlichen Bestimmungen. Eine Gew&#228;hr f&#252;r Richtigkeit und Vollst&#228;ndikeit der auf der Web-Site befindlichen Informationen wird nicht &#252;bernommen. Verweise und Links auf Web-Sites Dritter bedeuten nicht, dass sich der Diensteanbieter die hinter dem Verweis oder Link liegenden Inhalte zu eigen macht. Die Inhalte begr&#252;nden keine Verantwortung des Diensteanbieters f&#252;r die dort bereit gehaltenen Daten und Informationen, es sei denn, der Diensteanbieter hat von den Inhalten Kenntnis und es ist ihm technisch m&#246;glich und zumutbar, die Nutzung des Links im Falle rechtswidriger Inhalte zu verhindern. Der Diensteanbieter hat keinen Einflu&#223; auf die hinter dem Link liegenden Inhalte. F&#252;r rechtswidrige, fehlerhafte oder unvollst&#228;ndige Inhalte und Sch&#228;den, die aufgrund der Nutzung von einem hinter dem Link liegenden Inhalt verursacht worden sind, haftet der Diensteanbieter daher nicht.</p>\r\n<p>Die Nutzung des Internets erfolgt auf eigene Gefahr des Nutzers. Der Diensteanbieter haftet vor allem nicht f&#252;r den technisch bedingten Ausfall des Internets bzw. des Zugangs zum Internet.<br /><br /></p>\r\n<h2>5. Gerichtsstand, anwendbares Recht</h2>\r\n<p>Gerichtsstand ist, soweit gesetzlich zul&#228;ssig, am Sitz des Diensteanbieters (Bern). Schweizer Recht ist anwendbar.<br /><br /></p>\r\n<h2>6. Anpassung, salvatorische Klausel</h2>\r\n<p>Der Diensteanbieter beh&#228;lt sich das Recht vor, diese Nutzungbedingungen von Zeit zu Zeit zu modifizieren und sie der technischen sowie rechtlichen Entwicklung anzupassen. Im Falle der Unwirksamkeit einzelner Regelungen dieser Nutzungsvereinbarung bleibt die Wirksamkeit im &#220;brigen unber&#252;hrt. Anstelle der unwirksamen Bestimmung tritt eine Bestimmung, die dem wirtschaftlichen Sinn und Zweck der unwirksamen Regelung am n&#228;chsten kommt. Entsprechendes gilt im Falle einer L&#252;cke in diesen Nutzungsbedingungen.</p>', 'de', '2018-11-26 10:10:41', '2019-01-20 16:53:14', NULL),
(3, NULL, NULL, '<p>On this page everything should be stored on terms and conditions. Why not try out the <a class=\"external\" href=\"http://www.e-recht24.de/impressum-generator.html\">imprint generator</a> of eRecht24.</p>', 'en', '2018-11-26 10:10:41', '2018-11-30 15:15:15', NULL),
(3, NULL, NULL, '<h1>Conditions d\'utilisation</h1>\r\n<h2>1. G&#233;n&#233;ral</h2>\r\n<p>Ce site Web est soumis aux conditions d\'utilisation suivantes, qui sont convenues entre l\'utilisateur et l\'Union Suisse Distributeurs Opel&#160;(ci-apr&#232;s d&#233;nomm&#233;e \"le fournisseur de services\") lors de la consultation de ce site Web. Dans la mesure o&#249; des conditions particuli&#232;res pour des utilisations individuelles de ce site Web divergent des conditions d\'utilisation, cela sera express&#233;ment indiqu&#233; &#224; l\'endroit appropri&#233; sur le site Web. Les conditions d\'utilisation particuli&#232;res s\'appliquent en outre dans chaque cas particulier.<br /><br /></p>\r\n<h2>2. T&#233;l&#233;chargement / Duplication</h2>\r\n<p>Ce site Web contient des donn&#233;es et des informations de toutes sortes qui sont prot&#233;g&#233;es par des marques et/ou des droits d\'auteur en faveur du prestataire de services ou, dans certains cas, &#233;galement en faveur de tiers. Il est donc interdit de t&#233;l&#233;charger, reproduire ou distribuer le site web en tout ou en partie. L\'interdiction g&#233;n&#233;rale de t&#233;l&#233;charger l\'ensemble du site Web ou certaines parties de celui-ci ne s\'applique pas aux donn&#233;es, documents, formulaires, etc. mis express&#233;ment &#224; disposition pour t&#233;l&#233;chargement par le prestataire de services. En outre, la reproduction techniquement n&#233;cessaire &#224; des fins de navigation est autoris&#233;e, pour autant qu\'elle ne serve pas &#224; des fins &#233;conomiques, de m&#234;me que la reproduction permanente &#224; des fins personnelles.<br /><br /></p>\r\n<h2>3. La mise en place d\'un lien, des images</h2>\r\n<p>Il est permis d\'&#233;tablir un lien vers ce site Web &#224; condition qu\'il ne serve que de r&#233;f&#233;rence crois&#233;e. Le fournisseur de services se r&#233;serve le droit de r&#233;voquer l\'autorisation. Le cadrage de ce site Web n\'est pas autoris&#233;.<br /><br /></p>\r\n<h2>4. Responsabilit&#233;</h2>\r\n<p>Le prestataire de services assume la responsabilit&#233; du contenu de son site Web conform&#233;ment aux dispositions l&#233;gales. Une garantie pour l\'exactitude et l\'exhaustivit&#233; des informations sur le site n\'est pas prise en charge. Les r&#233;f&#233;rences et les liens vers des sites Web tiers ne signifient pas que le fournisseur de services adopte le contenu derri&#232;re la r&#233;f&#233;rence ou le lien comme s\'il s\'agissait du sien. Les contenus ne sauraient engager la responsabilit&#233; du prestataire de services pour les donn&#233;es et informations qui y sont fournies, &#224; moins que le prestataire de services n\'en ait connaissance et qu\'il lui soit techniquement possible et raisonnable d\'emp&#234;cher l\'utilisation du lien en cas de contenus illicites. Le prestataire de services n\'a aucune influence sur le contenu des liens. Le prestataire de services n\'est donc pas responsable des contenus ill&#233;gaux, erron&#233;s ou incomplets et des dommages caus&#233;s par l\'utilisation des contenus derri&#232;re les liens.</p>\r\n<p>L\'utilisation d\'Internet se fait aux risques et p&#233;rils de l\'utilisateur. En particulier, le fournisseur de services n\'est pas responsable de la d&#233;faillance technique de l\'Internet ou de l\'acc&#232;s &#224; l\'Internet.<br /><br /></p>\r\n<h2>5. Lieu de juridiction, droit applicable</h2>\r\n<p>Le for juridique est, dans la mesure o&#249; la loi l\'autorise, le si&#232;ge du prestataire de services (Berne). Le droit suisse est applicable.<br /><br /></p>\r\n<h2>6. Ajustement, clause de divisibilit&#233;</h2>\r\n<p>Le Prestataire se r&#233;serve le droit de modifier les pr&#233;sentes Conditions d\'utilisation de temps &#224; autre et de les adapter aux &#233;volutions techniques et juridiques. En cas de nullit&#233; de certaines dispositions du pr&#233;sent contrat d\'utilisation, la validit&#233; des autres dispositions n\'en sera pas affect&#233;e. La disposition invalide doit &#234;tre remplac&#233;e par une disposition qui se rapproche le plus possible du sens et de l\'objet &#233;conomique de la disposition invalide. Il en va de m&#234;me en cas de lacune dans les pr&#233;sentes conditions d\'utilisation.</p>', 'fr', '2019-01-18 08:22:36', '2019-01-20 16:53:14', NULL),
(4, NULL, NULL, '<p>Auf dieser Seite sollte alles zur Widerrufsbelehrung hinterlegt sein. Probieren Sie doch den <a class=\"external\" href=\"http://www.e-recht24.de/impressum-generator.html\">Impressum Generator</a> von eRecht24 aus.</p>', 'de', '2018-11-26 10:10:41', '2019-01-18 08:22:50', NULL),
(4, NULL, NULL, '<p>On this page everything should be stored on cancellation terms. Why not try out the <a class=\"external\" href=\"http://www.e-recht24.de/impressum-generator.html\">imprint generator</a> of eRecht24.</p>', 'en', '2018-11-26 10:10:41', '2019-01-18 08:22:50', NULL),
(4, NULL, NULL, NULL, 'fr', '2019-01-18 08:22:50', '2019-01-18 08:22:50', NULL),
(5, NULL, NULL, '<p>Auf dieser Seite sollten alle Informationen zum Anbieter hinterlegt sein. Probieren Sie doch den <a class=\"external\" href=\"http://www.e-recht24.de/impressum-generator.html\">Impressum Generator</a> von eRecht24 aus.</p>', 'de', '2018-11-26 10:10:41', '2019-01-18 08:22:56', NULL),
(5, NULL, NULL, '<p>On this page everything should be stored on the provider information. Why not try out the <a class=\"external\" href=\"http://www.e-recht24.de/impressum-generator.html\">imprint generator</a> of eRecht24.</p>', 'en', '2018-11-26 10:10:41', '2019-01-18 08:22:56', NULL),
(5, NULL, NULL, NULL, 'fr', '2019-01-18 08:22:56', '2019-01-18 08:22:56', NULL),
(6, NULL, NULL, '<p>Auf dieser Seite sollte alles zum Versand hinterlegt sein. Probieren Sie doch den <a class=\"external\" href=\"http://www.e-recht24.de/impressum-generator.html\">Impressum Generator</a> von eRecht24 aus.</p>', 'de', '2018-11-26 10:10:41', '2019-01-18 08:23:03', NULL),
(6, NULL, NULL, '<p>On this page everything should be stored on shipping. Why not try out the <a class=\"external\" href=\"http://www.e-recht24.de/impressum-generator.html\">imprint generator</a> of eRecht24.</p>', 'en', '2018-11-26 10:10:41', '2019-01-18 08:23:03', NULL),
(6, NULL, NULL, NULL, 'fr', '2019-01-18 08:23:03', '2019-01-18 08:23:03', NULL),
(7, NULL, NULL, '<p>Auf dieser Seite sollte alles zu den Zahlungsbedingungen hinterlegt sein. Probieren Sie doch den <a class=\"external\" href=\"http://www.e-recht24.de/impressum-generator.html\">Impressum Generator</a> von eRecht24 aus.</p>', 'de', '2018-11-26 10:10:41', '2019-01-18 08:23:10', NULL),
(7, NULL, NULL, '<p>On this page everything should be stored on terms of payment. Why not try out the <a class=\"external\" href=\"http://www.e-recht24.de/impressum-generator.html\">imprint generator</a> of eRecht24.</p>', 'en', '2018-11-26 10:10:41', '2019-01-18 08:23:10', NULL),
(7, NULL, NULL, NULL, 'fr', '2019-01-18 08:23:10', '2019-01-18 08:23:10', NULL);

-- --------------------------------------------------------

--
-- Tabellenstruktur für Tabelle `tag`
--

CREATE TABLE `tag` (
  `id` bigint(20) UNSIGNED NOT NULL,
  `short` varchar(120) COLLATE utf8_bin NOT NULL,
  `name` varchar(120) COLLATE utf8_bin NOT NULL,
  `created_at` datetime NOT NULL,
  `updated_at` datetime NOT NULL,
  `deleted_at` datetime DEFAULT NULL
) ENGINE=InnoDB DEFAULT CHARSET=utf8 COLLATE=utf8_bin;

-- --------------------------------------------------------

--
-- Tabellenstruktur für Tabelle `taxes`
--

CREATE TABLE `taxes` (
  `id` bigint(20) UNSIGNED NOT NULL,
  `value` smallint(5) UNSIGNED NOT NULL,
  `name` varchar(45) COLLATE utf8_bin DEFAULT NULL,
  `created_at` datetime NOT NULL,
  `updated_at` datetime NOT NULL,
  `deleted_at` datetime DEFAULT NULL
) ENGINE=InnoDB DEFAULT CHARSET=utf8 COLLATE=utf8_bin;

-- --------------------------------------------------------

--
-- Tabellenstruktur für Tabelle `team`
--

CREATE TABLE `team` (
  `id` bigint(20) UNSIGNED NOT NULL,
  `short` varchar(120) COLLATE utf8_bin NOT NULL,
  `name` varchar(120) COLLATE utf8_bin NOT NULL,
  `media_image_id` bigint(20) UNSIGNED DEFAULT NULL,
  `position` bigint(20) UNSIGNED DEFAULT NULL,
  `created_at` datetime NOT NULL,
  `updated_at` datetime NOT NULL,
  `deleted_at` datetime DEFAULT NULL
) ENGINE=InnoDB DEFAULT CHARSET=utf8 COLLATE=utf8_bin;

-- --------------------------------------------------------

--
-- Tabellenstruktur für Tabelle `team_translation`
--

CREATE TABLE `team_translation` (
  `id` bigint(20) UNSIGNED NOT NULL DEFAULT '0',
  `title` varchar(120) COLLATE utf8_bin DEFAULT NULL,
  `content` mediumtext COLLATE utf8_bin,
  `lang` char(2) COLLATE utf8_bin NOT NULL DEFAULT '',
  `created_at` datetime NOT NULL,
  `updated_at` datetime NOT NULL,
  `deleted_at` datetime DEFAULT NULL
) ENGINE=InnoDB DEFAULT CHARSET=utf8 COLLATE=utf8_bin;

-- --------------------------------------------------------

--
-- Tabellenstruktur für Tabelle `temporary_offer`
--

CREATE TABLE `temporary_offer` (
  `id` bigint(20) UNSIGNED NOT NULL,
  `from_date` datetime NOT NULL,
  `till_date` datetime NOT NULL,
  `product_id` bigint(20) UNSIGNED NOT NULL,
  `price` decimal(10,2) NOT NULL,
  `created_at` datetime NOT NULL,
  `updated_at` datetime NOT NULL,
  `deleted_at` datetime DEFAULT NULL
) ENGINE=InnoDB DEFAULT CHARSET=utf8 COLLATE=utf8_bin;

-- --------------------------------------------------------

--
-- Tabellenstruktur für Tabelle `territory`
--

CREATE TABLE `territory` (
  `id` bigint(20) UNSIGNED NOT NULL,
  `iso_nr` bigint(20) UNSIGNED NOT NULL,
  `territory_iso_nr` bigint(20) UNSIGNED DEFAULT NULL,
  `created_at` datetime NOT NULL,
  `updated_at` datetime NOT NULL,
  `deleted_at` datetime DEFAULT NULL
) ENGINE=InnoDB DEFAULT CHARSET=utf8 COLLATE=utf8_bin;

--
-- Daten für Tabelle `territory`
--

INSERT INTO `territory` (`id`, `iso_nr`, `territory_iso_nr`, `created_at`, `updated_at`, `deleted_at`) VALUES
(1, 2, NULL, '2018-11-26 10:10:28', '2018-11-26 10:10:28', NULL),
(2, 9, NULL, '2018-11-26 10:10:28', '2018-11-26 10:10:28', NULL),
(3, 19, NULL, '2018-11-26 10:10:28', '2018-11-26 10:10:28', NULL),
(4, 142, NULL, '2018-11-26 10:10:28', '2018-11-26 10:10:28', NULL),
(5, 150, NULL, '2018-11-26 10:10:28', '2018-11-26 10:10:28', NULL),
(6, 30, 142, '2018-11-26 10:10:28', '2018-11-26 10:10:28', NULL),
(7, 35, 142, '2018-11-26 10:10:28', '2018-11-26 10:10:28', NULL),
(8, 143, 142, '2018-11-26 10:10:28', '2018-11-26 10:10:28', NULL),
(9, 145, 142, '2018-11-26 10:10:28', '2018-11-26 10:10:28', NULL),
(10, 39, 150, '2018-11-26 10:10:28', '2018-11-26 10:10:28', NULL),
(11, 151, 150, '2018-11-26 10:10:28', '2018-11-26 10:10:28', NULL),
(12, 154, 150, '2018-11-26 10:10:28', '2018-11-26 10:10:28', NULL),
(13, 155, 150, '2018-11-26 10:10:28', '2018-11-26 10:10:28', NULL),
(16, 5, 19, '2018-11-26 10:10:28', '2018-11-26 10:10:28', NULL),
(17, 13, 19, '2018-11-26 10:10:28', '2018-11-26 10:10:28', NULL),
(18, 21, 19, '2018-11-26 10:10:28', '2018-11-26 10:10:28', NULL),
(19, 29, 19, '2018-11-26 10:10:28', '2018-11-26 10:10:28', NULL),
(20, 11, 2, '2018-11-26 10:10:28', '2018-11-26 10:10:28', NULL),
(21, 14, 2, '2018-11-26 10:10:28', '2018-11-26 10:10:28', NULL),
(22, 15, 2, '2018-11-26 10:10:28', '2018-11-26 10:10:28', NULL),
(23, 17, 2, '2018-11-26 10:10:28', '2018-11-26 10:10:28', NULL),
(24, 18, 2, '2018-11-26 10:10:28', '2018-11-26 10:10:28', NULL),
(25, 53, 9, '2018-11-26 10:10:28', '2018-11-26 10:10:28', NULL),
(26, 54, 9, '2018-11-26 10:10:28', '2018-11-26 10:10:28', NULL),
(27, 57, 9, '2018-11-26 10:10:28', '2018-11-26 10:10:28', NULL),
(28, 61, 9, '2018-11-26 10:10:28', '2018-11-26 10:10:28', NULL),
(30, 34, 142, '2018-11-26 10:10:28', '2018-11-26 10:10:28', NULL);

-- --------------------------------------------------------

--
-- Tabellenstruktur für Tabelle `territory_translation`
--

CREATE TABLE `territory_translation` (
  `id` bigint(20) UNSIGNED NOT NULL DEFAULT '0',
  `name` varchar(255) COLLATE utf8_bin NOT NULL,
  `lang` char(2) COLLATE utf8_bin NOT NULL DEFAULT '',
  `created_at` datetime NOT NULL,
  `updated_at` datetime NOT NULL,
  `deleted_at` datetime DEFAULT NULL
) ENGINE=InnoDB DEFAULT CHARSET=utf8 COLLATE=utf8_bin;

--
-- Daten für Tabelle `territory_translation`
--

INSERT INTO `territory_translation` (`id`, `name`, `lang`, `created_at`, `updated_at`, `deleted_at`) VALUES
(1, 'Afrika', 'de', '2018-11-26 10:10:28', '2018-11-26 10:10:28', NULL),
(1, 'Africa', 'en', '2018-11-26 10:10:28', '2018-11-26 10:10:28', NULL),
(2, 'Ozeanien', 'de', '2018-11-26 10:10:28', '2018-11-26 10:10:28', NULL),
(2, 'Oceania', 'en', '2018-11-26 10:10:28', '2018-11-26 10:10:28', NULL),
(3, 'Nord-, Mittel- und Südamerika', 'de', '2018-11-26 10:10:28', '2018-11-26 10:10:28', NULL),
(3, 'Americas', 'en', '2018-11-26 10:10:28', '2018-11-26 10:10:28', NULL),
(4, 'Asien', 'de', '2018-11-26 10:10:28', '2018-11-26 10:10:28', NULL),
(4, 'Asia', 'en', '2018-11-26 10:10:28', '2018-11-26 10:10:28', NULL),
(5, 'Europa', 'de', '2018-11-26 10:10:28', '2018-11-26 10:10:28', NULL),
(5, 'Europe', 'en', '2018-11-26 10:10:28', '2018-11-26 10:10:28', NULL),
(6, 'Ostasien', 'de', '2018-11-26 10:10:28', '2018-11-26 10:10:28', NULL),
(6, 'Eastern Asia', 'en', '2018-11-26 10:10:28', '2018-11-26 10:10:28', NULL),
(7, 'Südostasien', 'de', '2018-11-26 10:10:28', '2018-11-26 10:10:28', NULL),
(7, 'South-eastern Asia', 'en', '2018-11-26 10:10:28', '2018-11-26 10:10:28', NULL),
(8, 'Zentralasien', 'de', '2018-11-26 10:10:28', '2018-11-26 10:10:28', NULL),
(8, 'Central Asia', 'en', '2018-11-26 10:10:28', '2018-11-26 10:10:28', NULL),
(9, 'Westasien', 'de', '2018-11-26 10:10:28', '2018-11-26 10:10:28', NULL),
(9, 'Western Asia', 'en', '2018-11-26 10:10:28', '2018-11-26 10:10:28', NULL),
(10, 'Südeuropa', 'de', '2018-11-26 10:10:28', '2018-11-26 10:10:28', NULL),
(10, 'Southern Europe', 'en', '2018-11-26 10:10:28', '2018-11-26 10:10:28', NULL),
(11, 'Osteuropa', 'de', '2018-11-26 10:10:28', '2018-11-26 10:10:28', NULL),
(11, 'Eastern Europe', 'en', '2018-11-26 10:10:28', '2018-11-26 10:10:28', NULL),
(12, 'Nordeuropa', 'de', '2018-11-26 10:10:28', '2018-11-26 10:10:28', NULL),
(12, 'Northern Europe', 'en', '2018-11-26 10:10:28', '2018-11-26 10:10:28', NULL),
(13, 'Westeuropa', 'de', '2018-11-26 10:10:28', '2018-11-26 10:10:28', NULL),
(13, 'Western Europe', 'en', '2018-11-26 10:10:28', '2018-11-26 10:10:28', NULL),
(16, 'Südamerika', 'de', '2018-11-26 10:10:28', '2018-11-26 10:10:28', NULL),
(16, 'South America', 'en', '2018-11-26 10:10:28', '2018-11-26 10:10:28', NULL),
(17, 'Mittelamerika', 'de', '2018-11-26 10:10:28', '2018-11-26 10:10:28', NULL),
(17, 'Central America', 'en', '2018-11-26 10:10:28', '2018-11-26 10:10:28', NULL),
(18, 'Nordamerika', 'de', '2018-11-26 10:10:28', '2018-11-26 10:10:28', NULL),
(18, 'Northern America', 'en', '2018-11-26 10:10:28', '2018-11-26 10:10:28', NULL),
(19, 'Karibik', 'de', '2018-11-26 10:10:28', '2018-11-26 10:10:28', NULL),
(19, 'Caribbean', 'en', '2018-11-26 10:10:28', '2018-11-26 10:10:28', NULL),
(20, 'Westafrika', 'de', '2018-11-26 10:10:28', '2018-11-26 10:10:28', NULL),
(20, 'Western Africa', 'en', '2018-11-26 10:10:28', '2018-11-26 10:10:28', NULL),
(21, 'Ostafrika', 'de', '2018-11-26 10:10:28', '2018-11-26 10:10:28', NULL),
(21, 'Eastern Africa', 'en', '2018-11-26 10:10:28', '2018-11-26 10:10:28', NULL),
(22, 'Nordafrika', 'de', '2018-11-26 10:10:28', '2018-11-26 10:10:28', NULL),
(22, 'Northern Africa', 'en', '2018-11-26 10:10:28', '2018-11-26 10:10:28', NULL),
(23, 'Zentralafrika', 'de', '2018-11-26 10:10:28', '2018-11-26 10:10:28', NULL),
(23, 'Middle Africa', 'en', '2018-11-26 10:10:28', '2018-11-26 10:10:28', NULL),
(24, 'Südafrika', 'de', '2018-11-26 10:10:28', '2018-11-26 10:10:28', NULL),
(24, 'Southern Africa', 'en', '2018-11-26 10:10:28', '2018-11-26 10:10:28', NULL),
(25, 'Australien und Neuseeland', 'de', '2018-11-26 10:10:28', '2018-11-26 10:10:28', NULL),
(25, 'Australia and New Zealand', 'en', '2018-11-26 10:10:28', '2018-11-26 10:10:28', NULL),
(26, 'Melanesien', 'de', '2018-11-26 10:10:28', '2018-11-26 10:10:28', NULL),
(26, 'Melanesia', 'en', '2018-11-26 10:10:28', '2018-11-26 10:10:28', NULL),
(27, 'Mikronesien', 'de', '2018-11-26 10:10:28', '2018-11-26 10:10:28', NULL),
(27, 'Micronesian Region', 'en', '2018-11-26 10:10:28', '2018-11-26 10:10:28', NULL),
(28, 'Polynesien', 'de', '2018-11-26 10:10:28', '2018-11-26 10:10:28', NULL),
(28, 'Polynesia', 'en', '2018-11-26 10:10:28', '2018-11-26 10:10:28', NULL),
(30, 'Südasien', 'de', '2018-11-26 10:10:28', '2018-11-26 10:10:28', NULL),
(30, 'Southern Asia', 'en', '2018-11-26 10:10:28', '2018-11-26 10:10:28', NULL);

-- --------------------------------------------------------

--
-- Tabellenstruktur für Tabelle `tinymce_template`
--

CREATE TABLE `tinymce_template` (
  `id` bigint(20) UNSIGNED NOT NULL,
  `short` varchar(120) COLLATE utf8_bin NOT NULL,
  `name` varchar(120) COLLATE utf8_bin NOT NULL,
  `content` mediumtext COLLATE utf8_bin NOT NULL,
  `created_at` datetime NOT NULL,
  `updated_at` datetime NOT NULL,
  `deleted_at` datetime DEFAULT NULL
) ENGINE=InnoDB DEFAULT CHARSET=utf8 COLLATE=utf8_bin;

-- --------------------------------------------------------

--
-- Tabellenstruktur für Tabelle `translator`
--

CREATE TABLE `translator` (
  `id` bigint(20) UNSIGNED NOT NULL,
  `short` varchar(255) COLLATE utf8_bin NOT NULL,
  `untranslated` tinyint(1) DEFAULT '0',
  `comment` varchar(255) COLLATE utf8_bin DEFAULT NULL,
  `created_at` datetime NOT NULL,
  `updated_at` datetime NOT NULL,
  `deleted_at` datetime DEFAULT NULL
) ENGINE=InnoDB DEFAULT CHARSET=utf8 COLLATE=utf8_bin;

--
-- Daten für Tabelle `translator`
--

INSERT INTO `translator` (`id`, `short`, `untranslated`, `comment`, `created_at`, `updated_at`, `deleted_at`) VALUES
(1, 'HTTP/1.1 403 Forbidden', 0, NULL, '2018-11-26 10:10:32', '2018-11-26 10:10:32', NULL),
(2, 'You are not allowed to access this document.', 0, NULL, '2018-11-26 10:10:32', '2018-11-26 10:10:32', NULL),
(3, 'You don\'t have permission to access the document you requested.', 0, NULL, '2018-11-26 10:10:32', '2018-11-26 10:10:32', NULL),
(4, 'HTTP/1.1 404 Not Found', 0, NULL, '2018-11-26 10:10:32', '2018-11-26 10:10:32', NULL),
(5, 'The document you requested could not be found.', 0, NULL, '2018-11-26 10:10:32', '2018-11-26 10:10:32', NULL),
(6, 'The document associated with the URL you requested could not be found.', 0, NULL, '2018-11-26 10:10:32', '2018-11-26 10:10:32', NULL),
(7, 'HTTP/1.1 503 Service Unavailable', 0, NULL, '2018-11-26 10:10:32', '2018-11-26 10:10:32', NULL),
(8, 'The service you requested caused an error.', 0, NULL, '2018-11-26 10:10:32', '2018-11-26 10:10:32', NULL),
(9, 'Error Message', 0, NULL, '2018-11-26 10:10:32', '2018-11-26 10:10:32', NULL),
(10, 'Error Stack Trace', 0, NULL, '2018-11-26 10:10:32', '2018-11-26 10:10:32', NULL),
(11, 'Error Type', 0, NULL, '2018-11-26 10:10:32', '2018-11-26 10:10:32', NULL),
(12, '\'%value%\' is no valid email address in the basic format local-part@hostname', 0, NULL, '2018-11-26 10:10:32', '2018-11-26 10:10:32', NULL),
(13, 'Value is required and can\'t be empty', 0, NULL, '2018-11-26 10:10:32', '2018-11-26 10:10:32', NULL),
(14, '\'%value%\' does not appear to be a valid IP address', 0, NULL, '2018-11-26 10:10:32', '2018-11-26 10:10:32', NULL),
(15, '\'%value%\' does not appear to be a valid local network name', 0, NULL, '2018-11-26 10:10:32', '2018-11-26 10:10:32', NULL),
(16, '\'%value%\' appears to be a DNS hostname but cannot match TLD against known list', 0, NULL, '2018-11-26 10:10:32', '2018-11-26 10:10:32', NULL),
(17, '\'%value%\' appears to be a DNS hostname but cannot extract TLD part', 0, NULL, '2018-11-26 10:10:32', '2018-11-26 10:10:32', NULL),
(18, '\'%value%\' appears to be a DNS hostname but contains a dash in an invalid position', 0, NULL, '2018-11-26 10:10:32', '2018-11-26 10:10:32', NULL),
(19, '\'%value%\' is no valid input. Please type in Digits', 0, NULL, '2018-11-26 10:10:32', '2018-11-26 10:10:32', NULL),
(20, '\'%value%\' must contain only digits', 0, NULL, '2018-11-26 10:10:32', '2018-11-26 10:10:32', NULL),
(21, 'Media does not exists within that relation.', 0, NULL, '2018-11-26 10:10:32', '2018-11-26 10:10:32', NULL),
(22, '\'%value%\' is less than %min% characters long', 0, NULL, '2018-11-26 10:10:32', '2018-11-26 10:10:32', NULL),
(23, 'String is less than %min% characters long', 0, NULL, '2018-11-26 10:10:32', '2018-11-26 10:10:32', NULL),
(24, 'String is more than %max% characters long', 0, NULL, '2018-11-26 10:10:32', '2018-11-26 10:10:32', NULL),
(25, 'Invalid type given. String expected', 0, NULL, '2018-11-26 10:10:32', '2018-11-26 10:10:32', NULL),
(26, '\'%value%\' is more than %max% characters long', 0, NULL, '2018-11-26 10:10:32', '2018-11-26 10:10:32', NULL),
(27, '\'%value%\' is an empty string', 0, NULL, '2018-11-26 10:10:32', '2018-11-26 10:10:32', NULL),
(28, 'The two given tokens do not match', 0, NULL, '2018-11-26 10:10:32', '2018-11-26 10:10:32', NULL),
(29, '\'%value%\' contains non alphabetic characters', 0, NULL, '2018-11-26 10:10:32', '2018-11-26 10:10:32', NULL),
(30, 'Invalid type given. String, integer, float, boolean or array expected', 0, NULL, '2018-11-26 10:10:32', '2018-11-26 10:10:32', NULL),
(31, 'Resource \"%1s\" already exist. You can not name the Controller \"%2s\".', 0, NULL, '2018-11-26 10:10:32', '2018-11-26 10:10:32', NULL),
(32, '\"%1s\" is a value, that is not allowed.', 0, NULL, '2018-11-26 10:10:32', '2018-11-26 10:10:32', NULL),
(33, '\"%1s\" is already a child of an element and therefore can not be a parent.', 0, NULL, '2018-11-26 10:10:32', '2018-11-26 10:10:32', NULL),
(34, 'An error has occurred.', 0, NULL, '2018-11-26 10:10:32', '2018-11-26 10:10:32', NULL),
(35, 'Captcha value is wrong', 0, NULL, '2018-11-26 10:10:32', '2018-11-26 10:10:32', NULL),
(36, 'Empty captcha value', 0, NULL, '2018-11-26 10:10:32', '2018-11-26 10:10:32', NULL),
(37, '\'%value%\' exceeds the allowed length', 0, NULL, '2018-11-26 10:10:32', '2018-11-26 10:10:32', NULL),
(38, '\'%localPart%\' is no valid local part for email address \'%value%\'', 0, NULL, '2018-11-26 10:10:32', '2018-11-26 10:10:32', NULL),
(39, '\'%localPart%\' can not be matched against quoted-string format', 0, NULL, '2018-11-26 10:10:32', '2018-11-26 10:10:32', NULL),
(40, '\'%localPart%\' can not be matched against dot-atom format', 0, NULL, '2018-11-26 10:10:32', '2018-11-26 10:10:32', NULL),
(41, '\'%hostname%\' is not in a routable network segment. The email address \'%value%\' should not be resolved from public network', 0, NULL, '2018-11-26 10:10:32', '2018-11-26 10:10:32', NULL),
(42, '\'%hostname%\' does not appear to have a valid MX record for the email address \'%value%\'', 0, NULL, '2018-11-26 10:10:32', '2018-11-26 10:10:32', NULL),
(43, '\'%hostname%\' is no valid hostname for email address \'%value%\'', 0, NULL, '2018-11-26 10:10:32', '2018-11-26 10:10:32', NULL),
(44, '\'%value%\' appears to be a local network name but local network names are not allowed', 0, NULL, '2018-11-26 10:10:32', '2018-11-26 10:10:32', NULL),
(45, 'A record matching \'%value%\' was found', 0, NULL, '2018-11-26 10:10:32', '2018-11-26 10:10:32', NULL),
(46, 'Invalid type given. String, integer or float expected', 0, NULL, '2018-11-26 10:10:32', '2018-11-26 10:10:32', NULL),
(47, 'Das System hat Ihre Position für einen sicheren Login bestimmt.', 0, NULL, '2018-11-26 10:10:32', '2018-11-26 10:10:32', NULL),
(48, 'Das System versucht Ihre Position für einen sicheren Login zu bestimmen.', 0, NULL, '2018-11-26 10:10:32', '2018-11-26 10:10:32', NULL),
(49, 'The system could not determine your position.', 0, NULL, '2018-11-26 10:10:32', '2018-11-26 10:10:32', NULL),
(50, 'The system could not determine your position, because of a timeout.', 0, NULL, '2018-11-26 10:10:32', '2018-11-26 10:10:32', NULL),
(51, 'The system could not determine your position, because permission was denied.', 0, NULL, '2018-11-26 10:10:32', '2018-11-26 10:10:32', NULL),
(52, 'The system could not determine your position, because the position of the device could not be determined.', 0, NULL, '2018-11-26 10:10:32', '2018-11-26 10:10:32', NULL),
(53, 'The account associated with the specified login has been disabled.', 0, NULL, '2018-11-26 10:10:32', '2018-11-26 10:10:32', NULL),
(54, 'Your account has been disabled for security reasons. You\'ll receive an email with instructions on how to re-activate your account.', 0, NULL, '2018-11-26 10:10:32', '2018-11-26 10:10:32', NULL),
(55, 'Model Name \"%1s\" already used on \"%2s\".', 0, NULL, '2018-11-26 10:10:32', '2018-11-26 10:10:32', NULL),
(56, 'The only allowed chars are: \"%1s\".', 0, NULL, '2018-11-26 10:10:32', '2018-11-26 10:10:32', NULL),
(57, 'An exception has been thrown', 0, NULL, '2018-11-26 10:10:32', '2018-11-26 10:10:32', NULL),
(58, 'The Model Name already exists: \"%1s\".', 0, NULL, '2018-11-26 10:10:32', '2018-11-26 10:10:32', NULL),
(59, 'Upload of data doesn\'t work! File-size must be greater then zero.', 0, NULL, '2018-11-26 10:10:32', '2018-11-26 10:10:32', NULL),
(60, 'Upload of data doesn\'t work! Could not match stream-size with file-size.', 0, NULL, '2018-11-26 10:10:32', '2018-11-26 10:10:32', NULL),
(61, 'All files in sum should have a maximum size of \'%max%\' but \'%size%\' were detected.', 0, NULL, '2018-11-26 10:10:32', '2018-11-26 10:10:32', NULL),
(62, 'Upload of data doesn\'t work!', 0, NULL, '2018-11-26 10:10:32', '2018-11-26 10:10:32', NULL),
(63, 'Could not find role!', 0, NULL, '2018-11-26 10:10:32', '2018-11-26 10:10:32', NULL),
(64, 'Submit of form doesn\'t work!', 0, NULL, '2018-11-26 10:10:33', '2018-11-26 10:10:33', NULL),
(65, 'Media is not type of %1s and was rejected.', 0, NULL, '2018-11-26 10:10:33', '2018-11-26 10:10:33', NULL),
(66, 'Media can not be replaced. \"%1s\" is not writable.', 0, NULL, '2018-11-26 10:10:33', '2018-11-26 10:10:33', NULL),
(67, 'Upload failed', 0, NULL, '2018-11-26 10:10:33', '2018-11-26 10:10:33', NULL),
(68, '\'%value%\' ist keine valide Eingabe. Bitte geben Sie nur Zahlen ein', 0, NULL, '2018-11-26 10:10:33', '2018-11-26 10:10:33', NULL),
(69, '\'%value%\' does not appear to be a float', 0, NULL, '2018-11-26 10:10:33', '2018-11-26 10:10:33', NULL),
(70, 'Administration', 0, NULL, '2018-11-26 10:10:33', '2018-11-26 10:10:33', NULL),
(71, 'Choose, what to administrate.', 0, NULL, '2018-11-26 10:10:33', '2018-11-26 10:10:33', NULL),
(72, 'Configurate your Application', 0, NULL, '2018-11-26 10:10:33', '2018-11-26 10:10:33', NULL),
(73, 'Content-Pages', 0, NULL, '2018-11-26 10:10:33', '2018-11-26 10:10:33', NULL),
(74, 'Sitemap', 0, NULL, '2018-11-26 10:10:33', '2018-11-26 10:10:33', NULL),
(75, 'Create Sitemap', 0, NULL, '2018-11-26 10:10:33', '2018-11-26 10:10:33', NULL),
(76, 'Create Model Name', 0, NULL, '2018-11-26 10:10:33', '2018-11-26 10:10:33', NULL),
(77, 'Translations', 0, NULL, '2018-11-26 10:10:33', '2018-11-26 10:10:33', NULL),
(78, 'Configurate your Dynamic Content', 0, NULL, '2018-11-26 10:10:33', '2018-11-26 10:10:33', NULL),
(79, 'Content', 0, NULL, '2018-11-26 10:10:33', '2018-11-26 10:10:33', NULL),
(80, 'Content plain', 0, NULL, '2018-11-26 10:10:33', '2018-11-26 10:10:33', NULL),
(81, 'Content html', 0, NULL, '2018-11-26 10:10:33', '2018-11-26 10:10:33', NULL),
(82, 'Translator', 0, NULL, '2018-11-26 10:10:33', '2018-11-26 10:10:33', NULL),
(83, 'You are editing', 0, NULL, '2018-11-26 10:10:33', '2018-11-26 10:10:33', NULL),
(84, 'Add', 0, NULL, '2018-11-26 10:10:33', '2018-11-26 10:10:33', NULL),
(85, 'Remove', 0, NULL, '2018-11-26 10:10:33', '2018-11-26 10:10:33', NULL),
(86, 'remove', 0, NULL, '2018-11-26 10:10:33', '2018-11-26 10:10:33', NULL),
(87, 'Position', 0, NULL, '2018-11-26 10:10:33', '2018-11-26 10:10:33', NULL),
(88, 'Edit', 0, NULL, '2018-11-26 10:10:33', '2018-11-26 10:10:33', NULL),
(89, 'Delete', 0, NULL, '2018-11-26 10:10:33', '2018-11-26 10:10:33', NULL),
(90, 'Save', 0, NULL, '2018-11-26 10:10:33', '2018-11-26 10:10:33', NULL),
(91, 'Back', 0, NULL, '2018-11-26 10:10:33', '2018-11-26 10:10:33', NULL),
(92, 'Blog', 0, NULL, '2018-11-26 10:10:33', '2018-11-26 10:10:33', NULL),
(93, 'Users', 0, NULL, '2018-11-26 10:10:33', '2018-11-26 10:10:33', NULL),
(94, 'System', 0, NULL, '2018-11-26 10:10:33', '2018-11-26 10:10:33', NULL),
(95, 'Admin', 0, NULL, '2018-11-26 10:10:33', '2018-11-26 10:10:33', NULL),
(96, 'Manage Media', 0, NULL, '2018-11-26 10:10:33', '2018-11-26 10:10:33', NULL),
(97, 'Warning during the deletion process', 0, NULL, '2018-11-26 10:10:33', '2018-11-26 10:10:33', NULL),
(98, 'The record is in use. Make sure, you do not use it on another record. It seems to be required there and cannot be deleted recursiv.', 0, NULL, '2018-11-26 10:10:33', '2018-11-26 10:10:33', NULL),
(99, 'It seems you have no access and cannot delete that record.', 0, NULL, '2018-11-26 10:10:33', '2018-11-26 10:10:33', NULL),
(100, 'id', 0, NULL, '2018-11-26 10:10:33', '2018-11-26 10:10:33', NULL),
(101, 'Id', 0, NULL, '2018-11-26 10:10:33', '2018-11-26 10:10:33', NULL),
(102, 'ID', 0, NULL, '2018-11-26 10:10:33', '2018-11-26 10:10:33', NULL),
(103, 'Short', 0, NULL, '2018-11-26 10:10:33', '2018-11-26 10:10:33', NULL),
(104, 'Name', 0, NULL, '2018-11-26 10:10:33', '2018-11-26 10:10:33', NULL),
(105, 'Uname', 0, NULL, '2018-11-26 10:10:33', '2018-11-26 10:10:33', NULL),
(106, 'Parent Record', 0, NULL, '2018-11-26 10:10:33', '2018-11-26 10:10:33', NULL),
(107, 'Bild', 0, NULL, '2018-11-26 10:10:33', '2018-11-26 10:10:33', NULL),
(108, 'Image', 0, NULL, '2018-11-26 10:10:33', '2018-11-26 10:10:33', NULL),
(109, 'Images', 0, NULL, '2018-11-26 10:10:33', '2018-11-26 10:10:33', NULL),
(110, 'MediaImage', 0, NULL, '2018-11-26 10:10:33', '2018-11-26 10:10:33', NULL),
(111, 'Value', 0, NULL, '2018-11-26 10:10:33', '2018-11-26 10:10:33', NULL),
(112, 'Code', 0, NULL, '2018-11-26 10:10:33', '2018-11-26 10:10:33', NULL),
(113, 'Original value', 0, NULL, '2018-11-26 10:10:33', '2018-11-26 10:10:33', NULL),
(114, 'Is used', 0, NULL, '2018-11-26 10:10:33', '2018-11-26 10:10:33', NULL),
(115, 'Extra Price', 0, NULL, '2018-11-26 10:10:33', '2018-11-26 10:10:33', NULL),
(116, 'EntityUser', 0, NULL, '2018-11-26 10:10:33', '2018-11-26 10:10:33', NULL),
(117, 'Entity User', 0, NULL, '2018-11-26 10:10:33', '2018-11-26 10:10:33', NULL),
(118, 'Headline', 0, NULL, '2018-11-26 10:10:33', '2018-11-26 10:10:33', NULL),
(119, 'Activation Code', 0, NULL, '2018-11-26 10:10:33', '2018-11-26 10:10:33', NULL),
(120, 'Password', 0, NULL, '2018-11-26 10:10:33', '2018-11-26 10:10:33', NULL),
(121, 'Anrede', 0, NULL, '2018-11-26 10:10:33', '2018-11-26 10:10:33', NULL),
(122, 'Salutation', 0, NULL, '2018-11-26 10:10:33', '2018-11-26 10:10:33', NULL),
(123, 'Disabled', 0, NULL, '2018-11-26 10:10:33', '2018-11-26 10:10:33', NULL),
(124, 'Enabled', 0, NULL, '2018-11-26 10:10:33', '2018-11-26 10:10:33', NULL),
(125, 'Lastname', 0, NULL, '2018-11-26 10:10:33', '2018-11-26 10:10:33', NULL),
(126, 'Firstname', 0, NULL, '2018-11-26 10:10:33', '2018-11-26 10:10:33', NULL),
(127, 'Customer firstname', 0, NULL, '2018-11-26 10:10:33', '2018-11-26 10:10:33', NULL),
(128, 'Customer lastname', 0, NULL, '2018-11-26 10:10:33', '2018-11-26 10:10:33', NULL),
(129, 'Customer phone', 0, NULL, '2018-11-26 10:10:33', '2018-11-26 10:10:33', NULL),
(130, 'Customer email', 0, NULL, '2018-11-26 10:10:33', '2018-11-26 10:10:33', NULL),
(131, 'Customer street', 0, NULL, '2018-11-26 10:10:33', '2018-11-26 10:10:33', NULL),
(132, 'Customer street number', 0, NULL, '2018-11-26 10:10:33', '2018-11-26 10:10:33', NULL),
(133, 'Customer zip', 0, NULL, '2018-11-26 10:10:33', '2018-11-26 10:10:33', NULL),
(134, 'Customer city', 0, NULL, '2018-11-26 10:10:33', '2018-11-26 10:10:33', NULL),
(135, 'Customer country', 0, NULL, '2018-11-26 10:10:33', '2018-11-26 10:10:33', NULL),
(136, 'Phone', 0, NULL, '2018-11-26 10:10:33', '2018-11-26 10:10:33', NULL),
(137, 'Mobile', 0, NULL, '2018-11-26 10:10:33', '2018-11-26 10:10:33', NULL),
(138, 'Street', 0, NULL, '2018-11-26 10:10:33', '2018-11-26 10:10:33', NULL),
(139, 'Street number', 0, NULL, '2018-11-26 10:10:33', '2018-11-26 10:10:33', NULL),
(140, 'Zip', 0, NULL, '2018-11-26 10:10:33', '2018-11-26 10:10:33', NULL),
(141, 'City', 0, NULL, '2018-11-26 10:10:33', '2018-11-26 10:10:33', NULL),
(142, 'Country', 0, NULL, '2018-11-26 10:10:33', '2018-11-26 10:10:33', NULL),
(143, 'Address line 1', 0, NULL, '2018-11-26 10:10:33', '2018-11-26 10:10:33', NULL),
(144, 'Address line 2', 0, NULL, '2018-11-26 10:10:33', '2018-11-26 10:10:33', NULL),
(145, 'Company name', 0, NULL, '2018-11-26 10:10:33', '2018-11-26 10:10:33', NULL),
(146, 'Commercial register id', 0, NULL, '2018-11-26 10:10:33', '2018-11-26 10:10:33', NULL),
(147, 'Vat tax id', 0, NULL, '2018-11-26 10:10:33', '2018-11-26 10:10:33', NULL),
(148, 'Managing director', 0, NULL, '2018-11-26 10:10:33', '2018-11-26 10:10:33', NULL),
(149, 'Branch', 0, NULL, '2018-11-26 10:10:33', '2018-11-26 10:10:33', NULL),
(150, 'Contact name', 0, NULL, '2018-11-26 10:10:33', '2018-11-26 10:10:33', NULL),
(151, 'Contact position', 0, NULL, '2018-11-26 10:10:33', '2018-11-26 10:10:33', NULL),
(152, 'Billing company', 0, NULL, '2018-11-26 10:10:33', '2018-11-26 10:10:33', NULL),
(153, 'Billing Country', 0, NULL, '2018-11-26 10:10:33', '2018-11-26 10:10:33', NULL),
(154, 'Billing firstname', 0, NULL, '2018-11-26 10:10:33', '2018-11-26 10:10:33', NULL),
(155, 'Billing lastname', 0, NULL, '2018-11-26 10:10:33', '2018-11-26 10:10:33', NULL),
(156, 'Billing address line 1', 0, NULL, '2018-11-26 10:10:33', '2018-11-26 10:10:33', NULL),
(157, 'Billing address line 2', 0, NULL, '2018-11-26 10:10:33', '2018-11-26 10:10:33', NULL),
(158, 'Billing street', 0, NULL, '2018-11-26 10:10:33', '2018-11-26 10:10:33', NULL),
(159, 'Billing street number', 0, NULL, '2018-11-26 10:10:33', '2018-11-26 10:10:33', NULL),
(160, 'Billing zip', 0, NULL, '2018-11-26 10:10:33', '2018-11-26 10:10:33', NULL),
(161, 'Billing city', 0, NULL, '2018-11-26 10:10:33', '2018-11-26 10:10:33', NULL),
(162, 'Billing country', 0, NULL, '2018-11-26 10:10:33', '2018-11-26 10:10:33', NULL),
(163, 'Use all paymentservices', 0, NULL, '2018-11-26 10:10:33', '2018-11-26 10:10:33', NULL),
(164, 'End of validity', 0, NULL, '2018-11-26 10:10:33', '2018-11-26 10:10:33', NULL),
(165, 'E-Mail', 0, NULL, '2018-11-26 10:10:33', '2018-11-26 10:10:33', NULL),
(166, 'Email', 0, NULL, '2018-11-26 10:10:33', '2018-11-26 10:10:33', NULL),
(167, 'Subheadline', 0, NULL, '2018-11-26 10:10:33', '2018-11-26 10:10:33', NULL),
(168, 'ISO 2 Code', 0, NULL, '2018-11-26 10:10:33', '2018-11-26 10:10:33', NULL),
(169, 'ISO 3 Code', 0, NULL, '2018-11-26 10:10:33', '2018-11-26 10:10:33', NULL),
(170, 'ISO Number', 0, NULL, '2018-11-26 10:10:33', '2018-11-26 10:10:33', NULL),
(171, 'Local Name', 0, NULL, '2018-11-26 10:10:33', '2018-11-26 10:10:33', NULL),
(172, 'Submit', 0, NULL, '2018-11-26 10:10:33', '2018-11-26 10:10:33', NULL),
(173, 'Ok', 0, NULL, '2018-11-26 10:10:33', '2018-11-26 10:10:33', NULL),
(174, 'Short-Name', 0, NULL, '2018-11-26 10:10:33', '2018-11-26 10:10:33', NULL),
(175, 'Www', 0, NULL, '2018-11-26 10:10:33', '2018-11-26 10:10:33', NULL),
(176, 'Fax', 0, NULL, '2018-11-26 10:10:33', '2018-11-26 10:10:33', NULL),
(177, 'Resource', 0, NULL, '2018-11-26 10:10:33', '2018-11-26 10:10:33', NULL),
(178, 'Zone Code', 0, NULL, '2018-11-26 10:10:33', '2018-11-26 10:10:33', NULL),
(179, 'Price', 0, NULL, '2018-11-26 10:10:33', '2018-11-26 10:10:33', NULL),
(180, 'Media', 0, NULL, '2018-11-26 10:10:33', '2018-11-26 10:10:33', NULL),
(181, 'MediaType', 0, NULL, '2018-11-26 10:10:33', '2018-11-26 10:10:33', NULL),
(182, 'MediaFolder', 0, NULL, '2018-11-26 10:10:33', '2018-11-26 10:10:33', NULL),
(183, 'Role', 0, NULL, '2018-11-26 10:10:33', '2018-11-26 10:10:33', NULL),
(184, 'List', 0, NULL, '2018-11-26 10:10:33', '2018-11-26 10:10:33', NULL),
(185, 'Height', 0, NULL, '2018-11-26 10:10:33', '2018-11-26 10:10:33', NULL),
(186, 'Width', 0, NULL, '2018-11-26 10:10:33', '2018-11-26 10:10:33', NULL),
(187, 'Crop', 0, NULL, '2018-11-26 10:10:33', '2018-11-26 10:10:33', NULL),
(188, 'Delete Media', 0, NULL, '2018-11-26 10:10:33', '2018-11-26 10:10:33', NULL),
(189, 'Select Media', 0, NULL, '2018-11-26 10:10:33', '2018-11-26 10:10:33', NULL),
(190, 'No media selected.', 0, NULL, '2018-11-26 10:10:33', '2018-11-26 10:10:33', NULL),
(191, 'Select a file you would like to upload.', 0, NULL, '2018-11-26 10:10:33', '2018-11-26 10:10:33', NULL),
(192, 'Upload media', 0, NULL, '2018-11-26 10:10:33', '2018-11-26 10:10:33', NULL),
(193, 'Upload Media', 0, NULL, '2018-11-26 10:10:33', '2018-11-26 10:10:33', NULL),
(194, 'Upload Medias', 0, NULL, '2018-11-26 10:10:33', '2018-11-26 10:10:33', NULL),
(195, 'Select', 0, NULL, '2018-11-26 10:10:33', '2018-11-26 10:10:33', NULL),
(196, 'Select Files', 0, NULL, '2018-11-26 10:10:33', '2018-11-26 10:10:33', NULL),
(197, 'X-Coordinate', 0, NULL, '2018-11-26 10:10:33', '2018-11-26 10:10:33', NULL),
(198, 'Y-Coordinate', 0, NULL, '2018-11-26 10:10:33', '2018-11-26 10:10:33', NULL),
(199, 'Action', 0, NULL, '2018-11-26 10:10:33', '2018-11-26 10:10:33', NULL),
(200, 'Controller', 0, NULL, '2018-11-26 10:10:33', '2018-11-26 10:10:33', NULL),
(201, 'Titel', 0, NULL, '2018-11-26 10:10:33', '2018-11-26 10:10:33', NULL),
(202, 'Keywords', 0, NULL, '2018-11-26 10:10:33', '2018-11-26 10:10:33', NULL),
(203, 'Description', 0, NULL, '2018-11-26 10:10:33', '2018-11-26 10:10:33', NULL),
(204, 'File name', 0, NULL, '2018-11-26 10:10:33', '2018-11-26 10:10:33', NULL),
(205, 'File size', 0, NULL, '2018-11-26 10:10:33', '2018-11-26 10:10:33', NULL),
(206, 'File Size', 0, NULL, '2018-11-26 10:10:33', '2018-11-26 10:10:33', NULL),
(207, 'Text', 0, NULL, '2018-11-26 10:10:33', '2018-11-26 10:10:33', NULL),
(208, 'Untranslated', 0, NULL, '2018-11-26 10:10:33', '2018-11-26 10:10:33', NULL),
(209, 'Comment', 0, NULL, '2018-11-26 10:10:33', '2018-11-26 10:10:33', NULL),
(210, 'Mime Type', 0, NULL, '2018-11-26 10:10:33', '2018-11-26 10:10:33', NULL),
(211, 'Product', 0, NULL, '2018-11-26 10:10:33', '2018-11-26 10:10:33', NULL),
(212, 'Product Unit', 0, NULL, '2018-11-26 10:10:33', '2018-11-26 10:10:33', NULL),
(213, 'Taxes', 0, NULL, '2018-11-26 10:10:33', '2018-11-26 10:10:33', NULL),
(214, 'Shop Coupon', 0, NULL, '2018-11-26 10:10:33', '2018-11-26 10:10:33', NULL),
(215, 'Shop Products', 0, NULL, '2018-11-26 10:10:33', '2018-11-26 10:10:33', NULL),
(216, 'Shop Productgroups', 0, NULL, '2018-11-26 10:10:33', '2018-11-26 10:10:33', NULL),
(217, 'Shop Taxes', 0, NULL, '2018-11-26 10:10:34', '2018-11-26 10:10:34', NULL),
(218, 'Shop ProductOptions', 0, NULL, '2018-11-26 10:10:34', '2018-11-26 10:10:34', NULL),
(219, 'Shop ProductOptionItems', 0, NULL, '2018-11-26 10:10:34', '2018-11-26 10:10:34', NULL),
(220, 'Shop ShippingCost', 0, NULL, '2018-11-26 10:10:34', '2018-11-26 10:10:34', NULL),
(221, 'Shop TemporaryOffer', 0, NULL, '2018-11-26 10:10:34', '2018-11-26 10:10:34', NULL),
(222, 'Shop ProductUnit', 0, NULL, '2018-11-26 10:10:34', '2018-11-26 10:10:34', NULL),
(223, 'Coupon', 0, NULL, '2018-11-26 10:10:34', '2018-11-26 10:10:34', NULL),
(224, 'TemporaryOffer', 0, NULL, '2018-11-26 10:10:34', '2018-11-26 10:10:34', NULL),
(225, 'ProductUnit', 0, NULL, '2018-11-26 10:10:34', '2018-11-26 10:10:34', NULL),
(226, 'ShippingCost', 0, NULL, '2018-11-26 10:10:34', '2018-11-26 10:10:34', NULL),
(227, 'Products', 0, NULL, '2018-11-26 10:10:34', '2018-11-26 10:10:34', NULL),
(228, 'ProductGroup', 0, NULL, '2018-11-26 10:10:34', '2018-11-26 10:10:34', NULL),
(229, 'Product Group', 0, NULL, '2018-11-26 10:10:34', '2018-11-26 10:10:34', NULL),
(230, 'ProductOptions', 0, NULL, '2018-11-26 10:10:34', '2018-11-26 10:10:34', NULL),
(231, 'ProductOptionItems', 0, NULL, '2018-11-26 10:10:34', '2018-11-26 10:10:34', NULL),
(232, 'Productgroups', 0, NULL, '2018-11-26 10:10:34', '2018-11-26 10:10:34', NULL),
(233, 'Refund', 0, NULL, '2018-11-26 10:10:34', '2018-11-26 10:10:34', NULL),
(234, 'zzgl. %1s %2s Pfand', 0, NULL, '2018-11-26 10:10:34', '2018-11-26 10:10:34', NULL),
(235, 'Producer', 0, NULL, '2018-11-26 10:10:34', '2018-11-26 10:10:34', NULL),
(236, 'Configurate your Shop', 0, NULL, '2018-11-26 10:10:34', '2018-11-26 10:10:34', NULL),
(237, 'Title', 0, NULL, '2018-11-26 10:10:34', '2018-11-26 10:10:34', NULL),
(238, 'Subtitle', 0, NULL, '2018-11-26 10:10:34', '2018-11-26 10:10:34', NULL),
(239, 'Sub title', 0, NULL, '2018-11-26 10:10:34', '2018-11-26 10:10:34', NULL),
(240, 'Product number', 0, NULL, '2018-11-26 10:10:34', '2018-11-26 10:10:34', NULL),
(241, 'Offer', 0, NULL, '2018-11-26 10:10:34', '2018-11-26 10:10:34', NULL),
(242, 'Shipping cost factor', 0, NULL, '2018-11-26 10:10:34', '2018-11-26 10:10:34', NULL),
(243, 'Meta keywords', 0, NULL, '2018-11-26 10:10:34', '2018-11-26 10:10:34', NULL),
(244, 'Meta title', 0, NULL, '2018-11-26 10:10:34', '2018-11-26 10:10:34', NULL),
(245, 'Meta description', 0, NULL, '2018-11-26 10:10:34', '2018-11-26 10:10:34', NULL),
(246, 'Sold', 0, NULL, '2018-11-26 10:10:34', '2018-11-26 10:10:34', NULL),
(247, 'Sold out', 0, NULL, '2018-11-26 10:10:34', '2018-11-26 10:10:34', NULL),
(248, 'Hidden', 0, NULL, '2018-11-26 10:10:34', '2018-11-26 10:10:34', NULL),
(249, 'Tipp', 0, NULL, '2018-11-26 10:10:34', '2018-11-26 10:10:34', NULL),
(250, 'Tip', 0, NULL, '2018-11-26 10:10:34', '2018-11-26 10:10:34', NULL),
(251, 'Neu', 0, NULL, '2018-11-26 10:10:34', '2018-11-26 10:10:34', NULL),
(252, 'New', 0, NULL, '2018-11-26 10:10:34', '2018-11-26 10:10:34', NULL),
(253, 'new', 0, NULL, '2018-11-26 10:10:34', '2018-11-26 10:10:34', NULL),
(254, 'Top product', 0, NULL, '2018-11-26 10:10:34', '2018-11-26 10:10:34', NULL),
(255, 'Menu name', 0, NULL, '2018-11-26 10:10:34', '2018-11-26 10:10:34', NULL),
(256, 'Menu short', 0, NULL, '2018-11-26 10:10:34', '2018-11-26 10:10:34', NULL),
(257, 'Show in shop', 0, NULL, '2018-11-26 10:10:34', '2018-11-26 10:10:34', NULL),
(258, 'From date', 0, NULL, '2018-11-26 10:10:34', '2018-11-26 10:10:34', NULL),
(259, 'Till date', 0, NULL, '2018-11-26 10:10:34', '2018-11-26 10:10:34', NULL),
(260, 'Cost', 0, NULL, '2018-11-26 10:10:34', '2018-11-26 10:10:34', NULL),
(261, 'Factor', 0, NULL, '2018-11-26 10:10:34', '2018-11-26 10:10:34', NULL),
(262, 'From factor', 0, NULL, '2018-11-26 10:10:34', '2018-11-26 10:10:34', NULL),
(263, 'Till factor', 0, NULL, '2018-11-26 10:10:34', '2018-11-26 10:10:34', NULL),
(264, 'Equal factor', 0, NULL, '2018-11-26 10:10:34', '2018-11-26 10:10:34', NULL),
(265, 'Ihr Name', 0, NULL, '2018-11-26 10:10:34', '2018-11-26 10:10:34', NULL),
(266, 'Ihre Emailadresse', 0, NULL, '2018-11-26 10:10:34', '2018-11-26 10:10:34', NULL),
(267, 'Ihr Feedback', 0, NULL, '2018-11-26 10:10:34', '2018-11-26 10:10:34', NULL),
(268, 'Senden', 0, NULL, '2018-11-26 10:10:34', '2018-11-26 10:10:34', NULL),
(269, 'Ihre Nachricht', 0, NULL, '2018-11-26 10:10:34', '2018-11-26 10:10:34', NULL),
(270, 'Abschicken', 0, NULL, '2018-11-26 10:10:34', '2018-11-26 10:10:34', NULL),
(271, 'In den Newsletter eintragen', 0, NULL, '2018-11-26 10:10:34', '2018-11-26 10:10:34', NULL),
(272, 'in die Einkaufstasche', 0, NULL, '2018-11-26 10:10:34', '2018-11-26 10:10:34', NULL),
(273, 'Welche Bezahlmethode wünschen Sie?', 0, NULL, '2018-11-26 10:10:34', '2018-11-26 10:10:34', NULL),
(274, 'Weiter zur Bezahlmethode', 0, NULL, '2018-11-26 10:10:34', '2018-11-26 10:10:34', NULL),
(275, 'Jetzt bezahlen', 0, NULL, '2018-11-26 10:10:34', '2018-11-26 10:10:34', NULL),
(276, 'Jetzt bezahlen mit PayPal', 0, NULL, '2018-11-26 10:10:34', '2018-11-26 10:10:34', NULL),
(277, 'Bitte wählen Sie', 0, NULL, '2018-11-26 10:10:34', '2018-11-26 10:10:34', NULL),
(278, 'Rechnungsadresse', 0, NULL, '2018-11-26 10:10:34', '2018-11-26 10:10:34', NULL),
(279, 'Vorname', 0, NULL, '2018-11-26 10:10:34', '2018-11-26 10:10:34', NULL),
(280, 'Nachname', 0, NULL, '2018-11-26 10:10:34', '2018-11-26 10:10:34', NULL),
(281, 'Straße', 0, NULL, '2018-11-26 10:10:34', '2018-11-26 10:10:34', NULL),
(282, 'Hausnummer', 0, NULL, '2018-11-26 10:10:34', '2018-11-26 10:10:34', NULL),
(283, 'Adresszusatz 1', 0, NULL, '2018-11-26 10:10:34', '2018-11-26 10:10:34', NULL),
(284, 'Adresszusatz 2', 0, NULL, '2018-11-26 10:10:34', '2018-11-26 10:10:34', NULL),
(285, 'PLZ', 0, NULL, '2018-11-26 10:10:34', '2018-11-26 10:10:34', NULL),
(286, 'Stadt', 0, NULL, '2018-11-26 10:10:34', '2018-11-26 10:10:34', NULL),
(287, 'Land', 0, NULL, '2018-11-26 10:10:34', '2018-11-26 10:10:34', NULL),
(288, 'Lieferadresse', 0, NULL, '2018-11-26 10:10:34', '2018-11-26 10:10:34', NULL),
(289, 'Rechnungs- und Lieferadresse sind gleich', 0, NULL, '2018-11-26 10:10:34', '2018-11-26 10:10:34', NULL),
(290, 'Wie erreichen wir Sie?', 0, NULL, '2018-11-26 10:10:34', '2018-11-26 10:10:34', NULL),
(291, 'Handy', 0, NULL, '2018-11-26 10:10:34', '2018-11-26 10:10:34', NULL),
(292, 'Telefon', 0, NULL, '2018-11-26 10:10:34', '2018-11-26 10:10:34', NULL),
(293, 'Bemerkung', 0, NULL, '2018-11-26 10:10:34', '2018-11-26 10:10:34', NULL),
(294, 'Ich habe meine Angaben sorgfältig geprüft.', 0, NULL, '2018-11-26 10:10:34', '2018-11-26 10:10:34', NULL),
(295, 'Jetzt bestellen', 0, NULL, '2018-11-26 10:10:34', '2018-11-26 10:10:34', NULL),
(296, 'Summe', 0, NULL, '2018-11-26 10:10:34', '2018-11-26 10:10:34', NULL),
(297, 'enthaltene Mehrwertsteuer', 0, NULL, '2018-11-26 10:10:34', '2018-11-26 10:10:34', NULL),
(298, 'Rechnungssumme', 0, NULL, '2018-11-26 10:10:34', '2018-11-26 10:10:34', NULL),
(299, 'Ihre Einkaufstasche ist leer, bitte suchen Sie sich etwas schönes in unserem Shop aus.', 0, NULL, '2018-11-26 10:10:34', '2018-11-26 10:10:34', NULL),
(300, 'Art. Nr.', 0, NULL, '2018-11-26 10:10:34', '2018-11-26 10:10:34', NULL),
(301, 'Bezahlmethode', 0, NULL, '2018-11-26 10:10:34', '2018-11-26 10:10:34', NULL),
(302, 'Gutschrift für Bezahlmethode', 0, NULL, '2018-11-26 10:10:34', '2018-11-26 10:10:34', NULL),
(303, 'Zusätzliche Kosten', 0, NULL, '2018-11-26 10:10:34', '2018-11-26 10:10:34', NULL),
(304, 'Gesamte Rechnungssumme', 0, NULL, '2018-11-26 10:10:34', '2018-11-26 10:10:34', NULL),
(305, 'Bitte bestätigen Sie, dass Sie Ihre Angaben geprüft haben.', 0, NULL, '2018-11-26 10:10:34', '2018-11-26 10:10:34', NULL),
(306, 'Bitte bestätigen Sie, dass Sie die AGB gelesen haben und diese akzeptieren.', 0, NULL, '2018-11-26 10:10:34', '2018-11-26 10:10:34', NULL),
(307, 'Ich habe die \'%value%\' gelesen und akzeptiere diese.', 0, NULL, '2018-11-26 10:10:34', '2018-11-26 10:10:34', NULL),
(308, 'Zahlungsart', 0, NULL, '2018-11-26 10:10:34', '2018-11-26 10:10:34', NULL),
(309, 'Kontakt', 0, NULL, '2018-11-26 10:10:34', '2018-11-26 10:10:34', NULL),
(310, 'AGB', 0, NULL, '2018-11-26 10:10:34', '2018-11-26 10:10:34', NULL),
(311, 'Versand', 0, NULL, '2018-11-26 10:10:34', '2018-11-26 10:10:34', NULL),
(312, 'Store', 0, NULL, '2018-11-26 10:10:34', '2018-11-26 10:10:34', NULL),
(313, 'Webshop', 0, NULL, '2018-11-26 10:10:34', '2018-11-26 10:10:34', NULL),
(314, 'Shop', 0, NULL, '2018-11-26 10:10:34', '2018-11-26 10:10:34', NULL),
(315, 'Logout', 0, NULL, '2018-11-26 10:10:34', '2018-11-26 10:10:34', NULL),
(316, 'Login', 0, NULL, '2018-11-26 10:10:34', '2018-11-26 10:10:34', NULL),
(317, 'Impressum', 0, NULL, '2018-11-26 10:10:34', '2018-11-26 10:10:34', NULL),
(318, 'Shopping bag', 0, NULL, '2018-11-26 10:10:34', '2018-11-26 10:10:34', NULL),
(319, 'Ich habe bereits ein Kundenkonto', 0, NULL, '2018-11-26 10:10:34', '2018-11-26 10:10:34', NULL),
(320, 'Möchten Sie ein Kundenkonto anlegen?', 0, NULL, '2018-11-26 10:10:34', '2018-11-26 10:10:34', NULL),
(321, 'Ja', 0, NULL, '2018-11-26 10:10:34', '2018-11-26 10:10:34', NULL),
(322, 'Yes', 0, NULL, '2018-11-26 10:10:34', '2018-11-26 10:10:34', NULL),
(323, 'Nein', 0, NULL, '2018-11-26 10:10:34', '2018-11-26 10:10:34', NULL),
(324, 'No', 0, NULL, '2018-11-26 10:10:34', '2018-11-26 10:10:34', NULL),
(325, 'Berlin', 0, NULL, '2018-11-26 10:10:34', '2018-11-26 10:10:34', NULL),
(326, 'Beautyservice', 0, NULL, '2018-11-26 10:10:34', '2018-11-26 10:10:34', NULL),
(327, 'Hairlounge', 0, NULL, '2018-11-26 10:10:34', '2018-11-26 10:10:34', NULL),
(328, 'Kundenkonto', 0, NULL, '2018-11-26 10:10:34', '2018-11-26 10:10:34', NULL),
(329, 'Abbrechen', 0, NULL, '2018-11-26 10:10:34', '2018-11-26 10:10:34', NULL),
(330, 'Es ist ein Fehler aufgetreten', 0, NULL, '2018-11-26 10:10:34', '2018-11-26 10:10:34', NULL),
(331, 'Die Bestellung wurde abgebrochen', 0, NULL, '2018-11-26 10:10:34', '2018-11-26 10:10:34', NULL),
(332, 'Vielen Dank für Ihren Einkauf', 0, NULL, '2018-11-26 10:10:34', '2018-11-26 10:10:34', NULL),
(333, 'Die Suche ergab folgendes Ergebnis für', 0, NULL, '2018-11-26 10:10:34', '2018-11-26 10:10:34', NULL),
(334, 'Die Suche ergab kein Ergebnis für', 0, NULL, '2018-11-26 10:10:34', '2018-11-26 10:10:34', NULL),
(335, 'Activation', 0, NULL, '2018-11-26 10:10:34', '2018-11-26 10:10:34', NULL),
(336, 'Activation started', 0, NULL, '2018-11-26 10:10:34', '2018-11-26 10:10:34', NULL),
(337, 'Please hang on while the activation is ready.', 0, NULL, '2018-11-26 10:10:34', '2018-11-26 10:10:34', NULL),
(338, 'Expired', 0, NULL, '2018-11-26 10:10:34', '2018-11-26 10:10:34', NULL),
(339, 'The activationcode you entered is expired already.', 0, NULL, '2018-11-26 10:10:34', '2018-11-26 10:10:34', NULL),
(340, 'Activationcode unknown.', 0, NULL, '2018-11-26 10:10:34', '2018-11-26 10:10:34', NULL),
(341, 'The activationcode you entered is unknown.', 0, NULL, '2018-11-26 10:10:34', '2018-11-26 10:10:34', NULL),
(342, 'Activationcode used.', 0, NULL, '2018-11-26 10:10:34', '2018-11-26 10:10:34', NULL),
(343, 'The activationcode you entered is used already.', 0, NULL, '2018-11-26 10:10:34', '2018-11-26 10:10:34', NULL),
(344, 'Vielen Dank für Ihre Anfrage.', 0, NULL, '2018-11-26 10:10:34', '2018-11-26 10:10:34', NULL),
(345, 'Vielen Dank für Ihr Feedback.', 0, NULL, '2018-11-26 10:10:34', '2018-11-26 10:10:34', NULL),
(346, 'You are already logedin.', 0, NULL, '2018-11-26 10:10:34', '2018-11-26 10:10:34', NULL),
(347, 'To access your personal space, you must register.', 0, NULL, '2018-11-26 10:10:34', '2018-11-26 10:10:34', NULL),
(348, 'Please enter now your login and password.', 0, NULL, '2018-11-26 10:10:34', '2018-11-26 10:10:34', NULL),
(349, 'To be able to log in, you must be registered. Do you want to %s now?', 0, NULL, '2018-11-26 10:10:34', '2018-11-26 10:10:34', NULL),
(350, 'Forgotten your password? Do you want a %s?', 0, NULL, '2018-11-26 10:10:34', '2018-11-26 10:10:34', NULL),
(351, 'Problem with activating your account? Do you want a %s?', 0, NULL, '2018-11-26 10:10:34', '2018-11-26 10:10:34', NULL),
(352, 'sign up', 0, NULL, '2018-11-26 10:10:34', '2018-11-26 10:10:34', NULL),
(353, 'new password', 0, NULL, '2018-11-26 10:10:34', '2018-11-26 10:10:34', NULL),
(354, 'new activation code', 0, NULL, '2018-11-26 10:10:34', '2018-11-26 10:10:34', NULL),
(355, 'Get activation code', 0, NULL, '2018-11-26 10:10:34', '2018-11-26 10:10:34', NULL),
(356, 'User', 0, NULL, '2018-11-26 10:10:34', '2018-11-26 10:10:34', NULL),
(357, 'Entity', 0, NULL, '2018-11-26 10:10:34', '2018-11-26 10:10:34', NULL),
(358, 'Account activated.', 0, NULL, '2018-11-26 10:10:34', '2018-11-26 10:10:34', NULL),
(359, 'You have successfully activated your account and can %s now.', 0, NULL, '2018-11-26 10:10:34', '2018-11-26 10:10:34', NULL),
(360, 'log in', 0, NULL, '2018-11-26 10:10:34', '2018-11-26 10:10:34', NULL),
(361, 'Ihre Daten wurde geändert.', 0, NULL, '2018-11-26 10:10:34', '2018-11-26 10:10:34', NULL),
(362, 'Passwort ändern', 0, NULL, '2018-11-26 10:10:35', '2018-11-26 10:10:35', NULL),
(363, 'Bearbeiten', 0, NULL, '2018-11-26 10:10:35', '2018-11-26 10:10:35', NULL),
(364, 'Konto Information', 0, NULL, '2018-11-26 10:10:35', '2018-11-26 10:10:35', NULL),
(365, 'Kontaktdaten', 0, NULL, '2018-11-26 10:10:35', '2018-11-26 10:10:35', NULL),
(366, 'Hallo', 0, NULL, '2018-11-26 10:10:35', '2018-11-26 10:10:35', NULL),
(367, 'Von Ihrer Konto-Übersicht aus haben Sie die Möglichkeit, Ihre letzten Vorgänge einzusehen und Ihre Benutzerkonto-Daten zu bearbeiten. Wählen Sie dazu einen der untensteheneden Links, um Information anzusehen oder zu bearbeiten.', 0, NULL, '2018-11-26 10:10:35', '2018-11-26 10:10:35', NULL),
(368, 'Adressbuch', 0, NULL, '2018-11-26 10:10:35', '2018-11-26 10:10:35', NULL),
(369, 'Primäre Rechnungsadresse', 0, NULL, '2018-11-26 10:10:35', '2018-11-26 10:10:35', NULL),
(370, 'Es wurde keine primäre Rechnungsadresse angegeben', 0, NULL, '2018-11-26 10:10:35', '2018-11-26 10:10:35', NULL),
(371, 'Primäre Versandadresse', 0, NULL, '2018-11-26 10:10:35', '2018-11-26 10:10:35', NULL),
(372, 'Es wurden keine primäre Versandadresse angegeben', 0, NULL, '2018-11-26 10:10:35', '2018-11-26 10:10:35', NULL),
(373, 'Adresse ändern', 0, NULL, '2018-11-26 10:10:35', '2018-11-26 10:10:35', NULL),
(374, 'Ihre gewählte Bestellung beinhaltet', 0, NULL, '2018-11-26 10:10:35', '2018-11-26 10:10:35', NULL),
(375, 'Angegebene Rechnungsadresse', 0, NULL, '2018-11-26 10:10:35', '2018-11-26 10:10:35', NULL),
(376, 'Angegebene Lieferadresse', 0, NULL, '2018-11-26 10:10:35', '2018-11-26 10:10:35', NULL),
(377, 'Ihre Bestellungen auf einen Blick', 0, NULL, '2018-11-26 10:10:35', '2018-11-26 10:10:35', NULL),
(378, 'Registration', 0, NULL, '2018-11-26 10:10:35', '2018-11-26 10:10:35', NULL),
(379, 'Please fill out the form below now, to register with us.', 0, NULL, '2018-11-26 10:10:35', '2018-11-26 10:10:35', NULL),
(380, 'Registration complete', 0, NULL, '2018-11-26 10:10:35', '2018-11-26 10:10:35', NULL),
(381, 'Hacking Attempt!', 0, NULL, '2018-11-26 10:10:35', '2018-11-26 10:10:35', NULL),
(382, 'You tried to hack an account.', 0, NULL, '2018-11-26 10:10:35', '2018-11-26 10:10:35', NULL),
(383, 'Error', 0, NULL, '2018-11-26 10:10:35', '2018-11-26 10:10:35', NULL),
(384, 'An error has occured.', 0, NULL, '2018-11-26 10:10:35', '2018-11-26 10:10:35', NULL),
(385, 'HTTP/1.1 403 Nicht gestattet', 0, NULL, '2018-11-26 10:10:35', '2018-11-26 10:10:35', NULL),
(386, 'Es ist Ihnen nicht gestattet, auf das angeforderte Dokument zuzugreifen.', 0, NULL, '2018-11-26 10:10:35', '2018-11-26 10:10:35', NULL),
(387, 'HTTP/1.1 404 Nicht gefunden', 0, NULL, '2018-11-26 10:10:35', '2018-11-26 10:10:35', NULL),
(388, 'Das angeforderte Dokument konnte nicht gefunden werden.', 0, NULL, '2018-11-26 10:10:35', '2018-11-26 10:10:35', NULL),
(389, 'Produkte', 0, NULL, '2018-11-26 10:10:35', '2018-11-26 10:10:35', NULL),
(390, 'Ihr Passwort', 0, NULL, '2018-11-26 10:10:35', '2018-11-26 10:10:35', NULL),
(391, 'Einloggen', 0, NULL, '2018-11-26 10:10:35', '2018-11-26 10:10:35', NULL),
(392, 'Zum Account', 0, NULL, '2018-11-26 10:10:35', '2018-11-26 10:10:35', NULL),
(393, 'Konto Übersicht', 0, NULL, '2018-11-26 10:10:35', '2018-11-26 10:10:35', NULL),
(394, 'Addressbuch', 0, NULL, '2018-11-26 10:10:35', '2018-11-26 10:10:35', NULL),
(395, 'Meine Bestellungen', 0, NULL, '2018-11-26 10:10:35', '2018-11-26 10:10:35', NULL),
(396, 'Gutschein Guthaben', 0, NULL, '2018-11-26 10:10:35', '2018-11-26 10:10:35', NULL),
(397, 'Bankdaten', 0, NULL, '2018-11-26 10:10:35', '2018-11-26 10:10:35', NULL),
(398, 'Kontoinhaber', 0, NULL, '2018-11-26 10:10:35', '2018-11-26 10:10:35', NULL),
(399, 'Kontonummer', 0, NULL, '2018-11-26 10:10:35', '2018-11-26 10:10:35', NULL),
(400, 'Bankleitzahl', 0, NULL, '2018-11-26 10:10:35', '2018-11-26 10:10:35', NULL),
(401, 'Name der Bank', 0, NULL, '2018-11-26 10:10:35', '2018-11-26 10:10:35', NULL),
(402, 'Passwort', 0, NULL, '2018-11-26 10:10:35', '2018-11-26 10:10:35', NULL),
(403, 'Passwort wiederholen', 0, NULL, '2018-11-26 10:10:35', '2018-11-26 10:10:35', NULL),
(404, 'Speichern', 0, NULL, '2018-11-26 10:10:35', '2018-11-26 10:10:35', NULL),
(405, 'Sie haben bisher nichts bestellt', 0, NULL, '2018-11-26 10:10:35', '2018-11-26 10:10:35', NULL),
(406, 'Einzelpreis', 0, NULL, '2018-11-26 10:10:35', '2018-11-26 10:10:35', NULL),
(407, 'Deine angegebene Handynummer', 0, NULL, '2018-11-26 10:10:35', '2018-11-26 10:10:35', NULL),
(408, 'Dein Kommentar', 0, NULL, '2018-11-26 10:10:35', '2018-11-26 10:10:35', NULL),
(409, 'Mehrwertsteuer', 0, NULL, '2018-11-26 10:10:35', '2018-11-26 10:10:35', NULL),
(410, 'Die gesamte Rechnungssumme wird abgebucht von', 0, NULL, '2018-11-26 10:10:35', '2018-11-26 10:10:35', NULL),
(411, 'hier ist deine Bestellung auf einen Blick', 0, NULL, '2018-11-26 10:10:35', '2018-11-26 10:10:35', NULL),
(412, 'Als Rechnungsadresse hast du angegeben', 0, NULL, '2018-11-26 10:10:35', '2018-11-26 10:10:35', NULL),
(413, 'Die Lieferadresse ist folgende', 0, NULL, '2018-11-26 10:10:35', '2018-11-26 10:10:35', NULL),
(414, 'Deine angegebene Telefonnummer', 0, NULL, '2018-11-26 10:10:35', '2018-11-26 10:10:35', NULL),
(415, 'Deine angegebene Emailadresse', 0, NULL, '2018-11-26 10:10:35', '2018-11-26 10:10:35', NULL),
(416, 'Deine Bestellung', 0, NULL, '2018-11-26 10:10:35', '2018-11-26 10:10:35', NULL),
(417, 'herzlich willkommen in unserem Shop. Um sich bei Ihrem nächsten Besuch in unserem Shop einzuloggen, klicken sie einfach Login oder Mein Benutzerkonto im oberen Bereich jeder Seite und geben Sie ihr E-Mail-Adresse und Passwort ein.', 0, NULL, '2018-11-26 10:10:35', '2018-11-26 10:10:35', NULL),
(418, 'Mit folgenden Zugangsdaten können Sie sich anmelden:', 0, NULL, '2018-11-26 10:10:35', '2018-11-26 10:10:35', NULL),
(419, 'Nach erfolgreichem Login auf unsere Seite haben Sie die folgenden Möglichkeiten:', 0, NULL, '2018-11-26 10:10:35', '2018-11-26 10:10:35', NULL),
(420, '- Schnellerer Bezahlvorgang beim nächsten Einkauf', 0, NULL, '2018-11-26 10:10:35', '2018-11-26 10:10:35', NULL),
(421, '- Alle laufenden Bestellungen im Auge behalten', 0, NULL, '2018-11-26 10:10:35', '2018-11-26 10:10:35', NULL),
(422, '- Verlauf der vergangenen Bestellungen', 0, NULL, '2018-11-26 10:10:35', '2018-11-26 10:10:35', NULL),
(423, '- Verwalten der Kundenkonto-Einstellungen', 0, NULL, '2018-11-26 10:10:35', '2018-11-26 10:10:35', NULL),
(424, '- Ihr Passwort ändern', 0, NULL, '2018-11-26 10:10:35', '2018-11-26 10:10:35', NULL),
(425, '- Verschiedene Adressen für den Versand an Familienmitglieder und Freunde sowie Rechnungsadressen speichern', 0, NULL, '2018-11-26 10:10:35', '2018-11-26 10:10:35', NULL),
(426, 'Zuvor müssen Sie lediglich die Registrierung bestätigen indem Sie auf folgenden Link klicken', 0, NULL, '2018-11-26 10:10:35', '2018-11-26 10:10:35', NULL),
(427, 'Vielen Dank!', 0, NULL, '2018-11-26 10:10:35', '2018-11-26 10:10:35', NULL),
(428, 'FrontLinks', 0, NULL, '2018-11-26 10:10:35', '2018-11-26 10:10:35', NULL),
(429, 'FrontImages', 0, NULL, '2018-11-26 10:10:35', '2018-11-26 10:10:35', NULL),
(430, 'Team', 0, NULL, '2018-11-26 10:10:35', '2018-11-26 10:10:35', NULL),
(431, 'Newsletter', 0, NULL, '2018-11-26 10:10:35', '2018-11-26 10:10:35', NULL),
(432, 'url', 0, NULL, '2018-11-26 10:10:35', '2018-11-26 10:10:35', NULL),
(433, 'Are you sure?', 0, NULL, '2018-11-26 10:10:35', '2018-11-26 10:10:35', NULL),
(434, 'This may take some more minutes. Do not refresh the page after you have clicked: \"Yes, this is my wish!\"', 0, NULL, '2018-11-26 10:10:35', '2018-11-26 10:10:35', NULL),
(435, 'Yes, this is my wish!', 0, NULL, '2018-11-26 10:10:35', '2018-11-26 10:10:35', NULL),
(436, 'Emailadresse', 0, NULL, '2018-11-26 10:10:35', '2018-11-26 10:10:35', NULL),
(437, 'Produktsuche', 0, NULL, '2018-11-26 10:10:35', '2018-11-26 10:10:35', NULL),
(438, 'Suche', 0, NULL, '2018-11-26 10:10:35', '2018-11-26 10:10:35', NULL),
(439, 'Search', 0, NULL, '2018-11-26 10:10:35', '2018-11-26 10:10:35', NULL),
(440, 'Einlösen', 0, NULL, '2018-11-26 10:10:35', '2018-11-26 10:10:35', NULL),
(441, 'Gutschein', 0, NULL, '2018-11-26 10:10:35', '2018-11-26 10:10:35', NULL),
(442, 'Gutscheincode', 0, NULL, '2018-11-26 10:10:35', '2018-11-26 10:10:35', NULL),
(443, 'Preis von', 0, NULL, '2018-11-26 10:10:35', '2018-11-26 10:10:35', NULL),
(444, 'bis', 0, NULL, '2018-11-26 10:10:35', '2018-11-26 10:10:35', NULL),
(445, 'Alle', 0, NULL, '2018-11-26 10:10:35', '2018-11-26 10:10:35', NULL),
(446, 'FAQs', 0, NULL, '2018-11-26 10:10:35', '2018-11-26 10:10:35', NULL),
(447, 'Faq', 0, NULL, '2018-11-26 10:10:35', '2018-11-26 10:10:35', NULL),
(448, 'Question', 0, NULL, '2018-11-26 10:10:35', '2018-11-26 10:10:35', NULL),
(449, 'Answer', 0, NULL, '2018-11-26 10:10:35', '2018-11-26 10:10:35', NULL),
(450, 'Flyer', 0, NULL, '2018-11-26 10:10:35', '2018-11-26 10:10:35', NULL),
(451, 'Create', 0, NULL, '2018-11-26 10:10:35', '2018-11-26 10:10:35', NULL),
(452, 'Created at', 0, NULL, '2018-11-26 10:10:35', '2018-11-26 10:10:35', NULL),
(453, 'Wunschtermin und Besonderheiten', 0, NULL, '2018-11-26 10:10:35', '2018-11-26 10:10:35', NULL),
(454, 'Retype Password', 0, NULL, '2018-11-26 10:10:35', '2018-11-26 10:10:35', NULL),
(455, 'Frau', 0, NULL, '2018-11-26 10:10:35', '2018-11-26 10:10:35', NULL),
(456, 'Herr', 0, NULL, '2018-11-26 10:10:35', '2018-11-26 10:10:35', NULL),
(457, 'First Name', 0, NULL, '2018-11-26 10:10:35', '2018-11-26 10:10:35', NULL),
(458, 'Last Name', 0, NULL, '2018-11-26 10:10:35', '2018-11-26 10:10:35', NULL),
(459, 'House Number', 0, NULL, '2018-11-26 10:10:35', '2018-11-26 10:10:35', NULL),
(460, 'Register!', 0, NULL, '2018-11-26 10:10:35', '2018-11-26 10:10:35', NULL),
(461, 'Login mit Facebook', 0, NULL, '2018-11-26 10:10:35', '2018-11-26 10:10:35', NULL),
(462, 'Lost Password', 0, NULL, '2018-11-26 10:10:35', '2018-11-26 10:10:35', NULL),
(463, 'Passwort vergessen', 0, NULL, '2018-11-26 10:10:35', '2018-11-26 10:10:35', NULL),
(464, 'Passwort vergessen?', 0, NULL, '2018-11-26 10:10:35', '2018-11-26 10:10:35', NULL),
(465, 'Retrieve Password', 0, NULL, '2018-11-26 10:10:35', '2018-11-26 10:10:35', NULL),
(466, 'Enter your email if you forgot your password and want to retrieve a new one.', 0, NULL, '2018-11-26 10:10:35', '2018-11-26 10:10:35', NULL),
(467, 'An account with the specified login could not be found.', 0, NULL, '2018-11-26 10:10:35', '2018-11-26 10:10:35', NULL),
(468, 'The account associated with the specified login has not been activated.', 0, NULL, '2018-11-26 10:10:35', '2018-11-26 10:10:35', NULL),
(469, 'The account associated with the specified login can not be accessed that way.', 0, NULL, '2018-11-26 10:10:35', '2018-11-26 10:10:35', NULL),
(470, 'We sent you an email.', 0, NULL, '2018-11-26 10:10:35', '2018-11-26 10:10:35', NULL),
(471, 'Reset Password', 0, NULL, '2018-11-26 10:10:35', '2018-11-26 10:10:35', NULL),
(472, 'Feedback', 0, NULL, '2018-11-26 10:10:35', '2018-11-26 10:10:35', NULL),
(473, 'You forgot your password?', 0, NULL, '2018-11-26 10:10:35', '2018-11-26 10:10:35', NULL),
(474, 'ProductOrder', 0, NULL, '2018-11-26 10:10:35', '2018-11-26 10:10:35', NULL),
(475, 'Bestellung vom', 0, NULL, '2018-11-26 10:10:35', '2018-11-26 10:10:35', NULL),
(476, 'Payed', 0, NULL, '2018-11-26 10:10:35', '2018-11-26 10:10:35', NULL),
(477, 'State Shipped', 0, NULL, '2018-11-26 10:10:35', '2018-11-26 10:10:35', NULL),
(478, 'Storniert', 0, NULL, '2018-11-26 10:10:35', '2018-11-26 10:10:35', NULL),
(479, 'State Disposed', 0, NULL, '2018-11-26 10:10:35', '2018-11-26 10:10:35', NULL),
(480, 'Order Checked', 0, NULL, '2018-11-26 10:10:35', '2018-11-26 10:10:35', NULL),
(481, 'DeliveryCountry', 0, NULL, '2018-11-26 10:10:35', '2018-11-26 10:10:35', NULL),
(482, 'BillingCountry', 0, NULL, '2018-11-26 10:10:35', '2018-11-26 10:10:35', NULL),
(483, 'Shop Order', 0, NULL, '2018-11-26 10:10:35', '2018-11-26 10:10:35', NULL),
(484, 'ShopOrder', 0, NULL, '2018-11-26 10:10:35', '2018-11-26 10:10:35', NULL),
(485, 'of', 0, NULL, '2018-11-26 10:10:35', '2018-11-26 10:10:35', NULL),
(486, '\'%value%\' was not found in the haystack', 0, NULL, '2018-11-26 10:10:35', '2018-11-26 10:10:35', NULL),
(487, 'Here, you can setup the system in order to get it going.', 0, NULL, '2018-11-26 10:10:35', '2018-11-26 10:10:35', NULL),
(488, 'Here, you can setup the  system in order to get going.', 0, NULL, '2018-11-26 10:10:35', '2018-11-26 10:10:35', NULL),
(489, 'Here, you can setup the system in order to get going.', 0, NULL, '2018-11-26 10:10:35', '2018-11-26 10:10:35', NULL),
(490, 'Get a quick application overview.', 0, NULL, '2018-11-26 10:10:35', '2018-11-26 10:10:35', NULL),
(491, 'Setup and Configuration', 0, NULL, '2018-11-26 10:10:35', '2018-11-26 10:10:35', NULL),
(492, 'Set Up this application', 0, NULL, '2018-11-26 10:10:35', '2018-11-26 10:10:35', NULL),
(493, 'Configure this application', 0, NULL, '2018-11-26 10:10:35', '2018-11-26 10:10:35', NULL),
(494, 'Manage Roles and Users', 0, NULL, '2018-11-26 10:10:35', '2018-11-26 10:10:35', NULL),
(495, 'Manage roles', 0, NULL, '2018-11-26 10:10:35', '2018-11-26 10:10:35', NULL),
(496, 'Manage users', 0, NULL, '2018-11-26 10:10:35', '2018-11-26 10:10:35', NULL),
(497, 'Manage Media and CSS', 0, NULL, '2018-11-26 10:10:35', '2018-11-26 10:10:35', NULL),
(498, 'Generate iconized list CSS', 0, NULL, '2018-11-26 10:10:35', '2018-11-26 10:10:35', NULL),
(499, 'Manage Resources', 0, NULL, '2018-11-26 10:10:35', '2018-11-26 10:10:35', NULL),
(500, 'Manage modules', 0, NULL, '2018-11-26 10:10:35', '2018-11-26 10:10:35', NULL),
(501, 'Module', 0, NULL, '2018-11-26 10:10:35', '2018-11-26 10:10:35', NULL),
(502, 'Manage controllers', 0, NULL, '2018-11-26 10:10:35', '2018-11-26 10:10:35', NULL),
(503, 'Manage actions', 0, NULL, '2018-11-26 10:10:35', '2018-11-26 10:10:35', NULL),
(504, 'Manage Plugins', 0, NULL, '2018-11-26 10:10:35', '2018-11-26 10:10:35', NULL),
(505, 'Manage translations', 0, NULL, '2018-11-26 10:10:35', '2018-11-26 10:10:35', NULL),
(506, 'Manage Translations', 0, NULL, '2018-11-26 10:10:35', '2018-11-26 10:10:35', NULL),
(507, 'Manage models', 0, NULL, '2018-11-26 10:10:35', '2018-11-26 10:10:35', NULL),
(508, 'Manage Models', 0, NULL, '2018-11-26 10:10:35', '2018-11-26 10:10:35', NULL),
(509, 'You should only tick this box if you have fully understood what\'s going to happen once you\'ve clicked the button below, you can\'t stop it.', 0, NULL, '2018-11-26 10:10:35', '2018-11-26 10:10:35', NULL),
(510, 'Yes, setup now!', 0, NULL, '2018-11-26 10:10:35', '2018-11-26 10:10:35', NULL),
(511, 'Using these options may lead to malfunctions. So make sure you really know what you are doing!', 0, NULL, '2018-11-26 10:10:35', '2018-11-26 10:10:35', NULL),
(512, 'Is real Action?', 0, NULL, '2018-11-26 10:10:35', '2018-11-26 10:10:35', NULL),
(513, 'Is new Action?', 0, NULL, '2018-11-26 10:10:35', '2018-11-26 10:10:35', NULL),
(514, 'There is nothing to do.', 0, NULL, '2018-11-26 10:10:36', '2018-11-26 10:10:36', NULL),
(515, 'Update', 0, NULL, '2018-11-26 10:10:36', '2018-11-26 10:10:36', NULL),
(516, 'ModelColumnName', 0, NULL, '2018-11-26 10:10:36', '2018-11-26 10:10:36', NULL),
(517, 'ModelName', 0, NULL, '2018-11-26 10:10:36', '2018-11-26 10:10:36', NULL),
(518, 'ModelColumnNameEditAs', 0, NULL, '2018-11-26 10:10:36', '2018-11-26 10:10:36', NULL),
(519, 'ModelList', 0, NULL, '2018-11-26 10:10:36', '2018-11-26 10:10:36', NULL),
(520, 'Roles', 0, NULL, '2018-11-26 10:10:36', '2018-11-26 10:10:36', NULL),
(521, 'BackendAdminBoxes', 0, NULL, '2018-11-26 10:10:36', '2018-11-26 10:10:36', NULL),
(522, 'BackendAdminBoxesAction', 0, NULL, '2018-11-26 10:10:36', '2018-11-26 10:10:36', NULL),
(523, 'Add All', 0, NULL, '2018-11-26 10:10:36', '2018-11-26 10:10:36', NULL),
(524, 'Imprint', 1, NULL, '2018-11-26 10:10:36', '2018-12-31 17:48:10', NULL),
(525, 'Contact', 0, NULL, '2018-11-26 10:10:36', '2018-11-26 10:10:36', NULL),
(526, 'Emailaddress', 1, NULL, '2018-11-26 10:10:36', '2018-12-31 17:48:08', NULL),
(527, 'Your Message', 1, NULL, '2018-11-26 10:10:36', '2018-12-31 17:48:08', NULL),
(528, 'Deutschland', 0, NULL, '2018-11-26 10:10:36', '2018-11-26 10:10:36', NULL),
(529, 'Über Uns', 1, NULL, '2018-11-26 10:10:36', '2018-12-31 17:48:09', NULL),
(530, 'Updates', 0, NULL, '2018-11-26 10:10:36', '2018-11-26 10:10:36', NULL),
(531, 'Models', 0, NULL, '2018-11-26 10:10:36', '2018-11-26 10:10:36', NULL),
(532, 'Actions', 0, NULL, '2018-11-26 10:10:36', '2018-11-26 10:10:36', NULL),
(533, 'Info', 0, NULL, '2018-11-26 10:10:36', '2018-11-26 10:10:36', NULL),
(534, 'Infos', 0, NULL, '2018-11-26 10:10:36', '2018-11-26 10:10:36', NULL),
(535, 'Backend - AdminBoxes', 0, NULL, '2018-11-26 10:10:36', '2018-11-26 10:10:36', NULL),
(536, 'Backend - AdminBoxesAction', 0, NULL, '2018-11-26 10:10:36', '2018-11-26 10:10:36', NULL),
(537, 'Setup this application', 0, NULL, '2018-11-26 10:10:36', '2018-11-26 10:10:36', NULL),
(538, 'Setup this application.', 0, NULL, '2018-11-26 10:10:36', '2018-11-26 10:10:36', NULL),
(539, 'Configure this application.', 0, NULL, '2018-11-26 10:10:36', '2018-11-26 10:10:36', NULL),
(540, 'Manage roles.', 0, NULL, '2018-11-26 10:10:36', '2018-11-26 10:10:36', NULL);
INSERT INTO `translator` (`id`, `short`, `untranslated`, `comment`, `created_at`, `updated_at`, `deleted_at`) VALUES
(541, 'Manage users.', 0, NULL, '2018-11-26 10:10:36', '2018-11-26 10:10:36', NULL),
(542, 'Manage Resources and Privileges', 0, NULL, '2018-11-26 10:10:36', '2018-11-26 10:10:36', NULL),
(543, 'Manage resources', 0, NULL, '2018-11-26 10:10:36', '2018-11-26 10:10:36', NULL),
(544, 'Manage resources.', 0, NULL, '2018-11-26 10:10:36', '2018-11-26 10:10:36', NULL),
(545, 'Manage privileges', 0, NULL, '2018-11-26 10:10:36', '2018-11-26 10:10:36', NULL),
(546, 'Manage privileges.', 0, NULL, '2018-11-26 10:10:36', '2018-11-26 10:10:36', NULL),
(547, 'Manage media.', 0, NULL, '2018-11-26 10:10:36', '2018-11-26 10:10:36', NULL),
(548, 'Generate sprite CSS from this application\'s icon files.', 0, NULL, '2018-11-26 10:10:36', '2018-11-26 10:10:36', NULL),
(549, 'Manage Modules, Controllers and Actions', 0, NULL, '2018-11-26 10:10:36', '2018-11-26 10:10:36', NULL),
(550, 'Manage modules.', 0, NULL, '2018-11-26 10:10:36', '2018-11-26 10:10:36', NULL),
(551, 'Manage controllers.', 0, NULL, '2018-11-26 10:10:36', '2018-11-26 10:10:36', NULL),
(552, 'Manage actions.', 0, NULL, '2018-11-26 10:10:36', '2018-11-26 10:10:36', NULL),
(553, 'Manage Models and Forms', 0, NULL, '2018-11-26 10:10:36', '2018-11-26 10:10:36', NULL),
(554, 'Manage models.', 0, NULL, '2018-11-26 10:10:36', '2018-11-26 10:10:36', NULL),
(555, 'Manage forms', 0, NULL, '2018-11-26 10:10:36', '2018-11-26 10:10:36', NULL),
(556, 'Manage forms.', 0, NULL, '2018-11-26 10:10:36', '2018-11-26 10:10:36', NULL),
(557, 'The specified password does not seem to be correct.', 0, NULL, '2018-11-26 10:10:36', '2018-11-26 10:10:36', NULL),
(558, '\'%value%\' does not match the expected structure for a DNS hostname', 0, NULL, '2018-11-26 10:10:36', '2018-11-26 10:10:36', NULL),
(559, 'Copy', 0, NULL, '2018-11-26 10:10:36', '2018-11-26 10:10:36', NULL),
(560, 'File \'%value%\' was not uploaded', 0, NULL, '2018-11-26 10:10:36', '2018-11-26 10:10:36', NULL),
(561, 'Manage media', 0, NULL, '2018-11-26 10:10:36', '2018-11-26 10:10:36', NULL),
(562, 'Model', 0, NULL, '2018-11-26 10:10:36', '2018-11-26 10:10:36', NULL),
(563, 'The item is in use. Make sure, you do not use it on another record. It seems to be required there and cannot be deleted recursiv.', 0, NULL, '2018-11-26 10:10:36', '2018-11-26 10:10:36', NULL),
(564, 'It is currently not permitted to edit the record.', 0, NULL, '2018-11-26 10:10:36', '2018-11-26 10:10:36', NULL),
(565, 'Kontakt-Informationen', 0, NULL, '2018-11-26 10:10:36', '2018-11-26 10:10:36', NULL),
(566, 'Neuer Termin', 0, NULL, '2018-11-26 10:10:36', '2018-11-26 10:10:36', NULL),
(567, 'Erledigt', 0, NULL, '2018-11-26 10:10:36', '2018-11-26 10:10:36', NULL),
(568, 'Offene Termine', 0, NULL, '2018-11-26 10:10:36', '2018-11-26 10:10:36', NULL),
(569, 'Nicht Erledig', 0, NULL, '2018-11-26 10:10:36', '2018-11-26 10:10:36', NULL),
(570, 'Abgeschlossene Termine', 0, NULL, '2018-11-26 10:10:36', '2018-11-26 10:10:36', NULL),
(571, 'Mehr Infos', 0, NULL, '2018-11-26 10:10:36', '2018-11-26 10:10:36', NULL),
(572, 'Mehr Termine', 0, NULL, '2018-11-26 10:10:36', '2018-11-26 10:10:36', NULL),
(573, 'Angebots-Kunden erstellen', 0, NULL, '2018-11-26 10:10:36', '2018-11-26 10:10:36', NULL),
(574, 'Kopieren', 0, NULL, '2018-11-26 10:10:36', '2018-11-26 10:10:36', NULL),
(575, 'Speichern & nächsten Datensatz hinzufügen', 0, NULL, '2018-11-26 10:10:36', '2018-11-26 10:10:36', NULL),
(576, 'Speichern & nächsten Datensatz bearbeiten', 0, NULL, '2018-11-26 10:10:36', '2018-11-26 10:10:36', NULL),
(577, 'Noch mehr Termine', 0, NULL, '2018-11-26 10:10:36', '2018-11-26 10:10:36', NULL),
(578, '\'%value%\' contains characters which are non alphabetic and no digits', 0, NULL, '2018-11-26 10:10:36', '2018-11-26 10:10:36', NULL),
(579, 'Change', 0, NULL, '2018-11-26 10:10:36', '2018-11-26 10:10:36', NULL),
(580, 'Change Directory', 0, NULL, '2018-11-26 10:10:36', '2018-11-26 10:10:36', NULL),
(581, 'Rename', 0, NULL, '2018-11-26 10:10:36', '2018-11-26 10:10:36', NULL),
(582, 'This directory should not contain any subdirectory. All medias will be moved into the parent directory.', 0, NULL, '2018-11-26 10:10:36', '2018-11-26 10:10:36', NULL),
(583, 'Project', 0, NULL, '2018-11-26 10:10:36', '2018-11-26 10:10:36', NULL),
(584, 'Projects', 0, NULL, '2018-11-26 10:10:36', '2018-11-26 10:10:36', NULL),
(585, 'Url', 0, NULL, '2018-11-26 10:10:36', '2018-11-26 10:10:36', NULL),
(586, 'Leistungen', 0, NULL, '2018-11-26 10:10:36', '2018-11-26 10:10:36', NULL),
(587, 'Projekte', 0, NULL, '2018-11-26 10:10:36', '2018-11-26 10:10:36', NULL),
(588, 'Date', 0, NULL, '2018-11-26 10:10:36', '2018-11-26 10:10:36', NULL),
(589, '%1s - Blog', 0, NULL, '2018-11-26 10:10:36', '2018-11-26 10:10:36', NULL),
(590, 'The latest news from %1s.', 0, NULL, '2018-11-26 10:10:36', '2018-11-26 10:10:36', NULL),
(591, 'Clear all Sessions', 0, NULL, '2018-11-26 10:10:36', '2018-11-26 10:10:36', NULL),
(592, 'Sessions have been cleared (%1s remaining).', 0, NULL, '2018-11-26 10:10:36', '2018-11-26 10:10:36', NULL),
(593, 'Session Clearing requested.', 0, NULL, '2018-11-26 10:10:36', '2018-11-26 10:10:36', NULL),
(594, 'Clear all Caches', 0, NULL, '2018-11-26 10:10:36', '2018-11-26 10:10:36', NULL),
(595, 'Cleared %1s entries from cache.', 0, NULL, '2018-11-26 10:10:36', '2018-11-26 10:10:36', NULL),
(596, 'Cache Clearing requested.', 0, NULL, '2018-11-26 10:10:36', '2018-11-26 10:10:36', NULL),
(597, 'Manage Temporary Datas', 0, NULL, '2018-11-26 10:10:36', '2018-11-26 10:10:36', NULL),
(598, 'Configurate the Newsletter', 0, NULL, '2018-11-26 10:10:36', '2018-11-26 10:10:36', NULL),
(599, 'NewsletterSubscriber', 0, NULL, '2018-11-26 10:10:36', '2018-11-26 10:10:36', NULL),
(600, 'Newsletter Subscriber', 0, NULL, '2018-11-26 10:10:36', '2018-11-26 10:10:36', NULL),
(601, 'Vielen Dank für Ihre Anmeldung bei unserem Newsletter.', 0, NULL, '2018-11-26 10:10:36', '2018-11-26 10:10:36', NULL),
(602, 'MetaConfiguration', 0, NULL, '2018-11-26 10:10:36', '2018-11-26 10:10:36', NULL),
(603, 'Test', 0, NULL, '2018-11-26 10:10:36', '2018-11-26 10:10:36', NULL),
(604, 'Sending Newsletter', 0, NULL, '2018-11-26 10:10:36', '2018-11-26 10:10:36', NULL),
(605, 'Der Newsletter wurde versendet.', 0, NULL, '2018-11-26 10:10:36', '2018-11-26 10:10:36', NULL),
(606, 'Language', 0, NULL, '2018-11-26 10:10:36', '2018-11-26 10:10:36', NULL),
(607, 'News', 1, NULL, '2018-11-26 10:10:36', '2018-12-31 17:48:08', NULL),
(608, 'Aktuelles', 0, NULL, '2018-11-26 10:10:36', '2018-11-26 10:10:36', NULL),
(609, 'Subject', 0, NULL, '2018-11-26 10:10:37', '2018-11-26 10:10:37', NULL),
(610, 'EmailTemplate', 0, NULL, '2018-11-26 10:10:37', '2018-11-26 10:10:37', NULL),
(611, 'EmailTemplatePart', 0, NULL, '2018-11-26 10:10:37', '2018-11-26 10:10:37', NULL),
(612, 'Configurate EmailTemplate', 0, NULL, '2018-11-26 10:10:37', '2018-11-26 10:10:37', NULL),
(613, 'Html body css style', 0, NULL, '2018-11-26 10:10:37', '2018-11-26 10:10:37', NULL),
(614, 'Html paragraph css style', 0, NULL, '2018-11-26 10:10:37', '2018-11-26 10:10:37', NULL),
(615, 'Html headline css style', 0, NULL, '2018-11-26 10:10:37', '2018-11-26 10:10:37', NULL),
(616, 'Html data css style', 0, NULL, '2018-11-26 10:10:37', '2018-11-26 10:10:37', NULL),
(617, 'Html dataline label css style', 0, NULL, '2018-11-26 10:10:37', '2018-11-26 10:10:37', NULL),
(618, 'Html dataline data css style', 0, NULL, '2018-11-26 10:10:37', '2018-11-26 10:10:37', NULL),
(619, 'All files in sum should have a maximum size of \'%max%\' but \'%size%\' were detected', 0, NULL, '2018-11-26 10:10:37', '2018-11-26 10:10:37', NULL),
(620, 'Account Overview', 0, NULL, '2018-11-26 10:10:37', '2018-11-26 10:10:37', NULL),
(621, 'Orders Overview', 0, NULL, '2018-11-26 10:10:37', '2018-11-26 10:10:37', NULL),
(622, 'User-Account', 0, NULL, '2018-11-26 10:10:37', '2018-11-26 10:10:37', NULL),
(623, 'Backend AdminBox-Action', 0, NULL, '2018-11-26 10:10:37', '2018-11-26 10:10:37', NULL),
(624, 'Model Name', 0, NULL, '2018-11-26 10:10:37', '2018-11-26 10:10:37', NULL),
(625, 'Name short', 0, NULL, '2018-11-26 10:10:37', '2018-11-26 10:10:37', NULL),
(626, 'Default sort', 0, NULL, '2018-11-26 10:10:37', '2018-11-26 10:10:37', NULL),
(627, 'Button edit', 0, NULL, '2018-11-26 10:10:37', '2018-11-26 10:10:37', NULL),
(628, 'Button add', 0, NULL, '2018-11-26 10:10:37', '2018-11-26 10:10:37', NULL),
(629, 'Button delete', 0, NULL, '2018-11-26 10:10:37', '2018-11-26 10:10:37', NULL),
(630, 'Is allowed', 0, NULL, '2018-11-26 10:10:37', '2018-11-26 10:10:37', NULL),
(631, 'Is action method', 0, NULL, '2018-11-26 10:10:37', '2018-11-26 10:10:37', NULL),
(632, 'Layout', 0, NULL, '2018-11-26 10:10:37', '2018-11-26 10:10:37', NULL),
(633, 'Content partial', 0, NULL, '2018-11-26 10:10:37', '2018-11-26 10:10:37', NULL),
(634, 'Navigation', 0, NULL, '2018-11-26 10:10:37', '2018-11-26 10:10:37', NULL),
(635, 'Manage Navigation', 0, NULL, '2018-11-26 10:10:37', '2018-11-26 10:10:37', NULL),
(636, 'Action Resource', 0, NULL, '2018-11-26 10:10:37', '2018-11-26 10:10:37', NULL),
(637, 'Default action resource', 0, NULL, '2018-11-26 10:10:37', '2018-11-26 10:10:37', NULL),
(638, 'Role Short', 0, NULL, '2018-11-26 10:10:37', '2018-11-26 10:10:37', NULL),
(639, 'Show all', 0, NULL, '2018-11-26 10:10:37', '2018-11-26 10:10:37', NULL),
(640, 'Show all loggedin', 0, NULL, '2018-11-26 10:10:37', '2018-11-26 10:10:37', NULL),
(641, 'Target', 0, NULL, '2018-11-26 10:10:37', '2018-11-26 10:10:37', NULL),
(642, 'Uri', 0, NULL, '2018-11-26 10:10:37', '2018-11-26 10:10:37', NULL),
(643, 'Dynamic', 0, NULL, '2018-11-26 10:10:37', '2018-11-26 10:10:37', NULL),
(644, 'Visible', 0, NULL, '2018-11-26 10:10:37', '2018-11-26 10:10:37', NULL),
(645, 'Css class', 0, NULL, '2018-11-26 10:10:37', '2018-11-26 10:10:37', NULL),
(646, 'Default language', 0, NULL, '2018-11-26 10:10:37', '2018-11-26 10:10:37', NULL),
(647, 'Do not translate', 0, NULL, '2018-11-26 10:10:37', '2018-11-26 10:10:37', NULL),
(648, 'Parent Element', 0, NULL, '2018-11-26 10:10:37', '2018-11-26 10:10:37', NULL),
(649, 'Eltern-Element', 0, NULL, '2018-11-26 10:10:37', '2018-11-26 10:10:37', NULL),
(650, 'Medias, that can be seen by role: %1s', 0, NULL, '2018-11-26 10:10:37', '2018-11-26 10:10:37', NULL),
(651, 'Medias, that are not filtered by roles.', 0, NULL, '2018-11-26 10:10:37', '2018-11-26 10:10:37', NULL),
(652, 'Done', 0, NULL, '2018-11-26 10:10:37', '2018-11-26 10:10:37', NULL),
(653, 'Time', 0, NULL, '2018-11-26 10:10:37', '2018-11-26 10:10:37', NULL),
(654, 'Hour', 0, NULL, '2018-11-26 10:10:37', '2018-11-26 10:10:37', NULL),
(655, 'Minute', 0, NULL, '2018-11-26 10:10:37', '2018-11-26 10:10:37', NULL),
(656, 'Second', 0, NULL, '2018-11-26 10:10:37', '2018-11-26 10:10:37', NULL),
(657, 'Now', 0, NULL, '2018-11-26 10:10:37', '2018-11-26 10:10:37', NULL),
(658, 'You agree, that setup will delete all files in \"/data/media\", \"/public/img/default/captcha\" and \"/public/mediafile\".', 0, NULL, '2018-11-26 10:10:37', '2018-11-26 10:10:37', NULL),
(659, 'Delete temporary Images', 0, NULL, '2018-11-26 10:10:37', '2018-11-26 10:10:37', NULL),
(660, 'Newsletter Gruppe', 0, NULL, '2018-11-26 10:10:37', '2018-11-26 10:10:37', NULL),
(661, 'Bitte wählen Sie aus, an welchen Typ der Newsletter-Angemeldeten der Newsletter verschickt werden sollen.', 0, NULL, '2018-11-26 10:10:37', '2018-11-26 10:10:37', NULL),
(662, 'ContentSiteImages', 0, NULL, '2018-11-26 10:10:37', '2018-11-26 10:10:37', NULL),
(663, 'BackgroundImage', 0, NULL, '2018-11-26 10:10:37', '2018-11-26 10:10:37', NULL),
(664, 'ImageConfig', 0, NULL, '2018-11-26 10:10:37', '2018-11-26 10:10:37', NULL),
(665, 'InfoPage', 0, NULL, '2018-11-26 10:10:37', '2018-11-26 10:10:37', NULL),
(666, 'SiteConfig', 0, NULL, '2018-11-26 10:10:37', '2018-11-26 10:10:37', NULL),
(667, 'MediaConfig', 0, NULL, '2018-11-26 10:10:37', '2018-11-26 10:10:37', NULL),
(668, 'Lang', 0, NULL, '2018-11-26 10:10:37', '2018-11-26 10:10:37', NULL),
(669, 'Newsletter Subscriber Type', 0, NULL, '2018-11-26 10:10:37', '2018-11-26 10:10:37', NULL),
(670, 'NewsletterSubscriberType', 0, NULL, '2018-11-26 10:10:37', '2018-11-26 10:10:37', NULL),
(671, 'Ihre Anfrage wurde erfolgreich an uns übermittelt.', 0, NULL, '2018-11-26 10:10:37', '2018-11-26 10:10:37', NULL),
(672, 'Wir haben Sie nun aus dem Newsletter-Verteiler entfernt.', 0, NULL, '2018-11-26 10:10:37', '2018-11-26 10:10:37', NULL),
(673, 'weiterlesen', 0, NULL, '2018-11-26 10:10:37', '2018-11-26 10:10:37', NULL),
(674, 'ContentBox', 0, NULL, '2018-11-26 10:10:37', '2018-11-26 10:10:37', NULL),
(675, 'Link', 0, NULL, '2018-11-26 10:10:37', '2018-11-26 10:10:37', NULL),
(676, 'Media Image M2n Action', 0, NULL, '2018-11-26 10:10:37', '2018-11-26 10:10:37', NULL),
(677, 'Prev', 0, NULL, '2018-11-26 10:10:37', '2018-11-26 10:10:37', NULL),
(678, 'Next', 0, NULL, '2018-11-26 10:10:37', '2018-11-26 10:10:37', NULL),
(679, 'January', 0, NULL, '2018-11-26 10:10:37', '2018-11-26 10:10:37', NULL),
(680, 'February', 0, NULL, '2018-11-26 10:10:37', '2018-11-26 10:10:37', NULL),
(681, 'March', 0, NULL, '2018-11-26 10:10:37', '2018-11-26 10:10:37', NULL),
(682, 'April', 0, NULL, '2018-11-26 10:10:37', '2018-11-26 10:10:37', NULL),
(683, 'May', 0, NULL, '2018-11-26 10:10:37', '2018-11-26 10:10:37', NULL),
(684, 'June', 0, NULL, '2018-11-26 10:10:37', '2018-11-26 10:10:37', NULL),
(685, 'July', 0, NULL, '2018-11-26 10:10:37', '2018-11-26 10:10:37', NULL),
(686, 'August', 0, NULL, '2018-11-26 10:10:37', '2018-11-26 10:10:37', NULL),
(687, 'September', 0, NULL, '2018-11-26 10:10:37', '2018-11-26 10:10:37', NULL),
(688, 'October', 0, NULL, '2018-11-26 10:10:37', '2018-11-26 10:10:37', NULL),
(689, 'November', 0, NULL, '2018-11-26 10:10:37', '2018-11-26 10:10:37', NULL),
(690, 'December', 0, NULL, '2018-11-26 10:10:37', '2018-11-26 10:10:37', NULL),
(691, 'Jan', 0, NULL, '2018-11-26 10:10:37', '2018-11-26 10:10:37', NULL),
(692, 'Feb', 0, NULL, '2018-11-26 10:10:37', '2018-11-26 10:10:37', NULL),
(693, 'Mar', 0, NULL, '2018-11-26 10:10:37', '2018-11-26 10:10:37', NULL),
(694, 'Apr', 0, NULL, '2018-11-26 10:10:37', '2018-11-26 10:10:37', NULL),
(695, 'Jun', 0, NULL, '2018-11-26 10:10:37', '2018-11-26 10:10:37', NULL),
(696, 'Jul', 0, NULL, '2018-11-26 10:10:37', '2018-11-26 10:10:37', NULL),
(697, 'Aug', 0, NULL, '2018-11-26 10:10:37', '2018-11-26 10:10:37', NULL),
(698, 'Sep', 0, NULL, '2018-11-26 10:10:37', '2018-11-26 10:10:37', NULL),
(699, 'Oct', 0, NULL, '2018-11-26 10:10:37', '2018-11-26 10:10:37', NULL),
(700, 'Nov', 0, NULL, '2018-11-26 10:10:37', '2018-11-26 10:10:37', NULL),
(701, 'Dec', 0, NULL, '2018-11-26 10:10:37', '2018-11-26 10:10:37', NULL),
(702, 'Sunday', 0, NULL, '2018-11-26 10:10:37', '2018-11-26 10:10:37', NULL),
(703, 'Monday', 0, NULL, '2018-11-26 10:10:37', '2018-11-26 10:10:37', NULL),
(704, 'Tuesday', 0, NULL, '2018-11-26 10:10:37', '2018-11-26 10:10:37', NULL),
(705, 'Wednesday', 0, NULL, '2018-11-26 10:10:37', '2018-11-26 10:10:37', NULL),
(706, 'Thursday', 0, NULL, '2018-11-26 10:10:37', '2018-11-26 10:10:37', NULL),
(707, 'Friday', 0, NULL, '2018-11-26 10:10:37', '2018-11-26 10:10:37', NULL),
(708, 'Saturday', 0, NULL, '2018-11-26 10:10:37', '2018-11-26 10:10:37', NULL),
(709, 'Sun', 0, NULL, '2018-11-26 10:10:37', '2018-11-26 10:10:37', NULL),
(710, 'Mon', 0, NULL, '2018-11-26 10:10:37', '2018-11-26 10:10:37', NULL),
(711, 'Tue', 0, NULL, '2018-11-26 10:10:37', '2018-11-26 10:10:37', NULL),
(712, 'Wed', 0, NULL, '2018-11-26 10:10:37', '2018-11-26 10:10:37', NULL),
(713, 'Thu', 0, NULL, '2018-11-26 10:10:37', '2018-11-26 10:10:37', NULL),
(714, 'Fri', 0, NULL, '2018-11-26 10:10:37', '2018-11-26 10:10:37', NULL),
(715, 'Sat', 0, NULL, '2018-11-26 10:10:37', '2018-11-26 10:10:37', NULL),
(716, 'Su', 0, NULL, '2018-11-26 10:10:37', '2018-11-26 10:10:37', NULL),
(717, 'Mo', 0, NULL, '2018-11-26 10:10:37', '2018-11-26 10:10:37', NULL),
(718, 'Tu', 0, NULL, '2018-11-26 10:10:37', '2018-11-26 10:10:37', NULL),
(719, 'We', 0, NULL, '2018-11-26 10:10:37', '2018-11-26 10:10:37', NULL),
(720, 'Th', 0, NULL, '2018-11-26 10:10:37', '2018-11-26 10:10:37', NULL),
(721, 'Fr', 0, NULL, '2018-11-26 10:10:37', '2018-11-26 10:10:37', NULL),
(722, 'Sa', 0, NULL, '2018-11-26 10:10:37', '2018-11-26 10:10:37', NULL),
(723, 'Pflichtfeld', 1, NULL, '2018-11-26 10:10:37', '2018-12-31 17:48:08', NULL),
(724, 'Displaying {from} to {to} of {total} items', 0, NULL, '2018-11-26 10:10:37', '2018-11-26 10:10:37', NULL),
(725, 'No items', 0, NULL, '2018-11-26 10:10:37', '2018-11-26 10:10:37', NULL),
(726, 'Connection Error', 0, NULL, '2018-11-26 10:10:37', '2018-11-26 10:10:37', NULL),
(727, 'Processing, please wait ...', 0, NULL, '2018-11-26 10:10:37', '2018-11-26 10:10:37', NULL),
(728, 'Page {current} of {total}', 0, NULL, '2018-11-26 10:10:37', '2018-11-26 10:10:37', NULL),
(729, 'General', 0, NULL, '2018-11-26 10:10:37', '2018-11-26 10:10:37', NULL),
(730, 'Dynamic Content', 0, NULL, '2018-11-26 10:10:37', '2018-11-26 10:10:37', NULL),
(731, 'Homepage', 0, NULL, '2018-11-26 10:10:37', '2018-11-26 10:10:37', NULL),
(732, 'Count the not new rows', 0, NULL, '2018-11-26 10:10:37', '2018-11-26 10:10:37', NULL),
(733, 'Count new rows of Model', 0, NULL, '2018-11-26 10:10:37', '2018-11-26 10:10:37', NULL),
(734, 'Die Sitemap konnte nicht manuell erneut erstellt werden.', 0, NULL, '2018-11-26 10:10:37', '2018-11-26 10:10:37', NULL),
(735, 'Die Sitemap wurde manuell erneut erstellt.', 0, NULL, '2018-11-26 10:10:37', '2018-11-26 10:10:37', NULL),
(736, 'Configuration', 0, NULL, '2018-11-26 10:10:37', '2018-11-26 10:10:37', NULL),
(737, 'Temporary Datas', 0, NULL, '2018-11-26 10:10:37', '2018-11-26 10:10:37', NULL),
(738, 'Roles & Users', 0, NULL, '2018-11-26 10:10:37', '2018-11-26 10:10:37', NULL),
(739, 'Medias & CSS', 0, NULL, '2018-11-26 10:10:37', '2018-11-26 10:10:37', NULL),
(740, 'Resources & Navigation', 0, NULL, '2018-11-26 10:10:37', '2018-11-26 10:10:37', NULL),
(741, 'Manage Resources & Navigation', 0, NULL, '2018-11-26 10:10:37', '2018-11-26 10:10:37', NULL),
(742, 'ActionResource', 0, NULL, '2018-11-26 10:10:37', '2018-11-26 10:10:37', NULL),
(743, 'RoleShort', 0, NULL, '2018-11-26 10:10:37', '2018-11-26 10:10:37', NULL),
(744, 'Rechnung', 0, NULL, '2018-11-26 10:10:37', '2018-11-26 10:10:37', NULL),
(745, 'Lieferschein', 0, NULL, '2018-11-26 10:10:37', '2018-11-26 10:10:37', NULL),
(746, 'Produkt-Bilder', 0, NULL, '2018-11-26 10:10:37', '2018-11-26 10:10:37', NULL),
(747, 'Produkt-Optionen', 0, NULL, '2018-11-26 10:10:37', '2018-11-26 10:10:37', NULL),
(748, 'Product Status', 0, NULL, '2018-11-26 10:10:37', '2018-11-26 10:10:37', NULL),
(749, 'ProductStatus', 0, NULL, '2018-11-26 10:10:37', '2018-11-26 10:10:37', NULL),
(750, 'Color code', 0, NULL, '2018-11-26 10:10:37', '2018-11-26 10:10:37', NULL),
(751, 'Datei', 0, NULL, '2018-11-26 10:10:37', '2018-11-26 10:10:37', NULL),
(752, 'Shockwave', 0, NULL, '2018-11-26 10:10:37', '2018-11-26 10:10:37', NULL),
(753, 'Produkt-Tag', 0, NULL, '2018-11-26 10:10:37', '2018-11-26 10:10:37', NULL),
(754, 'Menge der Einheiten', 0, NULL, '2018-11-26 10:10:37', '2018-11-26 10:10:37', NULL),
(755, 'reverenced_id', 0, NULL, '2018-11-26 10:10:37', '2018-11-26 10:10:37', NULL),
(756, 'Visit us on Facebook', 0, NULL, '2018-11-26 10:10:37', '2018-11-26 10:10:37', NULL),
(757, 'Visit us on Twitter', 0, NULL, '2018-11-26 10:10:37', '2018-11-26 10:10:37', NULL),
(758, 'Visit us on Pinterest', 0, NULL, '2018-11-26 10:10:37', '2018-11-26 10:10:37', NULL),
(759, 'Close', 0, NULL, '2018-11-26 10:10:37', '2018-11-26 10:10:37', NULL),
(760, 'Herzlich Willkommen', 0, NULL, '2018-11-26 10:10:38', '2018-11-26 10:10:38', NULL),
(761, 'Neue Produkte', 0, NULL, '2018-11-26 10:10:38', '2018-11-26 10:10:38', NULL),
(762, 'Das Produkt wurde in den Warenkorb gelegt.', 0, NULL, '2018-11-26 10:10:38', '2018-11-26 10:10:38', NULL),
(763, 'ab', 0, NULL, '2018-11-26 10:10:38', '2018-11-26 10:10:38', NULL),
(764, 'Menge', 0, NULL, '2018-11-26 10:10:38', '2018-11-26 10:10:38', NULL),
(765, 'Quantity', 0, NULL, '2018-11-26 10:10:38', '2018-11-26 10:10:38', NULL),
(766, 'in den Warenkorb', 0, NULL, '2018-11-26 10:10:38', '2018-11-26 10:10:38', NULL),
(767, 'Top-Produkte', 0, NULL, '2018-11-26 10:10:38', '2018-11-26 10:10:38', NULL),
(768, 'Sonderangebote', 0, NULL, '2018-11-26 10:10:38', '2018-11-26 10:10:38', NULL),
(769, 'Neuer Kunde', 0, NULL, '2018-11-26 10:10:38', '2018-11-26 10:10:38', NULL),
(770, 'Zum Warenkorb', 0, NULL, '2018-11-26 10:10:38', '2018-11-26 10:10:38', NULL),
(771, 'Ihr Warenkorb ist leer.', 0, NULL, '2018-11-26 10:10:38', '2018-11-26 10:10:38', NULL),
(772, 'Copyright %1s alle Rechte vorbehalten.', 0, NULL, '2018-11-26 10:10:38', '2018-11-26 10:10:38', NULL),
(773, 'Ihre Registrierung war erfolgreich! Sie erhalten nun eine E-Mail mit dem Link zur Aktivierung ihres Accounts.', 0, NULL, '2018-11-26 10:10:38', '2018-11-26 10:10:38', NULL),
(774, 'Enter your email if your account has been disabled for security reasons and you\'ll retrieve an email with instructions on how to re-activate your account.', 0, NULL, '2018-11-26 10:10:38', '2018-11-26 10:10:38', NULL),
(775, 'Ihr %1s Team', 0, NULL, '2018-11-26 10:10:38', '2018-11-26 10:10:38', NULL),
(776, 'Mein Profil', 0, NULL, '2018-11-26 10:10:38', '2018-11-26 10:10:38', NULL),
(777, 'Bestellvorgänge', 0, NULL, '2018-11-26 10:10:38', '2018-11-26 10:10:38', NULL),
(778, 'Persönliche Daten', 0, NULL, '2018-11-26 10:10:38', '2018-11-26 10:10:38', NULL),
(779, 'Persönliche Einstellungen', 0, NULL, '2018-11-26 10:10:38', '2018-11-26 10:10:38', NULL),
(780, 'Ausloggen', 0, NULL, '2018-11-26 10:10:38', '2018-11-26 10:10:38', NULL),
(781, 'Ihr Warenkorb', 0, NULL, '2018-11-26 10:10:38', '2018-11-26 10:10:38', NULL),
(782, 'Zur Kasse', 0, NULL, '2018-11-26 10:10:38', '2018-11-26 10:10:38', NULL),
(783, 'Ich möchte einen Gutschein einlösen', 0, NULL, '2018-11-26 10:10:38', '2018-11-26 10:10:38', NULL),
(784, 'Weiter zur Adressdateneingabe', 0, NULL, '2018-11-26 10:10:38', '2018-11-26 10:10:38', NULL),
(785, 'Art.-Nr.', 0, NULL, '2018-11-26 10:10:38', '2018-11-26 10:10:38', NULL),
(786, 'Grundpreis', 0, NULL, '2018-11-26 10:10:38', '2018-11-26 10:10:38', NULL),
(787, 'inkl.', 0, NULL, '2018-11-26 10:10:38', '2018-11-26 10:10:38', NULL),
(788, 'MwSt', 0, NULL, '2018-11-26 10:10:38', '2018-11-26 10:10:38', NULL),
(789, 'zzgl.', 0, NULL, '2018-11-26 10:10:38', '2018-11-26 10:10:38', NULL),
(790, 'Zwischensumme', 0, NULL, '2018-11-26 10:10:38', '2018-11-26 10:10:38', NULL),
(791, 'inklusive', 0, NULL, '2018-11-26 10:10:38', '2018-11-26 10:10:38', NULL),
(792, 'Bezahlmethode wählen', 0, NULL, '2018-11-26 10:10:38', '2018-11-26 10:10:38', NULL),
(793, 'Adresse eingeben', 0, NULL, '2018-11-26 10:10:38', '2018-11-26 10:10:38', NULL),
(794, 'Kauf abgeschlossen', 0, NULL, '2018-11-26 10:10:38', '2018-11-26 10:10:38', NULL),
(795, 'Einkaufsschritte', 0, NULL, '2018-11-26 10:10:38', '2018-11-26 10:10:38', NULL),
(796, 'Kartennummer', 0, NULL, '2018-11-26 10:10:38', '2018-11-26 10:10:38', NULL),
(797, 'Gültig bis', 0, NULL, '2018-11-26 10:10:38', '2018-11-26 10:10:38', NULL),
(798, 'Sicherheitscode', 0, NULL, '2018-11-26 10:10:38', '2018-11-26 10:10:38', NULL),
(799, 'Ich habe die %s gelesen und akzeptiere diese.', 0, NULL, '2018-11-26 10:10:38', '2018-11-26 10:10:38', NULL),
(800, 'Weiter zur Bestellübersicht', 0, NULL, '2018-11-26 10:10:38', '2018-11-26 10:10:38', NULL),
(801, 'Weiter zur Bestellung', 0, NULL, '2018-11-26 10:10:38', '2018-11-26 10:10:38', NULL),
(802, 'Bestellinformationen ändern', 0, NULL, '2018-11-26 10:10:38', '2018-11-26 10:10:38', NULL),
(803, 'Bestellung abbrechen', 0, NULL, '2018-11-26 10:10:38', '2018-11-26 10:10:38', NULL),
(804, 'Bezahlmethode ändern', 0, NULL, '2018-11-26 10:10:38', '2018-11-26 10:10:38', NULL),
(805, 'Rechnungsinformationen', 0, NULL, '2018-11-26 10:10:38', '2018-11-26 10:10:38', NULL),
(806, 'Versandinformationen', 0, NULL, '2018-11-26 10:10:38', '2018-11-26 10:10:38', NULL),
(807, 'Artikel', 0, NULL, '2018-11-26 10:10:38', '2018-11-26 10:10:38', NULL),
(808, 'Artikelnummer', 0, NULL, '2018-11-26 10:10:38', '2018-11-26 10:10:38', NULL),
(809, 'Stk.', 0, NULL, '2018-11-26 10:10:38', '2018-11-26 10:10:38', NULL),
(810, 'Stk', 0, NULL, '2018-11-26 10:10:38', '2018-11-26 10:10:38', NULL),
(811, 'Versand & Bearbeitung', 0, NULL, '2018-11-26 10:10:38', '2018-11-26 10:10:38', NULL),
(812, 'Steuern', 0, NULL, '2018-11-26 10:10:38', '2018-11-26 10:10:38', NULL),
(813, 'Gesamtsumme', 0, NULL, '2018-11-26 10:10:38', '2018-11-26 10:10:38', NULL),
(814, 'Rechnungs - Straße', 0, NULL, '2018-11-26 10:10:38', '2018-11-26 10:10:38', NULL),
(815, 'Rechnungs - Hausnummer', 0, NULL, '2018-11-26 10:10:38', '2018-11-26 10:10:38', NULL),
(816, 'Rechnungs - Adresszeile 1', 0, NULL, '2018-11-26 10:10:38', '2018-11-26 10:10:38', NULL),
(817, 'Rechnungs - Adresszeile 2', 0, NULL, '2018-11-26 10:10:38', '2018-11-26 10:10:38', NULL),
(818, 'Please note the following data that you used to register with us.', 0, NULL, '2018-11-26 10:10:38', '2018-11-26 10:10:38', NULL),
(819, 'Rechnungs - Postleitzahl', 0, NULL, '2018-11-26 10:10:38', '2018-11-26 10:10:38', NULL),
(820, 'Rechnungs - Stadt', 0, NULL, '2018-11-26 10:10:38', '2018-11-26 10:10:38', NULL),
(821, 'Liefer - Vorname', 0, NULL, '2018-11-26 10:10:38', '2018-11-26 10:10:38', NULL),
(822, 'Liefer - Nachname', 0, NULL, '2018-11-26 10:10:38', '2018-11-26 10:10:38', NULL),
(823, 'Liefer - Straße', 0, NULL, '2018-11-26 10:10:38', '2018-11-26 10:10:38', NULL),
(824, 'Liefer - Hausnummer', 0, NULL, '2018-11-26 10:10:38', '2018-11-26 10:10:38', NULL),
(825, 'Liefer - Adresszeile 1', 0, NULL, '2018-11-26 10:10:38', '2018-11-26 10:10:38', NULL),
(826, 'Liefer - Adresszeile 2', 0, NULL, '2018-11-26 10:10:38', '2018-11-26 10:10:38', NULL),
(827, 'Liefer - Postleitzahl', 0, NULL, '2018-11-26 10:10:38', '2018-11-26 10:10:38', NULL),
(828, 'Liefer - Stadt', 0, NULL, '2018-11-26 10:10:38', '2018-11-26 10:10:38', NULL),
(829, 'Kommentar zur Bestellung', 0, NULL, '2018-11-26 10:10:38', '2018-11-26 10:10:38', NULL),
(830, 'Interne Notizen', 0, NULL, '2018-11-26 10:10:38', '2018-11-26 10:10:38', NULL),
(831, 'Anzahl', 0, NULL, '2018-11-26 10:10:38', '2018-11-26 10:10:38', NULL),
(832, 'Art.-Nr.:', 0, NULL, '2018-11-26 10:10:38', '2018-11-26 10:10:38', NULL),
(833, 'Storno', 0, NULL, '2018-11-26 10:10:38', '2018-11-26 10:10:38', NULL),
(834, 'Angegebene Zahlungsinformationen', 0, NULL, '2018-11-26 10:10:38', '2018-11-26 10:10:38', NULL),
(835, 'Informationen', 0, NULL, '2018-11-26 10:10:38', '2018-11-26 10:10:38', NULL),
(836, 'Aktionen für die laufende Bestellung', 0, NULL, '2018-11-26 10:10:38', '2018-11-26 10:10:38', NULL),
(837, 'Bestellbestätigungsemail verschicken', 0, NULL, '2018-11-26 10:10:38', '2018-11-26 10:10:38', NULL),
(838, 'Zahlungseingang bestätigen', 0, NULL, '2018-11-26 10:10:38', '2018-11-26 10:10:38', NULL),
(839, 'Versandbestätigungsemail verschicken', 0, NULL, '2018-11-26 10:10:38', '2018-11-26 10:10:38', NULL),
(840, 'Lieferschein anzeigen', 0, NULL, '2018-11-26 10:10:38', '2018-11-26 10:10:38', NULL),
(841, 'Rechnung anzeigen', 0, NULL, '2018-11-26 10:10:38', '2018-11-26 10:10:38', NULL),
(842, 'Sind sie sicher?', 0, NULL, '2018-11-26 10:10:38', '2018-11-26 10:10:38', NULL),
(843, 'Änderungen gehen verloren. Sind sie sicher?', 0, NULL, '2018-11-26 10:10:38', '2018-11-26 10:10:38', NULL),
(844, 'Dies ist nicht unumkehrbar. Sind sie sicher?', 0, NULL, '2018-11-26 10:10:38', '2018-11-26 10:10:38', NULL),
(845, 'Zahlungsmethode', 0, NULL, '2018-11-26 10:10:38', '2018-11-26 10:10:38', NULL),
(846, 'Kartenbesitzer', 0, NULL, '2018-11-26 10:10:38', '2018-11-26 10:10:38', NULL),
(847, 'Kreditkartentyp', 0, NULL, '2018-11-26 10:10:38', '2018-11-26 10:10:38', NULL),
(848, 'Kreditkartennummer', 0, NULL, '2018-11-26 10:10:38', '2018-11-26 10:10:38', NULL),
(849, 'Ablaufdatum', 0, NULL, '2018-11-26 10:10:38', '2018-11-26 10:10:38', NULL),
(850, 'Versandart', 0, NULL, '2018-11-26 10:10:38', '2018-11-26 10:10:38', NULL),
(851, 'Versandpauschale - Shipping & Handling', 0, NULL, '2018-11-26 10:10:38', '2018-11-26 10:10:38', NULL),
(852, 'Bezahldaten', 0, NULL, '2018-11-26 10:10:38', '2018-11-26 10:10:38', NULL),
(853, 'Ihre bestellten Produkte', 0, NULL, '2018-11-26 10:10:38', '2018-11-26 10:10:38', NULL),
(854, 'Bestellbestätigungsemail wurde verschickt.', 0, NULL, '2018-11-26 10:10:38', '2018-11-26 10:10:38', NULL),
(855, 'Es wurde bereits eine Bestellbestätigungsemail versendet', 0, NULL, '2018-11-26 10:10:38', '2018-11-26 10:10:38', NULL),
(856, 'Von Ihrer Konto-Übersicht aus haben Sie die Möglichkeit, Ihre letzten Vorgänge einzusehen und Ihre Benutzerkonto-Daten zu bearbeiten. Wählen Sie dazu einen der untenstehenden Links, um Information anzusehen oder zu bearbeiten.', 0, NULL, '2018-11-26 10:10:38', '2018-11-26 10:10:38', NULL),
(857, 'Übersicht Bestellungen', 0, NULL, '2018-11-26 10:10:38', '2018-11-26 10:10:38', NULL),
(858, 'Daten Bearbeiten', 0, NULL, '2018-11-26 10:10:38', '2018-11-26 10:10:38', NULL),
(859, 'Zahlungseingangsbestätigungsemail wurde verschickt.', 0, NULL, '2018-11-26 10:10:38', '2018-11-26 10:10:38', NULL),
(860, 'Zahlungseingang wurde bestätigt', 0, NULL, '2018-11-26 10:10:38', '2018-11-26 10:10:38', NULL),
(861, 'Versandbestätigungsemail wurde verschickt.', 0, NULL, '2018-11-26 10:10:38', '2018-11-26 10:10:38', NULL),
(862, 'Es wurde bereits eine Versandbestätigungsemail versendet', 0, NULL, '2018-11-26 10:10:38', '2018-11-26 10:10:38', NULL),
(863, 'Geld ist eingegangen', 0, NULL, '2018-11-26 10:10:38', '2018-11-26 10:10:38', NULL),
(864, 'Zusammengestellt', 0, NULL, '2018-11-26 10:10:38', '2018-11-26 10:10:38', NULL),
(865, 'Versendet', 0, NULL, '2018-11-26 10:10:38', '2018-11-26 10:10:38', NULL),
(866, 'für', 0, NULL, '2018-11-26 10:10:38', '2018-11-26 10:10:38', NULL),
(867, 'Status', 0, NULL, '2018-11-26 10:10:38', '2018-11-26 10:10:38', NULL),
(868, 'Der Status Ihrer gewählten Bestellung', 0, NULL, '2018-11-26 10:10:38', '2018-11-26 10:10:38', NULL),
(869, 'Ihre gewählte Bestellung beinhaltet folgende Produkte', 0, NULL, '2018-11-26 10:10:38', '2018-11-26 10:10:38', NULL),
(870, 'Produktname', 0, NULL, '2018-11-26 10:10:38', '2018-11-26 10:10:38', NULL),
(871, 'Anz.', 0, NULL, '2018-11-26 10:10:38', '2018-11-26 10:10:38', NULL),
(872, 'Einzelpr.', 0, NULL, '2018-11-26 10:10:38', '2018-11-26 10:10:38', NULL),
(873, 'Gesamtpreis', 0, NULL, '2018-11-26 10:10:38', '2018-11-26 10:10:38', NULL),
(874, 'Zurück zur Übersicht', 0, NULL, '2018-11-26 10:10:38', '2018-11-26 10:10:38', NULL),
(875, 'Ständige Informationen', 0, NULL, '2018-11-26 10:10:38', '2018-11-26 10:10:38', NULL),
(876, 'Persönliche Informationen ändern', 0, NULL, '2018-11-26 10:10:38', '2018-11-26 10:10:38', NULL),
(877, 'Ihr Warenkorb ist leer, bitte suchen Sie sich etwas schönes in unserem Shop aus.', 0, NULL, '2018-11-26 10:10:38', '2018-11-26 10:10:38', NULL),
(878, 'Details', 0, NULL, '2018-11-26 10:10:38', '2018-11-26 10:10:38', NULL),
(879, ' MwSt', 0, NULL, '2018-11-26 10:10:38', '2018-11-26 10:10:38', NULL),
(880, 'Bewertungen', 0, NULL, '2018-11-26 10:10:38', '2018-11-26 10:10:38', NULL),
(881, 'Sofort verfügbar.', 0, NULL, '2018-11-26 10:10:38', '2018-11-26 10:10:38', NULL),
(882, 'Register', 0, NULL, '2018-11-26 10:10:38', '2018-11-26 10:10:38', NULL),
(883, '-', 0, NULL, '2018-11-26 10:10:38', '2018-11-26 10:10:38', NULL),
(884, 'WWW', 0, NULL, '2018-11-26 10:10:38', '2018-11-26 10:10:38', NULL),
(885, 'Your Registration Data', 0, NULL, '2018-11-26 10:10:38', '2018-11-26 10:10:38', NULL),
(886, 'Registration Complete', 0, NULL, '2018-11-26 10:10:38', '2018-11-26 10:10:38', NULL),
(887, 'Account Activated', 0, NULL, '2018-11-26 10:10:38', '2018-11-26 10:10:38', NULL),
(888, 'Benutzerkonto reaktivieren?', 0, NULL, '2018-11-26 10:10:38', '2018-11-26 10:10:38', NULL),
(889, 'Activated at', 0, NULL, '2018-11-26 10:10:38', '2018-11-26 10:10:38', NULL),
(890, 'Forgotten your password?', 0, NULL, '2018-11-26 10:10:38', '2018-11-26 10:10:38', NULL),
(891, 'Jetzt zahlungspflichtig bestellen', 0, NULL, '2018-11-26 10:10:38', '2018-11-26 10:10:38', NULL),
(892, 'We sent you an email with the link to reset your password.', 0, NULL, '2018-11-26 10:10:38', '2018-11-26 10:10:38', NULL),
(893, 'We sent you an email with your new password.', 0, NULL, '2018-11-26 10:10:38', '2018-11-26 10:10:38', NULL),
(894, 'Old password', 0, NULL, '2018-11-26 10:10:38', '2018-11-26 10:10:38', NULL),
(895, 'New password', 0, NULL, '2018-11-26 10:10:38', '2018-11-26 10:10:38', NULL),
(896, 'Repeat new password', 0, NULL, '2018-11-26 10:10:38', '2018-11-26 10:10:38', NULL),
(897, 'Order Details', 0, NULL, '2018-11-26 10:10:38', '2018-11-26 10:10:38', NULL),
(898, 'Please select', 0, NULL, '2018-11-26 10:10:38', '2018-11-26 10:10:38', NULL),
(899, 'Previous', 0, NULL, '2018-11-26 10:10:38', '2018-11-26 10:10:38', NULL),
(900, 'Last', 0, NULL, '2018-11-26 10:10:38', '2018-11-26 10:10:38', NULL),
(901, 'First', 0, NULL, '2018-11-26 10:10:38', '2018-11-26 10:10:38', NULL),
(902, 'Unit', 0, NULL, '2018-11-26 10:10:38', '2018-11-26 10:10:38', NULL),
(903, 'Leider gibt es für die gewählte Kategorie keine Produkte.', 0, NULL, '2018-11-26 10:10:39', '2018-11-26 10:10:39', NULL),
(904, 'Preis', 0, NULL, '2018-11-26 10:10:39', '2018-11-26 10:10:39', NULL),
(905, 'Kategorie', 0, NULL, '2018-11-26 10:10:39', '2018-11-26 10:10:39', NULL),
(906, 'Hersteller', 0, NULL, '2018-11-26 10:10:39', '2018-11-26 10:10:39', NULL),
(907, 'Kundenservice', 0, NULL, '2018-11-26 10:10:39', '2018-11-26 10:10:39', NULL),
(908, 'Größentabelle', 0, NULL, '2018-11-26 10:10:39', '2018-11-26 10:10:39', NULL),
(909, 'Rückgaberecht', 0, NULL, '2018-11-26 10:10:39', '2018-11-26 10:10:39', NULL),
(910, 'Zahlung & Versand', 0, NULL, '2018-11-26 10:10:39', '2018-11-26 10:10:39', NULL),
(911, 'Rollover Image', 0, NULL, '2018-11-26 10:10:39', '2018-11-26 10:10:39', NULL),
(912, 'RolloverMediaImage', 0, NULL, '2018-11-26 10:10:39', '2018-11-26 10:10:39', NULL),
(913, 'Shoes', 0, NULL, '2018-11-26 10:10:39', '2018-11-26 10:10:39', NULL),
(914, 'Clothes', 0, NULL, '2018-11-26 10:10:39', '2018-11-26 10:10:39', NULL),
(915, 'Measurements', 0, NULL, '2018-11-26 10:10:39', '2018-11-26 10:10:39', NULL),
(916, 'Jetzt bei %1s anmelden', 0, NULL, '2018-11-26 10:10:39', '2018-11-26 10:10:39', NULL),
(917, 'Jetzt mit %1s bezahlen', 0, NULL, '2018-11-26 10:10:39', '2018-11-26 10:10:39', NULL),
(918, 'Zur Startseite', 0, NULL, '2018-11-26 10:10:39', '2018-11-26 10:10:39', NULL),
(919, 'Beim Newsletter anmelden.', 0, NULL, '2018-11-26 10:10:39', '2018-11-26 10:10:39', NULL),
(920, 'bisher', 0, NULL, '2018-11-26 10:10:39', '2018-11-26 10:10:39', NULL),
(921, 'jetzt', 0, NULL, '2018-11-26 10:10:39', '2018-11-26 10:10:39', NULL),
(922, 'Sie sparen %1s %2s (%3s%%)', 0, NULL, '2018-11-26 10:10:39', '2018-11-26 10:10:39', NULL),
(923, 'Leider ausverkauft!', 0, NULL, '2018-11-26 10:10:39', '2018-11-26 10:10:39', NULL),
(924, 'Dieses Produkt ist leider ausverkauft!', 0, NULL, '2018-11-26 10:10:39', '2018-11-26 10:10:39', NULL),
(925, 'Pfand', 0, NULL, '2018-11-26 10:10:39', '2018-11-26 10:10:39', NULL),
(926, 'Pfand gesamt', 0, NULL, '2018-11-26 10:10:39', '2018-11-26 10:10:39', NULL),
(927, 'Der Artikel wurde dem Warenkorb hinzugefügt.', 0, NULL, '2018-11-26 10:10:39', '2018-11-26 10:10:39', NULL),
(928, 'Bitte spezifizieren Sie den Artikel genauer, bevor er dem Warenkorb hinzugefügt werden kann.', 0, NULL, '2018-11-26 10:10:39', '2018-11-26 10:10:39', NULL),
(929, 'Kunden, die dieses Produkt gekauft haben, haben auch folgende Produkte gekauft', 0, NULL, '2018-11-26 10:10:39', '2018-11-26 10:10:39', NULL),
(930, 'Street Number', 0, NULL, '2018-11-26 10:10:39', '2018-11-26 10:10:39', NULL),
(931, 'Address Line 1', 0, NULL, '2018-11-26 10:10:39', '2018-11-26 10:10:39', NULL),
(932, 'Address Line 2', 0, NULL, '2018-11-26 10:10:39', '2018-11-26 10:10:39', NULL),
(933, 'Zip Code', 0, NULL, '2018-11-26 10:10:39', '2018-11-26 10:10:39', NULL),
(934, 'Mobile Number', 0, NULL, '2018-11-26 10:10:39', '2018-11-26 10:10:39', NULL),
(935, 'Phone Number', 0, NULL, '2018-11-26 10:10:39', '2018-11-26 10:10:39', NULL),
(936, 'Melde dich an, wenn du über die neuesten Waren, Angebote und Aktionen informiert werden möchtest.', 0, NULL, '2018-11-26 10:10:39', '2018-11-26 10:10:39', NULL),
(937, 'Dieser News-Eintrag ist nicht vorhanden.', 0, NULL, '2018-11-26 10:10:39', '2018-11-26 10:10:39', NULL),
(938, 'more', 0, NULL, '2018-11-26 10:10:39', '2018-11-26 10:10:39', NULL),
(939, 'mehr', 0, NULL, '2018-11-26 10:10:39', '2018-11-26 10:10:39', NULL),
(940, 'Default_Model_ProductOptionsAmountLiquid', 0, NULL, '2018-11-26 10:10:39', '2018-11-26 10:10:39', NULL),
(941, 'Default_Model_ProductOptionsAmountPiece', 0, NULL, '2018-11-26 10:10:39', '2018-11-26 10:10:39', NULL),
(942, 'Default_Model_ProductOptionsColor', 0, NULL, '2018-11-26 10:10:39', '2018-11-26 10:10:39', NULL),
(943, 'Default_Model_ProductOptionsSizeClothesGirth', 0, NULL, '2018-11-26 10:10:39', '2018-11-26 10:10:39', NULL),
(944, 'Default_Model_ProductOptionsForm', 0, NULL, '2018-11-26 10:10:39', '2018-11-26 10:10:39', NULL),
(945, 'Default_Model_ProductOptionsGeneral', 0, NULL, '2018-11-26 10:10:39', '2018-11-26 10:10:39', NULL),
(946, 'Default_Model_ProductOptionsMeasureCircumference', 0, NULL, '2018-11-26 10:10:39', '2018-11-26 10:10:39', NULL),
(947, 'Default_Model_ProductOptionsMeasureDepth', 0, NULL, '2018-11-26 10:10:39', '2018-11-26 10:10:39', NULL),
(948, 'Default_Model_ProductOptionsMeasureHeight', 0, NULL, '2018-11-26 10:10:39', '2018-11-26 10:10:39', NULL),
(949, 'Default_Model_ProductOptionsMeasureDiameter', 0, NULL, '2018-11-26 10:10:39', '2018-11-26 10:10:39', NULL),
(950, 'Default_Model_ProductOptionsMeasureLength', 0, NULL, '2018-11-26 10:10:39', '2018-11-26 10:10:39', NULL),
(951, 'Default_Model_ProductOptionsMeasureWidth', 0, NULL, '2018-11-26 10:10:39', '2018-11-26 10:10:39', NULL),
(952, 'Default_Model_ProductOptionsSize', 0, NULL, '2018-11-26 10:10:39', '2018-11-26 10:10:39', NULL),
(953, 'Default_Model_ProductOptionsSizeClothesBraSize', 0, NULL, '2018-11-26 10:10:39', '2018-11-26 10:10:39', NULL),
(954, 'Default_Model_ProductOptionsSizeClothesBraCup', 0, NULL, '2018-11-26 10:10:39', '2018-11-26 10:10:39', NULL),
(955, 'Default_Model_ProductOptionsSizeClothesGeneral', 0, NULL, '2018-11-26 10:10:39', '2018-11-26 10:10:39', NULL),
(956, 'Default_Model_ProductOptionsSizeShoes', 0, NULL, '2018-11-26 10:10:39', '2018-11-26 10:10:39', NULL),
(957, 'Default_Model_ProductOptionsWeight', 0, NULL, '2018-11-26 10:10:39', '2018-11-26 10:10:39', NULL),
(958, 'Configurate your Product Options', 0, NULL, '2018-11-26 10:10:39', '2018-11-26 10:10:39', NULL),
(959, 'The password is forceable in', 0, NULL, '2018-11-26 10:10:39', '2018-11-26 10:10:39', NULL),
(960, '1 year', 0, NULL, '2018-11-26 10:10:39', '2018-11-26 10:10:39', NULL),
(961, 'years', 0, NULL, '2018-11-26 10:10:39', '2018-11-26 10:10:39', NULL),
(962, '1 month', 0, NULL, '2018-11-26 10:10:39', '2018-11-26 10:10:39', NULL),
(963, 'months', 0, NULL, '2018-11-26 10:10:39', '2018-11-26 10:10:39', NULL),
(964, '1 day', 0, NULL, '2018-11-26 10:10:39', '2018-11-26 10:10:39', NULL),
(965, 'days', 0, NULL, '2018-11-26 10:10:39', '2018-11-26 10:10:39', NULL),
(966, '1 hour', 0, NULL, '2018-11-26 10:10:39', '2018-11-26 10:10:39', NULL),
(967, 'hours', 0, NULL, '2018-11-26 10:10:39', '2018-11-26 10:10:39', NULL),
(968, '1 minute', 0, NULL, '2018-11-26 10:10:39', '2018-11-26 10:10:39', NULL),
(969, 'minutes', 0, NULL, '2018-11-26 10:10:39', '2018-11-26 10:10:39', NULL),
(970, '1 second', 0, NULL, '2018-11-26 10:10:39', '2018-11-26 10:10:39', NULL),
(971, 'seconds', 0, NULL, '2018-11-26 10:10:39', '2018-11-26 10:10:39', NULL),
(972, 'less than one second', 0, NULL, '2018-11-26 10:10:39', '2018-11-26 10:10:39', NULL),
(973, 'Wiederherstellen', 0, NULL, '2018-11-26 10:10:39', '2018-11-26 10:10:39', NULL),
(974, 'Bank account iban', 0, NULL, '2018-11-26 10:10:39', '2018-11-26 10:10:39', NULL),
(975, 'Bank account bic', 0, NULL, '2018-11-26 10:10:39', '2018-11-26 10:10:39', NULL),
(976, 'So nicht anders deklariert sind alle Preise inklusive gesetzlicher Mehrwertsteuern und zzgl. evtl. %1s zu verstehen.', 0, NULL, '2018-11-26 10:10:39', '2018-11-26 10:10:39', NULL),
(977, 'Versandkosten', 0, NULL, '2018-11-26 10:10:39', '2018-11-26 10:10:39', NULL),
(978, 'TinymceTemplate', 0, NULL, '2018-11-26 10:10:39', '2018-11-26 10:10:39', NULL),
(979, 'Einträge', 0, NULL, '2018-11-26 10:10:39', '2018-11-26 10:10:39', NULL),
(980, 'Author', 0, NULL, '2018-11-26 10:10:39', '2018-11-26 10:10:39', NULL),
(981, 'A record matching \'%s\' was found', 0, NULL, '2018-11-26 10:10:39', '2018-11-26 10:10:39', NULL),
(982, 'The request data', 0, NULL, '2018-11-26 10:10:39', '2018-11-26 10:10:39', NULL),
(983, 'Please note the following dates that were entered in the contact form.', 0, NULL, '2018-11-26 10:10:39', '2018-11-26 10:10:39', NULL),
(984, 'Den Gutschein gibt es leider nicht', 0, NULL, '2018-11-26 10:10:39', '2018-11-26 10:10:39', NULL),
(985, 'Login with Facebook', 0, NULL, '2018-11-26 10:10:39', '2018-11-26 10:10:39', NULL),
(986, 'ShippingCountry', 0, NULL, '2018-11-26 10:10:39', '2018-11-26 10:10:39', NULL),
(987, 'Costs', 0, NULL, '2018-11-26 10:10:39', '2018-11-26 10:10:39', NULL),
(988, 'Consistent costs', 0, NULL, '2018-11-26 10:10:39', '2018-11-26 10:10:39', NULL),
(989, 'Choosen country already used for another model.', 0, NULL, '2018-11-26 10:10:39', '2018-11-26 10:10:39', NULL),
(990, 'Show %1s', 0, NULL, '2018-11-26 10:10:39', '2018-11-26 10:10:39', NULL),
(991, 'Width of %1s', 0, NULL, '2018-11-26 10:10:39', '2018-11-26 10:10:39', NULL),
(992, 'Download', 0, NULL, '2018-11-26 10:10:39', '2018-11-26 10:10:39', NULL),
(993, 'Type', 0, NULL, '2018-11-26 10:10:39', '2018-11-26 10:10:39', NULL),
(994, 'Export as', 0, NULL, '2018-11-26 10:10:39', '2018-11-26 10:10:39', NULL),
(995, 'Export', 0, NULL, '2018-11-26 10:10:39', '2018-11-26 10:10:39', NULL),
(996, 'Exportieren', 0, NULL, '2018-11-26 10:10:39', '2018-11-26 10:10:39', NULL),
(997, 'As of: %1s', 0, NULL, '2018-11-26 10:10:39', '2018-11-26 10:10:39', NULL),
(998, 'Enable Account', 0, NULL, '2018-11-26 10:10:39', '2018-11-26 10:10:39', NULL),
(999, 'Your account has been re-activated.', 0, NULL, '2018-11-26 10:10:39', '2018-11-26 10:10:39', NULL),
(1000, 'If there is an account with that login existing, you\'ll retrive an email with instructions on how to re-activate your account.', 0, NULL, '2018-11-26 10:10:39', '2018-11-26 10:10:39', NULL),
(1001, 'Unfortunately, no icons could be found in the designated icon locations.', 0, NULL, '2018-11-26 10:10:39', '2018-11-26 10:10:39', NULL),
(1002, 'Successfully generated CSS for %1s %2s icons.', 0, NULL, '2018-11-26 10:10:39', '2018-11-26 10:10:39', NULL),
(1003, 'Cancel', 0, NULL, '2018-11-26 10:10:39', '2018-11-26 10:10:39', NULL),
(1004, 'This will affect one record. Are you sure?', 0, NULL, '2018-11-26 10:10:39', '2018-11-26 10:10:39', NULL),
(1005, 'This will affect some records. Are you sure?', 0, NULL, '2018-11-26 10:10:39', '2018-11-26 10:10:39', NULL),
(1006, 'This record will be permanently deleted and cannot be recovered. Are you sure?', 0, NULL, '2018-11-26 10:10:39', '2018-11-26 10:10:39', NULL),
(1007, 'These records will be permanently deleted and cannot be recovered. Are you sure?', 0, NULL, '2018-11-26 10:10:39', '2018-11-26 10:10:39', NULL),
(1008, 'Selection', 0, NULL, '2018-11-26 10:10:39', '2018-11-26 10:10:39', NULL),
(1009, 'You need to select one or more items, when using this function.', 0, NULL, '2018-11-26 10:10:39', '2018-11-26 10:10:39', NULL),
(1010, 'It\'s not allowed to select an item, when using this function.', 0, NULL, '2018-11-26 10:10:39', '2018-11-26 10:10:39', NULL),
(1011, 'You need to select one item, when using this function.', 0, NULL, '2018-11-26 10:10:39', '2018-11-26 10:10:39', NULL),
(1012, 'EmailTemplateReplacement', 0, NULL, '2018-11-26 10:10:39', '2018-11-26 10:10:39', NULL),
(1013, 'Before you proceed', 0, NULL, '2018-11-26 10:10:39', '2018-11-26 10:10:39', NULL),
(1014, 'In order to make this application work, the system needs to be set up.Make sure that you understand the following before you proceed:', 0, NULL, '2018-11-26 10:10:39', '2018-11-26 10:10:39', NULL),
(1015, 'Latitude', 0, NULL, '2018-11-26 10:10:39', '2018-11-26 10:10:39', NULL),
(1016, 'Longitude', 0, NULL, '2018-11-26 10:10:39', '2018-11-26 10:10:39', NULL),
(1017, 'Copyright', 0, NULL, '2018-11-26 10:10:39', '2018-11-26 10:10:39', NULL),
(1018, 'Manage ProductOptions', 0, NULL, '2018-11-26 10:10:39', '2018-11-26 10:10:39', NULL),
(1019, '\"%1s\" has been generated.', 0, NULL, '2018-11-26 10:10:39', '2018-11-26 10:10:39', NULL),
(1020, 'Telephone', 0, NULL, '2018-11-26 10:10:39', '2018-11-26 10:10:39', NULL),
(1021, 'Firma', 0, NULL, '2018-11-26 10:10:39', '2018-11-26 10:10:39', NULL),
(1022, 'Company', 0, NULL, '2018-11-26 10:10:39', '2018-11-26 10:10:39', NULL),
(1023, 'Slide to the left', 0, NULL, '2018-11-26 10:10:39', '2018-11-26 10:10:39', NULL),
(1024, 'Slide to the right', 0, NULL, '2018-11-26 10:10:39', '2018-11-26 10:10:39', NULL),
(1025, 'Customer', 0, NULL, '2018-11-26 10:10:39', '2018-11-26 10:10:39', NULL),
(1026, 'Client', 0, NULL, '2018-11-26 10:10:39', '2018-11-26 10:10:39', NULL),
(1027, 'Counter', 0, NULL, '2018-11-26 10:10:39', '2018-11-26 10:10:39', NULL),
(1028, 'Examples', 0, NULL, '2018-11-26 10:10:39', '2018-11-26 10:10:39', NULL),
(1029, 'Example', 0, NULL, '2018-11-26 10:10:39', '2018-11-26 10:10:39', NULL),
(1030, 'Address', 0, NULL, '2018-11-26 10:10:39', '2018-11-26 10:10:39', NULL),
(1031, 'Adresse', 0, NULL, '2018-11-26 10:10:39', '2018-11-26 10:10:39', NULL),
(1032, 'Show', 0, NULL, '2018-11-26 10:10:39', '2018-11-26 10:10:39', NULL),
(1033, 'Notizen', 0, NULL, '2018-11-26 10:10:39', '2018-11-26 10:10:39', NULL),
(1034, 'Privacy Policy', 0, NULL, '2018-11-26 10:10:39', '2018-11-26 10:10:39', NULL),
(1035, 'Instructions of Cancellation', 0, NULL, '2018-11-26 10:10:39', '2018-11-26 10:10:39', NULL),
(1036, 'Return Policy', 0, NULL, '2018-11-26 10:10:39', '2018-11-26 10:10:39', NULL),
(1037, 'Legal Issues', 0, NULL, '2018-11-26 10:10:39', '2018-11-26 10:10:39', NULL),
(1038, 'PaymentServices', 0, NULL, '2018-11-26 10:10:39', '2018-11-26 10:10:39', NULL),
(1039, 'Percent', 0, NULL, '2018-11-26 10:10:39', '2018-11-26 10:10:39', NULL),
(1040, 'Fixed', 0, NULL, '2018-11-26 10:10:40', '2018-11-26 10:10:40', NULL),
(1041, 'Cant be null', 0, NULL, '2018-11-26 10:10:40', '2018-11-26 10:10:40', NULL),
(1042, 'Has internal review', 0, NULL, '2018-11-26 10:10:40', '2018-11-26 10:10:40', NULL),
(1043, 'Class name', 0, NULL, '2018-11-26 10:10:40', '2018-11-26 10:10:40', NULL),
(1044, 'Need bank account infos', 0, NULL, '2018-11-26 10:10:40', '2018-11-26 10:10:40', NULL),
(1045, 'Need creditcard infos', 0, NULL, '2018-11-26 10:10:40', '2018-11-26 10:10:40', NULL),
(1046, 'Has payment after order', 0, NULL, '2018-11-26 10:10:40', '2018-11-26 10:10:40', NULL),
(1047, 'Publish datetime', 0, NULL, '2018-11-26 10:10:40', '2018-11-26 10:10:40', NULL),
(1048, 'Leider haben wir aktuell keine News.', 0, NULL, '2018-11-26 10:10:40', '2018-11-26 10:10:40', NULL),
(1049, 'News nicht vorhanden oder nicht gefunden.', 0, NULL, '2018-11-26 10:10:40', '2018-11-26 10:10:40', NULL),
(1050, 'The media (ID: %1s) is not type of an image and can not be cropped.', 0, NULL, '2018-11-26 10:10:40', '2018-11-26 10:10:40', NULL),
(1051, 'Media needs to be specified.', 0, NULL, '2018-11-26 10:10:40', '2018-11-26 10:10:40', NULL),
(1052, 'empty', 0, NULL, '2018-11-26 10:10:40', '2018-11-26 10:10:40', NULL),
(1053, 'Shop PaymentServices', 0, NULL, '2018-11-26 10:10:40', '2018-11-26 10:10:40', NULL),
(1054, 'Ihre gewählte stornierte Bestellung beinhaltet', 0, NULL, '2018-11-26 10:10:40', '2018-11-26 10:10:40', NULL),
(1055, 'Aktionen für die stornierte Bestellung', 0, NULL, '2018-11-26 10:10:40', '2018-11-26 10:10:40', NULL),
(1056, 'Kunden, die diese Produkte gekauft haben, haben auch folgende Produkte gekauft', 0, NULL, '2018-11-26 10:10:40', '2018-11-26 10:10:40', NULL),
(1057, 'Ihr Gutschein beträgt nun noch', 0, NULL, '2018-11-26 10:10:40', '2018-11-26 10:10:40', NULL),
(1058, 'Eingelöster Gutschein', 0, NULL, '2018-11-26 10:10:40', '2018-11-26 10:10:40', NULL),
(1059, 'Der Gutschein beträgt nun noch', 0, NULL, '2018-11-26 10:10:40', '2018-11-26 10:10:40', NULL),
(1060, 'Versandadresse', 0, NULL, '2018-11-26 10:10:40', '2018-11-26 10:10:40', NULL),
(1061, 'Confirm', 0, NULL, '2018-11-26 10:10:40', '2018-11-26 10:10:40', NULL),
(1062, 'Billing Number', 0, NULL, '2018-11-26 10:10:40', '2018-11-26 10:10:40', NULL),
(1063, 'Billing number', 0, NULL, '2018-11-26 10:10:40', '2018-11-26 10:10:40', NULL),
(1064, 'Select File', 0, NULL, '2018-11-26 10:10:40', '2018-11-26 10:10:40', NULL),
(1065, 'A media file, which is required for a product, has not been uploaded yet.', 0, NULL, '2018-11-26 10:10:40', '2018-11-26 10:10:40', NULL),
(1066, 'Shipping costs', 0, NULL, '2018-11-26 10:10:40', '2018-11-26 10:10:40', NULL),
(1067, 'Payment costs', 0, NULL, '2018-11-26 10:10:40', '2018-11-26 10:10:40', NULL),
(1068, 'Delivery company', 0, NULL, '2018-11-26 10:10:40', '2018-11-26 10:10:40', NULL),
(1069, 'Need media upload', 0, NULL, '2018-11-26 10:10:40', '2018-11-26 10:10:40', NULL),
(1070, 'Datei auswählen', 0, NULL, '2018-11-26 10:10:40', '2018-11-26 10:10:40', NULL),
(1071, 'Weiter', 0, NULL, '2018-11-26 10:10:40', '2018-11-26 10:10:40', NULL),
(1072, 'Medium bearbeiten', 0, NULL, '2018-11-26 10:10:40', '2018-11-26 10:10:40', NULL),
(1073, 'Medium hochladen', 0, NULL, '2018-11-26 10:10:40', '2018-11-26 10:10:40', NULL),
(1074, 'Ein Medium, welches für ein Produkt benötigt wird, wurde noch nicht hochgeladen.', 0, NULL, '2018-11-26 10:10:40', '2018-11-26 10:10:40', NULL),
(1075, 'Medium angehangen', 0, NULL, '2018-11-26 10:10:40', '2018-11-26 10:10:40', NULL),
(1076, 'Medium herunterladen', 0, NULL, '2018-11-26 10:10:40', '2018-11-26 10:10:40', NULL),
(1077, 'Warten auf Geldeingang', 0, NULL, '2018-11-26 10:10:40', '2018-11-26 10:10:40', NULL),
(1078, 'Gesamtpr.', 0, NULL, '2018-11-26 10:10:40', '2018-11-26 10:10:40', NULL),
(1079, 'Den Gutschein gibt es leider nicht.', 0, NULL, '2018-11-26 10:10:40', '2018-11-26 10:10:40', NULL),
(1080, 'Product M2n Tag', 0, NULL, '2018-11-26 10:10:40', '2018-11-26 10:10:40', NULL),
(1081, 'Lieferung bis', 0, NULL, '2018-11-26 10:10:40', '2018-11-26 10:10:40', NULL),
(1082, 'ShopTag', 0, NULL, '2018-11-26 10:10:40', '2018-11-26 10:10:40', NULL),
(1083, 'Shop Tag', 0, NULL, '2018-11-26 10:10:40', '2018-11-26 10:10:40', NULL),
(1084, 'Holiday', 0, NULL, '2018-11-26 10:10:40', '2018-11-26 10:10:40', NULL),
(1085, 'ShopHoliday', 0, NULL, '2018-11-26 10:10:40', '2018-11-26 10:10:40', NULL),
(1086, 'Shop Holiday', 0, NULL, '2018-11-26 10:10:40', '2018-11-26 10:10:40', NULL),
(1087, 'Delivery days', 0, NULL, '2018-11-26 10:10:40', '2018-11-26 10:10:40', NULL);
INSERT INTO `translator` (`id`, `short`, `untranslated`, `comment`, `created_at`, `updated_at`, `deleted_at`) VALUES
(1088, 'SmallMediaImage', 0, NULL, '2018-11-26 10:10:40', '2018-11-26 10:10:40', NULL),
(1089, 'Uparam', 0, NULL, '2018-11-26 10:10:40', '2018-11-26 10:10:40', NULL),
(1090, 'Param', 0, NULL, '2018-11-26 10:10:40', '2018-11-26 10:10:40', NULL),
(1091, 'ParamTranslator', 0, NULL, '2018-11-26 10:10:40', '2018-11-26 10:10:40', NULL),
(1092, 'TranslatorParam', 0, NULL, '2018-11-26 10:10:40', '2018-11-26 10:10:40', NULL),
(1093, 'Translate Param', 0, NULL, '2018-11-26 10:10:40', '2018-11-26 10:10:40', NULL),
(1094, 'Translated Param', 0, NULL, '2018-11-26 10:10:40', '2018-11-26 10:10:40', NULL),
(1095, 'Uresource', 0, NULL, '2018-11-26 10:10:40', '2018-11-26 10:10:40', NULL),
(1096, 'ResourceTranslator', 0, NULL, '2018-11-26 10:10:40', '2018-11-26 10:10:40', NULL),
(1097, 'TranslatorResource', 0, NULL, '2018-11-26 10:10:40', '2018-11-26 10:10:40', NULL),
(1098, 'Translate Resource', 0, NULL, '2018-11-26 10:10:40', '2018-11-26 10:10:40', NULL),
(1099, 'Translated Resource', 0, NULL, '2018-11-26 10:10:40', '2018-11-26 10:10:40', NULL),
(1100, 'What do you see?', 0, NULL, '2018-11-26 10:10:40', '2018-11-26 10:10:40', NULL),
(1101, 'In stock', 0, NULL, '2018-11-26 10:10:40', '2018-11-26 10:10:40', NULL),
(1102, 'Do not change stock on placed order.', 0, NULL, '2018-11-26 10:10:40', '2018-11-26 10:10:40', NULL),
(1103, 'ShopProductInformation', 0, NULL, '2018-11-26 10:10:40', '2018-11-26 10:10:40', NULL),
(1104, 'CSS background-attachment', 0, NULL, '2018-11-26 10:10:40', '2018-11-26 10:10:40', NULL),
(1105, 'CSS background-size', 0, NULL, '2018-11-26 10:10:40', '2018-11-26 10:10:40', NULL),
(1106, 'Detail', 0, NULL, '2018-11-26 10:10:40', '2018-11-26 10:10:40', NULL),
(1107, 'Weiterlesen', 0, NULL, '2018-11-26 10:10:40', '2018-11-26 10:10:40', NULL),
(1108, 'Warenkorb', 0, NULL, '2018-11-26 10:10:40', '2018-11-26 10:10:40', NULL),
(1109, 'Home', 1, NULL, '2018-11-26 10:10:40', '2018-12-31 17:48:09', NULL),
(1110, 'Willkommen in unserem Shop', 0, NULL, '2018-11-26 10:10:40', '2018-11-26 10:10:40', NULL),
(1111, 'Kategorien', 0, NULL, '2018-11-26 10:10:40', '2018-11-26 10:10:40', NULL),
(1112, 'Service Hotline', 0, NULL, '2018-11-26 10:10:40', '2018-11-26 10:10:40', NULL),
(1113, 'Telefonische Unterstützung und Beratung unter:', 0, NULL, '2018-11-26 10:10:40', '2018-11-26 10:10:40', NULL),
(1114, 'Shop Service', 0, NULL, '2018-11-26 10:10:40', '2018-11-26 10:10:40', NULL),
(1115, 'Versand und Zahlungsbedingungen', 0, NULL, '2018-11-26 10:10:40', '2018-11-26 10:10:40', NULL),
(1116, 'Information', 0, NULL, '2018-11-26 10:10:40', '2018-11-26 10:10:40', NULL),
(1117, 'Melden Sie sich an, wenn Sie über die neuesten Waren, Angebote und Aktionen informiert werden möchten.', 0, NULL, '2018-11-26 10:10:40', '2018-11-26 10:10:40', NULL),
(1118, 'Datenschutz', 1, NULL, '2018-11-26 10:10:40', '2018-12-31 17:48:10', NULL),
(1119, 'Widerrufsbelehrung', 0, NULL, '2018-11-26 10:10:40', '2018-11-26 10:10:40', NULL),
(1120, 'Richtlinie akzeptieren', 0, NULL, '2018-11-26 10:10:40', '2018-11-26 10:10:40', NULL),
(1121, 'Zahlungspflichtig bestellen', 0, NULL, '2018-11-26 10:10:40', '2018-11-26 10:10:40', NULL),
(1122, 'Zurück zum Gutschein', 0, NULL, '2018-11-26 10:10:40', '2018-11-26 10:10:40', NULL),
(1123, 'Bitte wählen Sie eine Zahlungsmethode aus.', 0, NULL, '2018-11-26 10:10:40', '2018-11-26 10:10:40', NULL),
(1124, 'Kauf abschließen', 0, NULL, '2018-11-26 10:10:40', '2018-11-26 10:10:40', NULL),
(1125, 'Informationen zum Anbieter', 0, NULL, '2018-11-26 10:10:40', '2018-11-26 10:10:40', NULL),
(1126, 'Allgemeine Geschäftsbedingungen', 0, NULL, '2018-11-26 10:10:40', '2018-11-26 10:10:40', NULL),
(1127, 'Datenschutzerklärung', 0, NULL, '2018-11-26 10:10:40', '2018-11-26 10:10:40', NULL),
(1128, 'privacy policy', 0, NULL, '2018-11-26 10:10:40', '2018-11-26 10:10:40', NULL),
(1129, 'Ich bin über die %1s informiert und erkenne diese an.', 0, NULL, '2018-11-26 10:10:40', '2018-11-26 10:10:40', NULL),
(1130, 'Bitte bestätigen Sie, dass Sie über die Datenschutzerklärung informiert sind und diese anerkennen.', 0, NULL, '2018-11-26 10:10:40', '2018-11-26 10:10:40', NULL),
(1131, 'Weiter zum Überblick Ihrer Bestellung', 0, NULL, '2018-11-26 10:10:40', '2018-11-26 10:10:40', NULL),
(1132, 'Bezahlung vornehmen', 0, NULL, '2018-11-26 10:10:40', '2018-11-26 10:10:40', NULL),
(1133, 'Um Ihren Einkauf abzuschließen, sollten Sie jetzt bezahlen', 0, NULL, '2018-11-26 10:10:40', '2018-11-26 10:10:40', NULL),
(1134, 'Benutzerkonto', 0, NULL, '2018-11-26 10:10:40', '2018-11-26 10:10:40', NULL),
(1135, 'Vielen Dank für Ihre Bestellung!', 0, NULL, '2018-11-26 10:10:40', '2018-11-26 10:10:40', NULL),
(1136, 'Grundpreis ist %1s %2s / %3s', 0, NULL, '2018-11-26 10:10:40', '2018-11-26 10:10:40', NULL),
(1137, 'Produkt Information', 0, NULL, '2018-11-26 10:10:40', '2018-11-26 10:10:40', NULL),
(1138, 'Leider ergab die Suche keine Treffer.', 0, NULL, '2018-11-26 10:10:40', '2018-11-26 10:10:40', NULL),
(1139, 'Ihre Bewertung \"%1s\" für \"%2s\" wurde gespeichert. Danke für Ihre Bewertung.', 0, NULL, '2018-11-26 10:10:40', '2018-11-26 10:10:40', NULL),
(1140, 'Weitere Kategorien', 0, NULL, '2018-11-26 10:10:40', '2018-11-26 10:10:40', NULL),
(1141, 'Zur Kategorie', 0, NULL, '2018-11-26 10:10:40', '2018-11-26 10:10:40', NULL),
(1142, 'Bezahlen', 0, NULL, '2018-11-26 10:10:40', '2018-11-26 10:10:40', NULL),
(1143, 'Vielen Dank für Ihre Bestellung!', 0, NULL, '2018-11-26 10:10:40', '2018-11-26 10:10:40', NULL),
(1144, 'Profil', 0, NULL, '2018-11-26 10:10:40', '2018-11-26 10:10:40', NULL),
(1145, 'Datum', 0, NULL, '2018-11-26 10:10:40', '2018-11-26 10:10:40', NULL),
(1146, 'Jetzt Bezahlen', 0, NULL, '2018-11-26 10:10:40', '2018-11-26 10:10:40', NULL),
(1147, 'In den Warenkorb hinzufügen', 0, NULL, '2018-11-26 10:10:40', '2018-11-26 10:10:40', NULL),
(1148, 'Nochmal bestellen', 0, NULL, '2018-11-26 10:10:40', '2018-11-26 10:10:40', NULL),
(1149, 'Ansehen', 0, NULL, '2018-11-26 10:10:40', '2018-11-26 10:10:40', NULL),
(1150, 'Bestellung ist bestätigt', 0, NULL, '2018-11-26 10:10:40', '2018-11-26 10:10:40', NULL),
(1151, 'Die Summe ist inkl. gesetzlicher Mehrwertsteuern und evtl. Versandkosten zu verstehen.', 0, NULL, '2018-11-26 10:10:40', '2018-11-26 10:10:40', NULL),
(1152, 'Redirect back to that form after saveing.', 0, NULL, '2018-11-26 10:10:40', '2018-11-26 10:10:40', NULL),
(1153, 'Upload', 0, NULL, '2018-11-26 10:10:40', '2018-11-26 10:10:40', NULL),
(1154, 'Upload & Install', 0, NULL, '2018-11-26 10:10:40', '2018-11-26 10:10:40', NULL),
(1155, 'Wait', 0, NULL, '2018-11-26 10:10:40', '2018-11-26 10:10:40', NULL),
(1156, 'Please wait. This takes a little while.', 0, NULL, '2018-11-26 10:10:40', '2018-11-26 10:10:40', NULL),
(1157, 'Sorry, only letters (a-z) and numbers (0-9) are allowed.', 0, NULL, '2018-11-26 10:10:40', '2018-11-26 10:10:40', NULL),
(1158, 'Sorry, only letters (a-z, A-Z and ä, Ä, ö, Ö, ü, Ü, é, É, è, È, ê, Ê, í, Í, ì, Ì, î, Î, ñ, Ñ, ó, Ó, ò, Ò, ô, Ô, ß, ú, Ù, ù, Ù, û, Û), numbers (0-9), signs (-, _, \') and whitespaces in combination with words are allowed.', 0, NULL, '2018-11-26 10:10:40', '2018-11-26 10:10:40', NULL),
(1159, 'Subdirectories have to be deleted first.', 0, NULL, '2018-11-26 10:10:40', '2018-11-26 10:10:40', NULL),
(1160, 'Replace', 0, NULL, '2018-11-26 10:10:40', '2018-11-26 10:10:40', NULL),
(1161, 'FixMedias', 0, NULL, '2018-11-26 10:10:40', '2018-11-26 10:10:40', NULL),
(1162, 'Delete All', 0, NULL, '2018-11-26 10:10:40', '2018-11-26 10:10:40', NULL),
(1163, 'Canonical', 0, NULL, '2018-11-26 10:10:40', '2018-11-26 10:10:40', NULL),
(1164, 'Canonical for Language', 0, NULL, '2018-11-26 10:10:40', '2018-11-26 10:10:40', NULL),
(1165, 'Material', 0, NULL, '2018-11-26 10:10:40', '2018-11-26 10:10:40', NULL),
(1166, 'Als Verwendungszweck geben Sie bitte \"%s\" an.', 0, NULL, '2018-11-26 10:10:40', '2018-11-26 10:10:40', NULL),
(1167, 'Basic Configuration', 0, NULL, '2018-11-26 10:10:40', '2018-11-26 10:10:40', NULL),
(1168, 'Plugins', 0, NULL, '2018-11-26 10:10:40', '2018-11-26 10:10:40', NULL),
(1169, 'Plugin', 0, NULL, '2018-11-26 10:10:40', '2018-11-26 10:10:40', NULL),
(1170, 'Install Plugin', 0, NULL, '2018-11-26 10:10:40', '2018-11-26 10:10:40', NULL),
(1171, 'Plugin is faulty.', 0, NULL, '2018-11-26 10:10:40', '2018-11-26 10:10:40', NULL),
(1172, 'Version', 0, NULL, '2018-11-26 10:10:40', '2018-11-26 10:10:40', NULL),
(1173, 'Robots', 0, NULL, '2018-11-26 10:10:40', '2018-11-26 10:10:40', NULL),
(1174, 'SiteRights-Parameter \"%1s\" not yet set.', 0, NULL, '2018-11-26 10:10:40', '2018-11-26 10:10:40', NULL),
(1175, 'SiteRights', 0, NULL, '2018-11-26 10:10:40', '2018-11-26 10:10:40', NULL),
(1176, 'Email text plain', 0, NULL, '2018-11-26 10:10:40', '2018-11-26 10:10:40', NULL),
(1177, 'Email text html', 0, NULL, '2018-11-26 10:10:40', '2018-11-26 10:10:40', NULL),
(1178, 'Website text html', 0, NULL, '2018-11-26 10:10:40', '2018-11-26 10:10:40', NULL),
(1179, 'Robot verification failed, please try again.', 0, NULL, '2018-11-26 10:10:40', '2018-11-26 10:10:40', NULL),
(1180, 'Please click on the reCAPTCHA box.', 0, NULL, '2018-11-26 10:10:40', '2018-11-26 10:10:40', NULL),
(1181, 'Termine', 1, NULL, '2018-11-26 10:10:46', '2018-11-26 10:10:46', NULL),
(1182, 'Verkaufsstatistik', 1, NULL, '2018-11-26 10:10:46', '2018-11-26 10:10:46', NULL),
(1183, 'Kommissionen', 1, NULL, '2018-11-26 10:10:46', '2018-11-26 10:10:46', NULL),
(1184, 'Adressverwaltung', 1, NULL, '2018-11-26 10:10:46', '2018-11-26 10:10:46', NULL),
(1185, 'Archiv', 1, NULL, '2018-11-26 10:10:46', '2018-11-26 10:10:46', NULL),
(1186, 'Footer-Text', 1, NULL, '2018-11-26 10:10:46', '2018-11-26 10:10:46', NULL),
(1187, 'Verband Schweizer Opel-Händler. All Rights Reserved', 1, NULL, '2018-11-26 10:10:46', '2018-11-26 10:10:46', NULL),
(1188, 'Top', 1, NULL, '2018-11-26 10:10:46', '2018-11-26 10:10:46', NULL),
(1189, 'Suchen', 1, NULL, '2018-11-26 10:10:47', '2018-11-26 10:10:47', NULL),
(1190, 'Links', 1, NULL, '2018-11-26 10:10:47', '2018-11-26 10:10:47', NULL),
(1191, 'Mitgliedschaft', 1, NULL, '2018-11-26 10:40:02', '2018-11-26 10:40:02', NULL),
(1192, 'Partner', 1, NULL, '2018-11-26 10:40:02', '2018-11-26 10:40:02', NULL),
(1193, 'Canonical lang', 0, NULL, '2018-11-30 13:20:41', '2018-12-18 19:23:28', NULL),
(1194, 'Kein Protokoll verfügbar.', 1, NULL, '2018-11-30 13:23:58', '2018-11-30 13:23:58', NULL),
(1195, 'Nutzungsbedingungen', 1, NULL, '2018-11-30 15:15:34', '2018-11-30 15:15:34', NULL),
(1196, 'Department', 0, NULL, '2018-12-07 12:07:44', '2018-12-18 19:21:28', NULL),
(1197, 'Vertrieb', 0, NULL, '2018-12-07 12:14:38', '2018-12-18 19:21:54', NULL),
(1198, 'Marketing', 0, NULL, '2018-12-07 12:14:38', '2018-12-18 19:22:09', NULL),
(1199, 'Teile 6 Zubehör', 0, NULL, '2018-12-07 12:14:38', '2018-12-18 19:22:52', NULL),
(1200, 'After-Sales', 0, NULL, '2018-12-07 12:14:38', '2018-12-18 19:22:19', NULL),
(1201, 'Management', 0, NULL, '2018-12-07 12:14:38', '2018-12-18 19:23:04', NULL),
(1202, 'Lastest news on', 0, NULL, '2018-12-17 16:04:28', '2018-12-18 19:41:53', NULL),
(1203, 'Hello,', 1, NULL, '2018-12-17 16:04:28', '2018-12-17 16:04:28', NULL),
(1204, 'Startseite', 1, NULL, '2018-12-17 16:05:16', '2018-12-17 16:05:16', NULL),
(1206, 'Protocol', 0, NULL, '2018-12-17 16:26:03', '2018-12-18 19:25:01', NULL),
(1207, 'Commission', 0, NULL, '2018-12-17 16:26:03', '2018-12-18 19:25:31', NULL),
(1208, 'SalesStatistics', 0, NULL, '2018-12-17 16:26:03', '2018-12-18 19:25:59', NULL),
(1209, 'Dates', 0, NULL, '2018-12-17 16:26:04', '2018-12-18 19:26:09', NULL),
(1210, 'Dates en media id', 0, NULL, '2018-12-17 16:27:37', '2018-12-18 19:26:39', NULL),
(1211, 'Dates fr media id', 0, NULL, '2018-12-17 16:27:37', '2018-12-18 19:26:52', NULL),
(1212, 'Dates de media id', 0, NULL, '2018-12-17 16:27:37', '2018-12-18 19:27:13', NULL),
(1213, 'Dates it media id', 0, NULL, '2018-12-17 16:27:37', '2018-12-18 19:29:09', NULL),
(1214, 'Dates M2n Department', 0, NULL, '2018-12-17 16:27:37', '2018-12-18 19:29:32', NULL),
(1215, 'Parent User', 0, NULL, '2018-12-18 18:25:17', '2018-12-18 19:30:01', NULL),
(1216, 'sales-statistics', 0, NULL, '2018-12-18 18:37:09', '2019-01-25 14:32:46', NULL),
(1217, 'commissions', 1, NULL, '2018-12-18 18:37:15', '2018-12-18 18:37:15', NULL),
(1218, 'protocol', 1, NULL, '2018-12-18 18:37:17', '2018-12-18 18:37:17', NULL),
(1219, 'address-management', 1, NULL, '2018-12-18 18:37:21', '2018-12-18 18:37:21', NULL),
(1220, 'Sales statistics media image id', 0, NULL, '2018-12-18 19:30:29', '2018-12-18 19:38:55', NULL),
(1221, 'Commission media image id', 0, NULL, '2018-12-18 19:30:31', '2018-12-18 19:38:39', NULL),
(1222, 'Commission M2n Media Image', 0, NULL, '2018-12-18 19:30:32', '2018-12-18 19:38:23', NULL),
(1223, 'Protocol en media id', 0, NULL, '2018-12-18 19:30:33', '2018-12-18 19:32:33', NULL),
(1224, 'Protocol fr media id', 0, NULL, '2018-12-18 19:30:34', '2018-12-18 19:32:49', NULL),
(1225, 'Protocol de media id', 0, NULL, '2018-12-18 19:30:34', '2018-12-18 19:33:13', NULL),
(1226, 'Protocol it media id', 0, NULL, '2018-12-18 19:30:34', '2018-12-18 19:38:04', NULL),
(1227, 'Protocol M2n Department', 0, NULL, '2018-12-18 19:30:34', '2018-12-18 19:37:51', NULL),
(1228, 'P date', 0, NULL, '2018-12-18 19:30:34', '2018-12-18 19:37:34', NULL),
(1229, 'Sales Statistics', 0, NULL, '2018-12-18 19:30:36', '2018-12-18 19:34:17', NULL),
(1230, 'Sales statistics protocol en media id', 0, NULL, '2018-12-18 19:30:36', '2018-12-18 19:35:26', NULL),
(1231, 'Sales statistics protocol fr media id', 0, NULL, '2018-12-18 19:30:36', '2018-12-18 19:35:48', NULL),
(1232, 'Sales statistics protocol de media id', 0, NULL, '2018-12-18 19:30:36', '2018-12-18 19:36:23', NULL),
(1233, 'Sales statistics protocol it media id', 0, NULL, '2018-12-18 19:30:36', '2018-12-18 19:36:57', NULL),
(1234, 'Sales Statistics Protocol M2n Department', 0, NULL, '2018-12-18 19:30:36', '2018-12-18 19:37:21', NULL),
(1235, 'create-user', 1, NULL, '2018-12-19 07:48:56', '2018-12-19 07:48:56', NULL),
(1236, 'Hallo,', 1, NULL, '2018-12-19 16:16:12', '2018-12-19 16:16:12', NULL),
(1237, 'News en media id', 0, NULL, '2018-12-19 16:26:25', '2018-12-19 16:29:31', NULL),
(1238, 'News fr media id', 0, NULL, '2018-12-19 16:26:25', '2018-12-19 16:29:49', NULL),
(1239, 'News de media id', 0, NULL, '2018-12-19 16:26:25', '2018-12-19 16:30:04', NULL),
(1240, 'News it media id', 0, NULL, '2018-12-19 16:26:26', '2018-12-19 16:30:18', NULL),
(1241, 'News M2n Department', 0, NULL, '2018-12-19 16:26:26', '2018-12-19 16:30:35', NULL),
(1242, 'Published', 0, NULL, '2018-12-19 16:26:26', '2018-12-19 16:30:50', NULL),
(1243, 'Lastest news on %1s', 0, NULL, '2018-12-19 16:27:06', '2018-12-19 16:27:44', NULL),
(1244, 'DeMedia', 0, NULL, '2018-12-20 09:42:18', '2018-12-20 09:42:18', NULL),
(1245, 'EnMedia', 0, NULL, '2018-12-20 09:42:51', '2018-12-20 09:42:51', NULL),
(1246, 'FrMedia', 0, NULL, '2018-12-20 09:42:51', '2018-12-20 09:42:51', NULL),
(1247, 'ItMedia', 0, NULL, '2018-12-20 09:42:51', '2018-12-20 09:42:51', NULL),
(1248, 'OTC', 1, NULL, '2019-01-13 20:31:55', '2019-01-13 20:31:55', NULL),
(1249, 'Mitgliederversammlung', 1, NULL, '2019-01-13 20:31:55', '2019-01-13 20:31:55', NULL),
(1250, 'Otc', 0, NULL, '2019-01-13 20:36:41', '2019-01-14 09:15:20', NULL),
(1251, 'Assembly', 1, NULL, '2019-01-13 20:36:41', '2019-01-13 20:36:41', NULL),
(1252, 'Otc en media id', 0, NULL, '2019-01-14 08:14:14', '2019-01-14 09:15:43', NULL),
(1253, 'Otc fr media id', 0, NULL, '2019-01-14 08:14:14', '2019-01-14 09:16:01', NULL),
(1254, 'Otc de media id', 0, NULL, '2019-01-14 08:14:15', '2019-01-18 11:57:11', NULL),
(1255, 'Otc it media id', 0, NULL, '2019-01-14 08:14:15', '2019-01-18 11:57:52', NULL),
(1256, 'Otc M2n Department', 1, NULL, '2019-01-14 08:14:15', '2019-01-14 08:14:15', NULL),
(1257, 'Kanton', 1, NULL, '2019-01-14 08:21:20', '2019-01-14 08:21:20', NULL),
(1258, 'Contract Type', 1, NULL, '2019-01-14 08:21:20', '2019-01-14 08:21:20', NULL),
(1259, 'Ch code', 1, NULL, '2019-01-14 08:21:21', '2019-01-14 08:21:21', NULL),
(1260, 'Manager phone', 1, NULL, '2019-01-14 08:21:23', '2019-01-14 08:21:23', NULL),
(1261, 'Closed registration date', 1, NULL, '2019-01-14 11:15:09', '2019-01-14 11:15:09', NULL),
(1262, 'Import', 1, NULL, '2019-01-17 15:54:20', '2019-01-17 15:54:20', NULL),
(1263, 'Assembly M2n Department', 1, NULL, '2019-01-18 12:06:39', '2019-01-18 12:06:39', NULL),
(1264, 'Hohlenweg 11b . CH - 2564 Bellmund', 1, NULL, '2019-01-18 12:14:53', '2019-01-18 12:14:53', NULL),
(1265, 'Spoken language', 1, NULL, '2019-01-18 17:05:59', '2019-01-18 17:05:59', NULL),
(1266, 'Nutzfahrzeuge', 1, NULL, '2019-01-21 10:40:44', '2019-01-21 10:40:44', NULL),
(1267, 'Otc fr presentation media id', 1, NULL, '2019-01-25 14:18:48', '2019-01-25 14:18:48', NULL),
(1268, 'Otc de presentation media id', 1, NULL, '2019-01-25 14:18:48', '2019-01-25 14:18:48', NULL),
(1269, 'FrPresentationMedia', 0, NULL, '2019-01-25 14:19:47', '2019-01-25 14:19:47', NULL),
(1270, 'DePresentationMedia', 0, NULL, '2019-01-25 14:19:47', '2019-01-25 14:19:47', NULL),
(1271, 'Assembly fr media id', 1, NULL, '2019-01-25 14:24:21', '2019-01-25 14:24:21', NULL),
(1272, 'Assembly de media id', 1, NULL, '2019-01-25 14:24:21', '2019-01-25 14:24:21', NULL),
(1273, 'Assembly fr presentation media id', 1, NULL, '2019-01-25 14:24:22', '2019-01-25 14:24:22', NULL),
(1274, 'Assembly de presentation media id', 1, NULL, '2019-01-25 14:24:22', '2019-01-25 14:24:22', NULL),
(1275, 'News fr presentation media id', 1, NULL, '2019-01-25 14:24:28', '2019-01-25 14:24:28', NULL),
(1276, 'News de presentation media id', 1, NULL, '2019-01-25 14:24:29', '2019-01-25 14:24:29', NULL),
(1277, 'Dates fr presentation media id', 1, NULL, '2019-01-25 14:25:03', '2019-01-25 14:25:03', NULL),
(1278, 'Dates de presentation media id', 1, NULL, '2019-01-25 14:25:03', '2019-01-25 14:25:03', NULL),
(1279, 'Protocol fr presentation media id', 1, NULL, '2019-01-25 14:25:10', '2019-01-25 14:25:10', NULL),
(1280, 'Protocol de presentation media id', 1, NULL, '2019-01-25 14:25:11', '2019-01-25 14:25:11', NULL);

-- --------------------------------------------------------

--
-- Tabellenstruktur für Tabelle `translator_translation`
--

CREATE TABLE `translator_translation` (
  `id` bigint(20) UNSIGNED NOT NULL DEFAULT '0',
  `text` mediumtext COLLATE utf8_bin,
  `lang` char(2) COLLATE utf8_bin NOT NULL DEFAULT '',
  `created_at` datetime NOT NULL,
  `updated_at` datetime NOT NULL,
  `deleted_at` datetime DEFAULT NULL
) ENGINE=InnoDB DEFAULT CHARSET=utf8 COLLATE=utf8_bin;

--
-- Daten für Tabelle `translator_translation`
--

INSERT INTO `translator_translation` (`id`, `text`, `lang`, `created_at`, `updated_at`, `deleted_at`) VALUES
(1, 'HTTP/1.1 403 Verboten', 'de', '2018-11-26 10:10:32', '2018-11-26 10:10:32', NULL),
(1, 'HTTP/1.1 403 Forbidden', 'en', '2018-11-26 10:10:32', '2018-11-26 10:10:32', NULL),
(1, 'HTTP/1.1 403 Interdit', 'fr', '2018-12-21 14:17:12', '2018-12-21 14:17:12', NULL),
(2, 'Es ist Ihnen nicht gestattet, auf das angeforderte Dokument zuzugreifen.', 'de', '2018-11-26 10:10:32', '2018-11-26 10:10:32', NULL),
(2, 'You are not allowed to access this document.', 'en', '2018-11-26 10:10:32', '2018-11-26 10:10:32', NULL),
(2, 'Vous n\'êtes pas autorisé à accéder au document demandé.', 'fr', '2018-12-21 14:18:30', '2018-12-21 14:18:30', NULL),
(3, 'Sie verfügen nicht über hinreichende Berechtigungen, um auf das Dokument zuzugreifen.', 'de', '2018-11-26 10:10:32', '2018-11-26 10:10:32', NULL),
(3, 'You don\'t have permission to access the document you requested.', 'en', '2018-11-26 10:10:32', '2018-11-26 10:10:32', NULL),
(3, 'Vous ne disposez pas d\'autorisations suffisantes pour accéder au document.', 'fr', '2018-12-21 14:19:01', '2018-12-21 14:19:01', NULL),
(4, 'HTTP/1.1 404 Nicht gefunden', 'de', '2018-11-26 10:10:32', '2018-11-26 10:10:32', NULL),
(4, 'HTTP/1.1 404 Not Found', 'en', '2018-11-26 10:10:32', '2018-11-26 10:10:32', NULL),
(4, 'HTTP/1.1 404 Pas trouvé', 'fr', '2018-12-21 14:19:32', '2018-12-21 14:19:32', NULL),
(5, 'Das angeforderte Dokument konnte nicht gefunden werden.', 'de', '2018-11-26 10:10:32', '2018-11-26 10:10:32', NULL),
(5, 'The document you requested could not be found.', 'en', '2018-11-26 10:10:32', '2018-11-26 10:10:32', NULL),
(5, 'Le document demandé n\'a pu être trouvé.', 'fr', '2018-12-21 14:19:38', '2018-12-21 14:20:45', NULL),
(6, 'Das Dokument, welches mit der von Ihnen angeforderten URL verknüpft ist, konnte nicht gefunden werden.', 'de', '2018-11-26 10:10:32', '2018-11-26 10:10:32', NULL),
(6, 'The document associated with the URL you requested could not be found.', 'en', '2018-11-26 10:10:32', '2018-11-26 10:10:32', NULL),
(6, 'Le document lié à l\'URL que vous avez demandé n\'a pas pu être trouvé.', 'fr', '2018-12-21 14:21:27', '2018-12-21 14:21:27', NULL),
(7, 'HTTP/1.1 503 Dienst nicht verfügbar', 'de', '2018-11-26 10:10:32', '2018-11-26 10:10:32', NULL),
(7, 'HTTP/1.1 503 Service Unavailable', 'en', '2018-11-26 10:10:32', '2018-11-26 10:10:32', NULL),
(7, 'HTTP/1.1 503 Service non disponible', 'fr', '2018-12-21 14:22:14', '2018-12-21 14:22:14', NULL),
(8, 'Ihre Anfrage hat einen Fehler verursacht.', 'de', '2018-11-26 10:10:32', '2018-11-26 10:10:32', NULL),
(8, 'The service you requested caused an error.', 'en', '2018-11-26 10:10:32', '2018-11-26 10:10:32', NULL),
(8, 'Votre demande a causé une erreur.', 'fr', '2018-12-21 14:22:52', '2018-12-21 14:22:52', NULL),
(9, 'Fehlermeldung', 'de', '2018-11-26 10:10:32', '2018-11-26 10:10:32', NULL),
(9, 'Error Message', 'en', '2018-11-26 10:10:32', '2018-11-26 10:10:32', NULL),
(9, 'Message d\'erreur', 'fr', '2018-12-21 14:23:36', '2018-12-21 14:23:36', NULL),
(10, 'Fehler Ablaufverfolgung', 'de', '2018-11-26 10:10:32', '2018-11-26 10:10:32', NULL),
(10, 'Error Stack Trace', 'en', '2018-11-26 10:10:32', '2018-11-26 10:10:32', NULL),
(10, 'Erreur traçage', 'fr', '2018-12-21 14:25:34', '2018-12-21 14:25:34', NULL),
(11, 'Fehlertyp', 'de', '2018-11-26 10:10:32', '2018-11-26 10:10:32', NULL),
(11, 'Error Type', 'en', '2018-11-26 10:10:32', '2018-11-26 10:10:32', NULL),
(11, 'Type d\'erreur', 'fr', '2018-12-21 14:30:49', '2018-12-21 14:30:49', NULL),
(12, '\'%value%\' ist keine valide Email-Adresse im Format \"local-part@hostname\".', 'de', '2018-11-26 10:10:32', '2018-11-26 10:10:32', NULL),
(12, '\'%value%\' is no valid email address in the basic format \"local-part@hostname\".', 'en', '2018-11-26 10:10:32', '2018-11-26 10:10:32', NULL),
(12, '\'%value%\' n\'est pas une adresse email valide dans le format \"local-part@hostname\".', 'fr', '2018-12-21 14:32:36', '2018-12-21 14:32:36', NULL),
(13, 'Der Wert wird benötigt und darf nicht leer sein.', 'de', '2018-11-26 10:10:32', '2018-11-26 10:10:32', NULL),
(13, 'Value is required and can\'t be empty.', 'en', '2018-11-26 10:10:32', '2018-11-26 10:10:32', NULL),
(13, 'La valeur est obligatoire et ne doit pas être vide.', 'fr', '2018-12-21 14:33:40', '2018-12-21 14:33:40', NULL),
(14, '\'%value%\' scheint keine valide IP-Adresse zu sein.', 'de', '2018-11-26 10:10:32', '2018-11-26 10:10:32', NULL),
(14, '\'%value%\' does not appear to be a valid IP address.', 'en', '2018-11-26 10:10:32', '2018-11-26 10:10:32', NULL),
(14, '\'%value%\' ne semble pas être une adresse IP valide.', 'fr', '2018-12-21 14:41:04', '2018-12-21 14:41:04', NULL),
(15, '\'%value%\' scheint kein valider Name für ein lokales Netzwerk zu sein.', 'de', '2018-11-26 10:10:32', '2018-11-26 10:10:32', NULL),
(15, '\'%value%\' does not appear to be a valid local network name.', 'en', '2018-11-26 10:10:32', '2018-11-26 10:10:32', NULL),
(15, '\'%value%\' ne semble pas être un nom valide pour un réseau local.', 'fr', '2018-12-21 14:42:00', '2018-12-21 14:43:31', NULL),
(16, '\'%value%\' scheint ein DNS-Hostname zu sein, jedoch ist die TLD nicht bekannt.', 'de', '2018-11-26 10:10:32', '2018-11-26 10:10:32', NULL),
(16, '\'%value%\' appears to be a DNS hostname but cannot match TLD against known list.', 'en', '2018-11-26 10:10:32', '2018-11-26 10:10:32', NULL),
(16, '\'%value%\' semble être un nom d\'hôte DNS, mais le TLD n\'est pas connu.', 'fr', '2018-12-21 14:44:44', '2018-12-21 14:44:44', NULL),
(17, '\'%value%\' scheint ein DNS-Hostname zu sein, jedoch kann der TLD-Teil nicht extrahiert werden.', 'de', '2018-11-26 10:10:32', '2018-11-26 10:10:32', NULL),
(17, '\'%value%\' appears to be a DNS hostname but cannot extract TLD part.', 'en', '2018-11-26 10:10:32', '2018-11-26 10:10:32', NULL),
(17, '\'%value%\' semble être un nom d\'hôte DNS, mais la partie TLD ne peut pas être extraite.', 'fr', '2018-12-21 14:57:05', '2018-12-21 14:57:05', NULL),
(18, '\'%value%\'scheint ein DNS-Hostname zu sein, jedoch enthält er einen Unterstrich an einer falschen Position.', 'de', '2018-11-26 10:10:32', '2018-11-26 10:10:32', NULL),
(18, '\'%value%\' appears to be a DNS hostname but contains a dash in an invalid position.', 'en', '2018-11-26 10:10:32', '2018-11-26 10:10:32', NULL),
(18, '\'%value%\' semble être un nom d\'hôte DNS, mais il contient un soulignement dans une mauvaise position.', 'fr', '2018-12-21 14:58:03', '2018-12-21 14:58:03', NULL),
(19, '\'%value%\' ist keine valide Eingabe. Bitte geben Sie nur Zahlen ein.', 'de', '2018-11-26 10:10:32', '2018-11-26 10:10:32', NULL),
(19, '\'%value%\' is no valid input. Please type in Digits.', 'en', '2018-11-26 10:10:32', '2018-11-26 10:10:32', NULL),
(19, '\'%value%\' n\'est pas une entrée valide. Veuillez n\'entrer que des chiffres.', 'fr', '2018-12-21 14:59:05', '2018-12-21 14:59:05', NULL),
(20, '\'%value%\' darf nur Ziffern enthalten.', 'de', '2018-11-26 10:10:32', '2018-11-26 10:10:32', NULL),
(20, '\'%value%\' must contain only digits.', 'en', '2018-11-26 10:10:32', '2018-11-26 10:10:32', NULL),
(20, '\'%value%\' ne peut contenir que des chiffres.', 'fr', '2018-12-21 14:59:50', '2018-12-21 14:59:50', NULL),
(21, 'Das Medium existiert in dieser Relation nicht.', 'de', '2018-11-26 10:10:32', '2018-11-26 10:10:32', NULL),
(21, 'Media does not exists within that relation.', 'en', '2018-11-26 10:10:32', '2018-11-26 10:10:32', NULL),
(21, 'Le médium n\'existe pas dans cette relation.', 'fr', '2018-12-21 15:16:16', '2018-12-21 15:16:16', NULL),
(22, '\'%value%\' ist kürzer als %min% Zeichen.', 'de', '2018-11-26 10:10:32', '2018-11-26 10:10:32', NULL),
(22, '\'%value%\' is less than %min% characters long.', 'en', '2018-11-26 10:10:32', '2018-11-26 10:10:32', NULL),
(22, '\'%value%\' est plus court que %min% caractères.', 'fr', '2018-12-21 15:17:55', '2018-12-21 15:17:55', NULL),
(23, 'Die Zeichenkette ist kürzer als %min% Zeichen.', 'de', '2018-11-26 10:10:32', '2018-11-26 10:10:32', NULL),
(23, 'String is less than %min% characters long.', 'en', '2018-11-26 10:10:32', '2018-11-26 10:10:32', NULL),
(23, 'La chaîne est plus courte que %min% caractères.', 'fr', '2018-12-21 15:18:46', '2018-12-21 15:18:46', NULL),
(24, 'Die Zeichenkette ist länger als %max% Zeichen.', 'de', '2018-11-26 10:10:32', '2018-11-26 10:10:32', NULL),
(24, 'String is more than %max% characters long.', 'en', '2018-11-26 10:10:32', '2018-11-26 10:10:32', NULL),
(24, 'La chaîne est plus longue que %max% caractères.', 'fr', '2018-12-21 15:39:26', '2018-12-21 15:39:26', NULL),
(25, 'Falscher Typ eingetragen, es wurde ein String erwartet.', 'de', '2018-11-26 10:10:32', '2018-11-26 10:10:32', NULL),
(25, 'Invalid type given. String expected.', 'en', '2018-11-26 10:10:32', '2018-11-26 10:10:32', NULL),
(25, 'Mauvais type entré, une chaîne de caractères était attendue.', 'fr', '2018-12-21 15:40:14', '2018-12-21 15:40:14', NULL),
(26, '\'%value%\' ist länger als %max% Zeichen.', 'de', '2018-11-26 10:10:32', '2018-11-26 10:10:32', NULL),
(26, '\'%value%\' is more than %max% characters long.', 'en', '2018-11-26 10:10:32', '2018-11-26 10:10:32', NULL),
(26, '\'%value%\' est plus longue que %max% caractères.', 'fr', '2018-12-21 15:40:59', '2018-12-21 15:40:59', NULL),
(27, '\'%value%\' ist eine leere Zeichenkette.', 'de', '2018-11-26 10:10:32', '2018-11-26 10:10:32', NULL),
(27, '\'%value%\' is an empty string.', 'en', '2018-11-26 10:10:32', '2018-11-26 10:10:32', NULL),
(27, '\'%value%\' est une chaîne vide.', 'fr', '2018-12-21 15:50:27', '2018-12-21 15:50:27', NULL),
(28, 'Die 2 Werte stimmen nicht überein.', 'de', '2018-11-26 10:10:32', '2018-11-26 10:10:32', NULL),
(28, 'The two given tokens do not match.', 'en', '2018-11-26 10:10:32', '2018-11-26 10:10:32', NULL),
(28, 'Les deux valeurs ne correspondent pas.', 'fr', '2018-12-21 15:50:49', '2018-12-21 15:50:49', NULL),
(29, '\'%value%\' enthält Zeichen, die keine Buchstaben sind.', 'de', '2018-11-26 10:10:32', '2018-11-26 10:10:32', NULL),
(29, '\'%value%\' contains non alphabetic characters.', 'en', '2018-11-26 10:10:32', '2018-11-26 10:10:32', NULL),
(29, '\'%value%\' contient des caractères qui ne sont pas des lettres.', 'fr', '2018-12-21 16:08:50', '2018-12-21 16:08:50', NULL),
(30, 'Invalider Typ angegeben. Cadena, Integer, Float, Boolean oder Array wurden erwartet.', 'de', '2018-11-26 10:10:32', '2018-11-26 10:10:32', NULL),
(30, 'Invalid type given. String, integer, float, boolean or array expected.', 'en', '2018-11-26 10:10:32', '2018-11-26 10:10:32', NULL),
(30, 'Type non valide spécifié. Cadena, Integer, Float, Boolean ou Array étaient attendus.', 'fr', '2018-12-21 16:09:45', '2018-12-21 16:09:45', NULL),
(31, 'Die Resource \"%1s\" existiert bereits. Sie können den Controller nicht \"%2s\" nennen.', 'de', '2018-11-26 10:10:32', '2018-11-26 10:10:32', NULL),
(31, 'Resource \"%1s\" already exist. You can not name the Controller \"%2s\".', 'en', '2018-11-26 10:10:32', '2018-11-26 10:10:32', NULL),
(31, 'La ressource \"%1s\" existe déjà. Vous ne pouvez pas appeler le régulateur \"%2s\".', 'fr', '2018-12-21 16:10:36', '2018-12-21 16:10:36', NULL),
(32, '\"%1s\" ist ein Wert, der nicht erlaubt ist.', 'de', '2018-11-26 10:10:32', '2018-11-26 10:10:32', NULL),
(32, '\"%1s\" is a value, that is not allowed.', 'en', '2018-11-26 10:10:32', '2018-11-26 10:10:32', NULL),
(32, '\"%1s\" est une valeur qui n\'est pas autorisée.', 'fr', '2018-12-21 16:11:12', '2018-12-21 16:11:12', NULL),
(33, '\"%1s\" ist bereits ein Kindelement eines Elementes und kann daher kein Elternelement sein.', 'de', '2018-11-26 10:10:32', '2018-11-26 10:10:32', NULL),
(33, '\"%1s\" is already a child of an element and therefore can not be a parent.', 'en', '2018-11-26 10:10:32', '2018-11-26 10:10:32', NULL),
(33, '\"%1s\" est déjà un élément enfant d\'un élément et ne peut donc pas être un élément parent.', 'fr', '2018-12-21 16:15:55', '2018-12-21 16:15:55', NULL),
(34, 'Ein Fehler ist aufgetreten.', 'de', '2018-11-26 10:10:32', '2018-11-26 10:10:32', NULL),
(34, 'An error has occurred.', 'en', '2018-11-26 10:10:32', '2018-11-26 10:10:32', NULL),
(34, 'Une erreur s\'est produite.', 'fr', '2018-12-21 16:16:00', '2018-12-28 18:08:41', NULL),
(35, 'Der Sicherheitscode ist falsch.', 'de', '2018-11-26 10:10:32', '2018-11-26 10:10:32', NULL),
(35, 'Captcha value is wrong.', 'en', '2018-11-26 10:10:32', '2018-11-26 10:10:32', NULL),
(35, 'Le code de sécurité est erroné.', 'fr', '2018-12-28 18:09:07', '2018-12-28 18:09:07', NULL),
(36, 'Der Sicherheitscode fehlt.', 'de', '2018-11-26 10:10:32', '2018-11-26 10:10:32', NULL),
(36, 'Empty captcha value.', 'en', '2018-11-26 10:10:32', '2018-11-26 10:10:32', NULL),
(36, 'Le code de sécurité manque.', 'fr', '2018-12-28 18:09:39', '2018-12-28 18:09:39', NULL),
(37, '\'%value%\' überschreitet die zulässige Länge.', 'de', '2018-11-26 10:10:32', '2018-11-26 10:10:32', NULL),
(37, '\'%value%\' exceeds the allowed length.', 'en', '2018-11-26 10:10:32', '2018-11-26 10:10:32', NULL),
(37, '\'%value%\' dépasse la longueur maximale.', 'fr', '2018-12-28 18:10:58', '2019-01-13 17:15:31', NULL),
(38, '\'%localPart%\' ist kein gültiger lokaler Teil für die E-Mail-Adresse \'%value%\'.', 'de', '2018-11-26 10:10:32', '2018-11-26 10:10:32', NULL),
(38, '\'%localPart%\' is no valid local part for email address \'%value%\'.', 'en', '2018-11-26 10:10:32', '2018-11-26 10:10:32', NULL),
(38, '\'%localPart%\' n\'est pas une partie locale valide pour l\'adresse e-mail \'%value%\'.', 'fr', '2018-12-28 18:12:28', '2018-12-28 18:12:28', NULL),
(39, '\'%localPart%\' kann nicht mit dem Quoted-String-Format abgestimmt werden.', 'de', '2018-11-26 10:10:32', '2018-12-28 18:13:31', NULL),
(39, '\'%localPart%\' can not be matched against quoted-string format.', 'en', '2018-11-26 10:10:32', '2018-11-26 10:10:32', NULL),
(39, 'Le paramètre \'%localPart%\' ne peut pas être comparé au format de chaîne de caractères cité.', 'fr', '2018-12-28 18:13:31', '2018-12-28 18:13:31', NULL),
(40, '\'%localPart%\' kann nicht mit dem Dot-Atom-Format abgestimmt werden.', 'de', '2018-11-26 10:10:32', '2018-11-26 10:10:32', NULL),
(40, '\'%localPart%\' can not be matched against dot-atom format.', 'en', '2018-11-26 10:10:32', '2018-11-26 10:10:32', NULL),
(40, '\'%localPart%\' ne peut pas être accordé avec le format d\'atome de point.', 'fr', '2018-12-28 18:14:25', '2018-12-28 18:14:25', NULL),
(41, '\'%hostname%\' ist nicht in einem routbaren Netzwerksegment. Die E-Mail-Adresse \'%value%\' sollte nicht aus dem öffentlichen Netz gelöst werden.', 'de', '2018-11-26 10:10:32', '2018-12-28 18:16:31', NULL),
(41, '\'%hostname%\' is not in a routable network segment. The email address \'%value%\' should not be resolved from public network.', 'en', '2018-11-26 10:10:32', '2018-11-26 10:10:32', NULL),
(41, '\'%hostname%\' n\'est pas dans un segment de réseau routable. L\'adresse e-mail \'%value%\' ne doit pas être supprimée du réseau public.', 'fr', '2018-12-28 18:16:31', '2019-01-13 17:16:30', NULL),
(42, '\'%hostname%\' scheint keinen gültigen MX-Eintrag für die E-Mail-Adresse \'%value%\' zu haben.', 'de', '2018-11-26 10:10:32', '2018-11-26 10:10:32', NULL),
(42, '\'%hostname%\' does not appear to have a valid MX record for the email address \'%value%\'.', 'en', '2018-11-26 10:10:32', '2018-11-26 10:10:32', NULL),
(42, '\'%hostname%\' ne semble pas avoir d\'enregistrement MX valide pour l\'adresse e-mail \'%value%\'.', 'fr', '2018-12-28 18:17:25', '2018-12-28 18:17:25', NULL),
(43, '\'%hostname%\' ist kein gültiger Hostname für die E-Mail-Adresse \'%value%\'.', 'de', '2018-11-26 10:10:32', '2018-11-26 10:10:32', NULL),
(43, '\'%hostname%\' is no valid hostname for email address \'%value%\'.', 'en', '2018-11-26 10:10:32', '2018-11-26 10:10:32', NULL),
(43, '\'%Hostname%\' n\'est pas un nom d\'hôte valide pour l\'adresse e-mail \'%value%\'.', 'fr', '2018-12-28 18:18:09', '2019-01-13 17:16:55', NULL),
(44, '\'%value%\' scheint eine lokaler Netzwerkname zu sein. Lokale Netzwerknamen sind jedoch nicht erlaubt.', 'de', '2018-11-26 10:10:32', '2018-11-26 10:10:32', NULL),
(44, '\'%value%\' appears to be a local network name but local network names are not allowed.', 'en', '2018-11-26 10:10:32', '2018-11-26 10:10:32', NULL),
(44, '\'%value%\' semble d\'être un nom de réseau local. Cependant, les noms de réseaux locaux ne sont pas autorisés.', 'fr', '2018-12-28 18:19:23', '2018-12-28 18:19:23', NULL),
(45, 'Es wurde ein Datensatz gefunden, welcher bereits \'%value%\' enthält.', 'de', '2018-11-26 10:10:32', '2018-11-26 10:10:32', NULL),
(45, 'A record matching \'%value%\' was found.', 'en', '2018-11-26 10:10:32', '2018-11-26 10:10:32', NULL),
(45, 'Un enregistrement contenant déjà \'%value%\' a été trouvé.', 'fr', '2018-12-28 18:20:18', '2018-12-28 18:20:18', NULL),
(46, 'Ungültiger Typ angegeben. String, Integer oder Float erwartet.', 'de', '2018-11-26 10:10:32', '2018-11-26 10:10:32', NULL),
(46, 'Invalid type given. String, integer or float expected.', 'en', '2018-11-26 10:10:32', '2018-11-26 10:10:32', NULL),
(46, 'Type non valide spécifié. Chaîne, entier ou float attendu.', 'fr', '2018-12-28 18:21:28', '2018-12-28 18:21:28', NULL),
(47, 'Das System hat Ihre Position für einen sicheren Login bestimmt.', 'de', '2018-11-26 10:10:32', '2018-11-26 10:10:32', NULL),
(47, 'The system has determined your position for a secure login.', 'en', '2018-11-26 10:10:32', '2018-11-26 10:10:32', NULL),
(47, 'Le système a déterminé votre position pour une connexion sécurisée.', 'fr', '2018-12-28 18:22:04', '2018-12-28 18:22:04', NULL),
(48, 'Das System versucht Ihre Position für einen sicheren Login zu bestimmen.', 'de', '2018-11-26 10:10:32', '2018-11-26 10:10:32', NULL),
(48, 'The system attempts to determine your location for a secure login.', 'en', '2018-11-26 10:10:32', '2018-11-26 10:10:32', NULL),
(48, 'Le système essaie de déterminer votre position pour une connexion sécurisée.', 'fr', '2018-12-28 18:25:02', '2018-12-28 18:25:02', NULL),
(49, 'Das System konnte Ihre Position nicht bestimmen.', 'de', '2018-11-26 10:10:32', '2018-11-26 10:10:32', NULL),
(49, 'The system could not determine your position.', 'en', '2018-11-26 10:10:32', '2018-11-26 10:10:32', NULL),
(49, 'Le système n\'a pas pu déterminer votre position.', 'fr', '2018-12-28 18:25:29', '2018-12-28 18:25:29', NULL),
(50, 'Das System konnte Ihre Position nicht bestimmen, da es zu einem Timeout kam.', 'de', '2018-11-26 10:10:32', '2018-11-26 10:10:32', NULL),
(50, 'The system could not determine your position, because of a timeout.', 'en', '2018-11-26 10:10:32', '2018-11-26 10:10:32', NULL),
(50, 'Le système n\'a pas pu déterminer votre position à cause d\'un délai d\'attente.', 'fr', '2018-12-28 18:26:01', '2018-12-28 18:26:01', NULL),
(51, 'Das System konnte Ihre Position nicht bestimmen, da der Zugriff verweigert wurde.', 'de', '2018-11-26 10:10:32', '2018-11-26 10:10:32', NULL),
(51, 'The system could not determine your position, because permission was denied.', 'en', '2018-11-26 10:10:32', '2018-11-26 10:10:32', NULL),
(51, 'Le système n\'a pas pu déterminer votre position parce que l\'accès a été refusé.', 'fr', '2018-12-28 18:26:28', '2018-12-28 18:26:28', NULL),
(52, 'Das System konnte Ihre Position nicht bestimmen, da die Position des Gerätes nicht ermittelt werden konnte.', 'de', '2018-11-26 10:10:32', '2018-11-26 10:10:32', NULL),
(52, 'The system could not determine your position, because the position of the device could not be determined.', 'en', '2018-11-26 10:10:32', '2018-11-26 10:10:32', NULL),
(52, 'Le système n\'a pas pu déterminer votre position parce que la position de l\'ordinateur n\'a pu être déterminée.', 'fr', '2018-12-28 18:27:14', '2018-12-28 18:27:14', NULL),
(53, 'Das Benutzerkonto mit dem angegebenen Namen wurde deaktiviert.', 'de', '2018-11-26 10:10:32', '2018-11-26 10:10:32', NULL),
(53, 'The account associated with the specified login has been disabled.', 'en', '2018-11-26 10:10:32', '2018-11-26 10:10:32', NULL),
(53, 'Le compte utilisateur avec le nom spécifié a été désactivé.', 'fr', '2018-12-28 18:27:37', '2018-12-28 18:27:37', NULL),
(54, 'Ihr Benutzerkonto wurde aus Sicherheitsgründen deaktiviert. Sie erhalten eine E-Mail mit Anweisungen, wie Sie dieses wieder aktivieren können.', 'de', '2018-11-26 10:10:32', '2018-11-26 10:10:32', NULL),
(54, 'Your account has been disabled for security reasons. You\'ll receive an email with instructions on how to re-activate your account.', 'en', '2018-11-26 10:10:32', '2018-11-26 10:10:32', NULL),
(54, 'Votre compte a été désactivé pour des raisons de sécurité. Vous recevrez un email avec les instructions pour le réactiver.', 'fr', '2018-12-28 18:28:11', '2018-12-28 18:28:11', NULL),
(55, 'Der Model Name \"%1s\" wurde bereits genutzt bei \"%2s\".', 'de', '2018-11-26 10:10:32', '2018-11-26 10:10:32', NULL),
(55, 'Model Name \"%1s\" already used on \"%2s\".', 'en', '2018-11-26 10:10:32', '2018-11-26 10:10:32', NULL),
(55, 'Le nom de modèle \"%1s\" a déjà été utilisé pour \"%2s\".', 'fr', '2018-12-28 18:29:03', '2018-12-28 18:29:03', NULL),
(56, 'Die einzigen erlaubten Zeichen sind: \"%1s\".', 'de', '2018-11-26 10:10:32', '2018-11-26 10:10:32', NULL),
(56, 'The only allowed chars are: \"%1s\".', 'en', '2018-11-26 10:10:32', '2018-11-26 10:10:32', NULL),
(56, 'Les seuls caractères autorisés sont: \"%1s\".', 'fr', '2018-12-28 18:31:17', '2018-12-28 18:31:17', NULL),
(57, 'Es wurde ein Fehler generiert', 'de', '2018-11-26 10:10:32', '2018-11-26 10:10:32', NULL),
(57, 'An exception has been thrown', 'en', '2018-11-26 10:10:32', '2018-11-26 10:10:32', NULL),
(57, 'Une erreur a été générée', 'fr', '2018-12-28 18:31:45', '2018-12-28 18:31:45', NULL),
(58, 'Der Model Name existiert bereits: \"%1s\".', 'de', '2018-11-26 10:10:32', '2018-11-26 10:10:32', NULL),
(58, 'The Model Name already exists: \"%1s\".', 'en', '2018-11-26 10:10:32', '2018-11-26 10:10:32', NULL),
(58, 'Le nom du modèle existe déjà: \"%1s\".', 'fr', '2018-12-28 18:32:21', '2018-12-28 18:32:21', NULL),
(59, 'Das Hochladen der Daten funktioniert nicht! Die Dateigröße muss größer als Null sein.', 'de', '2018-11-26 10:10:32', '2018-11-26 10:10:32', NULL),
(59, 'Upload of data doesn\'t work! File-size must be greater then zero.', 'en', '2018-11-26 10:10:32', '2018-11-26 10:10:32', NULL),
(59, 'Le téléchargement des données ne fonctionne pas ! La taille du fichier doit être supérieure à zéro.', 'fr', '2018-12-28 18:32:56', '2018-12-28 18:32:56', NULL),
(60, 'Das Hochladen der Daten funktioniert nicht! Die Streamgrösse stimmt nicht mit der Dateigrösse überein.', 'de', '2018-11-26 10:10:32', '2018-12-28 18:34:10', NULL),
(60, 'Upload of data doesn\'t work! Could not match stream-size with file-size.', 'en', '2018-11-26 10:10:32', '2018-11-26 10:10:32', NULL),
(60, 'Le téléchargement des données ne fonctionne pas! La taille du flux ne correspond pas à la taille du fichier.', 'fr', '2018-12-28 18:34:10', '2018-12-28 18:34:10', NULL),
(61, 'Alle Dateien in der Summe sollten eine maximale Größe von \'%max%\' haben, es wurde jedoch eine Größe von \'%size%\' erkannt.', 'de', '2018-11-26 10:10:32', '2018-12-28 18:35:46', NULL),
(61, 'All files in sum should have a maximum size of \'%max%\' but \'%size%\' were detected.', 'en', '2018-11-26 10:10:32', '2018-11-26 10:10:32', NULL),
(61, 'Tous les fichiers doivent avoir en somme une taille maximale de \'%max%\', mais une taille de \'%size%\' a été détectée.', 'fr', '2018-12-28 18:35:46', '2018-12-28 18:35:46', NULL),
(62, 'Das Hochladen der Daten funktioniert nicht!', 'de', '2018-11-26 10:10:32', '2018-11-26 10:10:32', NULL),
(62, 'Upload of data doesn\'t work!', 'en', '2018-11-26 10:10:32', '2018-11-26 10:10:32', NULL),
(62, 'Le téléchargement des données ne fonctionne pas!', 'fr', '2018-12-28 18:36:14', '2018-12-28 18:36:14', NULL),
(63, 'Benutzergruppe konnte nicht gefunden werden!', 'de', '2018-11-26 10:10:32', '2018-11-26 10:10:32', NULL),
(63, 'Could not find role!', 'en', '2018-11-26 10:10:32', '2018-11-26 10:10:32', NULL),
(63, 'Le groupe d\'utilisateurs n\'a pas pu être trouvé!', 'fr', '2018-12-28 18:36:41', '2018-12-28 18:36:41', NULL),
(64, 'Die Übermittlung des Formulars funktioniert nicht!', 'de', '2018-11-26 10:10:33', '2018-12-28 18:37:51', NULL),
(64, 'Submit of form doesn\'t work!', 'en', '2018-11-26 10:10:33', '2018-11-26 10:10:33', NULL),
(64, 'La transmission du formulaire ne fonctionne pas!', 'fr', '2018-12-28 18:37:51', '2018-12-28 18:37:51', NULL),
(65, 'Das Medium ist nicht vom Typ %1s und wurde abgelehnt.', 'de', '2018-11-26 10:10:33', '2018-11-26 10:10:33', NULL),
(65, 'Media is not type of %1s and was rejected.', 'en', '2018-11-26 10:10:33', '2018-11-26 10:10:33', NULL),
(65, 'Le milieu n\'est pas de type %1s et a été rejeté.', 'fr', '2018-12-28 18:38:32', '2018-12-28 18:38:32', NULL),
(66, 'Das Medium kann nicht ersetzt werden. \"%1s\" ist nicht schreibbar.', 'de', '2018-11-26 10:10:33', '2018-11-26 10:10:33', NULL),
(66, 'Media can not be replaced. \"%1s\" is not writable.', 'en', '2018-11-26 10:10:33', '2018-11-26 10:10:33', NULL),
(66, 'Les médias ne peuvent pas être remplacés. \"%1s\" n\'est pas inscriptible.', 'fr', '2018-12-28 18:38:36', '2018-12-30 09:06:37', NULL),
(67, 'Hochladen fehlgeschlagen', 'de', '2018-11-26 10:10:33', '2018-11-26 10:10:33', NULL),
(67, 'Upload failed', 'en', '2018-11-26 10:10:33', '2018-11-26 10:10:33', NULL),
(67, 'Echec du téléchargement', 'fr', '2018-12-30 09:07:04', '2018-12-30 09:07:04', NULL),
(68, '\'%value%\' ist keine valide Eingabe. Bitte geben Sie nur Zahlen ein.', 'de', '2018-11-26 10:10:33', '2018-11-26 10:10:33', NULL),
(68, '\'%value%\' is no valid input. Please type in a number.', 'en', '2018-11-26 10:10:33', '2018-11-26 10:10:33', NULL),
(68, '\'%value%\' n\'est pas une entrée valide. Veuillez n\'entrer que des chiffres.', 'fr', '2018-12-30 09:07:59', '2018-12-30 09:07:59', NULL),
(69, '\'%value%\' scheint keine Fließkommazahl zu sein.', 'de', '2018-11-26 10:10:33', '2018-11-26 10:10:33', NULL),
(69, '\'%value%\' does not appear to be a float.', 'en', '2018-11-26 10:10:33', '2018-11-26 10:10:33', NULL),
(69, '\'%value%\' ne semble pas être un nombre en virgule flottante.', 'fr', '2018-12-30 09:08:50', '2018-12-30 09:08:50', NULL),
(70, 'Verwaltung', 'de', '2018-11-26 10:10:33', '2018-11-26 10:10:33', NULL),
(70, 'Administration', 'en', '2018-11-26 10:10:33', '2018-11-26 10:10:33', NULL),
(70, 'Administration', 'fr', '2018-12-30 09:09:09', '2018-12-30 09:09:09', NULL),
(71, 'Wählen Sie den zu verwaltenden Bereich.', 'de', '2018-11-26 10:10:33', '2018-11-26 10:10:33', NULL),
(71, 'Choose, what to administrate.', 'en', '2018-11-26 10:10:33', '2018-11-26 10:10:33', NULL),
(71, 'Sélectionnez la zone que vous voulez gérer.', 'fr', '2018-12-30 09:09:38', '2018-12-30 09:09:38', NULL),
(72, 'Konfigurieren Sie die Anwendung', 'de', '2018-11-26 10:10:33', '2018-11-26 10:10:33', NULL),
(72, 'Configurate your Application', 'en', '2018-11-26 10:10:33', '2018-11-26 10:10:33', NULL),
(72, 'Configurez l\'application', 'fr', '2018-12-30 09:10:23', '2018-12-30 09:10:23', NULL),
(73, 'Inhalts-Seiten', 'de', '2018-11-26 10:10:33', '2018-11-26 10:10:33', NULL),
(73, 'Content-Pages', 'en', '2018-11-26 10:10:33', '2018-11-26 10:10:33', NULL),
(73, 'Pages de contenu', 'fr', '2018-12-30 09:10:53', '2018-12-30 17:07:56', NULL),
(74, 'Sitemap', 'de', '2018-11-26 10:10:33', '2018-11-26 10:10:33', NULL),
(74, 'Sitemap', 'en', '2018-11-26 10:10:33', '2018-11-26 10:10:33', NULL),
(74, 'Plan de site', 'fr', '2018-12-30 09:11:26', '2018-12-30 09:11:26', NULL),
(75, 'Sitemap erstellen', 'de', '2018-11-26 10:10:33', '2018-12-30 09:12:23', NULL),
(75, 'Create Sitemap', 'en', '2018-11-26 10:10:33', '2018-11-26 10:10:33', NULL),
(75, 'Créer plan du site', 'fr', '2018-12-30 09:12:23', '2018-12-30 09:12:23', NULL),
(76, 'Erstelle Model Name', 'de', '2018-11-26 10:10:33', '2018-11-26 10:10:33', NULL),
(76, 'Create Model Name', 'en', '2018-11-26 10:10:33', '2018-11-26 10:10:33', NULL),
(76, 'Créer un nom de modèle', 'fr', '2018-12-30 09:27:59', '2018-12-30 09:27:59', NULL),
(77, 'Übersetzungen', 'de', '2018-11-26 10:10:33', '2018-11-26 10:10:33', NULL),
(77, 'Translations', 'en', '2018-11-26 10:10:33', '2018-11-26 10:10:33', NULL),
(77, 'Traductions', 'fr', '2018-12-30 09:28:12', '2018-12-30 09:28:12', NULL),
(78, 'Konfigurieren Sie die dynamischen Inhalte', 'de', '2018-11-26 10:10:33', '2018-12-30 09:29:02', NULL),
(78, 'Configurate your Dynamic Content', 'en', '2018-11-26 10:10:33', '2018-11-26 10:10:33', NULL),
(78, 'Configurez le contenu dynamique', 'fr', '2018-12-30 09:29:02', '2018-12-30 09:29:02', NULL),
(79, 'Inhalt', 'de', '2018-11-26 10:10:33', '2018-11-26 10:10:33', NULL),
(79, 'Content', 'en', '2018-11-26 10:10:33', '2018-11-26 10:10:33', NULL),
(79, 'Contenu', 'fr', '2018-12-30 09:29:14', '2018-12-30 09:29:14', NULL),
(80, 'Inhalt (Plain)', 'de', '2018-11-26 10:10:33', '2018-11-26 10:10:33', NULL),
(80, 'Content (Plain)', 'en', '2018-11-26 10:10:33', '2018-11-26 10:10:33', NULL),
(80, 'Contenu (simple)', 'fr', '2018-12-30 09:30:22', '2018-12-30 09:30:22', NULL),
(81, 'Inhalt (HTML)', 'de', '2018-11-26 10:10:33', '2018-11-26 10:10:33', NULL),
(81, 'Content (HTML)', 'en', '2018-11-26 10:10:33', '2018-11-26 10:10:33', NULL),
(81, 'Contenu (HTML)', 'fr', '2018-12-30 09:30:51', '2018-12-30 09:30:51', NULL),
(82, 'Übersetzer', 'de', '2018-11-26 10:10:33', '2018-11-26 10:10:33', NULL),
(82, 'Translator', 'en', '2018-11-26 10:10:33', '2018-11-26 10:10:33', NULL),
(82, 'Traducteur', 'fr', '2018-12-30 09:41:21', '2018-12-30 09:41:21', NULL),
(83, 'Sie editieren jetzt', 'de', '2018-11-26 10:10:33', '2018-11-26 10:10:33', NULL),
(83, 'You are editing', 'en', '2018-11-26 10:10:33', '2018-11-26 10:10:33', NULL),
(83, 'Vous êtes en train d\'éditer', 'fr', '2018-12-30 09:41:46', '2018-12-30 09:41:46', NULL),
(84, 'Hinzufügen', 'de', '2018-11-26 10:10:33', '2018-11-26 10:10:33', NULL),
(84, 'Add', 'en', '2018-11-26 10:10:33', '2018-11-26 10:10:33', NULL),
(84, 'Ajouter à', 'fr', '2018-12-30 09:42:19', '2018-12-30 09:42:19', NULL),
(85, 'Entfernen', 'de', '2018-11-26 10:10:33', '2018-11-26 10:10:33', NULL),
(85, 'Remove', 'en', '2018-11-26 10:10:33', '2018-11-26 10:10:33', NULL),
(85, 'Enlever', 'fr', '2018-12-30 09:43:00', '2018-12-30 09:43:00', NULL),
(86, 'entfernen', 'de', '2018-11-26 10:10:33', '2018-11-26 10:10:33', NULL),
(86, 'remove', 'en', '2018-11-26 10:10:33', '2018-11-26 10:10:33', NULL),
(86, 'enlever', 'fr', '2018-12-30 09:43:54', '2018-12-30 09:43:54', NULL),
(87, 'Position', 'de', '2018-11-26 10:10:33', '2018-11-26 10:10:33', NULL),
(87, 'Position', 'en', '2018-11-26 10:10:33', '2018-11-26 10:10:33', NULL),
(87, 'position', 'fr', '2018-12-30 09:44:03', '2018-12-30 09:44:03', NULL),
(88, 'Bearbeiten', 'de', '2018-11-26 10:10:33', '2018-11-26 10:10:33', NULL),
(88, 'Edit', 'en', '2018-11-26 10:10:33', '2018-11-26 10:10:33', NULL),
(88, 'Éditer', 'fr', '2018-12-30 09:44:46', '2018-12-30 09:46:01', NULL),
(89, 'Löschen', 'de', '2018-11-26 10:10:33', '2018-11-26 10:10:33', NULL),
(89, 'Delete', 'en', '2018-11-26 10:10:33', '2018-11-26 10:10:33', NULL),
(89, 'Effacer', 'fr', '2018-12-30 09:45:21', '2018-12-30 09:45:21', NULL),
(90, 'Speichern', 'de', '2018-11-26 10:10:33', '2018-11-26 10:10:33', NULL),
(90, 'Save', 'en', '2018-11-26 10:10:33', '2018-11-26 10:10:33', NULL),
(90, 'Sauvegarder', 'fr', '2018-12-30 09:46:36', '2018-12-30 09:46:36', NULL),
(91, 'Zurück', 'de', '2018-11-26 10:10:33', '2018-11-26 10:10:33', NULL),
(91, 'Back', 'en', '2018-11-26 10:10:33', '2018-11-26 10:10:33', NULL),
(91, 'Retour', 'fr', '2018-12-30 09:46:54', '2018-12-30 09:46:54', NULL),
(92, 'Blog', 'de', '2018-11-26 10:10:33', '2018-11-26 10:10:33', NULL),
(92, 'Blog', 'en', '2018-11-26 10:10:33', '2018-11-26 10:10:33', NULL),
(92, 'Blog', 'fr', '2018-12-30 09:47:19', '2018-12-30 09:47:19', NULL),
(93, 'Nutzer', 'de', '2018-11-26 10:10:33', '2018-11-26 10:10:33', NULL),
(93, 'Users', 'en', '2018-11-26 10:10:33', '2018-11-26 10:10:33', NULL),
(93, 'Utilisateurs', 'fr', '2018-12-30 09:47:37', '2018-12-30 09:47:37', NULL),
(94, 'System', 'de', '2018-11-26 10:10:33', '2018-11-26 10:10:33', NULL),
(94, 'System', 'en', '2018-11-26 10:10:33', '2018-11-26 10:10:33', NULL),
(94, 'Système', 'fr', '2018-12-30 09:47:46', '2018-12-30 09:47:46', NULL),
(95, 'Admin', 'de', '2018-11-26 10:10:33', '2018-11-26 10:10:33', NULL),
(95, 'Admin', 'en', '2018-11-26 10:10:33', '2018-11-26 10:10:33', NULL),
(95, 'Admin', 'fr', '2018-12-30 09:47:56', '2018-12-30 09:47:56', NULL),
(96, 'Medien verwalten', 'de', '2018-11-26 10:10:33', '2018-12-30 09:48:27', NULL),
(96, 'Manage Media', 'en', '2018-11-26 10:10:33', '2018-11-26 10:10:33', NULL),
(96, 'Gérer les médias', 'fr', '2018-12-30 09:48:27', '2018-12-30 09:48:27', NULL),
(97, 'Warnung während des Löschvorgangs', 'de', '2018-11-26 10:10:33', '2018-11-26 10:10:33', NULL),
(97, 'Warning during the deletion process', 'en', '2018-11-26 10:10:33', '2018-11-26 10:10:33', NULL),
(97, 'Avertissement pendant le processus de suppression', 'fr', '2018-12-30 09:48:59', '2018-12-30 09:48:59', NULL),
(98, 'Der Datensatz wird benutzt. Stellen Sie sicher, dass Sie ihn nicht mit einem anderen Datensatz benutzen. Er scheint dort erforderlich zu sein und kann nicht rekursiv gelöscht werden.', 'de', '2018-11-26 10:10:33', '2018-11-26 10:10:33', NULL),
(98, 'The record is in use. Make sure, you do not use it on another record. It seems to be required there and cannot be deleted recursiv.', 'en', '2018-11-26 10:10:33', '2018-11-26 10:10:33', NULL),
(98, 'L\'enregistrement est utilisé. Assurez-vous que vous ne l\'utilisez pas avec un autre enregistrement. Elle semble y être nécessaire et ne peut pas être supprimée récursivement.', 'fr', '2018-12-30 09:49:55', '2018-12-30 09:49:55', NULL),
(99, 'Es scheint, dass Sie keinen Zugriff auf diesen Datensatz haben und diesen nicht löschen können.', 'de', '2018-11-26 10:10:33', '2018-11-26 10:10:33', NULL),
(99, 'It seems you have no access and cannot delete that record.', 'en', '2018-11-26 10:10:33', '2018-11-26 10:10:33', NULL),
(99, 'Il semble que vous n\'ayez pas accès à cet enregistrement et que vous ne puissiez pas le supprimer.', 'fr', '2018-12-30 09:50:30', '2018-12-30 09:50:30', NULL),
(100, 'ID', 'de', '2018-11-26 10:10:33', '2018-11-26 10:10:33', NULL),
(100, 'ID', 'en', '2018-11-26 10:10:33', '2018-11-26 10:10:33', NULL),
(100, 'ID', 'fr', '2018-12-30 09:50:38', '2018-12-30 09:50:38', NULL),
(101, 'ID', 'de', '2018-11-26 10:10:33', '2018-11-26 10:10:33', NULL),
(101, 'ID', 'en', '2018-11-26 10:10:33', '2018-11-26 10:10:33', NULL),
(101, 'ID', 'fr', '2018-12-30 09:50:45', '2018-12-30 09:50:45', NULL),
(102, 'ID', 'de', '2018-11-26 10:10:33', '2018-11-26 10:10:33', NULL),
(102, 'ID', 'en', '2018-11-26 10:10:33', '2018-11-26 10:10:33', NULL),
(102, 'ID', 'fr', '2018-12-30 09:50:52', '2018-12-30 09:50:52', NULL),
(103, 'Kürzel', 'de', '2018-11-26 10:10:33', '2018-11-26 10:10:33', NULL),
(103, 'Short', 'en', '2018-11-26 10:10:33', '2018-11-26 10:10:33', NULL),
(103, 'abréviation', 'fr', '2018-12-30 09:52:32', '2018-12-30 09:52:32', NULL),
(104, 'Name', 'de', '2018-11-26 10:10:33', '2018-11-26 10:10:33', NULL),
(104, 'Name', 'en', '2018-11-26 10:10:33', '2018-11-26 10:10:33', NULL),
(104, 'Nom', 'fr', '2018-12-30 09:52:40', '2018-12-30 09:52:40', NULL),
(105, 'Name', 'de', '2018-11-26 10:10:33', '2018-11-26 10:10:33', NULL),
(105, 'Name', 'en', '2018-11-26 10:10:33', '2018-11-26 10:10:33', NULL),
(105, 'Nom', 'fr', '2018-12-30 09:52:49', '2018-12-30 09:52:49', NULL),
(106, 'Eltern-Element', 'de', '2018-11-26 10:10:33', '2018-11-26 10:10:33', NULL),
(106, 'Parent Record', 'en', '2018-11-26 10:10:33', '2018-11-26 10:10:33', NULL),
(106, 'élément parent', 'fr', '2018-12-30 09:53:11', '2018-12-30 09:53:11', NULL),
(107, 'Bild', 'de', '2018-11-26 10:10:33', '2018-11-26 10:10:33', NULL),
(107, 'Image', 'en', '2018-11-26 10:10:33', '2018-11-26 10:10:33', NULL),
(107, 'Image', 'fr', '2018-12-30 09:53:23', '2018-12-30 09:53:23', NULL),
(108, 'Bild', 'de', '2018-11-26 10:10:33', '2018-11-26 10:10:33', NULL),
(108, 'Image', 'en', '2018-11-26 10:10:33', '2018-11-26 10:10:33', NULL),
(108, 'Image', 'fr', '2018-12-30 09:53:30', '2018-12-30 09:53:30', NULL),
(109, 'Bilder', 'de', '2018-11-26 10:10:33', '2018-11-26 10:10:33', NULL),
(109, 'Images', 'en', '2018-11-26 10:10:33', '2018-11-26 10:10:33', NULL),
(109, 'Images', 'fr', '2018-12-30 09:53:36', '2018-12-30 09:53:36', NULL),
(110, 'Bild', 'de', '2018-11-26 10:10:33', '2018-11-26 10:10:33', NULL),
(110, 'Image', 'en', '2018-11-26 10:10:33', '2018-11-26 10:10:33', NULL),
(110, 'Image', 'fr', '2018-12-30 09:53:43', '2018-12-30 09:53:43', NULL),
(111, 'Wert', 'de', '2018-11-26 10:10:33', '2018-11-26 10:10:33', NULL),
(111, 'Value', 'en', '2018-11-26 10:10:33', '2018-11-26 10:10:33', NULL),
(111, 'Valeur', 'fr', '2018-12-30 09:53:53', '2018-12-30 09:53:53', NULL),
(112, 'Code', 'de', '2018-11-26 10:10:33', '2018-11-26 10:10:33', NULL),
(112, 'Code', 'en', '2018-11-26 10:10:33', '2018-11-26 10:10:33', NULL),
(112, 'Code', 'fr', '2018-12-30 09:53:59', '2018-12-30 09:53:59', NULL),
(113, 'Original-Wert', 'de', '2018-11-26 10:10:33', '2018-11-26 10:10:33', NULL),
(113, 'Original-Value', 'en', '2018-11-26 10:10:33', '2018-11-26 10:10:33', NULL),
(113, 'Valeur originale', 'fr', '2018-12-30 09:54:26', '2018-12-30 09:54:26', NULL),
(114, 'Wurde benutzt', 'de', '2018-11-26 10:10:33', '2018-12-30 09:54:59', NULL),
(114, 'Is Used', 'en', '2018-11-26 10:10:33', '2018-11-26 10:10:33', NULL),
(114, 'A été utilisé', 'fr', '2018-12-30 09:54:59', '2018-12-30 09:54:59', NULL),
(115, 'Zusatz-Preis', 'de', '2018-11-26 10:10:33', '2018-11-26 10:10:33', NULL),
(115, 'Extra Price', 'en', '2018-11-26 10:10:33', '2018-11-26 10:10:33', NULL),
(115, 'Prix supplémentaire', 'fr', '2018-12-30 09:57:57', '2018-12-30 09:57:57', NULL),
(116, 'Benutzerkonto', 'de', '2018-11-26 10:10:33', '2018-11-26 10:10:33', NULL),
(116, 'User-Account', 'en', '2018-11-26 10:10:33', '2018-11-26 10:10:33', NULL),
(116, 'Compte utilisateur', 'fr', '2018-12-30 10:09:48', '2018-12-30 10:09:48', NULL),
(117, 'Benutzerkonto', 'de', '2018-11-26 10:10:33', '2018-11-26 10:10:33', NULL),
(117, 'User-Account', 'en', '2018-11-26 10:10:33', '2018-11-26 10:10:33', NULL),
(117, 'Compte utilisateur', 'fr', '2018-12-30 10:10:07', '2018-12-30 10:10:07', NULL),
(118, 'Überschrift', 'de', '2018-11-26 10:10:33', '2018-11-26 10:10:33', NULL),
(118, 'Headline', 'en', '2018-11-26 10:10:33', '2018-11-26 10:10:33', NULL),
(118, 'Titre', 'fr', '2018-12-30 10:10:55', '2018-12-30 10:10:55', NULL),
(119, 'Aktivierungs-Code', 'de', '2018-11-26 10:10:33', '2018-11-26 10:10:33', NULL),
(119, 'Activation Code', 'en', '2018-11-26 10:10:33', '2018-11-26 10:10:33', NULL),
(119, 'Code d\'activation', 'fr', '2018-12-30 10:11:26', '2018-12-30 10:11:26', NULL),
(120, 'Passwort', 'de', '2018-11-26 10:10:33', '2018-11-26 10:10:33', NULL),
(120, 'Password', 'en', '2018-11-26 10:10:33', '2018-11-26 10:10:33', NULL),
(120, 'Mot de passe', 'fr', '2018-12-30 10:11:40', '2018-12-30 10:11:40', NULL),
(121, 'Anrede', 'de', '2018-11-26 10:10:33', '2018-11-26 10:10:33', NULL),
(121, 'Salutation', 'en', '2018-11-26 10:10:33', '2018-11-26 10:10:33', NULL),
(121, 'Salutation', 'fr', '2018-12-30 10:12:25', '2018-12-30 10:12:25', NULL),
(122, 'Anrede', 'de', '2018-11-26 10:10:33', '2018-11-26 10:10:33', NULL),
(122, 'Salutation', 'en', '2018-11-26 10:10:33', '2018-11-26 10:10:33', NULL),
(122, 'Salutation', 'fr', '2018-12-30 10:12:41', '2018-12-30 10:12:41', NULL),
(123, 'Deaktiviert', 'de', '2018-11-26 10:10:33', '2018-11-26 10:10:33', NULL),
(123, 'Disabled', 'en', '2018-11-26 10:10:33', '2018-11-26 10:10:33', NULL),
(123, 'Désactivé', 'fr', '2018-12-30 10:13:14', '2018-12-30 10:13:14', NULL),
(124, 'Aktiviert', 'de', '2018-11-26 10:10:33', '2018-11-26 10:10:33', NULL),
(124, 'Enabled', 'en', '2018-11-26 10:10:33', '2018-11-26 10:10:33', NULL),
(124, 'Activé', 'fr', '2018-12-30 10:13:24', '2018-12-30 10:13:24', NULL),
(125, 'Nachname', 'de', '2018-11-26 10:10:33', '2018-11-26 10:10:33', NULL),
(125, 'Lastname', 'en', '2018-11-26 10:10:33', '2018-11-26 10:10:33', NULL),
(125, 'Nom de famille', 'fr', '2018-12-30 10:14:01', '2018-12-30 10:14:01', NULL),
(126, 'Vorname', 'de', '2018-11-26 10:10:33', '2018-11-26 10:10:33', NULL),
(126, 'Firstname', 'en', '2018-11-26 10:10:33', '2018-11-26 10:10:33', NULL),
(126, 'Prénom', 'fr', '2018-12-30 10:14:29', '2018-12-30 10:14:29', NULL),
(127, 'Kunden - Vorname', 'de', '2018-11-26 10:10:33', '2018-11-26 10:10:33', NULL),
(127, 'Customer - Firstname', 'en', '2018-11-26 10:10:33', '2018-11-26 10:10:33', NULL),
(127, 'Client - Prénom', 'fr', '2018-12-30 10:14:53', '2018-12-30 10:14:53', NULL),
(128, 'Kunden - Nachname', 'de', '2018-11-26 10:10:33', '2018-11-26 10:10:33', NULL),
(128, 'Customer - Lastname', 'en', '2018-11-26 10:10:33', '2018-11-26 10:10:33', NULL),
(128, 'Client - Nom de famille', 'fr', '2018-12-30 10:15:09', '2018-12-30 10:15:09', NULL),
(129, 'Kunden - Telefon', 'de', '2018-11-26 10:10:33', '2018-11-26 10:10:33', NULL),
(129, 'Customer - Phone', 'en', '2018-11-26 10:10:33', '2018-11-26 10:10:33', NULL),
(129, 'Client - Téléphone', 'fr', '2018-12-30 10:15:25', '2018-12-30 10:15:25', NULL),
(130, 'Kunden - E-Mail', 'de', '2018-11-26 10:10:33', '2018-11-26 10:10:33', NULL),
(130, 'Customer - Email', 'en', '2018-11-26 10:10:33', '2018-11-26 10:10:33', NULL),
(130, 'Client - E-Mail', 'fr', '2018-12-30 10:16:19', '2018-12-30 10:16:19', NULL),
(131, 'Kunden - Strasse', 'de', '2018-11-26 10:10:33', '2018-12-30 10:16:42', NULL),
(131, 'Customer - Street', 'en', '2018-11-26 10:10:33', '2018-11-26 10:10:33', NULL),
(131, 'Client - Route', 'fr', '2018-12-30 10:16:42', '2018-12-30 10:16:42', NULL),
(132, 'Kunden - Hausnummer', 'de', '2018-11-26 10:10:33', '2018-11-26 10:10:33', NULL),
(132, 'Customer - Street Number', 'en', '2018-11-26 10:10:33', '2018-11-26 10:10:33', NULL),
(132, 'Client - Numéro de rue', 'fr', '2018-12-30 10:17:14', '2018-12-30 10:17:14', NULL),
(133, 'Kunden - PLZ', 'de', '2018-11-26 10:10:33', '2018-11-26 10:10:33', NULL),
(133, 'Customer - Zip', 'en', '2018-11-26 10:10:33', '2018-11-26 10:10:33', NULL),
(133, 'Clients - Code postal', 'fr', '2018-12-30 10:17:38', '2018-12-30 10:17:38', NULL),
(134, 'Kunden - Stadt', 'de', '2018-11-26 10:10:33', '2018-11-26 10:10:33', NULL),
(134, 'Customer - City', 'en', '2018-11-26 10:10:33', '2018-11-26 10:10:33', NULL),
(134, 'Client - Ville\r\n', 'fr', '2018-12-30 10:17:52', '2018-12-30 10:17:52', NULL),
(135, 'Kunden - Land', 'de', '2018-11-26 10:10:33', '2018-11-26 10:10:33', NULL),
(135, 'Customer - Country', 'en', '2018-11-26 10:10:33', '2018-11-26 10:10:33', NULL),
(135, 'Client - Pays', 'fr', '2018-12-30 10:18:03', '2018-12-30 10:18:03', NULL),
(136, 'Telefon', 'de', '2018-11-26 10:10:33', '2018-11-26 10:10:33', NULL),
(136, 'Phone', 'en', '2018-11-26 10:10:33', '2018-11-26 10:10:33', NULL),
(136, 'Téléphone', 'fr', '2018-12-30 10:18:12', '2018-12-30 10:18:12', NULL),
(137, 'Mobil-Telefon', 'de', '2018-11-26 10:10:33', '2018-11-26 10:10:33', NULL),
(137, 'Mobile', 'en', '2018-11-26 10:10:33', '2018-11-26 10:10:33', NULL),
(137, 'Téléphone portable', 'fr', '2018-12-30 10:19:18', '2018-12-30 10:19:18', NULL),
(138, 'Strasse', 'de', '2018-11-26 10:10:33', '2018-12-30 10:19:39', NULL),
(138, 'Street', 'en', '2018-11-26 10:10:33', '2018-11-26 10:10:33', NULL),
(138, 'Route', 'fr', '2018-12-30 10:19:39', '2018-12-30 10:19:39', NULL),
(139, 'Hausnummer', 'de', '2018-11-26 10:10:33', '2018-11-26 10:10:33', NULL),
(139, 'Street Number', 'en', '2018-11-26 10:10:33', '2018-11-26 10:10:33', NULL),
(139, 'Numéro de rue', 'fr', '2018-12-30 10:20:05', '2018-12-30 17:09:12', NULL),
(140, 'PLZ', 'de', '2018-11-26 10:10:33', '2018-11-26 10:10:33', NULL),
(140, 'Zip', 'en', '2018-11-26 10:10:33', '2018-11-26 10:10:33', NULL),
(140, 'Code postale', 'fr', '2018-12-30 10:20:15', '2018-12-30 10:20:15', NULL),
(141, 'Stadt', 'de', '2018-11-26 10:10:33', '2018-11-26 10:10:33', NULL),
(141, 'City', 'en', '2018-11-26 10:10:33', '2018-11-26 10:10:33', NULL),
(141, 'Ville', 'fr', '2018-12-30 10:20:22', '2018-12-30 10:20:22', NULL),
(142, 'Land', 'de', '2018-11-26 10:10:33', '2018-11-26 10:10:33', NULL),
(142, 'Country', 'en', '2018-11-26 10:10:33', '2018-11-26 10:10:33', NULL),
(142, 'Pays', 'fr', '2018-12-30 10:20:29', '2018-12-30 10:20:29', NULL),
(143, 'Adresszeile 1', 'de', '2018-11-26 10:10:33', '2018-11-26 10:10:33', NULL),
(143, 'Address Line 1', 'en', '2018-11-26 10:10:33', '2018-11-26 10:10:33', NULL),
(143, 'Ligne d\'adresse 1', 'fr', '2018-12-30 10:20:52', '2018-12-30 10:20:52', NULL),
(144, 'Adresszeile 2', 'de', '2018-11-26 10:10:33', '2018-11-26 10:10:33', NULL),
(144, 'Address Line 2', 'en', '2018-11-26 10:10:33', '2018-11-26 10:10:33', NULL),
(144, 'Ligne d\'adresse 2', 'fr', '2018-12-30 10:21:00', '2018-12-30 10:21:00', NULL),
(145, 'Firmenname', 'de', '2018-11-26 10:10:33', '2018-11-26 10:10:33', NULL),
(145, 'Company Name', 'en', '2018-11-26 10:10:33', '2018-11-26 10:10:33', NULL),
(145, 'Raison sociale', 'fr', '2018-12-30 10:21:35', '2018-12-30 17:22:15', NULL),
(146, 'Handelsregisternummer', 'de', '2018-11-26 10:10:33', '2018-11-26 10:10:33', NULL),
(146, 'Commercial Register ID', 'en', '2018-11-26 10:10:33', '2018-11-26 10:10:33', NULL),
(146, 'Numéro du registre du commerce', 'fr', '2018-12-30 10:27:50', '2018-12-30 17:22:22', NULL),
(147, 'MWST-ID', 'de', '2018-11-26 10:10:33', '2018-12-30 10:28:54', NULL),
(147, 'Vat Tax ID', 'en', '2018-11-26 10:10:33', '2018-11-26 10:10:33', NULL),
(147, 'Numéro de TVA', 'fr', '2018-12-30 10:28:54', '2018-12-30 10:28:54', NULL),
(148, 'Geschäftsführer', 'de', '2018-11-26 10:10:33', '2018-11-26 10:10:33', NULL),
(148, 'Managing Director', 'en', '2018-11-26 10:10:33', '2018-11-26 10:10:33', NULL),
(148, 'Directeur', 'fr', '2018-12-30 15:17:17', '2018-12-30 15:17:17', NULL),
(149, 'Branche', 'de', '2018-11-26 10:10:33', '2018-11-26 10:10:33', NULL),
(149, 'Business', 'en', '2018-11-26 10:10:33', '2018-11-26 10:10:33', NULL),
(149, 'Branche', 'fr', '2018-12-30 15:17:33', '2018-12-30 15:17:33', NULL),
(150, 'Kontakt Name', 'de', '2018-11-26 10:10:33', '2018-11-26 10:10:33', NULL),
(150, 'Contact Name', 'en', '2018-11-26 10:10:33', '2018-11-26 10:10:33', NULL),
(150, 'Nom du contact', 'fr', '2018-12-30 15:17:44', '2018-12-30 17:23:14', NULL),
(151, 'Kontakt Position', 'de', '2018-11-26 10:10:33', '2018-11-26 10:10:33', NULL),
(151, 'Contact Position', 'en', '2018-11-26 10:10:33', '2018-11-26 10:10:33', NULL),
(151, 'Position du contact', 'fr', '2018-12-30 17:24:01', '2018-12-30 17:24:01', NULL),
(152, 'Rechnungs - Firma', 'de', '2018-11-26 10:10:33', '2018-11-26 10:10:33', NULL),
(152, 'Billing - Company', 'en', '2018-11-26 10:10:33', '2018-11-26 10:10:33', NULL),
(152, 'Facture - Société', 'fr', '2018-12-30 17:46:20', '2018-12-30 17:46:20', NULL),
(153, 'Rechnungs - Land', 'de', '2018-11-26 10:10:33', '2018-11-26 10:10:33', NULL),
(153, 'Billing - Country', 'en', '2018-11-26 10:10:33', '2018-11-26 10:10:33', NULL),
(153, 'Facture - Pays', 'fr', '2018-12-30 17:46:45', '2018-12-30 17:46:45', NULL),
(154, 'Rechnungs - Vorname', 'de', '2018-11-26 10:10:33', '2018-11-26 10:10:33', NULL),
(154, 'Billing - Firstname', 'en', '2018-11-26 10:10:33', '2018-11-26 10:10:33', NULL),
(154, 'Facture - Prénom', 'fr', '2018-12-30 17:47:05', '2018-12-30 17:47:05', NULL),
(155, 'Rechnungs - Nachname', 'de', '2018-11-26 10:10:33', '2018-11-26 10:10:33', NULL),
(155, 'Billing - Lastname', 'en', '2018-11-26 10:10:33', '2018-11-26 10:10:33', NULL),
(155, 'Facture - Nom de famille', 'fr', '2018-12-30 17:47:25', '2018-12-30 17:47:25', NULL),
(156, 'Rechnungs - Adresszeile 1', 'de', '2018-11-26 10:10:33', '2018-11-26 10:10:33', NULL),
(156, 'Billing - Address Line 1', 'en', '2018-11-26 10:10:33', '2018-11-26 10:10:33', NULL),
(156, 'Facture - ligne d\'adresse 1', 'fr', '2018-12-30 17:48:25', '2018-12-30 17:48:25', NULL),
(157, 'Rechnungs - Adresszeile 2', 'de', '2018-11-26 10:10:33', '2018-11-26 10:10:33', NULL),
(157, 'Billing - Address Line 2', 'en', '2018-11-26 10:10:33', '2018-11-26 10:10:33', NULL),
(157, 'Facture - ligne d\'adresse 2', 'fr', '2018-12-30 17:48:35', '2018-12-30 17:48:35', NULL),
(158, 'Rechnungs - Straße', 'de', '2018-11-26 10:10:33', '2018-11-26 10:10:33', NULL),
(158, 'Billing - Street', 'en', '2018-11-26 10:10:33', '2018-11-26 10:10:33', NULL),
(158, 'Facture - Rue', 'fr', '2018-12-30 17:48:48', '2018-12-30 17:48:48', NULL),
(159, 'Rechnungs - Hausnummer', 'de', '2018-11-26 10:10:33', '2018-11-26 10:10:33', NULL),
(159, 'Billing - Street Number', 'en', '2018-11-26 10:10:33', '2018-11-26 10:10:33', NULL),
(159, 'Facture - Numéro de rue', 'fr', '2018-12-30 17:49:22', '2018-12-30 17:49:22', NULL),
(160, 'Rechnungs - PLZ', 'de', '2018-11-26 10:10:33', '2018-11-26 10:10:33', NULL),
(160, 'Billing - Zip', 'en', '2018-11-26 10:10:33', '2018-11-26 10:10:33', NULL),
(160, 'Facture - Code postale', 'fr', '2018-12-30 17:50:19', '2018-12-30 17:50:19', NULL),
(161, 'Rechnungs - Stadt', 'de', '2018-11-26 10:10:33', '2018-11-26 10:10:33', NULL),
(161, 'Billing - City', 'en', '2018-11-26 10:10:33', '2018-11-26 10:10:33', NULL),
(161, 'Facture - ville', 'fr', '2018-12-30 17:50:32', '2018-12-30 17:50:32', NULL),
(162, 'Rechnungs - Land', 'de', '2018-11-26 10:10:33', '2018-11-26 10:10:33', NULL),
(162, 'Billing - Country', 'en', '2018-11-26 10:10:33', '2018-11-26 10:10:33', NULL),
(162, 'Facture - pays', 'fr', '2018-12-30 17:50:48', '2018-12-30 17:50:48', NULL),
(163, 'Alle Zahlungsdienste erlaubt', 'de', '2018-11-26 10:10:33', '2018-11-26 10:10:33', NULL),
(163, 'All payment services allowed', 'en', '2018-11-26 10:10:33', '2018-11-26 10:10:33', NULL),
(163, 'Tous les services de paiement sont autorisés', 'fr', '2018-12-30 17:51:13', '2018-12-30 17:51:13', NULL),
(164, 'Ende der Gültigkeit', 'de', '2018-11-26 10:10:33', '2018-11-26 10:10:33', NULL),
(164, 'End of Validity', 'en', '2018-11-26 10:10:33', '2018-11-26 10:10:33', NULL),
(164, 'Fin de validité', 'fr', '2018-12-30 17:51:37', '2018-12-30 17:51:37', NULL),
(165, 'E-Mail', 'de', '2018-11-26 10:10:33', '2018-11-26 10:10:33', NULL),
(165, 'Email', 'en', '2018-11-26 10:10:33', '2018-11-26 10:10:33', NULL),
(165, 'E-Mail', 'fr', '2018-12-30 18:07:14', '2018-12-30 18:07:14', NULL),
(166, 'E-Mail', 'de', '2018-11-26 10:10:33', '2018-11-26 10:10:33', NULL),
(166, 'Email', 'en', '2018-11-26 10:10:33', '2018-11-26 10:10:33', NULL),
(166, 'E-Mail', 'fr', '2018-12-30 18:07:20', '2019-01-04 10:42:04', NULL),
(167, 'Untertitel', 'de', '2018-11-26 10:10:33', '2018-12-30 18:07:56', NULL),
(167, 'Sub Headline', 'en', '2018-11-26 10:10:33', '2018-11-26 10:10:33', NULL),
(167, 'Sous-titre', 'fr', '2018-12-30 18:07:56', '2018-12-30 18:07:56', NULL),
(168, 'ISO 2 Code', 'de', '2018-11-26 10:10:33', '2018-11-26 10:10:33', NULL);
INSERT INTO `translator_translation` (`id`, `text`, `lang`, `created_at`, `updated_at`, `deleted_at`) VALUES
(168, 'ISO 2 Code', 'en', '2018-11-26 10:10:33', '2018-11-26 10:10:33', NULL),
(168, 'Code ISO 2', 'fr', '2018-12-30 18:08:10', '2018-12-30 18:08:10', NULL),
(169, 'ISO 3 Code', 'de', '2018-11-26 10:10:33', '2018-11-26 10:10:33', NULL),
(169, 'ISO 3 Code', 'en', '2018-11-26 10:10:33', '2018-11-26 10:10:33', NULL),
(169, 'Code ISO 3', 'fr', '2018-12-30 18:13:27', '2018-12-30 18:13:27', NULL),
(170, 'ISO Nummer', 'de', '2018-11-26 10:10:33', '2018-11-26 10:10:33', NULL),
(170, 'ISO Number', 'en', '2018-11-26 10:10:33', '2018-11-26 10:10:33', NULL),
(170, 'Numéro ISO', 'fr', '2018-12-30 18:13:39', '2018-12-30 18:13:39', NULL),
(171, 'Lokal Name', 'de', '2018-11-26 10:10:33', '2018-12-30 18:15:43', NULL),
(171, 'Local Name', 'en', '2018-11-26 10:10:33', '2018-11-26 10:10:33', NULL),
(171, 'Locale Nom', 'fr', '2018-12-30 18:13:51', '2018-12-30 18:15:43', NULL),
(172, 'Absenden', 'de', '2018-11-26 10:10:33', '2018-11-26 10:10:33', NULL),
(172, 'Submit', 'en', '2018-11-26 10:10:33', '2018-11-26 10:10:33', NULL),
(172, 'Soumettre', 'fr', '2018-12-30 18:16:41', '2018-12-30 18:16:41', NULL),
(173, 'Ok', 'de', '2018-11-26 10:10:33', '2018-11-26 10:10:33', NULL),
(173, 'Ok', 'en', '2018-11-26 10:10:33', '2018-11-26 10:10:33', NULL),
(173, 'Ok', 'fr', '2018-12-30 18:16:53', '2018-12-30 18:16:53', NULL),
(174, 'Kurz-Name', 'de', '2018-11-26 10:10:33', '2018-11-26 10:10:33', NULL),
(174, 'Short-Name', 'en', '2018-11-26 10:10:33', '2018-11-26 10:10:33', NULL),
(174, 'Nom court', 'fr', '2018-12-30 18:17:33', '2018-12-30 18:17:33', NULL),
(175, 'WWW', 'de', '2018-11-26 10:10:33', '2018-11-26 10:10:33', NULL),
(175, 'WWW', 'en', '2018-11-26 10:10:33', '2018-11-26 10:10:33', NULL),
(175, 'WWW', 'fr', '2018-12-30 18:17:40', '2018-12-30 18:17:40', NULL),
(176, 'Fax', 'de', '2018-11-26 10:10:33', '2018-11-26 10:10:33', NULL),
(176, 'Fax', 'en', '2018-11-26 10:10:33', '2018-11-26 10:10:33', NULL),
(176, 'Fax', 'fr', '2018-12-30 18:17:50', '2018-12-30 18:17:50', NULL),
(177, 'Ressource', 'de', '2018-11-26 10:10:33', '2018-11-26 10:10:33', NULL),
(177, 'Resource', 'en', '2018-11-26 10:10:33', '2018-11-26 10:10:33', NULL),
(177, 'Ressource', 'fr', '2018-12-30 18:18:15', '2018-12-30 18:18:15', NULL),
(178, 'Zonen-Code', 'de', '2018-11-26 10:10:33', '2018-11-26 10:10:33', NULL),
(178, 'Zone Code', 'en', '2018-11-26 10:10:33', '2018-11-26 10:10:33', NULL),
(178, 'Code zone', 'fr', '2018-12-30 18:18:30', '2018-12-30 18:18:30', NULL),
(179, 'Preis', 'de', '2018-11-26 10:10:33', '2018-11-26 10:10:33', NULL),
(179, 'Price', 'en', '2018-11-26 10:10:33', '2018-11-26 10:10:33', NULL),
(179, 'Prix', 'fr', '2018-12-30 18:18:38', '2018-12-30 18:18:38', NULL),
(180, 'Medium', 'de', '2018-11-26 10:10:33', '2018-11-26 10:10:33', NULL),
(180, 'Media', 'en', '2018-11-26 10:10:33', '2018-11-26 10:10:33', NULL),
(180, 'Média', 'fr', '2018-12-30 18:19:18', '2018-12-30 18:19:18', NULL),
(181, 'Medien-Typ', 'de', '2018-11-26 10:10:33', '2018-11-26 10:10:33', NULL),
(181, 'Media Type', 'en', '2018-11-26 10:10:33', '2018-11-26 10:10:33', NULL),
(181, 'Type - média', 'fr', '2018-12-30 18:19:41', '2018-12-30 18:19:41', NULL),
(182, 'Medien-Verzeichnis', 'de', '2018-11-26 10:10:33', '2018-11-26 10:10:33', NULL),
(182, 'Media Folder', 'en', '2018-11-26 10:10:33', '2018-11-26 10:10:33', NULL),
(182, 'Répertoire des médias', 'fr', '2018-12-30 18:20:09', '2018-12-30 18:23:32', NULL),
(183, 'Gruppe', 'de', '2018-11-26 10:10:33', '2018-11-26 10:10:33', NULL),
(183, 'Role', 'en', '2018-11-26 10:10:33', '2018-11-26 10:10:33', NULL),
(183, 'Groupe', 'fr', '2018-12-30 18:20:17', '2018-12-30 18:20:17', NULL),
(184, 'Auflistung', 'de', '2018-11-26 10:10:33', '2018-11-26 10:10:33', NULL),
(184, 'List', 'en', '2018-11-26 10:10:33', '2018-11-26 10:10:33', NULL),
(184, 'Liste', 'fr', '2018-12-30 18:20:44', '2018-12-30 18:20:44', NULL),
(185, 'Höhe', 'de', '2018-11-26 10:10:33', '2018-11-26 10:10:33', NULL),
(185, 'Height', 'en', '2018-11-26 10:10:33', '2018-11-26 10:10:33', NULL),
(185, 'Hauteur', 'fr', '2018-12-30 18:20:55', '2018-12-30 18:20:55', NULL),
(186, 'Breite', 'de', '2018-11-26 10:10:33', '2018-11-26 10:10:33', NULL),
(186, 'Width', 'en', '2018-11-26 10:10:33', '2018-11-26 10:10:33', NULL),
(186, 'Largeur', 'fr', '2018-12-30 18:21:04', '2018-12-30 18:21:04', NULL),
(187, 'Zuschneiden', 'de', '2018-11-26 10:10:33', '2018-11-26 10:10:33', NULL),
(187, 'Crop', 'en', '2018-11-26 10:10:33', '2018-11-26 10:10:33', NULL),
(187, 'Coupage', 'fr', '2018-12-30 18:21:32', '2018-12-30 18:21:32', NULL),
(188, 'Medium Entfernen', 'de', '2018-11-26 10:10:33', '2018-11-26 10:10:33', NULL),
(188, 'Delete Media', 'en', '2018-11-26 10:10:33', '2018-11-26 10:10:33', NULL),
(188, 'Enlever le média', 'fr', '2018-12-30 18:22:04', '2018-12-30 18:24:01', NULL),
(189, 'Medium Auswählen', 'de', '2018-11-26 10:10:33', '2018-11-26 10:10:33', NULL),
(189, 'Select Media', 'en', '2018-11-26 10:10:33', '2018-11-26 10:10:33', NULL),
(189, 'Choisir média', 'fr', '2018-12-30 18:22:27', '2018-12-30 18:22:27', NULL),
(190, 'Kein Medium ausgewählt.', 'de', '2018-11-26 10:10:33', '2018-11-26 10:10:33', NULL),
(190, 'No media selected.', 'en', '2018-11-26 10:10:33', '2018-11-26 10:10:33', NULL),
(190, 'Aucun média sélectionné.', 'fr', '2018-12-30 18:22:56', '2018-12-30 18:22:56', NULL),
(191, 'Wählen Sie eine Datei aus, die Sie hochladen möchten.', 'de', '2018-11-26 10:10:33', '2018-11-26 10:10:33', NULL),
(191, 'Select a file you would like to upload.', 'en', '2018-11-26 10:10:33', '2018-11-26 10:10:33', NULL),
(191, 'Sélectionnez le fichier que vous voulez télécharger.', 'fr', '2018-12-31 15:02:10', '2018-12-31 15:02:10', NULL),
(192, 'Medium hochladen', 'de', '2018-11-26 10:10:33', '2018-12-31 15:03:07', NULL),
(192, 'Upload Media', 'en', '2018-11-26 10:10:33', '2018-11-26 10:10:33', NULL),
(192, 'Télécharger média', 'fr', '2018-12-31 15:03:07', '2018-12-31 15:03:07', NULL),
(193, 'Medium Hochladen', 'de', '2018-11-26 10:10:33', '2018-11-26 10:10:33', NULL),
(193, 'Upload Media', 'en', '2018-11-26 10:10:33', '2018-11-26 10:10:33', NULL),
(193, 'Télécharger média', 'fr', '2018-12-31 15:03:18', '2018-12-31 15:03:18', NULL),
(194, 'Medien Hochladen', 'de', '2018-11-26 10:10:33', '2018-11-26 10:10:33', NULL),
(194, 'Upload Medias', 'en', '2018-11-26 10:10:33', '2018-11-26 10:10:33', NULL),
(194, 'Télécharger médias', 'fr', '2018-12-31 15:03:22', '2018-12-31 15:04:03', NULL),
(195, 'Auswählen', 'de', '2018-11-26 10:10:33', '2018-11-26 10:10:33', NULL),
(195, 'Select', 'en', '2018-11-26 10:10:33', '2018-11-26 10:10:33', NULL),
(195, 'Choisir', 'fr', '2018-12-31 15:04:16', '2018-12-31 15:04:16', NULL),
(196, 'Dateien auswählen', 'de', '2018-11-26 10:10:33', '2018-12-31 15:04:35', NULL),
(196, 'Select Files', 'en', '2018-11-26 10:10:33', '2018-11-26 10:10:33', NULL),
(196, 'Choisir fichiers', 'fr', '2018-12-31 15:04:35', '2018-12-31 15:04:35', NULL),
(197, 'X-Koordinate', 'de', '2018-11-26 10:10:33', '2018-11-26 10:10:33', NULL),
(197, 'X-Coordinate', 'en', '2018-11-26 10:10:33', '2018-11-26 10:10:33', NULL),
(197, 'Coordonnée X', 'fr', '2018-12-31 15:05:10', '2018-12-31 15:05:10', NULL),
(198, 'Y-Koordinate', 'de', '2018-11-26 10:10:33', '2018-11-26 10:10:33', NULL),
(198, 'Y-Coordinate', 'en', '2018-11-26 10:10:33', '2018-11-26 10:10:33', NULL),
(198, 'Coordonnée Y', 'fr', '2018-12-31 15:05:22', '2018-12-31 15:05:22', NULL),
(199, 'Aktion', 'de', '2018-11-26 10:10:33', '2018-11-26 10:10:33', NULL),
(199, 'Action', 'en', '2018-11-26 10:10:33', '2018-11-26 10:10:33', NULL),
(199, 'Action', 'fr', '2018-12-31 15:05:32', '2018-12-31 15:05:32', NULL),
(200, 'Controller', 'de', '2018-11-26 10:10:33', '2018-11-26 10:10:33', NULL),
(200, 'Controller', 'en', '2018-11-26 10:10:33', '2018-11-26 10:10:33', NULL),
(200, 'Contrôleur', 'fr', '2018-12-31 15:06:16', '2018-12-31 15:06:16', NULL),
(201, 'Titel', 'de', '2018-11-26 10:10:33', '2018-11-26 10:10:33', NULL),
(201, 'Title', 'en', '2018-11-26 10:10:33', '2018-11-26 10:10:33', NULL),
(201, 'Titre', 'fr', '2018-12-31 15:10:01', '2018-12-31 15:10:01', NULL),
(202, 'Schlüsselwörter', 'de', '2018-11-26 10:10:33', '2018-11-26 10:10:33', NULL),
(202, 'Keywords', 'en', '2018-11-26 10:10:33', '2018-11-26 10:10:33', NULL),
(202, 'Mots clés', 'fr', '2018-12-31 15:10:31', '2018-12-31 15:10:31', NULL),
(203, 'Beschreibung', 'de', '2018-11-26 10:10:33', '2018-11-26 10:10:33', NULL),
(203, 'Description', 'en', '2018-11-26 10:10:33', '2018-11-26 10:10:33', NULL),
(203, 'Description', 'fr', '2018-12-31 15:11:15', '2018-12-31 15:11:15', NULL),
(204, 'Dateiname', 'de', '2018-11-26 10:10:33', '2018-11-26 10:10:33', NULL),
(204, 'Filename', 'en', '2018-11-26 10:10:33', '2018-11-26 10:10:33', NULL),
(204, 'Nom de fichier', 'fr', '2018-12-31 15:12:04', '2018-12-31 15:14:12', NULL),
(205, 'Dateigrösse', 'de', '2018-11-26 10:10:33', '2018-12-31 15:12:36', NULL),
(205, 'Filesize', 'en', '2018-11-26 10:10:33', '2018-11-26 10:10:33', NULL),
(205, 'Taille du fichier', 'fr', '2018-12-31 15:12:36', '2018-12-31 15:12:36', NULL),
(206, 'Dateigröße', 'de', '2018-11-26 10:10:33', '2018-11-26 10:10:33', NULL),
(206, 'Filesize', 'en', '2018-11-26 10:10:33', '2018-11-26 10:10:33', NULL),
(206, 'Taille du fichier', 'fr', '2018-12-31 15:14:40', '2018-12-31 15:14:40', NULL),
(207, 'Text', 'de', '2018-11-26 10:10:33', '2018-11-26 10:10:33', NULL),
(207, 'Text', 'en', '2018-11-26 10:10:33', '2018-11-26 10:10:33', NULL),
(207, 'Texte', 'fr', '2018-12-31 15:15:28', '2018-12-31 15:15:28', NULL),
(208, 'Unübersetzt', 'de', '2018-11-26 10:10:33', '2018-11-26 10:10:33', NULL),
(208, 'Untranslated', 'en', '2018-11-26 10:10:33', '2018-11-26 10:10:33', NULL),
(208, 'Non traduit', 'fr', '2018-12-31 15:15:54', '2018-12-31 15:15:54', NULL),
(209, 'Kommentar', 'de', '2018-11-26 10:10:33', '2018-11-26 10:10:33', NULL),
(209, 'Comment', 'en', '2018-11-26 10:10:33', '2018-11-26 10:10:33', NULL),
(209, 'Commentaire', 'fr', '2018-12-31 15:16:05', '2018-12-31 15:16:05', NULL),
(210, 'MIME-Type', 'de', '2018-11-26 10:10:33', '2019-01-13 17:18:43', NULL),
(210, 'MIME-Type', 'en', '2018-11-26 10:10:33', '2018-11-26 10:10:33', NULL),
(210, 'MIME-Type', 'fr', '2018-12-31 15:16:30', '2019-01-13 17:18:43', NULL),
(211, 'Produkt', 'de', '2018-11-26 10:10:33', '2018-11-26 10:10:33', NULL),
(211, 'Product', 'en', '2018-11-26 10:10:33', '2018-11-26 10:10:33', NULL),
(211, 'Produit', 'fr', '2018-12-31 15:16:47', '2018-12-31 15:16:47', NULL),
(212, 'Produkteinheit', 'de', '2018-11-26 10:10:33', '2018-11-26 10:10:33', NULL),
(212, 'Product Unit', 'en', '2018-11-26 10:10:33', '2018-11-26 10:10:33', NULL),
(212, 'Unité de produit', 'fr', '2018-12-31 15:17:11', '2018-12-31 15:17:11', NULL),
(213, 'Steuern', 'de', '2018-11-26 10:10:33', '2018-11-26 10:10:33', NULL),
(213, 'Taxes', 'en', '2018-11-26 10:10:33', '2018-11-26 10:10:33', NULL),
(213, 'Taxes', 'fr', '2018-12-31 15:17:23', '2018-12-31 15:17:23', NULL),
(214, 'Shop Gutschein', 'de', '2018-11-26 10:10:33', '2018-11-26 10:10:33', NULL),
(214, 'Shop Coupon', 'en', '2018-11-26 10:10:33', '2018-11-26 10:10:33', NULL),
(214, 'Bon d\'achat', 'fr', '2018-12-31 15:17:48', '2018-12-31 15:17:48', NULL),
(215, 'Shop Produkte', 'de', '2018-11-26 10:10:33', '2018-11-26 10:10:33', NULL),
(215, 'Shop Products', 'en', '2018-11-26 10:10:33', '2018-11-26 10:10:33', NULL),
(215, 'Boutique produits', 'fr', '2018-12-31 15:19:07', '2018-12-31 15:19:07', NULL),
(216, 'Shop Produktgruppen', 'de', '2018-11-26 10:10:33', '2018-11-26 10:10:33', NULL),
(216, 'Shop Productgroups', 'en', '2018-11-26 10:10:33', '2018-11-26 10:10:33', NULL),
(216, 'Groupes de produits de la boutique', 'fr', '2018-12-31 15:19:38', '2018-12-31 15:19:38', NULL),
(217, 'Shop Steuern', 'de', '2018-11-26 10:10:34', '2018-11-26 10:10:34', NULL),
(217, 'Shop Taxes', 'en', '2018-11-26 10:10:34', '2018-11-26 10:10:34', NULL),
(217, 'Taxe de vente', 'fr', '2018-12-31 15:30:48', '2018-12-31 15:30:48', NULL),
(218, 'Shop Produkt-Optionen', 'de', '2018-11-26 10:10:34', '2018-11-26 10:10:34', NULL),
(218, 'Shop Product-Options', 'en', '2018-11-26 10:10:34', '2018-11-26 10:10:34', NULL),
(218, 'Options des produits de la boutique', 'fr', '2018-12-31 15:31:18', '2018-12-31 15:31:18', NULL),
(219, 'Shop Produkt-Options-Items', 'de', '2018-11-26 10:10:34', '2018-12-31 15:34:00', NULL),
(219, 'Shop Product-Option Items', 'en', '2018-11-26 10:10:34', '2018-11-26 10:10:34', NULL),
(219, 'Options des produits de la boutique', 'fr', '2018-12-31 15:34:00', '2018-12-31 15:34:00', NULL),
(220, 'Shop Versandkosten', 'de', '2018-11-26 10:10:34', '2018-11-26 10:10:34', NULL),
(220, 'Shop Shipping Cost', 'en', '2018-11-26 10:10:34', '2018-11-26 10:10:34', NULL),
(220, 'Boutique expédition', 'fr', '2018-12-31 15:34:36', '2018-12-31 15:34:36', NULL),
(221, 'Shop zeitbegrenztes Angebot', 'de', '2018-11-26 10:10:34', '2018-12-31 15:36:21', NULL),
(221, 'Shop Temporary Offer', 'en', '2018-11-26 10:10:34', '2018-11-26 10:10:34', NULL),
(221, 'Boutique Offre à durée limitée', 'fr', '2018-12-31 15:36:21', '2018-12-31 15:40:27', NULL),
(222, 'Shop Produkteinheit', 'de', '2018-11-26 10:10:34', '2018-11-26 10:10:34', NULL),
(222, 'Shop Product Unit', 'en', '2018-11-26 10:10:34', '2018-11-26 10:10:34', NULL),
(222, 'Boutique Unité de produit', 'fr', '2018-12-31 15:36:47', '2018-12-31 15:36:47', NULL),
(223, 'Gutschein', 'de', '2018-11-26 10:10:34', '2018-11-26 10:10:34', NULL),
(223, 'Coupon', 'en', '2018-11-26 10:10:34', '2018-11-26 10:10:34', NULL),
(223, 'Coupon', 'fr', '2018-12-31 15:36:49', '2018-12-31 15:41:05', NULL),
(224, 'Zeitbegrenztes Angebot', 'de', '2018-11-26 10:10:34', '2018-11-26 10:10:34', NULL),
(224, 'Temporary Offer', 'en', '2018-11-26 10:10:34', '2018-11-26 10:10:34', NULL),
(224, 'Offre à durée limitée', 'fr', '2018-12-31 15:41:30', '2018-12-31 15:41:30', NULL),
(225, 'Produkteinheit', 'de', '2018-11-26 10:10:34', '2018-11-26 10:10:34', NULL),
(225, 'Product Unit', 'en', '2018-11-26 10:10:34', '2018-11-26 10:10:34', NULL),
(225, 'Unité de produit', 'fr', '2018-12-31 15:42:00', '2018-12-31 15:42:00', NULL),
(226, 'Versandkosten', 'de', '2018-11-26 10:10:34', '2018-11-26 10:10:34', NULL),
(226, 'Shipping Cost', 'en', '2018-11-26 10:10:34', '2018-11-26 10:10:34', NULL),
(226, 'frais de livraison', 'fr', '2018-12-31 16:02:22', '2018-12-31 16:02:22', NULL),
(227, 'Produkte', 'de', '2018-11-26 10:10:34', '2018-11-26 10:10:34', NULL),
(227, 'Products', 'en', '2018-11-26 10:10:34', '2018-11-26 10:10:34', NULL),
(227, 'Produits', 'fr', '2018-12-31 16:02:37', '2018-12-31 16:02:37', NULL),
(228, 'Produktgruppe', 'de', '2018-11-26 10:10:34', '2018-11-26 10:10:34', NULL),
(228, 'Productgroup', 'en', '2018-11-26 10:10:34', '2018-11-26 10:10:34', NULL),
(228, 'Groupe de produits', 'fr', '2018-12-31 16:03:15', '2018-12-31 16:03:15', NULL),
(229, 'Produktgruppe', 'de', '2018-11-26 10:10:34', '2018-11-26 10:10:34', NULL),
(229, 'Productgroup', 'en', '2018-11-26 10:10:34', '2018-11-26 10:10:34', NULL),
(229, 'Groupe de produits', 'fr', '2018-12-31 16:03:48', '2018-12-31 16:03:48', NULL),
(230, 'Produkt-Optionen', 'de', '2018-11-26 10:10:34', '2018-11-26 10:10:34', NULL),
(230, 'Product-Options', 'en', '2018-11-26 10:10:34', '2018-11-26 10:10:34', NULL),
(230, 'Options des produits', 'fr', '2018-12-31 16:04:14', '2018-12-31 16:07:10', NULL),
(231, 'Produkt-Optionen Items', 'de', '2018-11-26 10:10:34', '2018-12-31 16:05:24', NULL),
(231, 'Product-Option Items', 'en', '2018-11-26 10:10:34', '2018-11-26 10:10:34', NULL),
(231, 'Options des produits', 'fr', '2018-12-31 16:05:24', '2018-12-31 16:07:23', NULL),
(232, 'Produktgruppen', 'de', '2018-11-26 10:10:34', '2018-11-26 10:10:34', NULL),
(232, 'Productgroups', 'en', '2018-11-26 10:10:34', '2018-11-26 10:10:34', NULL),
(232, 'Groupe de produits', 'fr', '2018-12-31 16:07:37', '2018-12-31 16:07:37', NULL),
(233, 'Rückerstattung', 'de', '2018-11-26 10:10:34', '2018-12-31 16:08:44', NULL),
(233, 'Refund', 'en', '2018-11-26 10:10:34', '2018-11-26 10:10:34', NULL),
(233, 'Remboursement', 'fr', '2018-12-31 16:08:44', '2018-12-31 16:08:44', NULL),
(234, 'exkl. %1s %2s Rückerstattung', 'de', '2018-11-26 10:10:34', '2018-12-31 16:09:58', NULL),
(234, 'excl. %1s %2s Refund', 'en', '2018-11-26 10:10:34', '2018-11-26 10:10:34', NULL),
(234, 'excl. %1s %2s remboursement', 'fr', '2018-12-31 16:09:58', '2018-12-31 16:09:58', NULL),
(235, 'Hersteller', 'de', '2018-11-26 10:10:34', '2018-11-26 10:10:34', NULL),
(235, 'Producer', 'en', '2018-11-26 10:10:34', '2018-11-26 10:10:34', NULL),
(235, 'Producteur', 'fr', '2018-12-31 16:10:18', '2018-12-31 16:10:18', NULL),
(236, 'Konfigurieren Sie Ihren Shop', 'de', '2018-11-26 10:10:34', '2018-11-26 10:10:34', NULL),
(236, 'Configurate your Shop', 'en', '2018-11-26 10:10:34', '2018-11-26 10:10:34', NULL),
(236, 'Configurez votre boutique', 'fr', '2018-12-31 16:10:44', '2018-12-31 16:10:44', NULL),
(237, 'Titel', 'de', '2018-11-26 10:10:34', '2018-11-26 10:10:34', NULL),
(237, 'Title', 'en', '2018-11-26 10:10:34', '2018-11-26 10:10:34', NULL),
(237, 'Titre', 'fr', '2018-12-31 16:10:55', '2018-12-31 16:10:55', NULL),
(238, 'Untertitel', 'de', '2018-11-26 10:10:34', '2018-11-26 10:10:34', NULL),
(238, 'Subtitle', 'en', '2018-11-26 10:10:34', '2018-11-26 10:10:34', NULL),
(238, 'Sous-titre', 'fr', '2018-12-31 16:11:22', '2018-12-31 16:11:22', NULL),
(239, 'Untertitel', 'de', '2018-11-26 10:10:34', '2018-11-26 10:10:34', NULL),
(239, 'Subtitle', 'en', '2018-11-26 10:10:34', '2018-11-26 10:10:34', NULL),
(239, 'Sous-titre', 'fr', '2018-12-31 16:11:33', '2018-12-31 16:11:33', NULL),
(240, 'Produkt-Nummer', 'de', '2018-11-26 10:10:34', '2018-11-26 10:10:34', NULL),
(240, 'Product Number', 'en', '2018-11-26 10:10:34', '2018-11-26 10:10:34', NULL),
(240, 'Numéro de produit', 'fr', '2018-12-31 16:11:45', '2018-12-31 16:11:45', NULL),
(241, 'Angebot', 'de', '2018-11-26 10:10:34', '2018-11-26 10:10:34', NULL),
(241, 'Offer', 'en', '2018-11-26 10:10:34', '2018-11-26 10:10:34', NULL),
(241, 'Offre', 'fr', '2018-12-31 16:11:52', '2018-12-31 16:11:52', NULL),
(242, 'Versandkosten-Faktor', 'de', '2018-11-26 10:10:34', '2018-11-26 10:10:34', NULL),
(242, 'Shipping Cost Factor', 'en', '2018-11-26 10:10:34', '2018-11-26 10:10:34', NULL),
(242, 'facteur de livraison', 'fr', '2018-12-31 16:12:15', '2018-12-31 16:12:15', NULL),
(243, 'Meta Schlüsselwörter', 'de', '2018-11-26 10:10:34', '2018-12-31 16:13:28', NULL),
(243, 'Meta Keywords', 'en', '2018-11-26 10:10:34', '2018-11-26 10:10:34', NULL),
(243, 'Meta Mots-clé', 'fr', '2018-12-31 16:13:28', '2018-12-31 16:13:28', NULL),
(244, 'Meta Title', 'de', '2018-11-26 10:10:34', '2018-11-26 10:10:34', NULL),
(244, 'Meta Title', 'en', '2018-11-26 10:10:34', '2018-11-26 10:10:34', NULL),
(244, 'Meta Titre', 'fr', '2018-12-31 16:13:41', '2018-12-31 16:13:41', NULL),
(245, 'Meta Beschreibung', 'de', '2018-11-26 10:10:34', '2018-12-31 16:14:01', NULL),
(245, 'Meta Description', 'en', '2018-11-26 10:10:34', '2018-11-26 10:10:34', NULL),
(245, 'Meta Description', 'fr', '2018-12-31 16:14:01', '2018-12-31 16:14:01', NULL),
(246, 'Ausverkauft', 'de', '2018-11-26 10:10:34', '2018-11-26 10:10:34', NULL),
(246, 'Sold', 'en', '2018-11-26 10:10:34', '2018-11-26 10:10:34', NULL),
(246, 'Indisponible', 'fr', '2018-12-31 16:15:00', '2018-12-31 16:15:00', NULL),
(247, 'Ausverkauft', 'de', '2018-11-26 10:10:34', '2018-11-26 10:10:34', NULL),
(247, 'Sold Out', 'en', '2018-11-26 10:10:34', '2018-11-26 10:10:34', NULL),
(247, 'Indisponible', 'fr', '2018-12-31 16:15:12', '2018-12-31 16:15:12', NULL),
(248, 'Versteckt', 'de', '2018-11-26 10:10:34', '2018-11-26 10:10:34', NULL),
(248, 'Hidden', 'en', '2018-11-26 10:10:34', '2018-11-26 10:10:34', NULL),
(248, 'Caché', 'fr', '2018-12-31 16:15:49', '2018-12-31 16:15:49', NULL),
(249, 'Tipp', 'de', '2018-11-26 10:10:34', '2018-11-26 10:10:34', NULL),
(249, 'Tip', 'en', '2018-11-26 10:10:34', '2018-11-26 10:10:34', NULL),
(249, 'Conseil', 'fr', '2018-12-31 16:16:13', '2018-12-31 16:16:13', NULL),
(250, 'Tipp', 'de', '2018-11-26 10:10:34', '2018-11-26 10:10:34', NULL),
(250, 'Tip', 'en', '2018-11-26 10:10:34', '2018-11-26 10:10:34', NULL),
(250, 'Conseil', 'fr', '2018-12-31 16:16:21', '2018-12-31 16:16:21', NULL),
(251, 'Neu', 'de', '2018-11-26 10:10:34', '2018-11-26 10:10:34', NULL),
(251, 'New', 'en', '2018-11-26 10:10:34', '2018-11-26 10:10:34', NULL),
(251, 'Nouveau', 'fr', '2018-12-31 16:16:27', '2018-12-31 16:16:27', NULL),
(252, 'Neu', 'de', '2018-11-26 10:10:34', '2018-11-26 10:10:34', NULL),
(252, 'New', 'en', '2018-11-26 10:10:34', '2018-11-26 10:10:34', NULL),
(252, 'Nouveau', 'fr', '2018-12-31 16:16:35', '2018-12-31 16:16:35', NULL),
(253, 'neu', 'de', '2018-11-26 10:10:34', '2018-11-26 10:10:34', NULL),
(253, 'new', 'en', '2018-11-26 10:10:34', '2018-11-26 10:10:34', NULL),
(253, 'nouveau', 'fr', '2018-12-31 16:16:42', '2018-12-31 16:16:42', NULL),
(254, 'Top Produkt', 'de', '2018-11-26 10:10:34', '2018-11-26 10:10:34', NULL),
(254, 'Top Product', 'en', '2018-11-26 10:10:34', '2018-11-26 10:10:34', NULL),
(254, 'Top produit', 'fr', '2018-12-31 16:17:12', '2018-12-31 16:17:12', NULL),
(255, 'Menü-Name', 'de', '2018-11-26 10:10:34', '2018-11-26 10:10:34', NULL),
(255, 'Menu Name', 'en', '2018-11-26 10:10:34', '2018-11-26 10:10:34', NULL),
(255, 'Nom de menu', 'fr', '2018-12-31 16:26:58', '2018-12-31 16:26:58', NULL),
(256, 'Menü-Short', 'de', '2018-11-26 10:10:34', '2018-11-26 10:10:34', NULL),
(256, 'Menu Short', 'en', '2018-11-26 10:10:34', '2018-11-26 10:10:34', NULL),
(256, 'Menu court', 'fr', '2018-12-31 16:27:32', '2018-12-31 16:27:32', NULL),
(257, 'Im Shop zeigen', 'de', '2018-11-26 10:10:34', '2018-12-31 16:27:58', NULL),
(257, 'Show In Shop', 'en', '2018-11-26 10:10:34', '2018-11-26 10:10:34', NULL),
(257, 'Afficher dans la boutique', 'fr', '2018-12-31 16:27:58', '2018-12-31 16:27:58', NULL),
(258, 'Von - Datum', 'de', '2018-11-26 10:10:34', '2018-12-31 16:43:48', NULL),
(258, 'From Date', 'en', '2018-11-26 10:10:34', '2018-11-26 10:10:34', NULL),
(258, 'du date', 'fr', '2018-12-31 16:28:40', '2018-12-31 16:28:40', NULL),
(259, 'Bis Datum', 'de', '2018-11-26 10:10:34', '2018-11-26 10:10:34', NULL),
(259, 'Till Date', 'en', '2018-11-26 10:10:34', '2018-11-26 10:10:34', NULL),
(259, 'jusqu\'au date', 'fr', '2018-12-31 16:29:41', '2018-12-31 16:44:01', NULL),
(260, 'Kosten', 'de', '2018-11-26 10:10:34', '2018-11-26 10:10:34', NULL),
(260, 'Cost', 'en', '2018-11-26 10:10:34', '2018-11-26 10:10:34', NULL),
(260, 'Frais', 'fr', '2018-12-31 16:29:45', '2018-12-31 16:44:16', NULL),
(261, 'Faktor', 'de', '2018-11-26 10:10:34', '2018-11-26 10:10:34', NULL),
(261, 'Factor', 'en', '2018-11-26 10:10:34', '2018-11-26 10:10:34', NULL),
(261, 'Facteur', 'fr', '2018-12-31 16:44:24', '2018-12-31 16:44:24', NULL),
(262, 'Vom Faktor', 'de', '2018-11-26 10:10:34', '2018-11-26 10:10:34', NULL),
(262, 'From Factor', 'en', '2018-11-26 10:10:34', '2018-11-26 10:10:34', NULL),
(262, 'Du facteur', 'fr', '2018-12-31 16:44:38', '2018-12-31 16:44:38', NULL),
(263, 'Bis zum Faktor', 'de', '2018-11-26 10:10:34', '2018-11-26 10:10:34', NULL),
(263, 'Till Factor', 'en', '2018-11-26 10:10:34', '2018-11-26 10:10:34', NULL),
(263, 'Jusqu\'au facteur', 'fr', '2018-12-31 16:44:52', '2018-12-31 16:44:52', NULL),
(264, 'Gleich dem Faktor', 'de', '2018-11-26 10:10:34', '2018-11-26 10:10:34', NULL),
(264, 'Equal Factor', 'en', '2018-11-26 10:10:34', '2018-11-26 10:10:34', NULL),
(264, 'Égale au facteur', 'fr', '2018-12-31 16:45:30', '2018-12-31 16:45:30', NULL),
(265, 'Ihr Name', 'de', '2018-11-26 10:10:34', '2018-11-26 10:10:34', NULL),
(265, 'Your name', 'en', '2018-11-26 10:10:34', '2018-11-26 10:10:34', NULL),
(265, 'Votre nom', 'fr', '2018-12-31 16:49:10', '2018-12-31 16:49:10', NULL),
(266, 'Ihre Emailadresse', 'de', '2018-11-26 10:10:34', '2018-11-26 10:10:34', NULL),
(266, 'Your emailaddress', 'en', '2018-11-26 10:10:34', '2018-11-26 10:10:34', NULL),
(266, 'Votre adresse email', 'fr', '2018-12-31 16:49:52', '2018-12-31 16:49:52', NULL),
(267, 'Ihr Feedback', 'de', '2018-11-26 10:10:34', '2018-11-26 10:10:34', NULL),
(267, 'Your feedback', 'en', '2018-11-26 10:10:34', '2018-11-26 10:10:34', NULL),
(267, 'Vos commentaires', 'fr', '2018-12-31 16:50:18', '2018-12-31 16:50:18', NULL),
(268, 'Senden', 'de', '2018-11-26 10:10:34', '2018-11-26 10:10:34', NULL),
(268, 'Send', 'en', '2018-11-26 10:10:34', '2018-11-26 10:10:34', NULL),
(268, 'Envoyer', 'fr', '2018-12-31 16:50:38', '2018-12-31 16:50:38', NULL),
(269, 'Ihre Nachricht', 'de', '2018-11-26 10:10:34', '2018-11-26 10:10:34', NULL),
(269, 'Your message', 'en', '2018-11-26 10:10:34', '2018-11-26 10:10:34', NULL),
(269, 'Votre message', 'fr', '2018-12-31 16:51:04', '2018-12-31 16:51:04', NULL),
(270, 'Senden', 'de', '2018-11-26 10:10:34', '2018-12-31 16:51:32', NULL),
(270, 'Send', 'en', '2018-11-26 10:10:34', '2018-11-26 10:10:34', NULL),
(270, 'Envoyer', 'fr', '2018-12-31 16:51:32', '2018-12-31 16:51:32', NULL),
(271, 'Newsletter abonnieren', 'de', '2018-11-26 10:10:34', '2018-12-31 16:52:22', NULL),
(271, 'Subscribe to newsletter', 'en', '2018-11-26 10:10:34', '2018-11-26 10:10:34', NULL),
(271, 'S\'abonner à la newsletter', 'fr', '2018-12-31 16:52:22', '2018-12-31 16:52:22', NULL),
(272, 'in den Warenkorb legen', 'de', '2018-11-26 10:10:34', '2018-12-31 16:54:25', NULL),
(272, 'add to cart', 'en', '2018-11-26 10:10:34', '2018-11-26 10:10:34', NULL),
(272, 'ajouter au panier d\'achat', 'fr', '2018-12-31 16:54:25', '2018-12-31 16:54:25', NULL),
(273, 'Welche Bezahlmethode wünschen Sie?', 'de', '2018-11-26 10:10:34', '2018-11-26 10:10:34', NULL),
(273, 'Which payment method to you prefer?', 'en', '2018-11-26 10:10:34', '2018-11-26 10:10:34', NULL),
(273, 'Quel mode de paiement souhaitez-vous ?', 'fr', '2018-12-31 16:54:53', '2018-12-31 16:54:53', NULL),
(274, 'Weiter zur Bezahlung', 'de', '2018-11-26 10:10:34', '2018-12-31 16:56:07', NULL),
(274, 'Continue to payment', 'en', '2018-11-26 10:10:34', '2018-11-26 10:10:34', NULL),
(274, 'Continuer le paiement', 'fr', '2018-12-31 16:56:07', '2018-12-31 16:56:07', NULL),
(275, 'Jetzt bezahlen', 'de', '2018-11-26 10:10:34', '2018-11-26 10:10:34', NULL),
(275, 'Pay now', 'en', '2018-11-26 10:10:34', '2018-11-26 10:10:34', NULL),
(275, 'Payez maintenant', 'fr', '2018-12-31 16:56:35', '2018-12-31 16:56:35', NULL),
(276, 'Jetzt bezahlen mit PayPal', 'de', '2018-11-26 10:10:34', '2018-11-26 10:10:34', NULL),
(276, 'Pay now with PayPal', 'en', '2018-11-26 10:10:34', '2018-11-26 10:10:34', NULL),
(276, 'Payez maintenant avec PayPal', 'fr', '2018-12-31 16:57:21', '2018-12-31 16:57:21', NULL),
(277, 'Bitte wählen Sie', 'de', '2018-11-26 10:10:34', '2018-11-26 10:10:34', NULL),
(277, 'Please select', 'en', '2018-11-26 10:10:34', '2018-11-26 10:10:34', NULL),
(277, 'Veuillez sélectionner', 'fr', '2018-12-31 16:57:43', '2018-12-31 16:57:43', NULL),
(278, 'Rechnungsadresse', 'de', '2018-11-26 10:10:34', '2018-11-26 10:10:34', NULL),
(278, 'Bill address', 'en', '2018-11-26 10:10:34', '2018-11-26 10:10:34', NULL),
(278, 'Adresse de facturation', 'fr', '2018-12-31 17:05:27', '2018-12-31 17:06:55', NULL),
(279, 'Vorname', 'de', '2018-11-26 10:10:34', '2018-11-26 10:10:34', NULL),
(279, 'First name', 'en', '2018-11-26 10:10:34', '2018-11-26 10:10:34', NULL),
(279, 'Prénom', 'fr', '2018-12-31 17:05:30', '2018-12-31 17:07:03', NULL),
(280, 'Nachname', 'de', '2018-11-26 10:10:34', '2018-11-26 10:10:34', NULL),
(280, 'Last name', 'en', '2018-11-26 10:10:34', '2018-11-26 10:10:34', NULL),
(280, 'Nom de famille', 'fr', '2018-12-31 17:07:13', '2018-12-31 17:07:13', NULL),
(281, 'Straße', 'de', '2018-11-26 10:10:34', '2018-11-26 10:10:34', NULL),
(281, 'Street', 'en', '2018-11-26 10:10:34', '2018-11-26 10:10:34', NULL),
(281, 'Rue', 'fr', '2018-12-31 17:07:20', '2018-12-31 17:07:20', NULL),
(282, 'Hausnummer', 'de', '2018-11-26 10:10:34', '2018-11-26 10:10:34', NULL),
(282, 'Street number', 'en', '2018-11-26 10:10:34', '2018-11-26 10:10:34', NULL),
(282, 'Numéro de rue', 'fr', '2018-12-31 17:07:45', '2018-12-31 17:07:45', NULL),
(283, 'Adresszusatz 1', 'de', '2018-11-26 10:10:34', '2018-11-26 10:10:34', NULL),
(283, 'Additional address 1', 'en', '2018-11-26 10:10:34', '2018-11-26 10:10:34', NULL),
(283, 'Complément d\'adresse 1', 'fr', '2018-12-31 17:08:09', '2018-12-31 17:08:09', NULL),
(284, 'Adresszusatz 2', 'de', '2018-11-26 10:10:34', '2018-11-26 10:10:34', NULL),
(284, 'Additional address 2', 'en', '2018-11-26 10:10:34', '2018-11-26 10:10:34', NULL),
(284, 'Complément d\'adresse 2', 'fr', '2018-12-31 17:08:17', '2018-12-31 17:08:17', NULL),
(285, 'PLZ', 'de', '2018-11-26 10:10:34', '2018-11-26 10:10:34', NULL),
(285, 'Zip', 'en', '2018-11-26 10:10:34', '2018-11-26 10:10:34', NULL),
(285, 'Code postale', 'fr', '2018-12-31 17:08:30', '2018-12-31 17:08:30', NULL),
(286, 'Stadt', 'de', '2018-11-26 10:10:34', '2018-11-26 10:10:34', NULL),
(286, 'City', 'en', '2018-11-26 10:10:34', '2018-11-26 10:10:34', NULL),
(286, 'Ville', 'fr', '2018-12-31 17:08:37', '2018-12-31 17:08:37', NULL),
(287, 'Land', 'de', '2018-11-26 10:10:34', '2018-11-26 10:10:34', NULL),
(287, 'Country', 'en', '2018-11-26 10:10:34', '2018-11-26 10:10:34', NULL),
(287, 'Pays', 'fr', '2018-12-31 17:09:03', '2018-12-31 17:09:03', NULL),
(288, 'Lieferadresse', 'de', '2018-11-26 10:10:34', '2018-11-26 10:10:34', NULL),
(288, 'Delivery address', 'en', '2018-11-26 10:10:34', '2018-11-26 10:10:34', NULL),
(288, 'Adresse de livraison', 'fr', '2018-12-31 17:09:19', '2018-12-31 17:09:19', NULL),
(289, 'Rechnungs- und Lieferadresse sind gleich', 'de', '2018-11-26 10:10:34', '2018-11-26 10:10:34', NULL),
(289, 'Bill and delivery address are the same', 'en', '2018-11-26 10:10:34', '2018-11-26 10:10:34', NULL),
(289, 'L\'adresse de facturation et l\'adresse de livraison sont les mêmes', 'fr', '2018-12-31 17:24:10', '2018-12-31 17:24:10', NULL),
(290, 'Wie können wir Sie kontaktieren?', 'de', '2018-11-26 10:10:34', '2018-12-31 17:25:14', NULL),
(290, 'How can we contact you?', 'en', '2018-11-26 10:10:34', '2018-11-26 10:10:34', NULL),
(290, 'Comment pouvons-nous vous contacter ?', 'fr', '2018-12-31 17:25:14', '2018-12-31 17:25:14', NULL),
(291, 'Handy', 'de', '2018-11-26 10:10:34', '2018-11-26 10:10:34', NULL),
(291, 'Handy', 'en', '2018-11-26 10:10:34', '2018-11-26 10:10:34', NULL),
(291, 'Portable', 'fr', '2018-12-31 17:25:47', '2018-12-31 17:25:47', NULL),
(292, 'Telefon', 'de', '2018-11-26 10:10:34', '2018-11-26 10:10:34', NULL),
(292, 'Phone', 'en', '2018-11-26 10:10:34', '2018-11-26 10:10:34', NULL),
(292, 'Téléphone', 'fr', '2018-12-31 17:25:57', '2018-12-31 17:25:57', NULL),
(293, 'Bemerkung', 'de', '2018-11-26 10:10:34', '2018-11-26 10:10:34', NULL),
(293, 'Comment', 'en', '2018-11-26 10:10:34', '2018-11-26 10:10:34', NULL),
(293, 'Commentaire', 'fr', '2018-12-31 17:26:07', '2018-12-31 17:26:07', NULL),
(294, 'Ich habe meine Angaben sorgfältig geprüft.', 'de', '2018-11-26 10:10:34', '2018-11-26 10:10:34', NULL),
(294, 'I have checked my data carefully.', 'en', '2018-11-26 10:10:34', '2018-11-26 10:10:34', NULL),
(294, 'J\'ai soigneusement vérifié mes informations.', 'fr', '2018-12-31 17:26:31', '2018-12-31 17:26:31', NULL),
(295, 'Jetzt bestellen', 'de', '2018-11-26 10:10:34', '2018-11-26 10:10:34', NULL),
(295, 'Order now', 'en', '2018-11-26 10:10:34', '2018-11-26 10:10:34', NULL),
(295, 'Commandez maintenant', 'fr', '2018-12-31 17:27:00', '2018-12-31 17:27:00', NULL),
(296, 'Summe', 'de', '2018-11-26 10:10:34', '2018-11-26 10:10:34', NULL),
(296, 'Sum', 'en', '2018-11-26 10:10:34', '2018-11-26 10:10:34', NULL),
(296, 'Somme', 'fr', '2018-12-31 17:27:12', '2018-12-31 17:27:12', NULL),
(297, 'enthaltene Mehrwertsteuer', 'de', '2018-11-26 10:10:34', '2018-11-26 10:10:34', NULL),
(297, 'VAT included', 'en', '2018-11-26 10:10:34', '2018-11-26 10:10:34', NULL),
(297, 'TVA incl.', 'fr', '2018-12-31 17:27:50', '2018-12-31 17:27:50', NULL),
(298, 'Rechnungbetrag', 'de', '2018-11-26 10:10:34', '2018-12-31 17:28:44', NULL),
(298, 'Total bill', 'en', '2018-11-26 10:10:34', '2018-11-26 10:10:34', NULL),
(298, 'Montant de la facture', 'fr', '2018-12-31 17:28:44', '2018-12-31 17:28:44', NULL),
(299, 'Ihr Einkaufskorb ist leer, bitte suchen Sie sich etwas Schönes in unserem Shop aus.', 'de', '2018-11-26 10:10:34', '2018-12-31 17:29:42', NULL),
(299, 'Your shopping bag is empty, please choose something beautiful out of our shop.', 'en', '2018-11-26 10:10:34', '2018-11-26 10:10:34', NULL),
(299, 'Votre panier est vide, veuillez choisir quelque chose d\'agréable dans notre boutique.', 'fr', '2018-12-31 17:29:42', '2018-12-31 17:29:42', NULL),
(300, 'Art. Nr.', 'de', '2018-11-26 10:10:34', '2018-11-26 10:10:34', NULL),
(300, 'Art. no.', 'en', '2018-11-26 10:10:34', '2018-11-26 10:10:34', NULL),
(300, 'No. d\'art.', 'fr', '2018-12-31 17:30:00', '2018-12-31 17:30:00', NULL),
(301, 'Bezahlmethode', 'de', '2018-11-26 10:10:34', '2018-11-26 10:10:34', NULL),
(301, 'Payment method', 'en', '2018-11-26 10:10:34', '2018-11-26 10:10:34', NULL),
(301, 'Mode de paiement', 'fr', '2018-12-31 17:30:17', '2018-12-31 17:32:50', NULL),
(302, 'Gutschrift für Bezahlmethode', 'de', '2018-11-26 10:10:34', '2018-11-26 10:10:34', NULL),
(302, 'Credit for payment methode', 'en', '2018-11-26 10:10:34', '2018-11-26 10:10:34', NULL),
(302, 'Note de crédit pour le mode de paiement', 'fr', '2018-12-31 17:31:33', '2018-12-31 17:31:33', NULL),
(303, 'Zusätzliche Kosten', 'de', '2018-11-26 10:10:34', '2018-11-26 10:10:34', NULL),
(303, 'Additional costs', 'en', '2018-11-26 10:10:34', '2018-11-26 10:10:34', NULL),
(303, 'Frais supplémentaires', 'fr', '2018-12-31 17:33:34', '2018-12-31 17:33:34', NULL),
(304, 'Gesamte Rechnungssumme', 'de', '2018-11-26 10:10:34', '2018-11-26 10:10:34', NULL),
(304, 'Total amount invoiced', 'en', '2018-11-26 10:10:34', '2018-11-26 10:10:34', NULL),
(304, 'Montant total de la facture', 'fr', '2018-12-31 17:33:58', '2018-12-31 17:33:58', NULL),
(305, 'Bitte bestätigen Sie, dass Sie Ihre Angaben geprüft haben.', 'de', '2018-11-26 10:10:34', '2018-11-26 10:10:34', NULL),
(305, 'Please confirm that you have reviewed your information.', 'en', '2018-11-26 10:10:34', '2018-11-26 10:10:34', NULL),
(305, 'Veuillez confirmer que vous avez vérifié vos données.', 'fr', '2018-12-31 17:34:18', '2018-12-31 17:34:18', NULL),
(306, 'Bitte bestätigen Sie, dass Sie die AGB gelesen haben und diese akzeptieren.', 'de', '2018-11-26 10:10:34', '2018-11-26 10:10:34', NULL),
(306, 'Please confirm that you have read the Terms and Conditions and accept it.', 'en', '2018-11-26 10:10:34', '2018-11-26 10:10:34', NULL),
(306, 'Veuillez confirmer que vous avez lu et accepté les conditions générales.', 'fr', '2018-12-31 17:35:25', '2018-12-31 17:35:25', NULL),
(307, 'Ich habe die \'%value%\' gelesen und akzeptiere diese.', 'de', '2018-11-26 10:10:34', '2018-11-26 10:10:34', NULL),
(307, 'I have read and agree to \'%value%\'.', 'en', '2018-11-26 10:10:34', '2018-11-26 10:10:34', NULL),
(307, 'J\'ai lu les \'%value%\' et je les accepte.', 'fr', '2018-12-31 17:36:18', '2018-12-31 17:36:18', NULL),
(308, 'Zahlungsart', 'de', '2018-11-26 10:10:34', '2018-11-26 10:10:34', NULL),
(308, 'Payment method', 'en', '2018-11-26 10:10:34', '2018-11-26 10:10:34', NULL),
(308, 'Mode de paiement', 'fr', '2018-12-31 17:36:33', '2018-12-31 17:36:33', NULL),
(309, 'Kontakt', 'de', '2018-11-26 10:10:34', '2018-11-26 10:10:34', NULL),
(309, 'Contact', 'en', '2018-11-26 10:10:34', '2018-11-26 10:10:34', NULL),
(309, 'Contact', 'fr', '2018-12-31 17:36:41', '2018-12-31 17:36:41', NULL),
(310, 'AGB', 'de', '2018-11-26 10:10:34', '2018-11-26 10:10:34', NULL),
(310, 'Terms and Conditions', 'en', '2018-11-26 10:10:34', '2018-11-26 10:10:34', NULL),
(310, 'Conditions générales', 'fr', '2018-12-31 17:37:20', '2018-12-31 17:37:20', NULL),
(311, 'Versand', 'de', '2018-11-26 10:10:34', '2018-11-26 10:10:34', NULL),
(311, 'Shipping', 'en', '2018-11-26 10:10:34', '2018-11-26 10:10:34', NULL),
(311, 'Expédition', 'fr', '2018-12-31 17:37:52', '2018-12-31 17:37:52', NULL),
(312, 'Laden', 'de', '2018-11-26 10:10:34', '2018-12-31 17:38:40', NULL),
(312, 'Store', 'en', '2018-11-26 10:10:34', '2018-11-26 10:10:34', NULL),
(312, 'Magasin', 'fr', '2018-12-31 17:38:40', '2018-12-31 17:38:40', NULL),
(313, 'Webshop', 'de', '2018-11-26 10:10:34', '2018-11-26 10:10:34', NULL),
(313, 'Webshop', 'en', '2018-11-26 10:10:34', '2018-11-26 10:10:34', NULL),
(313, 'Webshop\r\n', 'fr', '2018-12-31 17:39:01', '2018-12-31 17:39:01', NULL),
(314, 'Shop', 'de', '2018-11-26 10:10:34', '2018-11-26 10:10:34', NULL),
(314, 'Shop', 'en', '2018-11-26 10:10:34', '2018-11-26 10:10:34', NULL),
(314, 'Shop', 'fr', '2018-12-31 17:39:10', '2018-12-31 17:39:10', NULL),
(315, 'Abmelden', 'de', '2018-11-26 10:10:34', '2018-12-31 17:39:43', NULL),
(315, 'Logout', 'en', '2018-11-26 10:10:34', '2018-11-26 10:10:34', NULL),
(315, 'Déconnexion', 'fr', '2018-12-31 17:39:43', '2018-12-31 17:39:43', NULL),
(316, 'Anmelden', 'de', '2018-11-26 10:10:34', '2018-12-31 17:40:25', NULL),
(316, 'Login', 'en', '2018-11-26 10:10:34', '2018-11-26 10:10:34', NULL),
(316, 'Connexion', 'fr', '2018-12-31 17:40:25', '2018-12-31 17:40:25', NULL),
(317, 'Impressum', 'de', '2018-11-26 10:10:34', '2018-11-26 10:10:34', NULL),
(317, 'Imprint', 'en', '2018-11-26 10:10:34', '2018-11-26 10:10:34', NULL),
(317, 'Mentions légales', 'fr', '2018-12-31 17:41:20', '2018-12-31 17:41:20', NULL),
(318, 'Einkaufstasche', 'de', '2018-11-26 10:10:34', '2018-12-31 17:42:09', NULL),
(318, 'Shopping bag', 'en', '2018-11-26 10:10:34', '2018-11-26 10:10:34', NULL),
(318, 'Sac à provisions', 'fr', '2018-12-31 17:42:09', '2018-12-31 17:42:09', NULL),
(319, 'Ich habe bereits ein Benutzerkonto', 'de', '2018-11-26 10:10:34', '2018-11-26 10:10:34', NULL),
(319, 'I already have an account', 'en', '2018-11-26 10:10:34', '2018-11-26 10:10:34', NULL),
(319, 'J\'ai déjà un compte utilisateur', 'fr', '2018-12-31 17:42:36', '2018-12-31 17:42:36', NULL),
(320, 'Möchten Sie ein Benutzerkonto eröffnen?', 'de', '2018-11-26 10:10:34', '2018-12-31 17:43:17', NULL),
(320, 'Would you like to create a new account?', 'en', '2018-11-26 10:10:34', '2018-11-26 10:10:34', NULL),
(320, 'Souhaitez-vous ouvrir un compte ?', 'fr', '2018-12-31 17:43:17', '2018-12-31 17:43:17', NULL),
(321, 'Ja', 'de', '2018-11-26 10:10:34', '2018-11-26 10:10:34', NULL),
(321, 'Yes', 'en', '2018-11-26 10:10:34', '2018-11-26 10:10:34', NULL),
(321, 'Oui', 'fr', '2018-12-31 17:43:24', '2018-12-31 17:43:24', NULL),
(322, 'Ja', 'de', '2018-11-26 10:10:34', '2018-11-26 10:10:34', NULL),
(322, 'Yes', 'en', '2018-11-26 10:10:34', '2018-11-26 10:10:34', NULL),
(322, 'Oui', 'fr', '2018-12-31 17:43:30', '2018-12-31 17:43:30', NULL),
(323, 'Nein', 'de', '2018-11-26 10:10:34', '2018-11-26 10:10:34', NULL),
(323, 'No', 'en', '2018-11-26 10:10:34', '2018-11-26 10:10:34', NULL),
(323, 'Non', 'fr', '2018-12-31 17:43:37', '2018-12-31 17:43:37', NULL),
(324, 'Nein', 'de', '2018-11-26 10:10:34', '2018-11-26 10:10:34', NULL),
(324, 'No', 'en', '2018-11-26 10:10:34', '2018-11-26 10:10:34', NULL),
(324, 'Non', 'fr', '2018-12-31 17:43:43', '2018-12-31 17:43:43', NULL),
(325, 'Berlin', 'de', '2018-11-26 10:10:34', '2018-11-26 10:10:34', NULL),
(325, 'Berlin', 'en', '2018-11-26 10:10:34', '2018-11-26 10:10:34', NULL),
(325, 'Berlin', 'fr', '2018-12-31 17:43:57', '2018-12-31 17:43:57', NULL),
(326, 'Beautyservice', 'de', '2018-11-26 10:10:34', '2018-11-26 10:10:34', NULL),
(326, 'Beautyservice', 'en', '2018-11-26 10:10:34', '2018-11-26 10:10:34', NULL),
(326, 'service beauté', 'fr', '2018-12-31 17:44:20', '2018-12-31 17:44:20', NULL),
(327, 'Hairlounge', 'de', '2018-11-26 10:10:34', '2018-11-26 10:10:34', NULL),
(327, 'Hairlounge', 'en', '2018-11-26 10:10:34', '2018-11-26 10:10:34', NULL),
(327, 'Salon de coiffure', 'fr', '2018-12-31 17:44:26', '2019-01-01 12:18:18', NULL),
(328, 'Benutzerkonto', 'de', '2018-11-26 10:10:34', '2018-11-26 10:10:34', NULL),
(328, 'Account', 'en', '2018-11-26 10:10:34', '2018-11-26 10:10:34', NULL),
(328, 'Compte utilisateur', 'fr', '2019-01-01 12:18:52', '2019-01-01 12:18:52', NULL),
(329, 'Abbrechen', 'de', '2018-11-26 10:10:34', '2018-11-26 10:10:34', NULL),
(329, 'Abort', 'en', '2018-11-26 10:10:34', '2018-11-26 10:10:34', NULL),
(329, 'abandonner', 'fr', '2019-01-01 12:19:35', '2019-01-01 12:19:35', NULL),
(330, 'Es ist ein Fehler aufgetreten', 'de', '2018-11-26 10:10:34', '2018-11-26 10:10:34', NULL),
(330, 'An error has occurred', 'en', '2018-11-26 10:10:34', '2018-11-26 10:10:34', NULL),
(330, 'Une erreur s\'est produite', 'fr', '2019-01-01 12:19:55', '2019-01-01 12:19:55', NULL),
(331, 'Die Bestellung wurde abgebrochen', 'de', '2018-11-26 10:10:34', '2018-11-26 10:10:34', NULL),
(331, 'The order has been canceled', 'en', '2018-11-26 10:10:34', '2018-11-26 10:10:34', NULL),
(331, 'La commande a été annulée', 'fr', '2019-01-01 12:20:17', '2019-01-01 12:20:17', NULL),
(332, 'Vielen Dank für Ihren Einkauf', 'de', '2018-11-26 10:10:34', '2018-11-26 10:10:34', NULL),
(332, 'Thank you for your purchase', 'en', '2018-11-26 10:10:34', '2018-11-26 10:10:34', NULL),
(332, 'Merci beaucoup pour votre achat.', 'fr', '2019-01-01 12:22:16', '2019-01-01 12:22:16', NULL),
(333, 'Die Suche ergab folgendes Ergebnis für', 'de', '2018-11-26 10:10:34', '2018-11-26 10:10:34', NULL),
(333, 'The search yielded the following results for', 'en', '2018-11-26 10:10:34', '2018-11-26 10:10:34', NULL),
(333, 'Les résultats suivants ont été trouvés pour', 'fr', '2019-01-01 12:22:39', '2019-01-01 12:22:39', NULL),
(334, 'Die Suche ergab kein Ergebnis für', 'de', '2018-11-26 10:10:34', '2018-11-26 10:10:34', NULL),
(334, 'The search yielded no result for', 'en', '2018-11-26 10:10:34', '2018-11-26 10:10:34', NULL),
(334, 'La recherche n\'a donné aucun résultat pour', 'fr', '2019-01-01 12:23:04', '2019-01-01 12:23:04', NULL),
(335, 'Aktivierung', 'de', '2018-11-26 10:10:34', '2018-11-26 10:10:34', NULL),
(335, 'Activation', 'en', '2018-11-26 10:10:34', '2018-11-26 10:10:34', NULL),
(335, 'Activation', 'fr', '2019-01-01 12:23:36', '2019-01-01 12:23:36', NULL),
(336, 'Aktivierung gestartet', 'de', '2018-11-26 10:10:34', '2018-11-26 10:10:34', NULL),
(336, 'Activation started', 'en', '2018-11-26 10:10:34', '2018-11-26 10:10:34', NULL),
(336, 'L\'activation a commencé', 'fr', '2019-01-01 12:24:00', '2019-01-01 12:24:00', NULL),
(337, 'Bitte warten Sie bis die Aktivierung abgeschlossen ist.', 'de', '2018-11-26 10:10:34', '2018-11-26 10:10:34', NULL),
(337, 'Please hang on while the activation is ready.', 'en', '2018-11-26 10:10:34', '2018-11-26 10:10:34', NULL),
(337, 'Veuillez attendre que l\'activation soit terminée.', 'fr', '2019-01-01 12:24:21', '2019-01-01 12:24:21', NULL),
(338, 'Abgelaufen', 'de', '2018-11-26 10:10:34', '2018-11-26 10:10:34', NULL),
(338, 'Expired', 'en', '2018-11-26 10:10:34', '2018-11-26 10:10:34', NULL),
(338, 'Expirée', 'fr', '2019-01-01 12:25:08', '2019-01-01 12:25:08', NULL),
(339, 'Der Aktivierungscode, den Sie eingegeben haben, ist abgelaufen.', 'de', '2018-11-26 10:10:34', '2018-11-26 10:10:34', NULL),
(339, 'The activationcode you entered is expired already.', 'en', '2018-11-26 10:10:34', '2018-11-26 10:10:34', NULL),
(339, 'Le code d\'activation que vous avez entré a expiré.', 'fr', '2019-01-01 12:25:31', '2019-01-01 12:25:31', NULL),
(340, 'Aktivierungscode unbekannt.', 'de', '2018-11-26 10:10:34', '2018-11-26 10:10:34', NULL),
(340, 'Activationcode unknown.', 'en', '2018-11-26 10:10:34', '2018-11-26 10:10:34', NULL),
(340, 'Code d\'activation inconnu.', 'fr', '2019-01-01 12:25:49', '2019-01-01 12:25:49', NULL),
(341, 'Der Aktivierungscode, den Sie eingegeben haben, ist nicht bekannt.', 'de', '2018-11-26 10:10:34', '2018-11-26 10:10:34', NULL),
(341, 'The activationcode you entered is unknown.', 'en', '2018-11-26 10:10:34', '2018-11-26 10:10:34', NULL),
(341, 'Le code d\'activation que vous avez entré n\'est pas connu.', 'fr', '2019-01-01 12:26:10', '2019-01-01 12:26:10', NULL),
(342, 'Aktivierungscode bereits genutzt.', 'de', '2018-11-26 10:10:34', '2018-11-26 10:10:34', NULL),
(342, 'Activationcode used.', 'en', '2018-11-26 10:10:34', '2018-11-26 10:10:34', NULL),
(342, 'Code d\'activation déjà utilisé.', 'fr', '2019-01-01 12:26:30', '2019-01-01 12:26:30', NULL),
(343, 'Der Aktivierungscode, den Sie eingegeben haben, ist bereits benutzt wurden.', 'de', '2018-11-26 10:10:34', '2018-11-26 10:10:34', NULL),
(343, 'The activationcode you entered is used already.', 'en', '2018-11-26 10:10:34', '2018-11-26 10:10:34', NULL),
(343, 'Le code d\'activation que vous avez entré a déjà été utilisé.', 'fr', '2019-01-01 12:26:50', '2019-01-01 12:26:50', NULL),
(344, 'Vielen Dank für Ihre Anfrage.', 'de', '2018-11-26 10:10:34', '2018-11-26 10:10:34', NULL),
(344, 'Thank you for your inquiry.', 'en', '2018-11-26 10:10:34', '2018-11-26 10:10:34', NULL),
(344, 'Merci beaucoup de votre demande.', 'fr', '2019-01-01 12:27:09', '2019-01-01 12:27:09', NULL),
(345, 'Vielen Dank für Ihr Feedback.', 'de', '2018-11-26 10:10:34', '2018-11-26 10:10:34', NULL),
(345, 'Thank you for your feedback.', 'en', '2018-11-26 10:10:34', '2018-11-26 10:10:34', NULL),
(345, 'Merci de vos commentaires.', 'fr', '2019-01-01 12:28:20', '2019-01-01 12:29:28', NULL),
(346, 'Sie sind bereits eingeloggt.', 'de', '2018-11-26 10:10:34', '2018-11-26 10:10:34', NULL),
(346, 'You are already logedin.', 'en', '2018-11-26 10:10:34', '2018-11-26 10:10:34', NULL),
(346, 'Vous êtes déjà connecté.', 'fr', '2019-01-01 12:28:44', '2019-01-01 12:28:44', NULL),
(347, 'Um auf Ihren persönlichen Bereich zuzugreifen, müssen Sie sich registrieren.', 'de', '2018-11-26 10:10:34', '2018-11-26 10:10:34', NULL),
(347, 'To access your personal space, you must register.', 'en', '2018-11-26 10:10:34', '2018-11-26 10:10:34', NULL),
(347, 'Pour accéder à votre espace personnel, vous devez vous enregistrer.', 'fr', '2019-01-01 12:30:17', '2019-01-01 12:30:17', NULL),
(348, 'Bitte geben Sie jetzt Ihren Login und das Passwort ein.', 'de', '2018-11-26 10:10:34', '2018-11-26 10:10:34', NULL),
(348, 'Please enter now your login and password.', 'en', '2018-11-26 10:10:34', '2018-11-26 10:10:34', NULL),
(348, 'Veuillez entrer votre nom d\'utilisateur et votre mot de passe maintenant.', 'fr', '2019-01-01 12:30:40', '2019-01-01 12:30:40', NULL),
(349, 'Um sich einloggen zu können, müssen Sie registriert sein. Wollen Sie sich jetzt %s?', 'de', '2018-11-26 10:10:34', '2018-11-26 10:10:34', NULL),
(349, 'To be able to log in, you must be registered. Do you want to %s now?', 'en', '2018-11-26 10:10:34', '2018-11-26 10:10:34', NULL),
(349, 'Pour vous connecter, vous devez être inscrit. Vous voulez vous %s maintenant?', 'fr', '2019-01-01 13:09:51', '2019-01-01 13:09:51', NULL),
(350, 'Haben Sie ihr Passwort vergessen? Möchten Sie sich ein %s zuschicken lassen?', 'de', '2018-11-26 10:10:34', '2018-11-26 10:10:34', NULL),
(350, 'Forgotten your password? Do you want a %s?', 'en', '2018-11-26 10:10:34', '2018-11-26 10:10:34', NULL),
(350, 'Vous avez oublié votre mot de passe ? Souhaitez-vous que nous vous fassions parvenir un %s ?', 'fr', '2019-01-01 13:10:21', '2019-01-01 13:10:21', NULL),
(351, 'Gab es Probleme mit der Aktivierung? Möchten Sie sich einen %s? zuschicken lassen?', 'de', '2018-11-26 10:10:34', '2018-11-26 10:10:34', NULL),
(351, 'Problem with activating your account? Do you want a %s?', 'en', '2018-11-26 10:10:34', '2018-11-26 10:10:34', NULL),
(351, 'Des problèmes avec l\'activation? Souhaitez-vous qu\'un %s? vous soit envoyé?', 'fr', '2019-01-01 13:11:29', '2019-01-01 13:11:29', NULL),
(352, 'registrieren', 'de', '2018-11-26 10:10:34', '2018-11-26 10:10:34', NULL),
(352, 'sign up', 'en', '2018-11-26 10:10:34', '2018-11-26 10:10:34', NULL),
(352, 'enregistrer', 'fr', '2019-01-01 13:14:51', '2019-01-01 13:14:51', NULL),
(353, 'neues Passwort', 'de', '2018-11-26 10:10:34', '2018-11-26 10:10:34', NULL),
(353, 'new password', 'en', '2018-11-26 10:10:34', '2018-11-26 10:10:34', NULL),
(353, 'nouveau mot de passe', 'fr', '2019-01-01 13:15:09', '2019-01-01 13:15:09', NULL),
(354, 'neuer Aktivierungscode', 'de', '2018-11-26 10:10:34', '2019-01-01 13:24:15', NULL),
(354, 'new activation code', 'en', '2018-11-26 10:10:34', '2018-11-26 10:10:34', NULL),
(354, 'nouveau code d\'activation', 'fr', '2019-01-01 13:24:15', '2019-01-01 13:24:15', NULL),
(355, 'Aktivierungscode zusenden', 'de', '2018-11-26 10:10:34', '2018-11-26 10:10:34', NULL),
(355, 'Get activation code', 'en', '2018-11-26 10:10:34', '2018-11-26 10:10:34', NULL),
(355, 'Envoyer un code d\'activation', 'fr', '2019-01-01 13:24:47', '2019-01-01 13:24:47', NULL),
(356, 'Nutzer', 'de', '2018-11-26 10:10:34', '2018-11-26 10:10:34', NULL),
(356, 'User', 'en', '2018-11-26 10:10:34', '2018-11-26 10:10:34', NULL),
(356, 'Utilisateur', 'fr', '2019-01-01 13:27:26', '2019-01-01 14:55:17', NULL),
(357, 'Nutzer', 'de', '2018-11-26 10:10:34', '2018-11-26 10:10:34', NULL),
(357, 'User', 'en', '2018-11-26 10:10:34', '2018-11-26 10:10:34', NULL),
(357, 'Utilisateur', 'fr', '2019-01-01 13:27:33', '2019-01-01 14:55:23', NULL),
(358, 'Benutzerkonto aktiviert.', 'de', '2018-11-26 10:10:34', '2018-11-26 10:10:34', NULL),
(358, 'Account activated.', 'en', '2018-11-26 10:10:34', '2018-11-26 10:10:34', NULL),
(358, 'Compte utilisateur activé.', 'fr', '2019-01-01 13:27:56', '2019-01-01 13:27:56', NULL),
(359, 'Sie haben Ihr Benutzerkonto erfolgreich aktiviert und können sich jetzt %s.', 'de', '2018-11-26 10:10:34', '2018-11-26 10:10:34', NULL),
(359, 'You have successfully activated your account and can %s now.', 'en', '2018-11-26 10:10:34', '2018-11-26 10:10:34', NULL),
(359, 'Vous avez activé votre compte d\'utilisateur avec succès et vous pouvez maintenant utiliser %s.', 'fr', '2019-01-01 13:28:21', '2019-01-01 13:28:21', NULL),
(360, 'einloggen', 'de', '2018-11-26 10:10:34', '2018-11-26 10:10:34', NULL),
(360, 'log in', 'en', '2018-11-26 10:10:34', '2018-11-26 10:10:34', NULL),
(360, 'se connecter', 'fr', '2019-01-01 13:28:57', '2019-01-01 13:28:57', NULL),
(361, 'Ihre Daten wurde geändert.', 'de', '2018-11-26 10:10:34', '2018-11-26 10:10:34', NULL),
(361, 'Your data has been changed.', 'en', '2018-11-26 10:10:34', '2018-11-26 10:10:34', NULL),
(361, 'Vos données ont été modifiées.', 'fr', '2019-01-01 13:29:35', '2019-01-01 13:29:35', NULL),
(362, 'Passwort ändern', 'de', '2018-11-26 10:10:35', '2018-11-26 10:10:35', NULL),
(362, 'Change password', 'en', '2018-11-26 10:10:35', '2018-11-26 10:10:35', NULL),
(362, 'Modifier le mot de passe', 'fr', '2019-01-01 13:29:46', '2019-01-01 14:56:12', NULL),
(363, 'Bearbeiten', 'de', '2018-11-26 10:10:35', '2018-11-26 10:10:35', NULL),
(363, 'Edit', 'en', '2018-11-26 10:10:35', '2018-11-26 10:10:35', NULL),
(363, 'Éditer', 'fr', '2019-01-01 14:56:54', '2019-01-01 14:56:54', NULL),
(364, 'Konto Information', 'de', '2018-11-26 10:10:35', '2018-11-26 10:10:35', NULL),
(364, 'Account information', 'en', '2018-11-26 10:10:35', '2018-11-26 10:10:35', NULL),
(364, 'Information sur le compte', 'fr', '2019-01-01 14:57:36', '2019-01-01 14:57:36', NULL),
(365, 'Kontakt', 'de', '2018-11-26 10:10:35', '2019-01-01 14:58:01', NULL);
INSERT INTO `translator_translation` (`id`, `text`, `lang`, `created_at`, `updated_at`, `deleted_at`) VALUES
(365, 'Contact', 'en', '2018-11-26 10:10:35', '2018-11-26 10:10:35', NULL),
(365, 'Contact', 'fr', '2019-01-01 14:58:01', '2019-01-01 14:58:01', NULL),
(366, 'Hallo', 'de', '2018-11-26 10:10:35', '2018-11-26 10:10:35', NULL),
(366, 'Hello', 'en', '2018-11-26 10:10:35', '2018-11-26 10:10:35', NULL),
(366, 'Bonjour', 'fr', '2019-01-01 14:58:25', '2019-01-01 14:58:25', NULL),
(367, 'Von Ihrer Benutzerkonto-Übersicht aus haben Sie die Möglichkeit, Ihre letzten Vorgänge einzusehen und Ihre Benutzerkonto-Daten zu bearbeiten. Wählen Sie dazu einen der untenstehenden Links, um Information anzusehen oder zu bearbeiten.', 'de', '2018-11-26 10:10:35', '2019-01-01 14:59:30', NULL),
(367, 'From your account summary, you have the possibility to view your recent transactions and edit your account data. To do this, one of the links below are eden to view or edit information.', 'en', '2018-11-26 10:10:35', '2018-11-26 10:10:35', NULL),
(367, 'À partir de la vue d\'ensemble de votre compte utilisateur, vous pouvez consulter vos transactions les plus récentes et modifier les données de votre compte utilisateur. Sélectionnez l\'un des liens ci-dessous pour afficher ou modifier les informations.', 'fr', '2019-01-01 14:59:30', '2019-01-01 14:59:30', NULL),
(368, 'Adressbuch', 'de', '2018-11-26 10:10:35', '2018-11-26 10:10:35', NULL),
(368, 'Addressbook', 'en', '2018-11-26 10:10:35', '2018-11-26 10:10:35', NULL),
(368, 'liste de contacts', 'fr', '2019-01-01 15:00:07', '2019-01-01 15:00:07', NULL),
(369, 'Primäre Rechnungsadresse', 'de', '2018-11-26 10:10:35', '2018-11-26 10:10:35', NULL),
(369, 'Primary billing address', 'en', '2018-11-26 10:10:35', '2018-11-26 10:10:35', NULL),
(369, 'Adresse de facturation principale', 'fr', '2019-01-01 15:00:29', '2019-01-01 15:00:29', NULL),
(370, 'Es wurde keine primäre Rechnungsadresse angegeben', 'de', '2018-11-26 10:10:35', '2018-11-26 10:10:35', NULL),
(370, 'A primary billing address was not specified', 'en', '2018-11-26 10:10:35', '2018-11-26 10:10:35', NULL),
(370, 'Pas d\'adresse de facturation principale spécifiée', 'fr', '2019-01-01 15:00:56', '2019-01-01 15:00:56', NULL),
(371, 'Primäre Versandadresse', 'de', '2018-11-26 10:10:35', '2018-11-26 10:10:35', NULL),
(371, 'Primary delivery address', 'en', '2018-11-26 10:10:35', '2018-11-26 10:10:35', NULL),
(371, 'Adresse d\'expédition principale', 'fr', '2019-01-01 15:01:18', '2019-01-01 15:01:18', NULL),
(372, 'Es wurden keine primäre Versandadresse angegeben', 'de', '2018-11-26 10:10:35', '2018-11-26 10:10:35', NULL),
(372, 'A primary delivery address was not specified', 'en', '2018-11-26 10:10:35', '2018-11-26 10:10:35', NULL),
(372, 'Pas d\'adresse d\'expédition principale spécifiée', 'fr', '2019-01-01 15:01:36', '2019-01-01 15:01:36', NULL),
(373, 'Adresse ändern', 'de', '2018-11-26 10:10:35', '2018-11-26 10:10:35', NULL),
(373, 'Change address', 'en', '2018-11-26 10:10:35', '2018-11-26 10:10:35', NULL),
(373, 'Modifier l\'adresse', 'fr', '2019-01-01 15:02:05', '2019-01-01 15:02:05', NULL),
(374, 'Ihre gewählte Bestellung beinhaltet', 'de', '2018-11-26 10:10:35', '2018-11-26 10:10:35', NULL),
(374, 'Your selected order includes', 'en', '2018-11-26 10:10:35', '2018-11-26 10:10:35', NULL),
(374, 'Votre commande sélectionnée comprend', 'fr', '2019-01-01 15:02:50', '2019-01-01 15:02:50', NULL),
(375, 'Angegebene Rechnungsadresse', 'de', '2018-11-26 10:10:35', '2018-11-26 10:10:35', NULL),
(375, 'Billing address', 'en', '2018-11-26 10:10:35', '2018-11-26 10:10:35', NULL),
(375, 'Adresse de facturation spécifiée', 'fr', '2019-01-01 15:03:10', '2019-01-01 15:03:10', NULL),
(376, 'Angegebene Lieferadresse', 'de', '2018-11-26 10:10:35', '2018-11-26 10:10:35', NULL),
(376, 'Delivery address', 'en', '2018-11-26 10:10:35', '2018-11-26 10:10:35', NULL),
(376, 'Adresse de livraison indiquée', 'fr', '2019-01-01 15:12:16', '2019-01-01 15:12:16', NULL),
(377, 'Ihre Bestellungen auf einen Blick', 'de', '2018-11-26 10:10:35', '2018-11-26 10:10:35', NULL),
(377, 'Your orders at a glance', 'en', '2018-11-26 10:10:35', '2018-11-26 10:10:35', NULL),
(377, 'Vos commandes en un coup d\'œil', 'fr', '2019-01-01 15:12:40', '2019-01-01 15:12:40', NULL),
(378, 'Registrierung', 'de', '2018-11-26 10:10:35', '2018-11-26 10:10:35', NULL),
(378, 'Registration', 'en', '2018-11-26 10:10:35', '2018-11-26 10:10:35', NULL),
(378, 'Enregistrement', 'fr', '2019-01-01 15:13:18', '2019-01-01 15:13:18', NULL),
(379, 'Bitte füllen Sie das unten stehende Formular jetzt aus um sich bei uns zu registrieren.', 'de', '2018-11-26 10:10:35', '2018-11-26 10:10:35', NULL),
(379, 'Please fill out the form below now, to register with us.', 'en', '2018-11-26 10:10:35', '2018-11-26 10:10:35', NULL),
(379, 'Veuillez remplir le formulaire ci-dessous pour vous enregistrer.', 'fr', '2019-01-01 15:13:55', '2019-01-01 15:16:21', NULL),
(380, 'Registrierung abgeschlossen', 'de', '2018-11-26 10:10:35', '2018-11-26 10:10:35', NULL),
(380, 'Registration complete', 'en', '2018-11-26 10:10:35', '2018-11-26 10:10:35', NULL),
(380, 'Enregistrement terminé', 'fr', '2019-01-01 15:14:33', '2019-01-01 15:14:33', NULL),
(381, 'Hackerversuch!', 'de', '2018-11-26 10:10:35', '2018-11-26 10:10:35', NULL),
(381, 'Hacking Attempt!', 'en', '2018-11-26 10:10:35', '2018-11-26 10:10:35', NULL),
(381, 'Tentative de piratage!', 'fr', '2019-01-01 15:17:02', '2019-01-01 15:17:02', NULL),
(382, 'Sie haben versucht, ein Benutzerkonto zu hacken.', 'de', '2018-11-26 10:10:35', '2019-01-01 15:17:43', NULL),
(382, 'You tried to hack an account.', 'en', '2018-11-26 10:10:35', '2018-11-26 10:10:35', NULL),
(382, 'Vous avez essayé de pirater un compte utilisateur.', 'fr', '2019-01-01 15:17:43', '2019-01-01 15:17:43', NULL),
(383, 'Fehler', 'de', '2018-11-26 10:10:35', '2018-11-26 10:10:35', NULL),
(383, 'Error', 'en', '2018-11-26 10:10:35', '2018-11-26 10:10:35', NULL),
(383, 'Erreur', 'fr', '2019-01-01 15:17:55', '2019-01-01 15:17:55', NULL),
(384, 'Ein Fehler ist aufgetreten.', 'de', '2018-11-26 10:10:35', '2018-11-26 10:10:35', NULL),
(384, 'An error has occured.', 'en', '2018-11-26 10:10:35', '2018-11-26 10:10:35', NULL),
(384, 'Une erreur s\'est produite.', 'fr', '2019-01-01 15:18:18', '2019-01-01 15:18:18', NULL),
(385, 'HTTP/1.1 403 Nicht gestattet', 'de', '2018-11-26 10:10:35', '2018-11-26 10:10:35', NULL),
(385, 'HTTP/1.1 403 Not permitted', 'en', '2018-11-26 10:10:35', '2018-11-26 10:10:35', NULL),
(385, 'HTTP/1.1 403 Non autorisé', 'fr', '2019-01-01 15:18:44', '2019-01-01 15:18:44', NULL),
(386, 'Es ist Ihnen nicht gestattet, auf das angeforderte Dokument zuzugreifen.', 'de', '2018-11-26 10:10:35', '2018-11-26 10:10:35', NULL),
(386, 'You are not allowed to access this document.', 'en', '2018-11-26 10:10:35', '2018-11-26 10:10:35', NULL),
(386, 'Vous n\'êtes pas autorisé à accéder au document demandé.', 'fr', '2019-01-01 15:19:05', '2019-01-01 15:19:05', NULL),
(387, 'HTTP/1.1 404 Nicht gefunden', 'de', '2018-11-26 10:10:35', '2018-11-26 10:10:35', NULL),
(387, 'HTTP/1.1 404 Not found', 'en', '2018-11-26 10:10:35', '2018-11-26 10:10:35', NULL),
(387, 'HTTP/1.1 404 Non trouvé', 'fr', '2019-01-01 15:53:24', '2019-01-01 15:53:24', NULL),
(388, 'Das angeforderte Dokument konnte nicht gefunden werden.', 'de', '2018-11-26 10:10:35', '2018-11-26 10:10:35', NULL),
(388, 'The requested document could not be found.', 'en', '2018-11-26 10:10:35', '2018-11-26 10:10:35', NULL),
(388, 'Le document demandé n\'a pu être trouvé.', 'fr', '2019-01-01 15:53:44', '2019-01-01 15:53:44', NULL),
(389, 'Produkte', 'de', '2018-11-26 10:10:35', '2018-11-26 10:10:35', NULL),
(389, 'Products', 'en', '2018-11-26 10:10:35', '2018-11-26 10:10:35', NULL),
(389, 'Produits', 'fr', '2019-01-01 15:53:55', '2019-01-01 15:53:55', NULL),
(390, 'Ihr Passwort', 'de', '2018-11-26 10:10:35', '2018-11-26 10:10:35', NULL),
(390, 'Your password', 'en', '2018-11-26 10:10:35', '2018-11-26 10:10:35', NULL),
(390, 'Votre mot de passe', 'fr', '2019-01-01 15:54:11', '2019-01-01 15:54:11', NULL),
(391, 'Einloggen', 'de', '2018-11-26 10:10:35', '2018-11-26 10:10:35', NULL),
(391, 'Login', 'en', '2018-11-26 10:10:35', '2018-11-26 10:10:35', NULL),
(391, 'Se connecter', 'fr', '2019-01-01 15:54:28', '2019-01-01 15:54:28', NULL),
(392, 'Zum Benutzerkonto', 'de', '2018-11-26 10:10:35', '2018-11-26 10:10:35', NULL),
(392, 'to account', 'en', '2018-11-26 10:10:35', '2018-11-26 10:10:35', NULL),
(392, 'Accéder au compte utilisateur', 'fr', '2019-01-01 15:55:05', '2019-01-01 15:55:05', NULL),
(393, 'Benutzerkonto Übersicht', 'de', '2018-11-26 10:10:35', '2018-11-26 10:10:35', NULL),
(393, 'Account overview', 'en', '2018-11-26 10:10:35', '2018-11-26 10:10:35', NULL),
(393, 'Vue d\'ensemble du compte utilisateur', 'fr', '2019-01-01 15:55:27', '2019-01-01 15:55:27', NULL),
(394, 'Addressbuch', 'de', '2018-11-26 10:10:35', '2018-11-26 10:10:35', NULL),
(394, 'Addressbook', 'en', '2018-11-26 10:10:35', '2018-11-26 10:10:35', NULL),
(394, 'Liste d\'adresses', 'fr', '2019-01-01 15:55:58', '2019-01-01 17:16:35', NULL),
(395, 'Meine Bestellungen', 'de', '2018-11-26 10:10:35', '2018-11-26 10:10:35', NULL),
(395, 'My orders', 'en', '2018-11-26 10:10:35', '2018-11-26 10:10:35', NULL),
(395, 'Mes commandes', 'fr', '2019-01-01 15:56:12', '2019-01-01 15:56:12', NULL),
(396, 'Gutschein', 'de', '2018-11-26 10:10:35', '2019-01-01 15:58:17', NULL),
(396, 'Credit Voucher', 'en', '2018-11-26 10:10:35', '2018-11-26 10:10:35', NULL),
(396, 'Bon d\'achat', 'fr', '2019-01-01 15:58:17', '2019-01-01 15:58:17', NULL),
(397, 'Bankdaten', 'de', '2018-11-26 10:10:35', '2018-11-26 10:10:35', NULL),
(397, 'Bank Information', 'en', '2018-11-26 10:10:35', '2018-11-26 10:10:35', NULL),
(397, 'Informations bancaires', 'fr', '2019-01-01 15:58:44', '2019-01-01 16:52:09', NULL),
(398, 'Kontoinhaber', 'de', '2018-11-26 10:10:35', '2018-11-26 10:10:35', NULL),
(398, 'Account Holder', 'en', '2018-11-26 10:10:35', '2018-11-26 10:10:35', NULL),
(398, 'Titulaire du compte', 'fr', '2019-01-01 15:59:14', '2019-01-01 15:59:14', NULL),
(399, 'Kontonummer', 'de', '2018-11-26 10:10:35', '2018-11-26 10:10:35', NULL),
(399, 'Account Number', 'en', '2018-11-26 10:10:35', '2018-11-26 10:10:35', NULL),
(399, 'Numéro de compte', 'fr', '2019-01-01 15:59:35', '2019-01-01 16:52:24', NULL),
(400, 'Bankleitzahl', 'de', '2018-11-26 10:10:35', '2018-11-26 10:10:35', NULL),
(400, 'Bank sort code', 'en', '2018-11-26 10:10:35', '2019-01-01 16:00:50', NULL),
(400, 'Code de tri bancaire', 'fr', '2019-01-01 16:00:50', '2019-01-01 16:00:50', NULL),
(401, 'Name der Bank', 'de', '2018-11-26 10:10:35', '2018-11-26 10:10:35', NULL),
(401, 'Name of the Bank', 'en', '2018-11-26 10:10:35', '2018-11-26 10:10:35', NULL),
(401, 'Nom de la banque', 'fr', '2019-01-01 16:01:11', '2019-01-01 16:52:57', NULL),
(402, 'Passwort', 'de', '2018-11-26 10:10:35', '2018-11-26 10:10:35', NULL),
(402, 'Password', 'en', '2018-11-26 10:10:35', '2018-11-26 10:10:35', NULL),
(402, 'Mot de passe', 'fr', '2019-01-01 16:01:23', '2019-01-01 16:01:23', NULL),
(403, 'Passwort wiederholen', 'de', '2018-11-26 10:10:35', '2018-11-26 10:10:35', NULL),
(403, 'Repeat Password', 'en', '2018-11-26 10:10:35', '2018-11-26 10:10:35', NULL),
(403, 'Répéter le mot de passe', 'fr', '2019-01-01 16:01:50', '2019-01-01 16:01:50', NULL),
(404, 'Speichern', 'de', '2018-11-26 10:10:35', '2018-11-26 10:10:35', NULL),
(404, 'Save', 'en', '2018-11-26 10:10:35', '2018-11-26 10:10:35', NULL),
(404, 'Sauvegarder', 'fr', '2019-01-01 16:01:59', '2019-01-01 16:01:59', NULL),
(405, 'Sie haben bisher nichts bestellt', 'de', '2018-11-26 10:10:35', '2018-11-26 10:10:35', NULL),
(405, 'You have not ordered anything yet', 'en', '2018-11-26 10:10:35', '2018-11-26 10:10:35', NULL),
(405, 'Vous n\'avez encore rien commandé.', 'fr', '2019-01-01 16:02:21', '2019-01-01 16:02:21', NULL),
(406, 'Einzelpreis', 'de', '2018-11-26 10:10:35', '2018-11-26 10:10:35', NULL),
(406, 'Single price', 'en', '2018-11-26 10:10:35', '2018-11-26 10:10:35', NULL),
(406, 'Prix à l\'unité', 'fr', '2019-01-01 16:02:53', '2019-01-01 16:02:53', NULL),
(407, 'Ihre angegebene Handynummer', 'de', '2018-11-26 10:10:35', '2019-01-01 16:03:30', NULL),
(407, 'Your mobile phone number', 'en', '2018-11-26 10:10:35', '2018-11-26 10:10:35', NULL),
(407, 'Votre numéro de téléphone portable donné', 'fr', '2019-01-01 16:03:30', '2019-01-01 16:03:30', NULL),
(408, 'Ihr Kommentar', 'de', '2018-11-26 10:10:35', '2019-01-01 16:03:50', NULL),
(408, 'Your comment', 'en', '2018-11-26 10:10:35', '2018-11-26 10:10:35', NULL),
(408, 'Votre commentaire', 'fr', '2019-01-01 16:03:50', '2019-01-01 16:03:50', NULL),
(409, 'Mehrwertsteuer', 'de', '2018-11-26 10:10:35', '2018-11-26 10:10:35', NULL),
(409, 'Value-Added Tax', 'en', '2018-11-26 10:10:35', '2018-11-26 10:10:35', NULL),
(409, 'TVA', 'fr', '2019-01-01 16:04:00', '2019-01-01 16:04:00', NULL),
(410, 'Die gesamte Rechnungssumme wird abgebucht von', 'de', '2018-11-26 10:10:35', '2018-11-26 10:10:35', NULL),
(410, 'The total invoice amount is debited from', 'en', '2018-11-26 10:10:35', '2018-11-26 10:10:35', NULL),
(410, 'Le montant total de la facture est débité de', 'fr', '2019-01-01 16:04:27', '2019-01-01 16:04:27', NULL),
(411, 'hier ist Ihre Bestellung auf einen Blick', 'de', '2018-11-26 10:10:35', '2019-01-01 16:06:30', NULL),
(411, 'here\'s your order at a glance', 'en', '2018-11-26 10:10:35', '2018-11-26 10:10:35', NULL),
(411, 'voici votre commande en un coup d\'œil', 'fr', '2019-01-01 16:06:30', '2019-01-01 16:06:30', NULL),
(412, 'Als Rechnungsadresse haben Sie angegeben', 'de', '2018-11-26 10:10:35', '2019-01-01 16:12:47', NULL),
(412, 'As the billing address you provided', 'en', '2018-11-26 10:10:35', '2018-11-26 10:10:35', NULL),
(412, 'Vous avez saisi l\'adresse de facturation suivante', 'fr', '2019-01-01 16:12:47', '2019-01-01 16:12:47', NULL),
(413, 'Die Lieferadresse ist folgende', 'de', '2018-11-26 10:10:35', '2018-11-26 10:10:35', NULL),
(413, 'The delivery address is the following', 'en', '2018-11-26 10:10:35', '2018-11-26 10:10:35', NULL),
(413, 'L\'adresse de livraison est la suivante', 'fr', '2019-01-01 16:13:12', '2019-01-01 16:13:12', NULL),
(414, 'Ihre angegebene Telefonnummer', 'de', '2018-11-26 10:10:35', '2019-01-01 16:13:40', NULL),
(414, 'Your telephone number', 'en', '2018-11-26 10:10:35', '2018-11-26 10:10:35', NULL),
(414, 'Votre numéro de téléphone', 'fr', '2019-01-01 16:13:40', '2019-01-01 16:13:40', NULL),
(415, 'Ihre angegebene Emailadresse', 'de', '2018-11-26 10:10:35', '2019-01-01 16:14:07', NULL),
(415, 'Your specified e-mail address', 'en', '2018-11-26 10:10:35', '2018-11-26 10:10:35', NULL),
(415, 'Votre adresse email', 'fr', '2019-01-01 16:14:07', '2019-01-01 16:14:07', NULL),
(416, 'Ihre Bestellung', 'de', '2018-11-26 10:10:35', '2019-01-01 16:14:24', NULL),
(416, 'Your order', 'en', '2018-11-26 10:10:35', '2018-11-26 10:10:35', NULL),
(416, 'Votre commande', 'fr', '2019-01-01 16:14:24', '2019-01-01 16:14:24', NULL),
(417, 'Herzlich willkommen in unserem Shop. Um sich bei Ihrem nächsten Besuch in unserem Shop einzuloggen, klicken sie einfach Login oder Mein Benutzerkonto im oberen Bereich jeder Seite und geben Sie ihr E-Mail-Adresse und Passwort ein.', 'de', '2018-11-26 10:10:35', '2019-01-01 16:15:31', NULL),
(417, 'welcome to our shop. To log on your next visit in our shop, just click Login or My Account at the top of every page and enter your e-mail address and password.', 'en', '2018-11-26 10:10:35', '2018-11-26 10:10:35', NULL),
(417, 'Bienvenue dans notre boutique. Pour vous connecter la prochaine fois que vous visiterez notre boutique, cliquez simplement sur Connexion ou Mon compte en haut de chaque page et entrez votre adresse e-mail et votre mot de passe.', 'fr', '2019-01-01 16:15:31', '2019-01-01 16:15:31', NULL),
(418, 'Mit folgenden Zugangsdaten können Sie sich anmelden:', 'de', '2018-11-26 10:10:35', '2018-11-26 10:10:35', NULL),
(418, 'With the following access data you can login:', 'en', '2018-11-26 10:10:35', '2018-11-26 10:10:35', NULL),
(418, 'Vous pouvez vous connecter avec les données d\'accès suivantes :', 'fr', '2019-01-01 16:15:54', '2019-01-01 16:15:54', NULL),
(419, 'Nach erfolgreichem Login auf unsere Seite haben Sie die folgenden Möglichkeiten:', 'de', '2018-11-26 10:10:35', '2018-11-26 10:10:35', NULL),
(419, 'After successful login in to our site you have the following options:', 'en', '2018-11-26 10:10:35', '2018-11-26 10:10:35', NULL),
(419, 'Après une connexion réussie sur notre site, vous avez les possibilités suivantes:', 'fr', '2019-01-01 16:18:43', '2019-01-01 16:18:43', NULL),
(420, '- Schnellerer Bezahlvorgang beim nächsten Einkauf', 'de', '2018-11-26 10:10:35', '2018-11-26 10:10:35', NULL),
(420, '- Faster checkout process the next time you purchase', 'en', '2018-11-26 10:10:35', '2018-11-26 10:10:35', NULL),
(420, '- Processus de paiement plus rapide pour le prochain achat', 'fr', '2019-01-01 16:19:09', '2019-01-01 16:19:09', NULL),
(421, '- Alle laufenden Bestellungen im Auge behalten', 'de', '2018-11-26 10:10:35', '2018-11-26 10:10:35', NULL),
(421, '- Keep an eye on all current orders', 'en', '2018-11-26 10:10:35', '2018-11-26 10:10:35', NULL),
(421, '- Suivre toutes les commandes en cours', 'fr', '2019-01-01 16:19:39', '2019-01-01 16:19:39', NULL),
(422, '- Verlauf der früheren Bestellungen', 'de', '2018-11-26 10:10:35', '2019-01-01 16:20:19', NULL),
(422, '- History of past orders', 'en', '2018-11-26 10:10:35', '2018-11-26 10:10:35', NULL),
(422, '- Historique des commandes précédentes', 'fr', '2019-01-01 16:20:19', '2019-01-01 16:20:19', NULL),
(423, '- Verwalten der Benutzerkonto-Einstellungen', 'de', '2018-11-26 10:10:35', '2018-11-26 10:10:35', NULL),
(423, '- Managing the Account Settings', 'en', '2018-11-26 10:10:35', '2018-11-26 10:10:35', NULL),
(423, '- Gérer les paramètres du compte utilisateur', 'fr', '2019-01-01 16:20:41', '2019-01-01 16:20:41', NULL),
(424, '- Ihr Passwort ändern', 'de', '2018-11-26 10:10:35', '2018-11-26 10:10:35', NULL),
(424, '- Change your password', 'en', '2018-11-26 10:10:35', '2018-11-26 10:10:35', NULL),
(424, '- Modifier votre mot de passe', 'fr', '2019-01-01 16:20:43', '2019-01-01 16:55:08', NULL),
(425, '- Verschiedene Adressen für den Versand an Familienmitglieder und Freunde sowie Rechnungsadressen speichern', 'de', '2018-11-26 10:10:35', '2018-11-26 10:10:35', NULL),
(425, '- Store different addresses for sending to family members and friends as well as billing addresses', 'en', '2018-11-26 10:10:35', '2018-11-26 10:10:35', NULL),
(425, '- Sauvegarder des différentes adresses pour la livraison aux membres de votre famille et à vos amis, ainsi que des adresses de facturation.', 'fr', '2019-01-01 16:50:18', '2019-01-01 16:55:45', NULL),
(426, 'Zuvor müssen Sie lediglich die Registrierung bestätigen indem Sie auf folgenden Link klicken', 'de', '2018-11-26 10:10:35', '2018-11-26 10:10:35', NULL),
(426, 'Previously, you only need to confirm the registration by clicking on the following link', 'en', '2018-11-26 10:10:35', '2018-11-26 10:10:35', NULL),
(426, 'Avant de pouvoir le faire, il vous suffit de confirmer votre inscription en cliquant sur le lien suivant', 'fr', '2019-01-01 16:50:54', '2019-01-01 16:50:54', NULL),
(427, 'Vielen Dank!', 'de', '2018-11-26 10:10:35', '2018-11-26 10:10:35', NULL),
(427, 'Thank you!', 'en', '2018-11-26 10:10:35', '2018-11-26 10:10:35', NULL),
(427, 'Merci beaucoup!', 'fr', '2019-01-01 16:51:07', '2019-01-01 16:51:07', NULL),
(428, 'FrontImage-Links', 'de', '2018-11-26 10:10:35', '2018-11-26 10:10:35', NULL),
(428, 'FrontImage-Links', 'en', '2018-11-26 10:10:35', '2018-11-26 10:10:35', NULL),
(428, 'FrontImage-Links', 'fr', '2019-01-01 16:51:26', '2019-01-13 17:22:56', NULL),
(429, 'FrontImages', 'de', '2018-11-26 10:10:35', '2018-11-26 10:10:35', NULL),
(429, 'FrontImages', 'en', '2018-11-26 10:10:35', '2018-11-26 10:10:35', NULL),
(429, 'FrontImages', 'fr', '2019-01-01 16:56:42', '2019-01-01 16:56:42', NULL),
(430, 'Team', 'de', '2018-11-26 10:10:35', '2018-11-26 10:10:35', NULL),
(430, 'Team', 'en', '2018-11-26 10:10:35', '2018-11-26 10:10:35', NULL),
(430, 'Équipe', 'fr', '2019-01-01 16:57:12', '2019-01-01 16:57:12', NULL),
(431, 'Newsletter', 'de', '2018-11-26 10:10:35', '2018-11-26 10:10:35', NULL),
(431, 'Newsletter', 'en', '2018-11-26 10:10:35', '2018-11-26 10:10:35', NULL),
(431, 'Newsletter', 'fr', '2019-01-01 16:57:46', '2019-01-01 16:57:46', NULL),
(432, 'Url', 'de', '2018-11-26 10:10:35', '2018-11-26 10:10:35', NULL),
(432, 'Url', 'en', '2018-11-26 10:10:35', '2018-11-26 10:10:35', NULL),
(432, 'Url', 'fr', '2019-01-01 16:58:01', '2019-01-01 16:58:01', NULL),
(433, 'Sind Sie sicher?', 'de', '2018-11-26 10:10:35', '2018-11-26 10:10:35', NULL),
(433, 'Are you sure?', 'en', '2018-11-26 10:10:35', '2018-11-26 10:10:35', NULL),
(433, 'Vous êtes sûr de vous ?', 'fr', '2019-01-01 16:58:33', '2019-01-01 16:58:33', NULL),
(434, 'Dies dauert eventuell etwas länger als nur ein paar Minuten. Bitte nicht mehr die Seite aktualisieren, wenn Sie: \"Ja, das ist mein Wunsch!\", gedrückt haben.', 'de', '2018-11-26 10:10:35', '2018-11-26 10:10:35', NULL),
(434, 'This may take some more minutes. Do not refresh the page after you have clicked: \"Yes, this is my wish!\"', 'en', '2018-11-26 10:10:35', '2018-11-26 10:10:35', NULL),
(434, 'Cela peut prendre un peu plus de quelques minutes. Veuillez ne plus rafraîchir la page si vous avez appuyé sur: \"Oui, c\'est mon souhait\"!', 'fr', '2019-01-01 16:59:22', '2019-01-01 16:59:22', NULL),
(435, 'Ja, das ist mein Wunsch!', 'de', '2018-11-26 10:10:35', '2018-11-26 10:10:35', NULL),
(435, 'Yes, this is my wish!', 'en', '2018-11-26 10:10:35', '2018-11-26 10:10:35', NULL),
(435, 'Oui, c\'est mon souhait!', 'fr', '2019-01-01 16:59:45', '2019-01-01 16:59:45', NULL),
(436, 'E-Mail-Adresse', 'de', '2018-11-26 10:10:35', '2018-11-26 10:10:35', NULL),
(436, 'Email address', 'en', '2018-11-26 10:10:35', '2018-11-26 10:10:35', NULL),
(436, 'Adresse email', 'fr', '2019-01-01 16:59:58', '2019-01-01 16:59:58', NULL),
(437, 'Produktsuche', 'de', '2018-11-26 10:10:35', '2018-11-26 10:10:35', NULL),
(437, 'Product-Search', 'en', '2018-11-26 10:10:35', '2018-11-26 10:10:35', NULL),
(437, 'Recherche de produit', 'fr', '2019-01-01 17:00:22', '2019-01-01 17:00:22', NULL),
(438, 'Suche', 'de', '2018-11-26 10:10:35', '2018-11-26 10:10:35', NULL),
(438, 'Search', 'en', '2018-11-26 10:10:35', '2018-11-26 10:10:35', NULL),
(438, 'Recherche', 'fr', '2019-01-01 17:00:36', '2019-01-01 17:00:36', NULL),
(439, 'Suche', 'de', '2018-11-26 10:10:35', '2018-11-26 10:10:35', NULL),
(439, 'Search', 'en', '2018-11-26 10:10:35', '2018-11-26 10:10:35', NULL),
(439, 'Recherche', 'fr', '2019-01-01 17:00:44', '2019-01-01 17:00:44', NULL),
(440, 'Einlösen', 'de', '2018-11-26 10:10:35', '2018-11-26 10:10:35', NULL),
(440, 'Redeem', 'en', '2019-01-01 17:00:54', '2019-01-01 17:04:09', NULL),
(440, 'Échanger', 'fr', '2019-01-01 17:00:54', '2019-01-01 17:04:09', NULL),
(441, 'Gutschein', 'de', '2018-11-26 10:10:35', '2018-11-26 10:10:35', NULL),
(441, 'Coupon', 'en', '2018-11-26 10:10:35', '2018-11-26 10:10:35', NULL),
(441, 'Coupon', 'fr', '2019-01-01 17:04:37', '2019-01-01 17:04:37', NULL),
(442, 'Gutscheincode', 'de', '2018-11-26 10:10:35', '2018-11-26 10:10:35', NULL),
(442, 'Coupon-Code', 'en', '2018-11-26 10:10:35', '2018-11-26 10:10:35', NULL),
(442, 'Code coupon', 'fr', '2019-01-01 17:05:24', '2019-01-01 17:05:24', NULL),
(443, 'Preis von', 'de', '2018-11-26 10:10:35', '2018-11-26 10:10:35', NULL),
(443, 'Price from', 'en', '2018-11-26 10:10:35', '2018-11-26 10:10:35', NULL),
(443, 'Prix de', 'fr', '2019-01-01 17:05:38', '2019-01-01 17:05:38', NULL),
(444, 'bis', 'de', '2018-11-26 10:10:35', '2018-11-26 10:10:35', NULL),
(444, 'till', 'en', '2018-11-26 10:10:35', '2018-11-26 10:10:35', NULL),
(444, 'jusqu\'à', 'fr', '2019-01-01 17:05:58', '2019-01-01 17:05:58', NULL),
(445, 'Alle', 'de', '2018-11-26 10:10:35', '2018-11-26 10:10:35', NULL),
(445, 'All', 'en', '2018-11-26 10:10:35', '2018-11-26 10:10:35', NULL),
(445, 'Tous', 'fr', '2019-01-01 17:06:09', '2019-01-01 17:06:09', NULL),
(446, 'FAQs', 'de', '2018-11-26 10:10:35', '2018-11-26 10:10:35', NULL),
(446, 'FAQs', 'en', '2018-11-26 10:10:35', '2018-11-26 10:10:35', NULL),
(446, 'Questions fréquentes', 'fr', '2019-01-01 17:06:35', '2019-01-01 17:06:35', NULL),
(447, 'FAQ', 'de', '2018-11-26 10:10:35', '2018-11-26 10:10:35', NULL),
(447, 'FAQ', 'en', '2018-11-26 10:10:35', '2018-11-26 10:10:35', NULL),
(447, 'Questions fréquentes', 'fr', '2019-01-01 17:06:45', '2019-01-01 17:17:44', NULL),
(448, 'Frage', 'de', '2018-11-26 10:10:35', '2018-11-26 10:10:35', NULL),
(448, 'Question', 'en', '2018-11-26 10:10:35', '2018-11-26 10:10:35', NULL),
(448, 'Question', 'fr', '2019-01-01 17:06:53', '2019-01-01 17:06:53', NULL),
(449, 'Antwort', 'de', '2018-11-26 10:10:35', '2018-11-26 10:10:35', NULL),
(449, 'Answer', 'en', '2018-11-26 10:10:35', '2018-11-26 10:10:35', NULL),
(449, 'Réponse', 'fr', '2019-01-01 17:07:03', '2019-01-01 17:07:03', NULL),
(450, 'Flyer', 'de', '2018-11-26 10:10:35', '2018-11-26 10:10:35', NULL),
(450, 'Flyer', 'en', '2018-11-26 10:10:35', '2018-11-26 10:10:35', NULL),
(450, 'Dépliants', 'fr', '2019-01-01 17:08:12', '2019-01-01 17:08:12', NULL),
(451, 'Erstellen', 'de', '2018-11-26 10:10:35', '2018-11-26 10:10:35', NULL),
(451, 'Create', 'en', '2018-11-26 10:10:35', '2018-11-26 10:10:35', NULL),
(451, 'Créer', 'fr', '2019-01-01 17:08:42', '2019-01-01 17:08:42', NULL),
(452, 'Erstellt am', 'de', '2018-11-26 10:10:35', '2018-11-26 10:10:35', NULL),
(452, 'Created at', 'en', '2018-11-26 10:10:35', '2018-11-26 10:10:35', NULL),
(452, 'Créé le', 'fr', '2019-01-01 17:09:18', '2019-01-01 17:09:18', NULL),
(453, 'Wunschtermin und Besonderheiten', 'de', '2018-11-26 10:10:35', '2018-11-26 10:10:35', NULL),
(453, 'Desired date and special features', 'en', '2018-11-26 10:10:35', '2018-11-26 10:10:35', NULL),
(453, 'Date désirée et caractéristiques spéciales', 'fr', '2019-01-01 17:09:45', '2019-01-01 17:09:45', NULL),
(454, 'Passwort wiederholen', 'de', '2018-11-26 10:10:35', '2018-11-26 10:10:35', NULL),
(454, 'Retype Password', 'en', '2018-11-26 10:10:35', '2018-11-26 10:10:35', NULL),
(454, 'Répéter le mot de passe', 'fr', '2019-01-01 17:10:08', '2019-01-01 17:10:08', NULL),
(455, 'Frau', 'de', '2018-11-26 10:10:35', '2018-11-26 10:10:35', NULL),
(455, 'Mrs.', 'en', '2018-11-26 10:10:35', '2018-11-26 10:10:35', NULL),
(455, 'Mme', 'fr', '2019-01-01 17:10:21', '2019-01-01 17:10:21', NULL),
(456, 'Herr', 'de', '2018-11-26 10:10:35', '2018-11-26 10:10:35', NULL),
(456, 'Mr.', 'en', '2018-11-26 10:10:35', '2018-11-26 10:10:35', NULL),
(456, 'Mr', 'fr', '2019-01-01 17:10:47', '2019-01-01 17:10:47', NULL),
(457, 'Vorname', 'de', '2018-11-26 10:10:35', '2018-11-26 10:10:35', NULL),
(457, 'Firstname', 'en', '2018-11-26 10:10:35', '2018-11-26 10:10:35', NULL),
(457, 'Prénom', 'fr', '2019-01-01 17:10:55', '2019-01-01 17:10:55', NULL),
(458, 'Nachname', 'de', '2018-11-26 10:10:35', '2018-11-26 10:10:35', NULL),
(458, 'Lastname', 'en', '2018-11-26 10:10:35', '2018-11-26 10:10:35', NULL),
(458, 'Nom de famille', 'fr', '2019-01-01 17:11:04', '2019-01-01 17:11:04', NULL),
(459, 'Hausnummer', 'de', '2018-11-26 10:10:35', '2018-11-26 10:10:35', NULL),
(459, 'House Number', 'en', '2018-11-26 10:10:35', '2018-11-26 10:10:35', NULL),
(459, 'Numéro de rue', 'fr', '2019-01-01 17:11:29', '2019-01-01 17:18:28', NULL),
(460, 'Registrieren', 'de', '2018-11-26 10:10:35', '2018-11-26 10:10:35', NULL),
(460, 'Register', 'en', '2018-11-26 10:10:35', '2018-11-26 10:10:35', NULL),
(460, 'Enregistrer', 'fr', '2019-01-01 17:11:42', '2019-01-01 17:11:42', NULL),
(461, 'Login mit Facebook', 'de', '2018-11-26 10:10:35', '2018-11-26 10:10:35', NULL),
(461, 'Login with Facebook', 'en', '2018-11-26 10:10:35', '2018-11-26 10:10:35', NULL),
(461, 'Connectez-vous avec Facebook', 'fr', '2019-01-01 17:11:44', '2019-01-01 17:18:54', NULL),
(462, 'Passwort vergessen', 'de', '2018-11-26 10:10:35', '2018-11-26 10:10:35', NULL),
(462, 'Lost Password', 'en', '2018-11-26 10:10:35', '2018-11-26 10:10:35', NULL),
(462, 'Mot de passe oublié', 'fr', '2019-01-01 17:19:18', '2019-01-01 17:19:18', NULL),
(463, 'Passwort vergessen', 'de', '2018-11-26 10:10:35', '2018-11-26 10:10:35', NULL),
(463, 'Lost Password', 'en', '2018-11-26 10:10:35', '2018-11-26 10:10:35', NULL),
(463, 'Mot de passe oublié', 'fr', '2019-01-01 17:19:27', '2019-01-01 17:19:27', NULL),
(464, 'Passwort vergessen?', 'de', '2018-11-26 10:10:35', '2018-11-26 10:10:35', NULL),
(464, 'Frogot Password?', 'en', '2018-11-26 10:10:35', '2018-11-26 10:10:35', NULL),
(464, 'Mot de passe oublié?', 'fr', '2019-01-01 17:19:36', '2019-01-01 17:19:36', NULL),
(465, 'Passwort abrufen', 'de', '2018-11-26 10:10:35', '2018-11-26 10:10:35', NULL),
(465, 'Retrieve Password', 'en', '2018-11-26 10:10:35', '2018-11-26 10:10:35', NULL),
(465, 'Récupérer le mot de passe', 'fr', '2019-01-01 17:20:22', '2019-01-01 17:20:22', NULL),
(466, 'Geben Sie Ihre E-Mail Adresse ein, wenn Sie Ihr Passwort vergessen haben und Sie bekommen ein Neues.', 'de', '2018-11-26 10:10:35', '2018-11-26 10:10:35', NULL),
(466, 'Enter your email if you forgot your password and want to retrieve a new one.', 'en', '2018-11-26 10:10:35', '2018-11-26 10:10:35', NULL),
(466, 'Entrez votre adresse e-mail si vous avez oublié votre mot de passe et vous en recevrez un nouveau.', 'fr', '2019-01-01 17:20:58', '2019-01-01 17:20:58', NULL),
(467, 'Ein Benutzerkonto mit dem angegebenen Namen konnte nicht gefunden werden.', 'de', '2018-11-26 10:10:35', '2018-11-26 10:10:35', NULL),
(467, 'An account with the specified login could not be found.', 'en', '2018-11-26 10:10:35', '2018-11-26 10:10:35', NULL),
(467, 'Un compte utilisateur avec le nom spécifié n\'a pas pu être trouvé.', 'fr', '2019-01-01 17:21:21', '2019-01-01 17:21:21', NULL),
(468, 'Das Benutzerkonto mit dem angegebenen Namen wurde noch nicht aktiviert.', 'de', '2018-11-26 10:10:35', '2018-11-26 10:10:35', NULL),
(468, 'The account associated with the specified login has not been activated.', 'en', '2018-11-26 10:10:35', '2018-11-26 10:10:35', NULL),
(468, 'Le compte utilisateur avec le nom spécifié n\'a pas encore été activé.', 'fr', '2019-01-01 17:21:43', '2019-01-01 17:21:43', NULL),
(469, 'Das Benutzerkonto mit dem angegebenen Namen kann nicht auf diese Weise betreten werden.', 'de', '2018-11-26 10:10:35', '2018-11-26 10:10:35', NULL),
(469, 'The account associated with the specified login can not be accessed that way.', 'en', '2018-11-26 10:10:35', '2018-11-26 10:10:35', NULL),
(469, 'Le compte utilisateur avec le nom spécifié ne peut pas être saisi de cette façon.', 'fr', '2019-01-01 17:35:12', '2019-01-01 17:35:12', NULL),
(470, 'Wir haben Ihnen eine E-Mail gesendet.', 'de', '2018-11-26 10:10:35', '2018-11-26 10:10:35', NULL),
(470, 'We sent you an email.', 'en', '2018-11-26 10:10:35', '2018-11-26 10:10:35', NULL),
(470, 'Nous vous avons envoyé un e-mail.', 'fr', '2019-01-01 17:35:38', '2019-01-01 17:35:38', NULL),
(471, 'Passwort zurücksetzen', 'de', '2018-11-26 10:10:35', '2018-11-26 10:10:35', NULL),
(471, 'Reset Password', 'en', '2018-11-26 10:10:35', '2018-11-26 10:10:35', NULL),
(471, 'Réinitialisation du mot de passe', 'fr', '2019-01-01 17:36:14', '2019-01-01 17:36:14', NULL),
(472, 'Feedback', 'de', '2018-11-26 10:10:35', '2018-11-26 10:10:35', NULL),
(472, 'Feedback', 'en', '2018-11-26 10:10:35', '2018-11-26 10:10:35', NULL),
(472, 'Commentaires', 'fr', '2019-01-01 17:36:58', '2019-01-01 17:36:58', NULL),
(473, 'Passwort vergessen?', 'de', '2018-11-26 10:10:35', '2018-11-26 10:10:35', NULL),
(473, 'You forgot your password?', 'en', '2018-11-26 10:10:35', '2018-11-26 10:10:35', NULL),
(473, 'Oublié votre mot de passe?', 'fr', '2019-01-01 17:37:26', '2019-01-01 17:37:26', NULL),
(474, 'Bestellungen', 'de', '2018-11-26 10:10:35', '2018-11-26 10:10:35', NULL),
(474, 'Product Orders', 'en', '2018-11-26 10:10:35', '2018-11-26 10:10:35', NULL),
(474, 'Commandes', 'fr', '2019-01-01 17:37:36', '2019-01-01 17:37:36', NULL),
(475, 'Bestellung vom', 'de', '2018-11-26 10:10:35', '2018-11-26 10:10:35', NULL),
(475, 'Order from', 'en', '2018-11-26 10:10:35', '2018-11-26 10:10:35', NULL),
(475, 'Commande du', 'fr', '2019-01-01 17:37:54', '2019-01-01 17:37:54', NULL),
(476, 'Bezahlt', 'de', '2018-11-26 10:10:35', '2018-11-26 10:10:35', NULL),
(476, 'Payed', 'en', '2018-11-26 10:10:35', '2018-11-26 10:10:35', NULL),
(476, 'Payé', 'fr', '2019-01-01 17:38:19', '2019-01-01 17:38:19', NULL),
(477, 'Verschickt', 'de', '2018-11-26 10:10:35', '2018-11-26 10:10:35', NULL),
(477, 'Shipped', 'en', '2018-11-26 10:10:35', '2018-11-26 10:10:35', NULL),
(477, 'Envoyé', 'fr', '2019-01-01 17:38:55', '2019-01-01 17:38:55', NULL),
(478, 'Storniert', 'de', '2018-11-26 10:10:35', '2018-11-26 10:10:35', NULL),
(478, 'Cancelled', 'en', '2018-11-26 10:10:35', '2018-11-26 10:10:35', NULL),
(478, 'Annulé', 'fr', '2019-01-01 17:39:36', '2019-01-01 17:39:36', NULL),
(479, 'Zusammengestellt', 'de', '2018-11-26 10:10:35', '2018-11-26 10:10:35', NULL),
(479, 'Compiled', 'en', '2018-11-26 10:10:35', '2018-11-26 10:10:35', NULL),
(479, 'Rassemblé', 'fr', '2019-01-01 17:42:31', '2019-01-01 17:42:31', NULL),
(480, 'Bestätigt', 'de', '2018-11-26 10:10:35', '2018-11-26 10:10:35', NULL),
(480, 'Order Checked', 'en', '2018-11-26 10:10:35', '2018-11-26 10:10:35', NULL),
(480, 'Confirmé', 'fr', '2019-01-01 17:42:43', '2019-01-01 17:42:43', NULL),
(481, 'Versand-Land', 'de', '2018-11-26 10:10:35', '2018-11-26 10:10:35', NULL),
(481, 'Delivery Country', 'en', '2018-11-26 10:10:35', '2018-11-26 10:10:35', NULL),
(481, 'Pays de livraison', 'fr', '2019-01-01 17:43:29', '2019-01-01 17:43:29', NULL),
(482, 'Rechnungs-Land', 'de', '2018-11-26 10:10:35', '2018-11-26 10:10:35', NULL),
(482, 'Billing Country', 'en', '2018-11-26 10:10:35', '2018-11-26 10:10:35', NULL),
(482, 'Pays de facturation', 'fr', '2019-01-01 17:45:07', '2019-01-01 17:45:07', NULL),
(483, 'Bestellungen', 'de', '2018-11-26 10:10:35', '2018-11-26 10:10:35', NULL),
(483, 'Orders', 'en', '2018-11-26 10:10:35', '2018-11-26 10:10:35', NULL),
(483, 'Commandes', 'fr', '2019-01-01 17:45:24', '2019-01-01 17:45:24', NULL),
(484, 'Bestellungen', 'de', '2018-11-26 10:10:35', '2018-11-26 10:10:35', NULL),
(484, 'Orders', 'en', '2018-11-26 10:10:35', '2018-11-26 10:10:35', NULL),
(484, 'Commandes', 'fr', '2019-01-01 17:45:35', '2019-01-01 17:45:35', NULL),
(485, 'von', 'de', '2018-11-26 10:10:35', '2018-11-26 10:10:35', NULL),
(485, 'of', 'en', '2018-11-26 10:10:35', '2018-11-26 10:10:35', NULL),
(485, 'de', 'fr', '2019-01-01 17:45:42', '2019-01-01 17:45:42', NULL),
(486, '\'%value%\' wurde in der Datenmenge nicht wiedergefunden.', 'de', '2018-11-26 10:10:35', '2018-11-26 10:10:35', NULL),
(486, '\'%value%\' was not found in the haystack.', 'en', '2018-11-26 10:10:35', '2018-11-26 10:10:35', NULL),
(486, '\'%value%\' n\'a pas été trouvé dans l\'ensemble de données.', 'fr', '2019-01-01 17:48:39', '2019-01-01 17:48:39', NULL),
(487, 'Hier können Sie das System einrichten, damit es funktioniert.', 'de', '2018-11-26 10:10:35', '2018-11-26 10:10:35', NULL),
(487, 'Here, you can setup the system in order to get it going.', 'en', '2018-11-26 10:10:35', '2018-11-26 10:10:35', NULL),
(487, 'Ici, vous pouvez paramétrer le système pour qu\'il fonctionne.', 'fr', '2019-01-01 17:49:13', '2019-01-01 17:51:42', NULL),
(488, 'Hier können Sie das System einrichten, damit es funktioniert.', 'de', '2018-11-26 10:10:35', '2018-11-26 10:10:35', NULL),
(488, 'Here, you can setup the system in order to get it going.', 'en', '2018-11-26 10:10:35', '2018-11-26 10:10:35', NULL),
(488, 'Ici, vous pouvez paramétrer le système pour qu\'il fonctionne.', 'fr', '2019-01-01 17:49:38', '2019-01-01 17:51:54', NULL),
(489, 'Hier können Sie das System einrichten, damit es funktioniert.', 'de', '2018-11-26 10:10:35', '2018-11-26 10:10:35', NULL),
(489, 'Here, you can setup the system in order to get it going.', 'en', '2018-11-26 10:10:35', '2018-11-26 10:10:35', NULL),
(489, 'Ici, vous pouvez paramétrer le système pour qu\'il fonctionne.', 'fr', '2019-01-01 17:49:53', '2019-01-01 17:49:53', NULL),
(490, 'Holen Sie sich einen schnellen Überblick über die Anwendung.', 'de', '2018-11-26 10:10:35', '2018-11-26 10:10:35', NULL),
(490, 'Get a quick application overview.', 'en', '2018-11-26 10:10:35', '2018-11-26 10:10:35', NULL),
(490, 'Obtenez un aperçu rapide de l\'application.', 'fr', '2019-01-01 17:49:58', '2019-01-01 17:52:48', NULL),
(491, 'Setup und Konfiguration', 'de', '2018-11-26 10:10:35', '2018-11-26 10:10:35', NULL),
(491, 'Setup and Configuration', 'en', '2018-11-26 10:10:35', '2018-11-26 10:10:35', NULL),
(491, 'Paramétrage et configuration', 'fr', '2019-01-01 17:53:23', '2019-01-01 17:53:23', NULL),
(492, 'Einrichten dieser Anwendung', 'de', '2018-11-26 10:10:35', '2018-11-26 10:10:35', NULL),
(492, 'Set Up this application', 'en', '2018-11-26 10:10:35', '2018-11-26 10:10:35', NULL),
(492, 'Mise en place de cette application', 'fr', '2019-01-01 17:54:16', '2019-01-01 17:54:16', NULL),
(493, 'Konfigurieren Sie diese Anwendung', 'de', '2018-11-26 10:10:35', '2018-11-26 10:10:35', NULL),
(493, 'Configure this application', 'en', '2018-11-26 10:10:35', '2018-11-26 10:10:35', NULL),
(493, 'Configurez cette application', 'fr', '2019-01-01 17:55:11', '2019-01-01 17:55:11', NULL),
(494, 'Verwalten von Gruppen und Nutzern', 'de', '2018-11-26 10:10:35', '2018-11-26 10:10:35', NULL),
(494, 'Manage Roles and Users', 'en', '2018-11-26 10:10:35', '2018-11-26 10:10:35', NULL),
(494, 'Gestion des groupes et des utilisateurs', 'fr', '2019-01-01 17:55:42', '2019-01-01 18:20:09', NULL),
(495, 'Verwalten von Gruppen', 'de', '2018-11-26 10:10:35', '2018-11-26 10:10:35', NULL),
(495, 'Manage Roles', 'en', '2018-11-26 10:10:35', '2018-11-26 10:10:35', NULL),
(495, 'Gestion des groupes', 'fr', '2019-01-01 17:56:01', '2019-01-01 18:20:28', NULL),
(496, 'Verwalten von Nutzern', 'de', '2018-11-26 10:10:35', '2018-11-26 10:10:35', NULL),
(496, 'Manage Users', 'en', '2018-11-26 10:10:35', '2018-11-26 10:10:35', NULL),
(496, 'Gestion des utilisateurs', 'fr', '2019-01-01 17:56:31', '2019-01-01 18:20:44', NULL),
(497, 'Verwalten von Medien und CSS', 'de', '2018-11-26 10:10:35', '2018-11-26 10:10:35', NULL),
(497, 'Manage Media and CSS', 'en', '2018-11-26 10:10:35', '2018-11-26 10:10:35', NULL),
(497, 'Gestion des médias et CSS', 'fr', '2019-01-01 17:57:06', '2019-01-01 17:57:06', NULL),
(498, 'Generiere symbolisierte Liste CSS', 'de', '2018-11-26 10:10:35', '2019-01-01 17:59:07', NULL),
(498, 'Generate iconized list CSS', 'en', '2018-11-26 10:10:35', '2018-11-26 10:10:35', NULL),
(498, 'Générer liste symbolisée CSS', 'fr', '2019-01-01 17:59:07', '2019-01-01 17:59:07', NULL),
(499, 'Verwalten von Ressourcen', 'de', '2018-11-26 10:10:35', '2019-01-01 17:59:45', NULL),
(499, 'Manage Resources', 'en', '2018-11-26 10:10:35', '2018-11-26 10:10:35', NULL),
(499, 'Gestion des ressources', 'fr', '2019-01-01 17:59:45', '2019-01-01 18:21:09', NULL),
(500, 'Verwalten von Modulen', 'de', '2018-11-26 10:10:35', '2018-11-26 10:10:35', NULL),
(500, 'Manage Modules', 'en', '2018-11-26 10:10:35', '2018-11-26 10:10:35', NULL),
(500, 'Gestion des modules', 'fr', '2019-01-01 18:00:12', '2019-01-01 18:00:12', NULL),
(501, 'Modul', 'de', '2018-11-26 10:10:35', '2018-11-26 10:10:35', NULL),
(501, 'Module', 'en', '2018-11-26 10:10:35', '2018-11-26 10:10:35', NULL),
(501, 'Modul', 'fr', '2019-01-01 18:00:37', '2019-01-01 18:00:37', NULL),
(502, 'Verwalten von Controllern', 'de', '2018-11-26 10:10:35', '2018-11-26 10:10:35', NULL),
(502, 'Manage Controllers', 'en', '2018-11-26 10:10:35', '2018-11-26 10:10:35', NULL),
(502, 'Gestion des contrôleurs', 'fr', '2019-01-01 18:03:04', '2019-01-01 18:03:04', NULL),
(503, 'Verwalten von Aktionen', 'de', '2018-11-26 10:10:35', '2018-11-26 10:10:35', NULL),
(503, 'Manage Actions', 'en', '2018-11-26 10:10:35', '2018-11-26 10:10:35', NULL),
(503, 'Gestion des actions', 'fr', '2019-01-01 18:03:37', '2019-01-01 18:03:37', NULL),
(504, 'Verwalten von Plugins', 'de', '2018-11-26 10:10:35', '2018-11-26 10:10:35', NULL),
(504, 'Manage Plugins', 'en', '2018-11-26 10:10:35', '2018-11-26 10:10:35', NULL),
(504, 'Gestion des plugins', 'fr', '2019-01-01 18:04:06', '2019-01-01 18:04:06', NULL),
(505, 'Verwalten von Übersetzungen', 'de', '2018-11-26 10:10:35', '2018-11-26 10:10:35', NULL),
(505, 'Manage Translations', 'en', '2018-11-26 10:10:35', '2018-11-26 10:10:35', NULL),
(505, 'Gestion des traductions', 'fr', '2019-01-01 18:04:39', '2019-01-01 18:04:39', NULL),
(506, 'Verwalten von Übersetzungen', 'de', '2018-11-26 10:10:35', '2018-11-26 10:10:35', NULL),
(506, 'Manage Translations', 'en', '2018-11-26 10:10:35', '2018-11-26 10:10:35', NULL),
(506, 'Gestion des traductions', 'fr', '2019-01-01 18:04:59', '2019-01-01 18:04:59', NULL),
(507, 'Verwalten von Modellen', 'de', '2018-11-26 10:10:35', '2019-01-01 18:05:29', NULL),
(507, 'Manage Models', 'en', '2018-11-26 10:10:35', '2018-11-26 10:10:35', NULL),
(507, 'Gestion des modèles', 'fr', '2019-01-01 18:05:29', '2019-01-01 18:05:29', NULL),
(508, 'Verwalten von Modeln', 'de', '2018-11-26 10:10:35', '2018-11-26 10:10:35', NULL),
(508, 'Manage Models', 'en', '2018-11-26 10:10:35', '2018-11-26 10:10:35', NULL),
(508, 'Gestion des modèles', 'fr', '2019-01-01 18:05:52', '2019-01-01 18:05:52', NULL),
(509, 'Sie sollten diese Box nur ankreuzen, wenn Sie voll und ganz verstanden haben, was passieren wird, denn sobald Sie auf die Schaltfläche geklickt haben werden, können Sie es nicht mehr stoppen.', 'de', '2018-11-26 10:10:35', '2019-01-01 18:08:53', NULL),
(509, 'You should only tick this box if you have fully understood what\'s going to happen once you\'ve clicked the button below, you can\'t stop it.', 'en', '2018-11-26 10:10:35', '2018-11-26 10:10:35', NULL),
(509, 'Vous ne devriez cocher cette case que si vous comprenez parfaitement ce qui va se passer, car une fois que vous cliquez sur le bouton, vous ne pouvez plus l\'arrêter.', 'fr', '2019-01-01 18:08:53', '2019-01-01 18:08:53', NULL),
(510, 'Ja, jetzt einrichten!', 'de', '2018-11-26 10:10:35', '2019-01-01 18:10:31', NULL),
(510, 'Yes, setup now!', 'en', '2018-11-26 10:10:35', '2018-11-26 10:10:35', NULL),
(510, 'Oui, installez-le maintenant!', 'fr', '2019-01-01 18:10:31', '2019-01-01 18:10:31', NULL),
(511, 'Das Benutzen dieser Optionen kann zu Fehlfunktionen führen. Seien Sie sich wirklich sicher bei dem was Sie tun!', 'de', '2018-11-26 10:10:35', '2019-01-01 18:12:12', NULL),
(511, 'Using these options may lead to malfunctions. So make sure you really know what you are doing!', 'en', '2018-11-26 10:10:35', '2018-11-26 10:10:35', NULL),
(511, 'L\'utilisation de ces options peut entraîner des dysfonctionnements. Soyez vraiment sûr de ce que vous faites!', 'fr', '2019-01-01 18:12:12', '2019-01-01 18:12:12', NULL),
(512, 'Ist das eine echte Aktion?', 'de', '2018-11-26 10:10:35', '2019-01-01 18:14:30', NULL),
(512, 'Is real Action?', 'en', '2018-11-26 10:10:35', '2018-11-26 10:10:35', NULL),
(512, 'S\'agit-il d\'une action réelle ?', 'fr', '2019-01-01 18:14:30', '2019-01-01 18:14:30', NULL),
(513, 'Ist das eine neue Aktion?', 'de', '2018-11-26 10:10:35', '2019-01-01 18:15:04', NULL),
(513, 'Is new Action?', 'en', '2018-11-26 10:10:35', '2018-11-26 10:10:36', NULL),
(513, 'S\'agit-il d\'une nouvelle action ?', 'fr', '2019-01-01 18:15:04', '2019-01-01 18:15:04', NULL),
(514, 'Es gibt nichts zu tun.', 'de', '2018-11-26 10:10:36', '2018-11-26 10:10:36', NULL),
(514, 'There is nothing to do.', 'en', '2018-11-26 10:10:36', '2018-11-26 10:10:36', NULL),
(514, 'Il n\'y a rien à faire.', 'fr', '2019-01-01 18:15:32', '2019-01-01 18:15:32', NULL),
(515, 'Update', 'de', '2018-11-26 10:10:36', '2018-11-26 10:10:36', NULL),
(515, 'Update', 'en', '2018-11-26 10:10:36', '2018-11-26 10:10:36', NULL),
(515, 'Update', 'fr', '2019-01-01 18:16:12', '2019-01-01 18:16:12', NULL),
(516, 'ModelColumnName', 'de', '2018-11-26 10:10:36', '2018-11-26 10:10:36', NULL),
(516, 'ModelColumnName', 'en', '2018-11-26 10:10:36', '2018-11-26 10:10:36', NULL),
(516, 'ModelColumnName', 'fr', '2019-01-01 18:17:29', '2019-01-01 18:32:22', NULL),
(517, 'ModelName', 'de', '2018-11-26 10:10:36', '2018-11-26 10:10:36', NULL),
(517, 'ModelName', 'en', '2018-11-26 10:10:36', '2018-11-26 10:10:36', NULL),
(517, 'ModelName', 'fr', '2019-01-01 18:18:37', '2019-01-01 18:32:53', NULL),
(518, 'ModelColumnNameEditAs', 'de', '2018-11-26 10:10:36', '2018-11-26 10:10:36', NULL),
(518, 'ModelColumnNameEditAs', 'en', '2018-11-26 10:10:36', '2018-11-26 10:10:36', NULL),
(518, 'ModelColumnNameEditAs', 'fr', '2019-01-01 18:18:50', '2019-01-01 18:30:24', NULL),
(519, 'ModelList', 'de', '2018-11-26 10:10:36', '2018-11-26 10:10:36', NULL),
(519, 'ModelList', 'en', '2018-11-26 10:10:36', '2018-11-26 10:10:36', NULL),
(519, 'ModelList', 'fr', '2019-01-01 18:30:26', '2019-01-01 18:33:14', NULL),
(520, 'Rollen', 'de', '2018-11-26 10:10:36', '2019-01-01 18:35:48', NULL),
(520, 'Roles', 'en', '2018-11-26 10:10:36', '2018-11-26 10:10:36', NULL),
(520, 'Rôles', 'fr', '2019-01-01 18:35:48', '2019-01-02 05:58:47', NULL),
(521, 'Backend - AdminBoxes', 'de', '2018-11-26 10:10:36', '2018-11-26 10:10:36', NULL),
(521, 'Backend - AdminBoxes', 'en', '2018-11-26 10:10:36', '2018-11-26 10:10:36', NULL),
(521, 'Backend - AdminBoxes', 'fr', '2019-01-01 18:36:11', '2019-01-01 18:36:11', NULL),
(522, 'Backend - AdminBoxesAction', 'de', '2018-11-26 10:10:36', '2018-11-26 10:10:36', NULL),
(522, 'Backend - AdminBoxesAction', 'en', '2018-11-26 10:10:36', '2018-11-26 10:10:36', NULL),
(522, 'Backend - AdminBoxesAction', 'fr', '2019-01-01 18:36:24', '2019-01-01 18:36:24', NULL),
(523, 'Alle hinzufügen', 'de', '2018-11-26 10:10:36', '2019-01-01 18:37:49', NULL),
(523, 'Add All', 'en', '2018-11-26 10:10:36', '2018-11-26 10:10:36', NULL),
(523, 'Ajouter tous', 'fr', '2019-01-01 18:37:49', '2019-01-01 18:37:49', NULL),
(524, 'Impressum', 'de', '2018-11-26 10:10:36', '2018-11-26 10:10:36', NULL),
(524, 'Imprint', 'en', '2018-11-26 10:10:36', '2018-11-26 10:10:36', NULL),
(524, 'Mentions légales', 'fr', '2018-12-31 17:48:10', '2019-01-01 18:39:02', NULL),
(525, 'Kontakt', 'de', '2018-11-26 10:10:36', '2018-11-26 10:10:36', NULL),
(525, 'Contact', 'en', '2018-11-26 10:10:36', '2018-11-26 10:10:36', NULL),
(525, 'Contact', 'fr', '2019-01-01 18:39:15', '2019-01-01 18:39:15', NULL),
(526, 'E-Mail-Adresse', 'de', '2018-11-26 10:10:36', '2018-11-26 10:10:36', NULL),
(526, 'E-Mail Address', 'en', '2018-11-26 10:10:36', '2018-11-26 10:10:36', NULL),
(526, 'Adresse email', 'fr', '2018-12-31 17:48:08', '2019-01-01 18:39:29', NULL),
(527, 'Ihre Nachricht', 'de', '2018-11-26 10:10:36', '2018-11-26 10:10:36', NULL),
(527, 'Your Message', 'en', '2018-11-26 10:10:36', '2018-11-26 10:10:36', NULL),
(527, 'Votre message', 'fr', '2018-12-31 17:48:08', '2019-01-01 18:40:20', NULL),
(528, 'Deutschland', 'de', '2018-11-26 10:10:36', '2018-11-26 10:10:36', NULL),
(528, 'Germany', 'en', '2018-11-26 10:10:36', '2018-11-26 10:10:36', NULL),
(528, 'Allemagne', 'fr', '2019-01-01 18:40:31', '2019-01-01 18:40:31', NULL),
(529, 'Über uns', 'de', '2018-11-26 10:10:36', '2019-01-01 19:05:06', NULL),
(529, 'About Us', 'en', '2018-11-26 10:10:36', '2018-11-26 10:10:36', NULL),
(529, 'À propos de nous', 'fr', '2018-12-31 17:48:09', '2019-01-01 19:05:06', NULL),
(530, 'Updates', 'de', '2018-11-26 10:10:36', '2018-11-26 10:10:36', NULL),
(530, 'Updates', 'en', '2018-11-26 10:10:36', '2018-11-26 10:10:36', NULL),
(530, 'mises à jour', 'fr', '2019-01-01 19:05:40', '2019-01-01 19:05:40', NULL),
(531, 'Modelle', 'de', '2018-11-26 10:10:36', '2019-01-01 19:06:17', NULL),
(531, 'Models', 'en', '2018-11-26 10:10:36', '2018-11-26 10:10:36', NULL),
(531, 'Modèles', 'fr', '2019-01-01 19:06:17', '2019-01-01 19:06:17', NULL),
(532, 'Aktionen', 'de', '2018-11-26 10:10:36', '2018-11-26 10:10:36', NULL),
(532, 'Actions', 'en', '2018-11-26 10:10:36', '2018-11-26 10:10:36', NULL),
(532, 'Actions', 'fr', '2019-01-01 19:06:36', '2019-01-01 19:06:36', NULL),
(533, 'Info', 'de', '2018-11-26 10:10:36', '2018-11-26 10:10:36', NULL),
(533, 'Info', 'en', '2018-11-26 10:10:36', '2018-11-26 10:10:36', NULL),
(533, 'Info', 'fr', '2019-01-01 19:06:46', '2019-01-01 19:06:46', NULL),
(534, 'Infos', 'de', '2018-11-26 10:10:36', '2018-11-26 10:10:36', NULL),
(534, 'Infos', 'en', '2018-11-26 10:10:36', '2018-11-26 10:10:36', NULL),
(534, 'Infos', 'fr', '2019-01-01 19:06:54', '2019-01-01 19:06:54', NULL),
(535, 'Backend - AdminBoxes', 'de', '2018-11-26 10:10:36', '2018-11-26 10:10:36', NULL),
(535, 'Backend - AdminBoxes', 'en', '2018-11-26 10:10:36', '2018-11-26 10:10:36', NULL),
(535, 'Backend - AdminBoxes', 'fr', '2019-01-01 19:07:10', '2019-01-01 19:07:10', NULL),
(536, 'Backend - AdminBoxesAction', 'de', '2018-11-26 10:10:36', '2018-11-26 10:10:36', NULL),
(536, 'Backend - AdminBoxesAction', 'en', '2018-11-26 10:10:36', '2018-11-26 10:10:36', NULL),
(536, 'Backend - AdminBoxesAction', 'fr', '2019-01-01 19:07:25', '2019-01-01 19:07:25', NULL),
(537, 'Diese Anwendung einrichten', 'de', '2018-11-26 10:10:36', '2018-11-26 10:10:36', NULL),
(537, 'Setup this application', 'en', '2018-11-26 10:10:36', '2018-11-26 10:10:36', NULL),
(537, 'Configurer cette application', 'fr', '2019-01-01 19:08:02', '2019-01-01 19:08:02', NULL),
(538, 'Diese Anwendung einrichten.', 'de', '2018-11-26 10:10:36', '2018-11-26 10:10:36', NULL),
(538, 'Setup this application.', 'en', '2018-11-26 10:10:36', '2018-11-26 10:10:36', NULL),
(538, 'Configurer cette application', 'fr', '2019-01-01 19:08:18', '2019-01-01 19:08:18', NULL),
(539, 'Diese Anwendung konfigurieren.', 'de', '2018-11-26 10:10:36', '2018-11-26 10:10:36', NULL),
(539, 'Configure this application.', 'en', '2018-11-26 10:10:36', '2018-11-26 10:10:36', NULL),
(539, 'Configurer cette application', 'fr', '2019-01-01 19:08:26', '2019-01-01 19:08:26', NULL),
(540, 'Verwalte Rollen', 'de', '2018-11-26 10:10:36', '2019-01-01 19:08:57', NULL),
(540, 'Manage Roles.', 'en', '2018-11-26 10:10:36', '2018-11-26 10:10:36', NULL),
(540, 'Gestion des rôles', 'fr', '2019-01-01 19:08:57', '2019-01-01 19:08:57', NULL),
(541, 'Verwalte Benutzer.', 'de', '2018-11-26 10:10:36', '2018-11-26 10:10:36', NULL),
(541, 'Manage Users.', 'en', '2018-11-26 10:10:36', '2018-11-26 10:10:36', NULL),
(541, 'Gestion des utilisateurs', 'fr', '2019-01-01 19:09:22', '2019-01-01 19:09:22', NULL),
(542, 'Verwalte Ressourcen und Berechtigungen', 'de', '2018-11-26 10:10:36', '2019-01-01 19:12:37', NULL),
(542, 'Manage Resources and Privileges', 'en', '2018-11-26 10:10:36', '2018-11-26 10:10:36', NULL),
(542, 'Gestion des ressources et des permissions', 'fr', '2019-01-01 19:12:37', '2019-01-01 19:12:37', NULL),
(543, 'Verwalte Ressourcen', 'de', '2018-11-26 10:10:36', '2019-01-01 19:13:21', NULL),
(543, 'Manage Resources', 'en', '2018-11-26 10:10:36', '2018-11-26 10:10:36', NULL);
INSERT INTO `translator_translation` (`id`, `text`, `lang`, `created_at`, `updated_at`, `deleted_at`) VALUES
(543, 'Gestion des ressources', 'fr', '2019-01-01 19:13:21', '2019-01-01 19:13:21', NULL),
(544, 'Verwalte Ressourcen.', 'de', '2018-11-26 10:10:36', '2019-01-01 19:14:01', NULL),
(544, 'Manage Resources.', 'en', '2018-11-26 10:10:36', '2018-11-26 10:10:36', NULL),
(544, 'Gestion des ressources.', 'fr', '2019-01-01 19:14:01', '2019-01-01 19:14:01', NULL),
(545, 'Verwalte Berechtigungen', 'de', '2018-11-26 10:10:36', '2019-01-01 19:14:39', NULL),
(545, 'Manage Privileges', 'en', '2018-11-26 10:10:36', '2018-11-26 10:10:36', NULL),
(545, 'Gestion des permissions', 'fr', '2019-01-01 19:14:39', '2019-01-01 19:14:39', NULL),
(546, 'Verwalte Berechtigungen.', 'de', '2018-11-26 10:10:36', '2019-01-01 19:15:39', NULL),
(546, 'Manage Privileges.', 'en', '2018-11-26 10:10:36', '2018-11-26 10:10:36', NULL),
(546, 'Gestion des permissions.', 'fr', '2019-01-01 19:15:39', '2019-01-01 19:15:39', NULL),
(547, 'Verwalte Medien.', 'de', '2018-11-26 10:10:36', '2018-11-26 10:10:36', NULL),
(547, 'Manage Media.', 'en', '2018-11-26 10:10:36', '2018-11-26 10:10:36', NULL),
(547, 'Gestion des médias.', 'fr', '2019-01-01 19:16:17', '2019-01-01 19:16:17', NULL),
(548, 'Generiere sprite CSS von den in der Anwendung installierten Icon-Dateien', 'de', '2018-11-26 10:10:36', '2019-01-02 06:14:49', NULL),
(548, 'Generate sprite CSS from this application\'s icon files.', 'en', '2018-11-26 10:10:36', '2018-11-26 10:10:36', NULL),
(548, 'Générer des sprite CSS à partir des fichiers d\'icônes installés dans l\'application.', 'fr', '2019-01-01 19:16:29', '2019-01-02 06:14:49', NULL),
(549, 'Verwalte Module, Controller und Actions', 'de', '2018-11-26 10:10:36', '2018-11-26 10:10:36', NULL),
(549, 'Manage Modules, Controllers and Actions', 'en', '2018-11-26 10:10:36', '2018-11-26 10:10:36', NULL),
(549, 'Gestion des modules, des contrôleurs et des actions', 'fr', '2019-01-02 06:15:39', '2019-01-02 06:15:39', NULL),
(550, 'Verwalte Module.', 'de', '2018-11-26 10:10:36', '2018-11-26 10:10:36', NULL),
(550, 'Manage Modules.', 'en', '2018-11-26 10:10:36', '2018-11-26 10:10:36', NULL),
(550, 'Gestion des modules.', 'fr', '2019-01-02 06:16:05', '2019-01-02 06:16:05', NULL),
(551, 'Verwalte Controller.', 'de', '2018-11-26 10:10:36', '2018-11-26 10:10:36', NULL),
(551, 'Manage Controllers.', 'en', '2018-11-26 10:10:36', '2018-11-26 10:10:36', NULL),
(551, 'Gestion des contrôleurs.', 'fr', '2019-01-02 06:16:23', '2019-01-02 06:16:23', NULL),
(552, 'Verwalte Actions.', 'de', '2018-11-26 10:10:36', '2018-11-26 10:10:36', NULL),
(552, 'Manage Actions.', 'en', '2018-11-26 10:10:36', '2018-11-26 10:10:36', NULL),
(552, 'Gestion des actions.', 'fr', '2019-01-02 06:26:52', '2019-01-02 06:26:52', NULL),
(553, 'Verwalte Modele und Formulare', 'de', '2018-11-26 10:10:36', '2018-11-26 10:10:36', NULL),
(553, 'Manage Models and Forms', 'en', '2018-11-26 10:10:36', '2018-11-26 10:10:36', NULL),
(553, 'Gestions des modèles et des formulaires', 'fr', '2019-01-02 06:27:13', '2019-01-02 06:27:13', NULL),
(554, 'Verwalte Modele.', 'de', '2018-11-26 10:10:36', '2018-11-26 10:10:36', NULL),
(554, 'Manage Models.', 'en', '2018-11-26 10:10:36', '2018-11-26 10:10:36', NULL),
(554, 'Gestion des modèles.', 'fr', '2019-01-02 06:27:27', '2019-01-02 06:27:27', NULL),
(555, 'Verwalte Formulare', 'de', '2018-11-26 10:10:36', '2018-11-26 10:10:36', NULL),
(555, 'Manage Forms', 'en', '2018-11-26 10:10:36', '2018-11-26 10:10:36', NULL),
(555, 'Gestion des formulaires', 'fr', '2019-01-02 06:27:42', '2019-01-02 06:27:42', NULL),
(556, 'Verwalte Formulare.', 'de', '2018-11-26 10:10:36', '2018-11-26 10:10:36', NULL),
(556, 'Manage Forms.', 'en', '2018-11-26 10:10:36', '2018-11-26 10:10:36', NULL),
(556, 'Gestion des formulaires.', 'fr', '2019-01-02 06:27:56', '2019-01-02 06:27:56', NULL),
(557, 'Das angegebene Passwort scheint nicht korrekt zu sein.', 'de', '2018-11-26 10:10:36', '2018-11-26 10:10:36', NULL),
(557, 'The specified password does not seem to be correct.', 'en', '2018-11-26 10:10:36', '2018-11-26 10:10:36', NULL),
(557, 'Le mot de passe spécifié ne semble pas correct.', 'fr', '2019-01-02 06:28:22', '2019-01-02 06:28:22', NULL),
(558, '\'%value%\' passt nicht in das erwartete Muster eines DNS-Hostnamens.', 'de', '2018-11-26 10:10:36', '2019-01-02 06:29:05', NULL),
(558, '\'%value%\' does not match the expected structure for a DNS hostname.', 'en', '2018-11-26 10:10:36', '2018-11-26 10:10:36', NULL),
(558, '\'%value%\' ne correspond pas au modèle attendu d\'un nom d\'hôte DNS.', 'fr', '2019-01-02 06:29:05', '2019-01-02 06:29:05', NULL),
(559, 'Kopieren', 'de', '2018-11-26 10:10:36', '2018-11-26 10:10:36', NULL),
(559, 'Copy', 'en', '2018-11-26 10:10:36', '2018-11-26 10:10:36', NULL),
(559, 'Copier', 'fr', '2019-01-02 06:29:18', '2019-01-02 06:29:18', NULL),
(560, 'Die Datei \'%value%\' wurde nicht hochgeladen.', 'de', '2018-11-26 10:10:36', '2018-11-26 10:10:36', NULL),
(560, 'File \'%value%\' was not uploaded.', 'en', '2018-11-26 10:10:36', '2018-11-26 10:10:36', NULL),
(560, 'Le fichier \'%value%\' n\'a pas été téléchargé.', 'fr', '2019-01-02 06:29:41', '2019-01-02 06:29:41', NULL),
(561, 'Verwalte Medien', 'de', '2018-11-26 10:10:36', '2018-11-26 10:10:36', NULL),
(561, 'Manage Media', 'en', '2018-11-26 10:10:36', '2018-11-26 10:10:36', NULL),
(561, 'Gestion des médias', 'fr', '2019-01-02 06:29:56', '2019-01-02 06:29:56', NULL),
(562, 'Model', 'de', '2018-11-26 10:10:36', '2018-11-26 10:10:36', NULL),
(562, 'Model', 'en', '2018-11-26 10:10:36', '2018-11-26 10:10:36', NULL),
(562, 'Modèle', 'fr', '2019-01-02 06:30:05', '2019-01-02 06:30:05', NULL),
(563, 'Dieser Datensatz wird benutzt. Stellen Sie sicher, dass Sie ihn nicht in einem anderen Zusammenhang verwenden. Es scheint dort benötigt zu werden und kann nicht rekursiv gelöscht werden.', 'de', '2018-11-26 10:10:36', '2019-01-02 07:10:56', NULL),
(563, 'The item is in use. Make sure, you do not use it on another record. It seems to be required there and cannot be deleted recursiv.', 'en', '2018-11-26 10:10:36', '2018-11-26 10:10:36', NULL),
(563, 'Cet enregistrement est utilisé. Assurez-vous de ne pas l\'utiliser dans un autre contexte. Elle semble y être nécessaire et ne peut pas être supprimée récursivement.', 'fr', '2019-01-02 07:10:56', '2019-01-02 07:10:56', NULL),
(564, 'Es ist derzeit nicht gestattet, den Datensatz zu bearbeiten.', 'de', '2018-11-26 10:10:36', '2019-01-02 07:12:18', NULL),
(564, 'It is currently not permitted to edit the record.', 'en', '2018-11-26 10:10:36', '2018-11-26 10:10:36', NULL),
(564, 'Il n\'est actuellement pas permis de modifier l\'enregistrement.', 'fr', '2019-01-02 07:12:18', '2019-01-02 07:12:18', NULL),
(565, 'Kontakt-Informationen', 'de', '2018-11-26 10:10:36', '2018-11-26 10:10:36', NULL),
(565, 'Contact-Informations', 'en', '2018-11-26 10:10:36', '2018-11-26 10:10:36', NULL),
(565, 'Information de contact', 'fr', '2019-01-02 07:12:55', '2019-01-02 07:12:55', NULL),
(566, 'Neuer Termin', 'de', '2018-11-26 10:10:36', '2018-11-26 10:10:36', NULL),
(566, 'New Date', 'en', '2018-11-26 10:10:36', '2018-11-26 10:10:36', NULL),
(566, 'Nouvelle date', 'fr', '2019-01-02 07:13:18', '2019-01-02 07:13:18', NULL),
(567, 'Erledigt', 'de', '2018-11-26 10:10:36', '2018-11-26 10:10:36', NULL),
(567, 'Done', 'en', '2018-11-26 10:10:36', '2018-11-26 10:10:36', NULL),
(567, 'C\'est fait', 'fr', '2019-01-02 07:13:52', '2019-01-02 07:13:52', NULL),
(568, 'Offene Termine', 'de', '2018-11-26 10:10:36', '2018-11-26 10:10:36', NULL),
(568, 'Open Dates', 'en', '2018-11-26 10:10:36', '2018-11-26 10:10:36', NULL),
(568, 'Dates ouvertes', 'fr', '2019-01-02 07:14:39', '2019-01-02 07:14:39', NULL),
(569, 'Nicht erledigt', 'de', '2018-11-26 10:10:36', '2019-01-02 07:15:20', NULL),
(569, 'Not Done', 'en', '2018-11-26 10:10:36', '2018-11-26 10:10:36', NULL),
(569, 'Non-complété', 'fr', '2019-01-02 07:15:20', '2019-01-02 07:15:20', NULL),
(570, 'Abgeschlossene Termine', 'de', '2018-11-26 10:10:36', '2018-11-26 10:10:36', NULL),
(570, 'Closed Dates', 'en', '2018-11-26 10:10:36', '2018-11-26 10:10:36', NULL),
(570, 'Dates complétées', 'fr', '2019-01-02 07:15:47', '2019-01-02 07:15:47', NULL),
(571, 'Mehr Infos', 'de', '2018-11-26 10:10:36', '2018-11-26 10:10:36', NULL),
(571, 'More infos', 'en', '2018-11-26 10:10:36', '2018-11-26 10:10:36', NULL),
(571, 'Plus d\'informations', 'fr', '2019-01-02 07:16:12', '2019-01-02 07:16:12', NULL),
(572, 'Mehr Termine', 'de', '2018-11-26 10:10:36', '2018-11-26 10:10:36', NULL),
(572, 'More Dates', 'en', '2018-11-26 10:10:36', '2018-11-26 10:10:36', NULL),
(572, 'Plus de dates', 'fr', '2019-01-02 07:16:35', '2019-01-02 07:16:35', NULL),
(573, 'Kundenangebot erstellen', 'de', '2018-11-26 10:10:36', '2019-01-02 07:17:25', NULL),
(573, 'Create Offer-Customer', 'en', '2018-11-26 10:10:36', '2018-11-26 10:10:36', NULL),
(573, 'Créer une offre client', 'fr', '2019-01-02 07:17:25', '2019-01-02 07:17:25', NULL),
(574, 'Kopieren', 'de', '2018-11-26 10:10:36', '2018-11-26 10:10:36', NULL),
(574, 'Copy', 'en', '2018-11-26 10:10:36', '2018-11-26 10:10:36', NULL),
(574, 'Copier', 'fr', '2019-01-02 07:17:35', '2019-01-02 07:17:35', NULL),
(575, 'Speichern & nächsten Datensatz hinzufügen', 'de', '2018-11-26 10:10:36', '2018-11-26 10:10:36', NULL),
(575, 'Save & add next Record', 'en', '2018-11-26 10:10:36', '2018-11-26 10:10:36', NULL),
(575, 'Enregistrer et ajouter le prochain enregistrement', 'fr', '2019-01-02 07:18:01', '2019-01-02 07:18:01', NULL),
(576, 'Speichern & nächsten Datensatz bearbeiten', 'de', '2018-11-26 10:10:36', '2018-11-26 10:10:36', NULL),
(576, 'Save & edit next Record', 'en', '2018-11-26 10:10:36', '2018-11-26 10:10:36', NULL),
(576, 'Enregistrer et modifier le prochain enregistrement', 'fr', '2019-01-02 07:18:27', '2019-01-02 07:18:27', NULL),
(577, 'Noch mehr Termine', 'de', '2018-11-26 10:10:36', '2018-11-26 10:10:36', NULL),
(577, 'Even more Dates', 'en', '2018-11-26 10:10:36', '2018-11-26 10:10:36', NULL),
(577, 'Encore plus de dates', 'fr', '2019-01-02 07:18:44', '2019-01-02 07:18:44', NULL),
(578, '\'%value%\' beinhaltet Zeichen, die keine Buchstaben oder Zahlen sind.', 'de', '2018-11-26 10:10:36', '2018-11-26 10:10:36', NULL),
(578, '\'%value%\' contains characters which are non alphabetic and no digits.', 'en', '2018-11-26 10:10:36', '2018-11-26 10:10:36', NULL),
(578, '\'%value%\' contient des caractères qui ne sont pas des lettres ou des chiffres.', 'fr', '2019-01-02 07:19:26', '2019-01-02 07:19:26', NULL),
(579, 'Ändern', 'de', '2018-11-26 10:10:36', '2018-11-26 10:10:36', NULL),
(579, 'Change', 'en', '2018-11-26 10:10:36', '2018-11-26 10:10:36', NULL),
(579, 'Modifier', 'fr', '2019-01-02 07:22:06', '2019-01-02 07:22:06', NULL),
(580, 'Verzeichnis wechseln', 'de', '2018-11-26 10:10:36', '2019-01-02 07:22:53', NULL),
(580, 'Change Directory', 'en', '2018-11-26 10:10:36', '2018-11-26 10:10:36', NULL),
(580, 'Changer le répertoire', 'fr', '2019-01-02 07:22:53', '2019-01-02 07:22:53', NULL),
(581, 'Umbenennen', 'de', '2018-11-26 10:10:36', '2018-11-26 10:10:36', NULL),
(581, 'Rename', 'en', '2018-11-26 10:10:36', '2018-11-26 10:10:36', NULL),
(581, 'changement de nom', 'fr', '2019-01-02 07:23:19', '2019-01-02 07:23:19', NULL),
(582, 'Dieses Verzeichnis sollte keine Unterverzeichnisse beinhalten. Alle Medien werden in das darüber liegende Verzeichnis bewegt.', 'de', '2018-11-26 10:10:36', '2018-11-26 10:10:36', NULL),
(582, 'This directory should not contain any subdirectory. All medias will be moved into the parent directory.', 'en', '2018-11-26 10:10:36', '2018-11-26 10:10:36', NULL),
(582, 'Ce répertoire ne doit contenir aucun sous-répertoire. Tous les médias seront déplacés dans le répertoire ci-dessus.', 'fr', '2019-01-02 07:23:53', '2019-01-02 07:23:53', NULL),
(583, 'Projekt', 'de', '2018-11-26 10:10:36', '2018-11-26 10:10:36', NULL),
(583, 'Project', 'en', '2018-11-26 10:10:36', '2018-11-26 10:10:36', NULL),
(583, 'Projet', 'fr', '2019-01-02 07:24:13', '2019-01-02 07:24:13', NULL),
(584, 'Projekte', 'de', '2018-11-26 10:10:36', '2018-11-26 10:10:36', NULL),
(584, 'Projects', 'en', '2018-11-26 10:10:36', '2018-11-26 10:10:36', NULL),
(584, 'Projets', 'fr', '2019-01-02 07:24:22', '2019-01-02 07:24:22', NULL),
(585, 'Url', 'de', '2018-11-26 10:10:36', '2018-11-26 10:10:36', NULL),
(585, 'Url', 'en', '2018-11-26 10:10:36', '2018-11-26 10:10:36', NULL),
(585, 'Url', 'fr', '2019-01-02 07:24:29', '2019-01-02 07:24:29', NULL),
(586, 'Dienstleistungen', 'de', '2018-11-26 10:10:36', '2019-01-02 07:25:34', NULL),
(586, 'Services', 'en', '2018-11-26 10:10:36', '2018-11-26 10:10:36', NULL),
(586, 'Prestations de services', 'fr', '2019-01-02 07:25:34', '2019-01-02 07:25:34', NULL),
(587, 'Projekte', 'de', '2018-11-26 10:10:36', '2018-11-26 10:10:36', NULL),
(587, 'Projects', 'en', '2018-11-26 10:10:36', '2018-11-26 10:10:36', NULL),
(587, 'Projets', 'fr', '2019-01-02 07:25:43', '2019-01-02 07:25:43', NULL),
(588, 'Datum', 'de', '2018-11-26 10:10:36', '2018-11-26 10:10:36', NULL),
(588, 'Date', 'en', '2018-11-26 10:10:36', '2018-11-26 10:10:36', NULL),
(588, 'Date', 'fr', '2019-01-02 07:25:49', '2019-01-02 07:25:49', NULL),
(589, '%1s - Blog', 'de', '2018-11-26 10:10:36', '2018-11-26 10:10:36', NULL),
(589, '%1s - Blog', 'en', '2018-11-26 10:10:36', '2018-11-26 10:10:36', NULL),
(589, '%1s - Blog', 'fr', '2019-01-02 07:26:01', '2019-01-02 07:26:01', NULL),
(590, 'Die letzen Neuigkeiten auf %1s.', 'de', '2018-11-26 10:10:36', '2018-11-26 10:10:36', NULL),
(590, 'The latest news from %1s.', 'en', '2018-11-26 10:10:36', '2018-11-26 10:10:36', NULL),
(590, 'Les dernières nouvelles sur %1s.', 'fr', '2019-01-02 07:26:30', '2019-01-02 07:26:30', NULL),
(591, 'Alle Sessions löschen', 'de', '2018-11-26 10:10:36', '2018-11-26 10:10:36', NULL),
(591, 'Clear all Sessions', 'en', '2018-11-26 10:10:36', '2018-11-26 10:10:36', NULL),
(591, 'Effacer toutes les sessions', 'fr', '2019-01-02 07:27:00', '2019-01-02 07:27:00', NULL),
(592, 'Sessions wurden gelöscht (%1s verbleibend).', 'de', '2018-11-26 10:10:36', '2019-01-02 07:27:47', NULL),
(592, 'Sessions have been cleared (%1s remaining).', 'en', '2018-11-26 10:10:36', '2018-11-26 10:10:36', NULL),
(592, 'Les sessions ont été supprimées (%1s restant).', 'fr', '2019-01-02 07:27:47', '2019-01-02 07:27:47', NULL),
(593, 'Session Clearing angefragt.', 'de', '2018-11-26 10:10:36', '2019-01-02 08:01:52', NULL),
(593, 'Session Clearing requested.', 'en', '2018-11-26 10:10:36', '2018-11-26 10:10:36', NULL),
(593, 'Session Clearing demandée.', 'fr', '2019-01-02 08:01:52', '2019-01-02 08:01:52', NULL),
(594, 'Alle Caches leeren', 'de', '2018-11-26 10:10:36', '2018-11-26 10:10:36', NULL),
(594, 'Clear all Caches', 'en', '2018-11-26 10:10:36', '2018-11-26 10:10:36', NULL),
(594, 'Vider toutes les caches', 'fr', '2019-01-02 08:02:17', '2019-01-02 08:02:17', NULL),
(595, '%1s Einträge wurden vom Cache geleert.', 'de', '2018-11-26 10:10:36', '2018-11-26 10:10:36', NULL),
(595, 'Cleared %1s entries from cache.', 'en', '2018-11-26 10:10:36', '2018-11-26 10:10:36', NULL),
(595, '%1s entrées ont été effacées du cache.', 'fr', '2019-01-02 08:03:03', '2019-01-02 08:03:03', NULL),
(596, 'Cache Clearing angefragt.', 'de', '2018-11-26 10:10:36', '2019-01-02 08:03:55', NULL),
(596, 'Cache Clearing requested.', 'en', '2018-11-26 10:10:36', '2018-11-26 10:10:36', NULL),
(596, 'Effacement de cache demandé.', 'fr', '2019-01-02 08:03:55', '2019-01-02 08:03:55', NULL),
(597, 'Verwalten von temporären Daten.', 'de', '2018-11-26 10:10:36', '2018-11-26 10:10:36', NULL),
(597, 'Manage Temporary Datas', 'en', '2018-11-26 10:10:36', '2018-11-26 10:10:36', NULL),
(597, 'Gestion des données temporaires.', 'fr', '2019-01-02 08:04:16', '2019-01-02 08:04:16', NULL),
(598, 'Verwalten Sie den Newsletter', 'de', '2018-11-26 10:10:36', '2018-11-26 10:10:36', NULL),
(598, 'Configurate the Newsletter', 'en', '2018-11-26 10:10:36', '2018-11-26 10:10:36', NULL),
(598, 'Gestion de la newsletter', 'fr', '2019-01-02 08:05:04', '2019-01-02 08:05:04', NULL),
(599, 'Newsletter-Angemeldete', 'de', '2018-11-26 10:10:36', '2018-11-26 10:10:36', NULL),
(599, 'Newsletter-Subscriber', 'en', '2018-11-26 10:10:36', '2018-11-26 10:10:36', NULL),
(599, 'Abonnés à la newsletter', 'fr', '2019-01-02 08:05:39', '2019-01-02 08:05:39', NULL),
(600, 'Newsletter-Angemeldete', 'de', '2018-11-26 10:10:36', '2018-11-26 10:10:36', NULL),
(600, 'Newsletter-Subscriber', 'en', '2018-11-26 10:10:36', '2018-11-26 10:10:36', NULL),
(600, 'Abonnés à la newsletter', 'fr', '2019-01-02 08:05:50', '2019-01-02 08:05:50', NULL),
(601, 'Vielen Dank für Ihre Anmeldung bei unserem Newsletter.', 'de', '2018-11-26 10:10:36', '2018-11-26 10:10:36', NULL),
(601, 'Thank you for subscribing our newsletter.', 'en', '2018-11-26 10:10:36', '2018-11-26 10:10:36', NULL),
(601, 'Merci de vous inscrire à notre newsletter.', 'fr', '2019-01-02 08:06:11', '2019-01-02 08:06:11', NULL),
(602, 'Meta-Tag Konfiguration', 'de', '2018-11-26 10:10:36', '2018-11-26 10:10:36', NULL),
(602, 'Meta-Tag Configuration', 'en', '2018-11-26 10:10:36', '2018-11-26 10:10:36', NULL),
(602, 'Configuration du Meta-Tag', 'fr', '2019-01-02 08:06:33', '2019-01-02 08:06:33', NULL),
(603, 'Test', 'de', '2018-11-26 10:10:36', '2018-11-26 10:10:36', NULL),
(603, 'Test', 'en', '2018-11-26 10:10:36', '2018-11-26 10:10:36', NULL),
(603, 'Test', 'fr', '2019-01-02 08:06:40', '2019-01-02 08:06:40', NULL),
(604, 'Versand des Newsletter', 'de', '2018-11-26 10:10:36', '2018-11-26 10:10:36', NULL),
(604, 'Sending Newsletter', 'en', '2018-11-26 10:10:36', '2018-11-26 10:10:36', NULL),
(604, 'Envoi de la newsletter', 'fr', '2019-01-02 08:07:07', '2019-01-02 08:07:07', NULL),
(605, 'Der Newsletter wurde versendet.', 'de', '2018-11-26 10:10:36', '2018-11-26 10:10:36', NULL),
(605, 'The newsletter was sent.', 'en', '2018-11-26 10:10:36', '2018-11-26 10:10:36', NULL),
(605, 'La newsletter a été envoyée.', 'fr', '2019-01-02 08:07:53', '2019-01-02 08:07:53', NULL),
(606, 'Sprache', 'de', '2018-11-26 10:10:36', '2018-11-26 10:10:36', NULL),
(606, 'Language', 'en', '2018-11-26 10:10:36', '2018-11-26 10:10:36', NULL),
(606, 'Langue', 'fr', '2019-01-02 08:08:02', '2019-01-02 08:08:02', NULL),
(607, 'Aktuelles', 'de', '2018-11-26 10:10:36', '2018-11-26 10:10:36', NULL),
(607, 'News', 'en', '2018-11-26 10:10:36', '2018-11-26 10:10:36', NULL),
(607, 'Dernières nouvelles', 'fr', '2018-12-31 17:48:08', '2019-01-02 08:08:36', NULL),
(608, 'Aktuelles', 'de', '2018-11-26 10:10:36', '2018-11-26 10:10:36', NULL),
(608, 'Latest', 'en', '2018-11-26 10:10:36', '2018-11-26 10:10:36', NULL),
(608, 'Dernières nouvelles', 'fr', '2019-01-02 08:08:43', '2019-01-02 08:08:43', NULL),
(609, 'Betreff', 'de', '2018-11-26 10:10:37', '2018-11-26 10:10:37', NULL),
(609, 'Subject', 'en', '2018-11-26 10:10:37', '2018-11-26 10:10:37', NULL),
(609, 'Sujet', 'fr', '2019-01-02 08:09:28', '2019-01-02 08:09:28', NULL),
(610, 'E-Mail - Vorlage', 'de', '2018-11-26 10:10:37', '2018-11-26 10:10:37', NULL),
(610, 'Email - Template', 'en', '2018-11-26 10:10:37', '2018-11-26 10:10:37', NULL),
(610, 'Courriel - Modèle de courriel', 'fr', '2019-01-02 08:09:51', '2019-01-02 08:09:51', NULL),
(611, 'E-Mail - Teil-Vorlage', 'de', '2018-11-26 10:10:37', '2018-11-26 10:10:37', NULL),
(611, 'Email - Template-Part', 'en', '2018-11-26 10:10:37', '2018-11-26 10:10:37', NULL),
(611, 'Courriel - Modèle partiel', 'fr', '2019-01-02 08:21:00', '2019-01-02 08:21:00', NULL),
(612, 'Verwalten von E-Mail - Vorlagen', 'de', '2018-11-26 10:10:37', '2018-11-26 10:10:37', NULL),
(612, 'Configurate Email - Templates', 'en', '2018-11-26 10:10:37', '2018-11-26 10:10:37', NULL),
(612, 'Gestion des modèles de courriel', 'fr', '2019-01-02 08:21:28', '2019-01-02 08:21:28', NULL),
(613, 'HTML Body CSS-Style', 'de', '2018-11-26 10:10:37', '2018-11-26 10:10:37', NULL),
(613, 'HTML Body CSS-Style', 'en', '2018-11-26 10:10:37', '2018-11-26 10:10:37', NULL),
(613, 'HTML Body CSS-Style', 'fr', '2019-01-02 08:21:49', '2019-01-02 08:21:49', NULL),
(614, 'HTML paragraph CSS-Style', 'de', '2018-11-26 10:10:37', '2019-01-02 08:23:01', NULL),
(614, 'HTML paragraph CSS-Style', 'en', '2018-11-26 10:10:37', '2018-11-26 10:10:37', NULL),
(614, 'HTML paragraph CSS-Style', 'fr', '2019-01-02 08:23:01', '2019-01-02 08:23:01', NULL),
(615, 'HTML Überschrift CSS-Style', 'de', '2018-11-26 10:10:37', '2018-11-26 10:10:37', NULL),
(615, 'HTML Headline CSS-Style', 'en', '2018-11-26 10:10:37', '2018-11-26 10:10:37', NULL),
(615, 'HTML Titre CSS-Style', 'fr', '2019-01-02 08:23:26', '2019-01-02 08:23:26', NULL),
(616, 'HTML Daten CSS-Style', 'de', '2018-11-26 10:10:37', '2018-11-26 10:10:37', NULL),
(616, 'HTML Data CSS-Style', 'en', '2018-11-26 10:10:37', '2018-11-26 10:10:37', NULL),
(616, 'HTML Données CSS-Style', 'fr', '2019-01-02 08:23:49', '2019-01-02 08:23:49', NULL),
(617, 'HTML Dataline Label CSS-Style', 'de', '2018-11-26 10:10:37', '2019-01-02 08:25:44', NULL),
(617, 'HTML Dataline Label CSS-Style', 'en', '2018-11-26 10:10:37', '2018-11-26 10:10:37', NULL),
(617, 'HTML Dataline Label CSS-Style', 'fr', '2019-01-02 08:25:44', '2019-01-02 08:25:44', NULL),
(618, 'HTML Dataline Data CSS-Style', 'de', '2018-11-26 10:10:37', '2019-01-02 08:26:11', NULL),
(618, 'HTML Dataline Data CSS-Style', 'en', '2018-11-26 10:10:37', '2018-11-26 10:10:37', NULL),
(618, 'HTML Dataline Data CSS-Style', 'fr', '2019-01-02 08:26:11', '2019-01-02 08:26:11', NULL),
(619, 'Alle Dateien sollten eine Grösse von insgesamt \'%max%\' nicht überschreiten. Es wurden jedoch \'%size%\' erkannt.', 'de', '2018-11-26 10:10:37', '2019-01-02 10:34:42', NULL),
(619, 'All files in sum should have a maximum size of \'%max%\' but \'%size%\' were detected.', 'en', '2018-11-26 10:10:37', '2018-11-26 10:10:37', NULL),
(619, 'Tous les fichiers ne doivent pas dépasser une taille totale de \'%max%\'. Cependant, \'%size%\' a été détecté.', 'fr', '2019-01-02 10:34:42', '2019-01-02 10:34:42', NULL),
(620, 'Benutzerkonto - Übersicht', 'de', '2018-11-26 10:10:37', '2018-11-26 10:10:37', NULL),
(620, 'Account Overview', 'en', '2018-11-26 10:10:37', '2018-11-26 10:10:37', NULL),
(620, 'Vue d\'ensemble du compte utilisateur', 'fr', '2019-01-02 10:35:08', '2019-01-02 10:35:08', NULL),
(621, 'Bestellübersicht', 'de', '2018-11-26 10:10:37', '2018-11-26 10:10:37', NULL),
(621, 'Orders Overview', 'en', '2018-11-26 10:10:37', '2018-11-26 10:10:37', NULL),
(621, 'Aperçu de commande', 'fr', '2019-01-02 10:35:36', '2019-01-02 15:47:43', NULL),
(622, 'Mein Benutzerkonto', 'de', '2018-11-26 10:10:37', '2018-11-26 10:10:37', NULL),
(622, 'My Account', 'en', '2018-11-26 10:10:37', '2018-11-26 10:10:37', NULL),
(622, 'Mon compte utilisateur', 'fr', '2019-01-02 10:35:58', '2019-01-02 10:35:58', NULL),
(623, 'Backend AdminBox-Action', 'de', '2018-11-26 10:10:37', '2019-01-02 10:36:50', NULL),
(623, 'Backend AdminBox-Action', 'en', '2018-11-26 10:10:37', '2018-11-26 10:10:37', NULL),
(623, 'Backend AdminBox-Action', 'fr', '2019-01-02 10:36:50', '2019-01-02 10:36:50', NULL),
(624, 'Modell Name', 'de', '2018-11-26 10:10:37', '2019-01-02 10:37:11', NULL),
(624, 'Model Name', 'en', '2018-11-26 10:10:37', '2018-11-26 10:10:37', NULL),
(624, 'Nom du modèle', 'fr', '2019-01-02 10:37:11', '2019-01-02 10:37:11', NULL),
(625, 'Namen-Kürzel', 'de', '2018-11-26 10:10:37', '2018-11-26 10:10:37', NULL),
(625, 'Name Short', 'en', '2018-11-26 10:10:37', '2018-11-26 10:10:37', NULL),
(625, 'Nom - abrégé', 'fr', '2019-01-02 10:38:05', '2019-01-02 10:38:05', NULL),
(626, 'Standart-Sortierung', 'de', '2018-11-26 10:10:37', '2018-11-26 10:10:37', NULL),
(626, 'Default Sort', 'en', '2018-11-26 10:10:37', '2018-11-26 10:10:37', NULL),
(626, 'Tri standard', 'fr', '2019-01-02 10:38:38', '2019-01-02 10:38:38', NULL),
(627, 'Button Bearbeiten', 'de', '2018-11-26 10:10:37', '2019-01-02 10:44:10', NULL),
(627, 'Button edit', 'en', '2018-11-26 10:10:37', '2019-01-02 10:39:24', NULL),
(627, 'Bouton Modifier', 'fr', '2019-01-02 10:39:24', '2019-01-02 10:44:10', NULL),
(628, 'Button Hinzufügen', 'de', '2018-11-26 10:10:37', '2019-01-02 10:44:26', NULL),
(628, 'Button Add', 'en', '2018-11-26 10:10:37', '2018-11-26 10:10:37', NULL),
(628, 'Bouton Ajouter', 'fr', '2019-01-02 10:40:12', '2019-01-02 10:44:26', NULL),
(629, 'Button Löschen', 'de', '2018-11-26 10:10:37', '2018-11-26 10:10:37', NULL),
(629, 'Button Delete', 'en', '2018-11-26 10:10:37', '2018-11-26 10:10:37', NULL),
(629, 'Bouton Éffacer', 'fr', '2019-01-02 10:40:37', '2019-01-02 10:40:37', NULL),
(630, 'Ist erlaubt', 'de', '2018-11-26 10:10:37', '2019-01-02 10:41:18', NULL),
(630, 'Is Allowed', 'en', '2018-11-26 10:10:37', '2018-11-26 10:10:37', NULL),
(630, 'Est permis', 'fr', '2019-01-02 10:41:18', '2019-01-02 10:41:18', NULL),
(631, 'Ist Action-Methode', 'de', '2018-11-26 10:10:37', '2019-01-02 10:46:54', NULL),
(631, 'Is Action-Method', 'en', '2018-11-26 10:10:37', '2018-11-26 10:10:37', NULL),
(631, 'Est une méthode d\'action', 'fr', '2019-01-02 10:41:37', '2019-01-02 10:46:54', NULL),
(632, 'Layout', 'de', '2018-11-26 10:10:37', '2018-11-26 10:10:37', NULL),
(632, 'Layout', 'en', '2018-11-26 10:10:37', '2018-11-26 10:10:37', NULL),
(632, 'Mise en page', 'fr', '2019-01-02 10:47:48', '2019-01-02 10:47:48', NULL),
(633, 'Partieller Inhalt', 'de', '2018-11-26 10:10:37', '2018-11-26 10:10:37', NULL),
(633, 'Content-Partial', 'en', '2018-11-26 10:10:37', '2018-11-26 10:10:37', NULL),
(633, 'Contenu partiel', 'fr', '2019-01-02 10:48:09', '2019-01-02 10:48:09', NULL),
(634, 'Navigation', 'de', '2018-11-26 10:10:37', '2018-11-26 10:10:37', NULL),
(634, 'Navigation', 'en', '2018-11-26 10:10:37', '2018-11-26 10:10:37', NULL),
(634, 'Navigation', 'fr', '2019-01-02 10:48:22', '2019-01-02 10:48:22', NULL),
(635, 'Verwalten der Navigation', 'de', '2018-11-26 10:10:37', '2018-11-26 10:10:37', NULL),
(635, 'Manage Navigation', 'en', '2018-11-26 10:10:37', '2018-11-26 10:10:37', NULL),
(635, 'Gestion de la navigation', 'fr', '2019-01-02 10:48:47', '2019-01-02 10:48:47', NULL),
(636, 'Aktions-Ressource', 'de', '2018-11-26 10:10:37', '2019-01-02 11:00:13', NULL),
(636, 'Action Resource', 'en', '2018-11-26 10:10:37', '2018-11-26 10:10:37', NULL),
(636, 'Ressource action', 'fr', '2019-01-02 11:00:13', '2019-01-02 11:00:13', NULL),
(637, 'Aktions-Ressource', 'de', '2018-11-26 10:10:37', '2019-01-02 11:00:38', NULL),
(637, 'Action Resource', 'en', '2018-11-26 10:10:37', '2018-11-26 10:10:37', NULL),
(637, 'ressource action', 'fr', '2019-01-02 11:00:38', '2019-01-02 11:00:38', NULL),
(638, 'Kürzel der Rolle', 'de', '2018-11-26 10:10:37', '2019-01-02 11:01:28', NULL),
(638, 'Short of Role', 'en', '2018-11-26 10:10:37', '2018-11-26 10:10:37', NULL),
(638, 'Abréviation du rôle', 'fr', '2019-01-02 11:01:28', '2019-01-02 11:01:28', NULL),
(639, 'Zeige Alles', 'de', '2018-11-26 10:10:37', '2019-01-02 11:01:59', NULL),
(639, 'Show All', 'en', '2018-11-26 10:10:37', '2018-11-26 10:10:37', NULL),
(639, 'Montrer tout', 'fr', '2019-01-02 11:01:59', '2019-01-02 11:01:59', NULL),
(640, 'Zeige alle Eingeloggten', 'de', '2018-11-26 10:10:37', '2019-01-02 11:02:32', NULL),
(640, 'Show all Loggedin', 'en', '2018-11-26 10:10:37', '2018-11-26 10:10:37', NULL),
(640, 'Afficher tous les utilisateurs connectés', 'fr', '2019-01-02 11:02:32', '2019-01-02 11:02:32', NULL),
(641, 'Ziel', 'de', '2018-11-26 10:10:37', '2018-11-26 10:10:37', NULL),
(641, 'Target', 'en', '2018-11-26 10:10:37', '2018-11-26 10:10:37', NULL),
(641, 'But\r\n', 'fr', '2019-01-02 11:04:35', '2019-01-02 11:04:35', NULL),
(642, 'URI', 'de', '2018-11-26 10:10:37', '2018-11-26 10:10:37', NULL),
(642, 'URI', 'en', '2018-11-26 10:10:37', '2018-11-26 10:10:37', NULL),
(642, 'URI', 'fr', '2019-01-02 11:04:49', '2019-01-02 11:04:49', NULL),
(643, 'Dynamisch', 'de', '2018-11-26 10:10:37', '2018-11-26 10:10:37', NULL),
(643, 'Dynamic', 'en', '2018-11-26 10:10:37', '2018-11-26 10:10:37', NULL),
(643, 'Dynamique', 'fr', '2019-01-02 11:05:18', '2019-01-02 11:05:18', NULL),
(644, 'Sichtbar', 'de', '2018-11-26 10:10:37', '2018-11-26 10:10:37', NULL),
(644, 'Visible', 'en', '2018-11-26 10:10:37', '2018-11-26 10:10:37', NULL),
(644, 'Visible', 'fr', '2019-01-02 11:05:30', '2019-01-02 11:05:30', NULL),
(645, 'CSS-Klasse', 'de', '2018-11-26 10:10:37', '2018-11-26 10:10:37', NULL),
(645, 'CSS-Class', 'en', '2018-11-26 10:10:37', '2018-11-26 10:10:37', NULL),
(645, 'Classe CSS', 'fr', '2019-01-02 11:05:57', '2019-01-02 11:39:01', NULL),
(646, 'Standard-Sprache', 'de', '2018-11-26 10:10:37', '2018-11-26 10:10:37', NULL),
(646, 'Default-Language', 'en', '2018-11-26 10:10:37', '2018-11-26 10:10:37', NULL),
(646, 'langue par défaut', 'fr', '2019-01-02 11:06:20', '2019-01-02 11:06:20', NULL),
(647, 'Nicht übersetzen', 'de', '2018-11-26 10:10:37', '2018-11-26 10:10:37', NULL),
(647, 'Do not translate', 'en', '2018-11-26 10:10:37', '2018-11-26 10:10:37', NULL),
(647, 'Ne pas traduire', 'fr', '2019-01-02 11:06:50', '2019-01-02 11:06:50', NULL),
(648, 'Eltern-Element', 'de', '2018-11-26 10:10:37', '2018-11-26 10:10:37', NULL),
(648, 'Parent Element', 'en', '2018-11-26 10:10:37', '2018-11-26 10:10:37', NULL),
(648, 'Élément parent', 'fr', '2019-01-02 11:07:45', '2019-01-02 11:07:45', NULL),
(649, 'Eltern-Element', 'de', '2018-11-26 10:10:37', '2018-11-26 10:10:37', NULL),
(649, 'Parent Element', 'en', '2018-11-26 10:10:37', '2018-11-26 10:10:37', NULL),
(649, 'Élément parent', 'fr', '2019-01-02 11:08:06', '2019-01-02 11:08:06', NULL),
(650, 'Medien, die von der Nutzergruppe \"%1s\" gesehen werden können.', 'de', '2018-11-26 10:10:37', '2018-11-26 10:10:37', NULL),
(650, 'Medias, that can be seen by role: %1s', 'en', '2018-11-26 10:10:37', '2018-11-26 10:10:37', NULL),
(650, 'Médias visibles par le rôle: %1s.', 'fr', '2019-01-02 11:18:30', '2019-01-02 11:40:54', NULL),
(651, 'Medien, die nicht nach Nutzergruppen gefiltert sind.', 'de', '2018-11-26 10:10:37', '2018-11-26 10:10:37', NULL),
(651, 'Medias, that are not filtered by roles.', 'en', '2018-11-26 10:10:37', '2018-11-26 10:10:37', NULL),
(651, 'Médias qui ne sont pas filtrés par rôles.', 'fr', '2019-01-02 11:19:32', '2019-01-02 11:19:32', NULL),
(652, 'Erledigt', 'de', '2018-11-26 10:10:37', '2018-11-26 10:10:37', NULL),
(652, 'Done', 'en', '2018-11-26 10:10:37', '2018-11-26 10:10:37', NULL),
(652, 'C\'est fait!', 'fr', '2019-01-02 11:19:55', '2019-01-02 11:19:55', NULL),
(653, 'Zeit', 'de', '2018-11-26 10:10:37', '2018-11-26 10:10:37', NULL),
(653, 'Time', 'en', '2018-11-26 10:10:37', '2018-11-26 10:10:37', NULL),
(653, 'Heure', 'fr', '2019-01-02 11:19:56', '2019-01-02 11:43:40', NULL),
(654, 'Stunde', 'de', '2018-11-26 10:10:37', '2018-11-26 10:10:37', NULL),
(654, 'Hour', 'en', '2018-11-26 10:10:37', '2018-11-26 10:10:37', NULL),
(654, 'Heure', 'fr', '2019-01-02 11:43:49', '2019-01-02 11:43:49', NULL),
(655, 'Minute', 'de', '2018-11-26 10:10:37', '2018-11-26 10:10:37', NULL),
(655, 'Minute', 'en', '2018-11-26 10:10:37', '2018-11-26 10:10:37', NULL),
(655, 'Minute', 'fr', '2019-01-02 11:43:57', '2019-01-02 11:43:57', NULL),
(656, 'Sekunde', 'de', '2018-11-26 10:10:37', '2018-11-26 10:10:37', NULL),
(656, 'Second', 'en', '2018-11-26 10:10:37', '2018-11-26 10:10:37', NULL),
(656, 'Seconde', 'fr', '2019-01-02 11:44:05', '2019-01-02 11:44:05', NULL),
(657, 'Jetzt', 'de', '2018-11-26 10:10:37', '2018-11-26 10:10:37', NULL),
(657, 'Now', 'en', '2018-11-26 10:10:37', '2018-11-26 10:10:37', NULL),
(657, 'Maintenant', 'fr', '2019-01-02 11:44:16', '2019-01-02 11:44:16', NULL),
(658, 'Sie stimmen zu, dass Setup sämtliche Dateien in \"/data/media\", \"/public/img/default/captcha\" und \"/public/mediafile\" löschen wird.', 'de', '2018-11-26 10:10:37', '2018-11-26 10:10:37', NULL),
(658, 'You agree, that setup will delete all files in \"/data/media\", \"/public/img/default/captcha\" and \"/public/mediafile\".', 'en', '2018-11-26 10:10:37', '2018-11-26 10:10:37', NULL),
(658, 'Vous acceptez que l\'installation supprime tous les fichiers dans \"/data/media\", \"/public/img/default/captcha\" et \"/public/mediafile\".', 'fr', '2019-01-02 11:45:06', '2019-01-02 11:45:06', NULL),
(659, 'Lösche temporäre Bilder', 'de', '2018-11-26 10:10:37', '2018-11-26 10:10:37', NULL),
(659, 'Delete temporary Images', 'en', '2018-11-26 10:10:37', '2018-11-26 10:10:37', NULL),
(659, 'Supprimer les images temporaires', 'fr', '2019-01-02 11:45:29', '2019-01-02 11:45:29', NULL),
(660, 'Newsletter Gruppe', 'de', '2018-11-26 10:10:37', '2018-11-26 10:10:37', NULL),
(660, 'Newsletter Group', 'en', '2018-11-26 10:10:37', '2018-11-26 10:10:37', NULL),
(660, 'Groupe Newsletter', 'fr', '2019-01-02 11:45:58', '2019-01-02 11:45:58', NULL),
(661, 'Bitte wählen Sie aus, an welchen Typ der Newsletter-Angemeldeten der Newsletter verschickt werden sollen.', 'de', '2018-11-26 10:10:37', '2018-11-26 10:10:37', NULL),
(661, 'Select the type of newsletter subscriber the newsletter should be send to, please.', 'en', '2018-11-26 10:10:37', '2018-11-26 10:10:37', NULL),
(661, 'Veuillez choisir à quel type d\'abonnés la newsletter doit être envoyée.', 'fr', '2019-01-02 11:46:52', '2019-01-02 11:46:52', NULL),
(662, 'Inhalts-Seiten Bilder', 'de', '2018-11-26 10:10:37', '2018-11-26 10:10:37', NULL),
(662, 'Content-Site Images', 'en', '2018-11-26 10:10:37', '2018-11-26 10:10:37', NULL),
(662, 'Contenu Pages Images Photos', 'fr', '2019-01-02 11:48:14', '2019-01-02 11:48:14', NULL),
(663, 'Hintergrundbild', 'de', '2018-11-26 10:10:37', '2018-11-26 10:10:37', NULL),
(663, 'Background Image', 'en', '2018-11-26 10:10:37', '2018-11-26 10:10:37', NULL),
(663, 'Fond d\'écran', 'fr', '2019-01-02 11:48:44', '2019-01-02 11:48:44', NULL),
(664, 'Bild-Config', 'de', '2018-11-26 10:10:37', '2018-11-26 10:10:37', NULL),
(664, 'Image-Config', 'en', '2018-11-26 10:10:37', '2018-11-26 10:10:37', NULL),
(664, 'Configuration de l\'image', 'fr', '2019-01-02 11:49:07', '2019-01-02 11:49:07', NULL),
(665, 'Info-Seite', 'de', '2018-11-26 10:10:37', '2018-11-26 10:10:37', NULL),
(665, 'Info-Page', 'en', '2018-11-26 10:10:37', '2018-11-26 10:10:37', NULL),
(665, 'Page info', 'fr', '2019-01-02 11:49:45', '2019-01-02 11:49:45', NULL),
(666, 'Seiten-Config', 'de', '2018-11-26 10:10:37', '2018-11-26 10:10:37', NULL),
(666, 'Site-Config', 'en', '2018-11-26 10:10:37', '2018-11-26 10:10:37', NULL),
(666, 'Configuration de la page', 'fr', '2019-01-02 11:50:07', '2019-01-02 11:50:07', NULL),
(667, 'Medien-Config', 'de', '2018-11-26 10:10:37', '2018-11-26 10:10:37', NULL),
(667, 'Media-Config', 'en', '2018-11-26 10:10:37', '2018-11-26 10:10:37', NULL),
(667, 'Configuration des médias', 'fr', '2019-01-02 11:50:36', '2019-01-02 11:50:36', NULL),
(668, 'Sprach-Code', 'de', '2018-11-26 10:10:37', '2018-11-26 10:10:37', NULL),
(668, 'Language-Code', 'en', '2018-11-26 10:10:37', '2018-11-26 10:10:37', NULL),
(668, 'Code-Language', 'fr', '2019-01-02 11:51:04', '2019-01-02 11:51:04', NULL),
(669, 'Typ des Newsletter-Angemeldeten', 'de', '2018-11-26 10:10:37', '2018-11-26 10:10:37', NULL),
(669, 'Type of Newsletter Subscriber', 'en', '2018-11-26 10:10:37', '2018-11-26 10:10:37', NULL),
(669, 'Type d\'abonnement à la newsletter', 'fr', '2019-01-02 11:51:35', '2019-01-02 11:51:35', NULL),
(670, 'Typen der Newsletter-Angemeldeten', 'de', '2018-11-26 10:10:37', '2018-11-26 10:10:37', NULL),
(670, 'Newsletter Subscriber Types', 'en', '2018-11-26 10:10:37', '2018-11-26 10:10:37', NULL),
(670, 'Types d\'abonnés à la newsletter', 'fr', '2019-01-02 11:52:21', '2019-01-02 11:52:21', NULL),
(671, 'Ihre Anfrage wurde erfolgreich an uns übermittelt.', 'de', '2018-11-26 10:10:37', '2018-11-26 10:10:37', NULL),
(671, 'Your request has been successfully sent to us.', 'en', '2018-11-26 10:10:37', '2018-11-26 10:10:37', NULL),
(671, 'Votre demande nous a été envoyée avec succès.', 'fr', '2019-01-02 11:52:42', '2019-01-02 11:52:42', NULL),
(672, 'Wir haben Sie nun aus dem Newsletter-Verteiler entfernt.', 'de', '2018-11-26 10:10:37', '2018-11-26 10:10:37', NULL),
(672, 'We removed you now from the newsletter mailing list.', 'en', '2018-11-26 10:10:37', '2018-11-26 10:10:37', NULL),
(672, 'Nous vous avons maintenant retiré de notre liste de distribution du bulletin d\'information.', 'fr', '2019-01-02 11:53:07', '2019-01-02 11:53:07', NULL),
(673, 'weiterlesen', 'de', '2018-11-26 10:10:37', '2018-11-26 10:10:37', NULL),
(673, 'read more', 'en', '2018-11-26 10:10:37', '2018-11-26 10:10:37', NULL),
(673, 'continuer à lire', 'fr', '2019-01-02 12:09:00', '2019-01-02 12:09:00', NULL),
(674, 'Inhalts-Box', 'de', '2018-11-26 10:10:37', '2018-11-26 10:10:37', NULL),
(674, 'Content-Box', 'en', '2018-11-26 10:10:37', '2018-11-26 10:10:37', NULL),
(674, 'Boîte de contenu', 'fr', '2019-01-02 12:09:26', '2019-01-02 12:09:26', NULL),
(675, 'Link', 'de', '2018-11-26 10:10:37', '2018-11-26 10:10:37', NULL),
(675, 'Link', 'en', '2018-11-26 10:10:37', '2018-11-26 10:10:37', NULL),
(675, 'Lien', 'fr', '2019-01-02 12:13:20', '2019-01-02 12:13:20', NULL),
(676, 'Hintergrundbilder für Aktion', 'de', '2018-11-26 10:10:37', '2019-01-02 12:14:25', NULL),
(676, 'Background Images for Action', 'en', '2018-11-26 10:10:37', '2018-11-26 10:10:37', NULL),
(676, 'Fonds d\'écran pour action', 'fr', '2019-01-02 12:14:25', '2019-01-02 12:14:25', NULL),
(677, 'Zurück', 'de', '2018-11-26 10:10:37', '2018-11-26 10:10:37', NULL),
(677, 'Prev', 'en', '2018-11-26 10:10:37', '2018-11-26 10:10:37', NULL),
(677, 'Retour', 'fr', '2019-01-02 12:14:32', '2019-01-02 12:14:32', NULL),
(678, 'Nächste', 'de', '2018-11-26 10:10:37', '2019-01-02 12:14:53', NULL),
(678, 'Next', 'en', '2018-11-26 10:10:37', '2018-11-26 10:10:37', NULL),
(678, 'Prochain', 'fr', '2019-01-02 12:14:53', '2019-01-02 12:14:53', NULL),
(679, 'Januar', 'de', '2018-11-26 10:10:37', '2018-11-26 10:10:37', NULL),
(679, 'January', 'en', '2018-11-26 10:10:37', '2018-11-26 10:10:37', NULL),
(679, 'Janvier', 'fr', '2019-01-02 12:15:02', '2019-01-02 12:15:02', NULL),
(680, 'Februar', 'de', '2018-11-26 10:10:37', '2018-11-26 10:10:37', NULL),
(680, 'February', 'en', '2018-11-26 10:10:37', '2018-11-26 10:10:37', NULL),
(680, 'Février', 'fr', '2019-01-02 12:15:14', '2019-01-02 12:15:14', NULL),
(681, 'März', 'de', '2018-11-26 10:10:37', '2018-11-26 10:10:37', NULL),
(681, 'March', 'en', '2018-11-26 10:10:37', '2018-11-26 10:10:37', NULL),
(681, 'Mars', 'fr', '2019-01-02 12:15:20', '2019-01-02 12:15:20', NULL),
(682, 'April', 'de', '2018-11-26 10:10:37', '2018-11-26 10:10:37', NULL),
(682, 'April', 'en', '2018-11-26 10:10:37', '2018-11-26 10:10:37', NULL),
(682, 'Avril', 'fr', '2019-01-02 12:15:27', '2019-01-02 12:15:27', NULL),
(683, 'Mai', 'de', '2018-11-26 10:10:37', '2018-11-26 10:10:37', NULL),
(683, 'May', 'en', '2018-11-26 10:10:37', '2018-11-26 10:10:37', NULL),
(683, 'Mai', 'fr', '2019-01-02 12:15:33', '2019-01-02 12:15:33', NULL),
(684, 'Juni', 'de', '2018-11-26 10:10:37', '2018-11-26 10:10:37', NULL),
(684, 'June', 'en', '2018-11-26 10:10:37', '2018-11-26 10:10:37', NULL),
(684, 'Juin', 'fr', '2019-01-02 12:15:39', '2019-01-02 12:15:39', NULL),
(685, 'Juli', 'de', '2018-11-26 10:10:37', '2018-11-26 10:10:37', NULL),
(685, 'July', 'en', '2018-11-26 10:10:37', '2018-11-26 10:10:37', NULL),
(685, 'Juillet', 'fr', '2019-01-02 12:15:46', '2019-01-02 12:15:46', NULL),
(686, 'August', 'de', '2018-11-26 10:10:37', '2018-11-26 10:10:37', NULL),
(686, 'August', 'en', '2018-11-26 10:10:37', '2018-11-26 10:10:37', NULL),
(686, 'Août', 'fr', '2019-01-02 12:15:56', '2019-01-02 12:15:56', NULL),
(687, 'September', 'de', '2018-11-26 10:10:37', '2018-11-26 10:10:37', NULL),
(687, 'September', 'en', '2018-11-26 10:10:37', '2018-11-26 10:10:37', NULL),
(687, 'Septembre', 'fr', '2019-01-02 12:16:07', '2019-01-02 12:16:07', NULL),
(688, 'Oktober', 'de', '2018-11-26 10:10:37', '2018-11-26 10:10:37', NULL),
(688, 'October', 'en', '2018-11-26 10:10:37', '2018-11-26 10:10:37', NULL),
(688, 'Octobre', 'fr', '2019-01-02 12:16:14', '2019-01-02 12:16:14', NULL),
(689, 'November', 'de', '2018-11-26 10:10:37', '2018-11-26 10:10:37', NULL),
(689, 'November', 'en', '2018-11-26 10:10:37', '2018-11-26 10:10:37', NULL),
(689, 'Novembre', 'fr', '2019-01-02 12:16:21', '2019-01-02 12:16:21', NULL),
(690, 'Dezember', 'de', '2018-11-26 10:10:37', '2018-11-26 10:10:37', NULL),
(690, 'December', 'en', '2018-11-26 10:10:37', '2018-11-26 10:10:37', NULL),
(690, 'Décembre', 'fr', '2019-01-02 12:16:29', '2019-01-02 12:16:29', NULL),
(691, 'Jan', 'de', '2018-11-26 10:10:37', '2018-11-26 10:10:37', NULL),
(691, 'Jan', 'en', '2018-11-26 10:10:37', '2018-11-26 10:10:37', NULL),
(691, 'Jan', 'fr', '2019-01-02 12:16:36', '2019-01-02 12:16:36', NULL),
(692, 'Feb', 'de', '2018-11-26 10:10:37', '2018-11-26 10:10:37', NULL),
(692, 'Feb', 'en', '2018-11-26 10:10:37', '2018-11-26 10:10:37', NULL),
(692, 'Fév', 'fr', '2019-01-02 12:16:44', '2019-01-02 12:16:44', NULL),
(693, 'Mär', 'de', '2018-11-26 10:10:37', '2018-11-26 10:10:37', NULL),
(693, 'Mar', 'en', '2018-11-26 10:10:37', '2018-11-26 10:10:37', NULL),
(693, 'Mar', 'fr', '2019-01-02 12:16:50', '2019-01-02 12:16:50', NULL),
(694, 'Apr', 'de', '2018-11-26 10:10:37', '2018-11-26 10:10:37', NULL),
(694, 'Apr', 'en', '2018-11-26 10:10:37', '2018-11-26 10:10:37', NULL),
(694, 'Avr', 'fr', '2019-01-02 12:16:58', '2019-01-02 12:16:58', NULL),
(695, 'Jun', 'de', '2018-11-26 10:10:37', '2018-11-26 10:10:37', NULL),
(695, 'Jun', 'en', '2018-11-26 10:10:37', '2018-11-26 10:10:37', NULL),
(695, 'Juin', 'fr', '2019-01-02 12:17:11', '2019-01-02 12:17:11', NULL),
(696, 'Jul', 'de', '2018-11-26 10:10:37', '2018-11-26 10:10:37', NULL),
(696, 'Jul', 'en', '2018-11-26 10:10:37', '2018-11-26 10:10:37', NULL),
(696, 'Juil', 'fr', '2019-01-02 12:17:15', '2019-01-02 12:32:30', NULL),
(697, 'Aug', 'de', '2018-11-26 10:10:37', '2018-11-26 10:10:37', NULL),
(697, 'Aug', 'en', '2018-11-26 10:10:37', '2018-11-26 10:10:37', NULL),
(697, 'Août', 'fr', '2019-01-02 12:32:39', '2019-01-02 12:32:39', NULL),
(698, 'Sep', 'de', '2018-11-26 10:10:37', '2018-11-26 10:10:37', NULL),
(698, 'Sep', 'en', '2018-11-26 10:10:37', '2018-11-26 10:10:37', NULL),
(698, 'Sep', 'fr', '2019-01-02 12:32:45', '2019-01-02 12:32:45', NULL),
(699, 'Okt', 'de', '2018-11-26 10:10:37', '2018-11-26 10:10:37', NULL),
(699, 'Oct', 'en', '2018-11-26 10:10:37', '2018-11-26 10:10:37', NULL),
(699, 'Oct', 'fr', '2019-01-02 12:32:50', '2019-01-02 12:32:50', NULL),
(700, 'Nov', 'de', '2018-11-26 10:10:37', '2018-11-26 10:10:37', NULL),
(700, 'Nov', 'en', '2018-11-26 10:10:37', '2018-11-26 10:10:37', NULL),
(700, 'Nov', 'fr', '2019-01-02 12:32:57', '2019-01-02 12:32:57', NULL),
(701, 'Dez', 'de', '2018-11-26 10:10:37', '2018-11-26 10:10:37', NULL),
(701, 'Dec', 'en', '2018-11-26 10:10:37', '2018-11-26 10:10:37', NULL),
(701, 'Déc', 'fr', '2019-01-02 12:33:07', '2019-01-02 12:33:07', NULL),
(702, 'Sonntag', 'de', '2018-11-26 10:10:37', '2018-11-26 10:10:37', NULL),
(702, 'Sunday', 'en', '2018-11-26 10:10:37', '2018-11-26 10:10:37', NULL),
(702, 'Dimanche', 'fr', '2019-01-02 12:33:19', '2019-01-02 12:33:19', NULL),
(703, 'Montag', 'de', '2018-11-26 10:10:37', '2018-11-26 10:10:37', NULL),
(703, 'Monday', 'en', '2018-11-26 10:10:37', '2018-11-26 10:10:37', NULL),
(703, 'Lundi', 'fr', '2019-01-02 12:33:25', '2019-01-02 12:33:25', NULL),
(704, 'Dienstag', 'de', '2018-11-26 10:10:37', '2018-11-26 10:10:37', NULL),
(704, 'Tuesday', 'en', '2018-11-26 10:10:37', '2018-11-26 10:10:37', NULL),
(704, 'Mardi', 'fr', '2019-01-02 12:33:34', '2019-01-02 12:33:34', NULL),
(705, 'Mittwoch', 'de', '2018-11-26 10:10:37', '2018-11-26 10:10:37', NULL),
(705, 'Wednesday', 'en', '2018-11-26 10:10:37', '2018-11-26 10:10:37', NULL),
(705, 'Mercredi', 'fr', '2019-01-02 12:33:41', '2019-01-02 12:33:41', NULL),
(706, 'Donnerstag', 'de', '2018-11-26 10:10:37', '2018-11-26 10:10:37', NULL),
(706, 'Thursday', 'en', '2018-11-26 10:10:37', '2018-11-26 10:10:37', NULL),
(706, 'Jeudi', 'fr', '2019-01-02 12:33:46', '2019-01-02 12:33:46', NULL),
(707, 'Freitag', 'de', '2018-11-26 10:10:37', '2018-11-26 10:10:37', NULL),
(707, 'Friday', 'en', '2018-11-26 10:10:37', '2018-11-26 10:10:37', NULL),
(707, 'Vendredi', 'fr', '2019-01-02 12:33:54', '2019-01-02 12:33:54', NULL),
(708, 'Samstag', 'de', '2018-11-26 10:10:37', '2018-11-26 10:10:37', NULL),
(708, 'Saturday', 'en', '2018-11-26 10:10:37', '2018-11-26 10:10:37', NULL),
(708, 'Samedi', 'fr', '2019-01-02 12:33:59', '2019-01-02 12:33:59', NULL),
(709, 'So', 'de', '2018-11-26 10:10:37', '2018-11-26 10:10:37', NULL),
(709, 'Sun', 'en', '2018-11-26 10:10:37', '2018-11-26 10:10:37', NULL),
(709, 'Dim', 'fr', '2019-01-02 12:34:05', '2019-01-02 12:34:05', NULL),
(710, 'Mo', 'de', '2018-11-26 10:10:37', '2018-11-26 10:10:37', NULL),
(710, 'Mon', 'en', '2018-11-26 10:10:37', '2018-11-26 10:10:37', NULL),
(710, 'Lun', 'fr', '2019-01-02 12:34:11', '2019-01-02 12:34:11', NULL),
(711, 'Di', 'de', '2018-11-26 10:10:37', '2018-11-26 10:10:37', NULL),
(711, 'Tue', 'en', '2018-11-26 10:10:37', '2018-11-26 10:10:37', NULL),
(711, 'Mar', 'fr', '2019-01-02 12:34:17', '2019-01-02 12:34:17', NULL),
(712, 'Mi', 'de', '2018-11-26 10:10:37', '2018-11-26 10:10:37', NULL),
(712, 'Wed', 'en', '2018-11-26 10:10:37', '2018-11-26 10:10:37', NULL),
(712, 'Mer', 'fr', '2019-01-02 12:34:23', '2019-01-02 12:34:23', NULL),
(713, 'Do', 'de', '2018-11-26 10:10:37', '2018-11-26 10:10:37', NULL),
(713, 'Thu', 'en', '2018-11-26 10:10:37', '2018-11-26 10:10:37', NULL),
(713, 'Jeu', 'fr', '2019-01-02 12:34:28', '2019-01-02 12:34:28', NULL),
(714, 'Fr', 'de', '2018-11-26 10:10:37', '2018-11-26 10:10:37', NULL),
(714, 'Fri', 'en', '2018-11-26 10:10:37', '2018-11-26 10:10:37', NULL),
(714, 'Ven', 'fr', '2019-01-02 12:34:34', '2019-01-02 12:34:34', NULL),
(715, 'Sa', 'de', '2018-11-26 10:10:37', '2018-11-26 10:10:37', NULL),
(715, 'Sat', 'en', '2018-11-26 10:10:37', '2018-11-26 10:10:37', NULL),
(715, 'Sam', 'fr', '2019-01-02 12:34:40', '2019-01-02 12:34:40', NULL),
(716, 'So', 'de', '2018-11-26 10:10:37', '2018-11-26 10:10:37', NULL),
(716, 'Su', 'en', '2018-11-26 10:10:37', '2018-11-26 10:10:37', NULL),
(716, 'Dim', 'fr', '2019-01-02 12:34:49', '2019-01-02 12:34:49', NULL),
(717, 'Mo', 'de', '2018-11-26 10:10:37', '2018-11-26 10:10:37', NULL),
(717, 'Mo', 'en', '2018-11-26 10:10:37', '2018-11-26 10:10:37', NULL),
(717, 'Lu', 'fr', '2019-01-02 12:35:00', '2019-01-02 12:35:00', NULL),
(718, 'Di', 'de', '2018-11-26 10:10:37', '2018-11-26 10:10:37', NULL),
(718, 'Tu', 'en', '2018-11-26 10:10:37', '2018-11-26 10:10:37', NULL),
(718, 'Ma', 'fr', '2019-01-02 12:35:06', '2019-01-02 12:35:06', NULL),
(719, 'Mi', 'de', '2018-11-26 10:10:37', '2018-11-26 10:10:37', NULL),
(719, 'We', 'en', '2018-11-26 10:10:37', '2018-11-26 10:10:37', NULL),
(719, 'Me', 'fr', '2019-01-02 12:35:11', '2019-01-02 12:35:11', NULL),
(720, 'Do', 'de', '2018-11-26 10:10:37', '2018-11-26 10:10:37', NULL),
(720, 'Th', 'en', '2018-11-26 10:10:37', '2018-11-26 10:10:37', NULL),
(720, 'Je', 'fr', '2019-01-02 12:35:16', '2019-01-02 12:35:16', NULL),
(721, 'Fr', 'de', '2018-11-26 10:10:37', '2018-11-26 10:10:37', NULL),
(721, 'Fr', 'en', '2018-11-26 10:10:37', '2018-11-26 10:10:37', NULL),
(721, 'Ve', 'fr', '2019-01-02 12:35:22', '2019-01-02 12:35:22', NULL),
(722, 'Sa', 'de', '2018-11-26 10:10:37', '2018-11-26 10:10:37', NULL),
(722, 'Sa', 'en', '2018-11-26 10:10:37', '2018-11-26 10:10:37', NULL),
(722, 'Sa', 'fr', '2019-01-02 12:35:27', '2019-01-02 12:35:27', NULL),
(723, 'Pflichtfeld', 'de', '2018-11-26 10:10:37', '2018-11-26 10:10:37', NULL),
(723, 'Required field', 'en', '2018-11-26 10:10:37', '2018-11-26 10:10:37', NULL),
(723, 'Champ obligatoire', 'fr', '2018-12-31 17:48:08', '2019-01-02 12:35:56', NULL),
(724, 'Zeige {from} bis {to} von {total} Einträgen', 'de', '2018-11-26 10:10:37', '2018-11-26 10:10:37', NULL),
(724, 'Displaying {from} to {to} of {total} items', 'en', '2018-11-26 10:10:37', '2018-11-26 10:10:37', NULL),
(724, 'Afficher {from} à {to} de {total} entrées', 'fr', '2019-01-02 13:08:50', '2019-01-02 13:08:50', NULL),
(725, 'Keine Einträge', 'de', '2018-11-26 10:10:37', '2018-11-26 10:10:37', NULL),
(725, 'No items', 'en', '2018-11-26 10:10:37', '2018-11-26 10:10:37', NULL),
(725, 'Aucune entrée', 'fr', '2019-01-02 13:09:09', '2019-01-02 13:09:09', NULL),
(726, 'Verbindungsfehler', 'de', '2018-11-26 10:10:37', '2018-11-26 10:10:37', NULL),
(726, 'Connection Error', 'en', '2018-11-26 10:10:37', '2018-11-26 10:10:37', NULL),
(726, 'erreurs de connexion', 'fr', '2019-01-02 13:09:35', '2019-01-02 13:09:35', NULL),
(727, 'Verarbeitung, bitte warten ...', 'de', '2018-11-26 10:10:37', '2018-11-26 10:10:37', NULL),
(727, 'Processing, please wait ...', 'en', '2018-11-26 10:10:37', '2018-11-26 10:10:37', NULL),
(727, 'En cours de traitement, veuillez patienter...', 'fr', '2019-01-02 13:09:57', '2019-01-02 13:09:57', NULL),
(728, 'Seite {current} von {total}', 'de', '2018-11-26 10:10:37', '2018-11-26 10:10:37', NULL),
(728, 'Page {current} of {total}', 'en', '2018-11-26 10:10:37', '2018-11-26 10:10:37', NULL),
(728, 'Page {current} de {total}', 'fr', '2019-01-02 13:10:21', '2019-01-02 13:10:21', NULL),
(729, 'Allgemein', 'de', '2018-11-26 10:10:37', '2018-11-26 10:10:37', NULL),
(729, 'General', 'en', '2018-11-26 10:10:37', '2018-11-26 10:10:37', NULL),
(729, 'Informations générales', 'fr', '2019-01-02 13:11:18', '2019-01-02 13:11:18', NULL),
(730, 'Dynamischer Inhalt', 'de', '2018-11-26 10:10:37', '2018-11-26 10:10:37', NULL),
(730, 'Dynamic Content', 'en', '2018-11-26 10:10:37', '2018-11-26 10:10:37', NULL),
(730, 'Contenu dynamique', 'fr', '2019-01-02 13:11:37', '2019-01-02 13:11:37', NULL),
(731, 'Homepage', 'de', '2018-11-26 10:10:37', '2018-11-26 10:10:37', NULL),
(731, 'Homepage', 'en', '2018-11-26 10:10:37', '2018-11-26 10:10:37', NULL),
(731, 'Page d\'accueil', 'fr', '2019-01-02 13:47:39', '2019-01-02 13:47:39', NULL),
(732, 'Zähle die nicht neuen Zeilen', 'de', '2018-11-26 10:10:37', '2018-11-26 10:10:37', NULL),
(732, 'Count the not new rows', 'en', '2018-11-26 10:10:37', '2018-11-26 10:10:37', NULL),
(732, 'Compter les lignes pas nouvelles', 'fr', '2019-01-02 13:48:12', '2019-01-02 13:48:12', NULL),
(733, 'Zähle neue Zeilen im Modell', 'de', '2018-11-26 10:10:37', '2019-01-02 13:48:36', NULL),
(733, 'Count new rows of Model', 'en', '2018-11-26 10:10:37', '2018-11-26 10:10:37', NULL),
(733, 'Compter les nouvelles lignes dans le modèle', 'fr', '2019-01-02 13:48:36', '2019-01-02 13:48:36', NULL),
(734, 'Die Sitemap konnte manuell nicht wieder erstellt werden.', 'de', '2018-11-26 10:10:37', '2019-01-02 13:59:27', NULL),
(734, 'The sitemap can not be recreated manually.', 'en', '2018-11-26 10:10:37', '2018-11-26 10:10:37', NULL),
(734, 'Le plan du site n\'a pas pu être recréé manuellement.', 'fr', '2019-01-02 13:59:27', '2019-01-02 13:59:27', NULL),
(735, 'Die Sitemap wurde manuell wiedererstellt.', 'de', '2018-11-26 10:10:37', '2019-01-02 14:00:13', NULL),
(735, 'The sitemap was manually recreated.', 'en', '2018-11-26 10:10:37', '2018-11-26 10:10:37', NULL),
(735, 'Le plan du site a été recréé manuellement.', 'fr', '2019-01-02 14:00:13', '2019-01-02 14:00:13', NULL),
(736, 'Konfiguration', 'de', '2018-11-26 10:10:37', '2018-11-26 10:10:37', NULL);
INSERT INTO `translator_translation` (`id`, `text`, `lang`, `created_at`, `updated_at`, `deleted_at`) VALUES
(736, 'Configuration', 'en', '2018-11-26 10:10:37', '2018-11-26 10:10:37', NULL),
(736, 'Configuration', 'fr', '2019-01-02 14:00:24', '2019-01-02 14:00:24', NULL),
(737, 'Temporäre Daten', 'de', '2018-11-26 10:10:37', '2018-11-26 10:10:37', NULL),
(737, 'Temporary Datas', 'en', '2018-11-26 10:10:37', '2018-11-26 10:10:37', NULL),
(737, 'Données temporaires', 'fr', '2019-01-02 14:00:50', '2019-01-02 14:00:50', NULL),
(738, 'Gruppen & Nutzer', 'de', '2018-11-26 10:10:37', '2018-11-26 10:10:37', NULL),
(738, 'Roles & Users', 'en', '2018-11-26 10:10:37', '2018-11-26 10:10:37', NULL),
(738, 'Rôles et utilisateurs', 'fr', '2019-01-02 14:02:12', '2019-01-02 14:02:12', NULL),
(739, 'Medien & CSS', 'de', '2018-11-26 10:10:37', '2018-11-26 10:10:37', NULL),
(739, 'Medias & CSS', 'en', '2018-11-26 10:10:37', '2018-11-26 10:10:37', NULL),
(739, 'Médias et CSS', 'fr', '2019-01-02 14:02:25', '2019-01-02 14:02:25', NULL),
(740, 'Ressourcen & Navigation', 'de', '2018-11-26 10:10:37', '2019-01-02 14:02:43', NULL),
(740, 'Resources & Navigation', 'en', '2018-11-26 10:10:37', '2018-11-26 10:10:37', NULL),
(740, 'Ressources et navigation', 'fr', '2019-01-02 14:02:43', '2019-01-02 14:02:43', NULL),
(741, 'Manage Resources & Navigation', 'de', '2018-11-26 10:10:37', '2018-11-26 10:10:37', NULL),
(741, 'Manage Resources & Navigation', 'en', '2018-11-26 10:10:37', '2018-11-26 10:10:37', NULL),
(741, 'Gestion des ressources et de la navigation', 'fr', '2019-01-02 14:03:05', '2019-01-02 14:03:05', NULL),
(742, 'Aktions-Resource', 'de', '2018-11-26 10:10:37', '2018-11-26 10:10:37', NULL),
(742, 'Action Resource', 'en', '2018-11-26 10:10:37', '2018-11-26 10:10:37', NULL),
(742, 'Ressource d\'action', 'fr', '2019-01-02 14:03:32', '2019-01-02 14:03:32', NULL),
(743, 'Kürzel der Gruppe', 'de', '2018-11-26 10:10:37', '2018-11-26 10:10:37', NULL),
(743, 'Short of Role', 'en', '2018-11-26 10:10:37', '2018-11-26 10:10:37', NULL),
(743, 'Abréviation du rôle', 'fr', '2019-01-02 14:04:09', '2019-01-02 14:04:09', NULL),
(744, 'Rechnung', 'de', '2018-11-26 10:10:37', '2018-11-26 10:10:37', NULL),
(744, 'Invoice', 'en', '2018-11-26 10:10:37', '2018-11-26 10:10:37', NULL),
(744, 'Facture', 'fr', '2019-01-02 14:12:56', '2019-01-02 14:12:56', NULL),
(745, 'Lieferschein', 'de', '2018-11-26 10:10:37', '2018-11-26 10:10:37', NULL),
(745, 'Delivery Note', 'en', '2018-11-26 10:10:37', '2018-11-26 10:10:37', NULL),
(745, 'Bulletin de livraison', 'fr', '2019-01-02 14:13:29', '2019-01-02 14:13:29', NULL),
(746, 'Produkt-Bilder', 'de', '2018-11-26 10:10:37', '2018-11-26 10:10:37', NULL),
(746, 'Product-Images', 'en', '2018-11-26 10:10:37', '2018-11-26 10:10:37', NULL),
(746, 'Photos des produits', 'fr', '2019-01-02 14:13:58', '2019-01-02 14:13:58', NULL),
(747, 'Produkt-Optionen', 'de', '2018-11-26 10:10:37', '2018-11-26 10:10:37', NULL),
(747, 'Product-Options', 'en', '2018-11-26 10:10:37', '2018-11-26 10:10:37', NULL),
(747, 'Options des produits', 'fr', '2019-01-02 14:14:32', '2019-01-02 14:14:32', NULL),
(748, 'Produkt-Status', 'de', '2018-11-26 10:10:37', '2018-11-26 10:10:37', NULL),
(748, 'Product-Status', 'en', '2018-11-26 10:10:37', '2018-11-26 10:10:37', NULL),
(748, 'Statut des produits', 'fr', '2019-01-02 14:15:09', '2019-01-02 14:15:09', NULL),
(749, 'Produkt-Status', 'de', '2018-11-26 10:10:37', '2018-11-26 10:10:37', NULL),
(749, 'Product-Status', 'en', '2018-11-26 10:10:37', '2018-11-26 10:10:37', NULL),
(749, 'Statut des produits', 'fr', '2019-01-02 14:15:28', '2019-01-02 14:15:28', NULL),
(750, 'Farb-Code', 'de', '2018-11-26 10:10:37', '2018-11-26 10:10:37', NULL),
(750, 'Color-Code', 'en', '2018-11-26 10:10:37', '2018-11-26 10:10:37', NULL),
(750, 'Code couleur', 'fr', '2019-01-02 14:15:53', '2019-01-02 14:15:53', NULL),
(751, 'Datei', 'de', '2018-11-26 10:10:37', '2018-11-26 10:10:37', NULL),
(751, 'File', 'en', '2018-11-26 10:10:37', '2018-11-26 10:10:37', NULL),
(751, 'Fichier', 'fr', '2019-01-02 14:16:05', '2019-01-02 14:16:05', NULL),
(752, 'Shockwave', 'de', '2018-11-26 10:10:37', '2018-11-26 10:10:37', NULL),
(752, 'Shockwave', 'en', '2018-11-26 10:10:37', '2018-11-26 10:10:37', NULL),
(752, 'Shockwave', 'fr', '2019-01-02 14:16:30', '2019-01-02 14:16:30', NULL),
(753, 'Produkt-Tag', 'de', '2018-11-26 10:10:37', '2018-11-26 10:10:37', NULL),
(753, 'Product-Tag', 'en', '2018-11-26 10:10:37', '2018-11-26 10:10:37', NULL),
(753, 'Étiquette du produit', 'fr', '2019-01-02 14:17:48', '2019-01-02 14:17:48', NULL),
(754, 'Anzahl Einheiten', 'de', '2018-11-26 10:10:37', '2019-01-02 14:21:34', NULL),
(754, 'Number of Units', 'en', '2018-11-26 10:10:37', '2018-11-26 10:10:37', NULL),
(754, 'Nombre d\'unités', 'fr', '2019-01-02 14:21:34', '2019-01-02 14:21:34', NULL),
(755, 'Referenziert', 'de', '2018-11-26 10:10:37', '2018-11-26 10:10:37', NULL),
(755, 'Reverenced', 'en', '2018-11-26 10:10:37', '2019-01-02 14:22:43', NULL),
(755, 'révérencé', 'fr', '2019-01-02 14:22:43', '2019-01-02 14:22:43', NULL),
(756, 'Besuchen Sie uns in Facebook', 'de', '2018-11-26 10:10:37', '2018-11-26 10:10:37', NULL),
(756, 'Visit us on Facebook', 'en', '2018-11-26 10:10:37', '2018-11-26 10:10:37', NULL),
(756, 'Visitez-nous sur Facebook', 'fr', '2019-01-02 14:23:09', '2019-01-02 14:23:09', NULL),
(757, 'Besuchen Sie uns auf Twitter', 'de', '2018-11-26 10:10:37', '2019-01-02 14:23:42', NULL),
(757, 'Visit us on Twitter', 'en', '2018-11-26 10:10:37', '2018-11-26 10:10:37', NULL),
(757, 'Visitez-nous sur Twitter', 'fr', '2019-01-02 14:23:42', '2019-01-02 14:23:42', NULL),
(758, 'Besuchen Sie uns in Pinterest', 'de', '2018-11-26 10:10:37', '2018-11-26 10:10:37', NULL),
(758, 'Visit us on Pinterest', 'en', '2018-11-26 10:10:37', '2018-11-26 10:10:37', NULL),
(758, 'Visitez-nous sur Pinterest', 'fr', '2019-01-02 14:23:56', '2019-01-02 14:23:56', NULL),
(759, 'Schliessen', 'de', '2018-11-26 10:10:38', '2019-01-02 14:24:10', NULL),
(759, 'Close', 'en', '2018-11-26 10:10:38', '2018-11-26 10:10:38', NULL),
(759, 'Fermer', 'fr', '2019-01-02 14:24:10', '2019-01-02 14:24:10', NULL),
(760, 'Herzlich Willkommen', 'de', '2018-11-26 10:10:38', '2018-11-26 10:10:38', NULL),
(760, 'Welcome', 'en', '2018-11-26 10:10:38', '2018-11-26 10:10:38', NULL),
(760, 'Bienvenue', 'fr', '2019-01-02 14:24:33', '2019-01-02 14:24:33', NULL),
(761, 'Neue Produkte', 'de', '2018-11-26 10:10:38', '2018-11-26 10:10:38', NULL),
(761, 'New Products', 'en', '2018-11-26 10:10:38', '2018-11-26 10:10:38', NULL),
(761, 'Nouveaux produits', 'fr', '2019-01-02 14:24:51', '2019-01-02 14:24:51', NULL),
(762, 'Das Produkt wurde in den Warenkorb gelegt.', 'de', '2018-11-26 10:10:38', '2018-11-26 10:10:38', NULL),
(762, 'The product has been added to your cart.', 'en', '2018-11-26 10:10:38', '2018-11-26 10:10:38', NULL),
(762, 'Le produit a été ajouté à votre panier.', 'fr', '2019-01-02 14:25:09', '2019-01-02 14:25:09', NULL),
(763, 'ab', 'de', '2018-11-26 10:10:38', '2018-11-26 10:10:38', NULL),
(763, 'from', 'en', '2018-11-26 10:10:38', '2018-11-26 10:10:38', NULL),
(763, 'depuis', 'fr', '2019-01-02 14:25:27', '2019-01-02 14:25:27', NULL),
(764, 'Menge', 'de', '2018-11-26 10:10:38', '2018-11-26 10:10:38', NULL),
(764, 'Quantity', 'en', '2018-11-26 10:10:38', '2018-11-26 10:10:38', NULL),
(764, 'Quantité', 'fr', '2019-01-02 14:25:52', '2019-01-02 14:25:52', NULL),
(765, 'Menge', 'de', '2018-11-26 10:10:38', '2018-11-26 10:10:38', NULL),
(765, 'Quantity', 'en', '2018-11-26 10:10:38', '2018-11-26 10:10:38', NULL),
(765, 'Quantité', 'fr', '2019-01-02 14:26:00', '2019-01-02 14:26:00', NULL),
(766, 'in den Warenkorb', 'de', '2018-11-26 10:10:38', '2018-11-26 10:10:38', NULL),
(766, 'add to cart', 'en', '2018-11-26 10:10:38', '2018-11-26 10:10:38', NULL),
(766, 'dans le panier', 'fr', '2019-01-02 14:26:16', '2019-01-02 14:26:16', NULL),
(767, 'Top-Produkte', 'de', '2018-11-26 10:10:38', '2018-11-26 10:10:38', NULL),
(767, 'Top Products', 'en', '2018-11-26 10:10:38', '2018-11-26 10:10:38', NULL),
(767, 'Meilleurs produits', 'fr', '2019-01-02 14:43:13', '2019-01-02 14:43:13', NULL),
(768, 'Sonderangebote', 'de', '2018-11-26 10:10:38', '2018-11-26 10:10:38', NULL),
(768, 'Temporary Offers', 'en', '2018-11-26 10:10:38', '2018-11-26 10:10:38', NULL),
(768, 'Offres spéciales', 'fr', '2019-01-02 14:43:46', '2019-01-02 14:43:46', NULL),
(769, 'Neuer Kunde', 'de', '2018-11-26 10:10:38', '2018-11-26 10:10:38', NULL),
(769, 'New Customer', 'en', '2018-11-26 10:10:38', '2018-11-26 10:10:38', NULL),
(769, 'Nouveau client', 'fr', '2019-01-02 14:44:00', '2019-01-02 14:44:00', NULL),
(770, 'Zum Warenkorb', 'de', '2018-11-26 10:10:38', '2018-11-26 10:10:38', NULL),
(770, 'To Cart', 'en', '2018-11-26 10:10:38', '2018-11-26 10:10:38', NULL),
(770, 'Aller au panier d\'achat', 'fr', '2019-01-02 14:44:23', '2019-01-02 14:44:23', NULL),
(771, 'Ihr Warenkorb ist leer.', 'de', '2018-11-26 10:10:38', '2018-11-26 10:10:38', NULL),
(771, 'Your cart is empty.', 'en', '2018-11-26 10:10:38', '2018-11-26 10:10:38', NULL),
(771, 'Votre panier est vide.', 'fr', '2019-01-02 14:44:50', '2019-01-02 14:44:50', NULL),
(772, 'Copyright %1s alle Rechte vorbehalten.', 'de', '2018-11-26 10:10:38', '2018-11-26 10:10:38', NULL),
(772, 'Copyright %1s all rights reserved.', 'en', '2018-11-26 10:10:38', '2018-11-26 10:10:38', NULL),
(772, 'Copyright %1s tous droits réservés.', 'fr', '2019-01-02 14:45:21', '2019-01-02 14:45:21', NULL),
(773, 'Ihre Registrierung war erfolgreich! Sie erhalten nun eine E-Mail mit dem Link zur Aktivierung ihres Benutzerkontos.', 'de', '2018-11-26 10:10:38', '2018-11-26 10:10:38', NULL),
(773, 'Your registration was successful! You will receive an email with a link to activate your account.', 'en', '2018-11-26 10:10:38', '2019-01-02 14:46:08', NULL),
(773, 'Votre inscription a réussi! Vous allez maintenant recevoir un e-mail avec le lien pour activer votre compte utilisateur.', 'fr', '2019-01-02 14:46:08', '2019-01-02 14:46:08', NULL),
(774, 'Wenn Ihr Benutzerkonto deaktiviert wurde, geben Sie bitte Ihre E-Mail an und Sie erhalten eine Nachricht mit Anweisungen zur Reaktivierung Ihres Accounts.', 'de', '2018-11-26 10:10:38', '2019-01-02 14:47:48', NULL),
(774, 'Enter your email if your account has been disabled for security reasons and you\'ll retrieve an email with instructions on how to re-activate your account.', 'en', '2018-11-26 10:10:38', '2018-11-26 10:10:38', NULL),
(774, 'Si votre compte a été désactivé, veuillez entrer votre adresse e-mail et vous recevrez un message avec les instructions pour réactiver votre compte.', 'fr', '2019-01-02 14:47:48', '2019-01-02 14:47:48', NULL),
(775, 'Ihr %1s Team', 'de', '2018-11-26 10:10:38', '2018-11-26 10:10:38', NULL),
(775, 'Your %1s Team', 'en', '2018-11-26 10:10:38', '2018-11-26 10:10:38', NULL),
(775, 'Votre %1s équipe', 'fr', '2019-01-02 14:48:27', '2019-01-02 14:48:27', NULL),
(776, 'Mein Profil', 'de', '2018-11-26 10:10:38', '2018-11-26 10:10:38', NULL),
(776, 'Profile', 'en', '2018-11-26 10:10:38', '2018-11-26 10:10:38', NULL),
(776, 'Mon profil', 'fr', '2019-01-02 14:48:52', '2019-01-02 14:48:52', NULL),
(777, 'Bestellvorgänge', 'de', '2018-11-26 10:10:38', '2018-11-26 10:10:38', NULL),
(777, 'Order processes', 'en', '2018-11-26 10:10:38', '2018-11-26 10:10:38', NULL),
(777, 'Procédures de commande', 'fr', '2019-01-02 14:52:50', '2019-01-02 14:52:50', NULL),
(778, 'Persönliche Daten', 'de', '2018-11-26 10:10:38', '2018-11-26 10:10:38', NULL),
(778, 'Personal data', 'en', '2018-11-26 10:10:38', '2018-11-26 10:10:38', NULL),
(778, 'Données personnelles', 'fr', '2019-01-02 14:53:14', '2019-01-02 14:53:14', NULL),
(779, 'Persönliche Einstellungen', 'de', '2018-11-26 10:10:38', '2018-11-26 10:10:38', NULL),
(779, 'Personal settings', 'en', '2018-11-26 10:10:38', '2018-11-26 10:10:38', NULL),
(779, 'Paramètres personnels', 'fr', '2019-01-02 14:53:40', '2019-01-02 14:53:40', NULL),
(780, 'Ausloggen', 'de', '2018-11-26 10:10:38', '2018-11-26 10:10:38', NULL),
(780, 'Logout', 'en', '2018-11-26 10:10:38', '2018-11-26 10:10:38', NULL),
(780, 'Déconnexion', 'fr', '2019-01-02 14:54:10', '2019-01-02 14:54:10', NULL),
(781, 'Ihr Warenkorb', 'de', '2018-11-26 10:10:38', '2018-11-26 10:10:38', NULL),
(781, 'Your cart', 'en', '2018-11-26 10:10:38', '2018-11-26 10:10:38', NULL),
(781, 'Votre panier d\'achat', 'fr', '2019-01-02 14:54:22', '2019-01-02 14:54:22', NULL),
(782, 'Zur Kasse', 'de', '2018-11-26 10:10:38', '2018-11-26 10:10:38', NULL),
(782, 'Go to checkout', 'en', '2018-11-26 10:10:38', '2018-11-26 10:10:38', NULL),
(782, 'Passer à la caisse', 'fr', '2019-01-02 14:54:57', '2019-01-02 14:54:57', NULL),
(783, 'Ich möchte einen Gutschein einlösen', 'de', '2018-11-26 10:10:38', '2018-11-26 10:10:38', NULL),
(783, 'I want to redeem a coupon', 'en', '2018-11-26 10:10:38', '2018-11-26 10:10:38', NULL),
(783, 'Je souhaite utiliser un bon d\'achat', 'fr', '2019-01-02 14:55:42', '2019-01-02 14:55:42', NULL),
(784, 'Weiter zur Adressdateneingabe', 'de', '2018-11-26 10:10:38', '2018-11-26 10:10:38', NULL),
(784, 'Continue to address data entry', 'en', '2018-11-26 10:10:38', '2018-11-26 10:10:38', NULL),
(784, 'Poursuivre la saisie des données', 'fr', '2019-01-02 14:56:23', '2019-01-02 14:56:23', NULL),
(785, 'Art.-Nr.', 'de', '2018-11-26 10:10:38', '2018-11-26 10:10:38', NULL),
(785, 'Art.-No.', 'en', '2018-11-26 10:10:38', '2018-11-26 10:10:38', NULL),
(785, 'No. d\'article', 'fr', '2019-01-02 14:57:18', '2019-01-02 14:57:18', NULL),
(786, 'Grundpreis', 'de', '2018-11-26 10:10:38', '2018-11-26 10:10:38', NULL),
(786, 'Basic price', 'en', '2018-11-26 10:10:38', '2018-11-26 10:10:38', NULL),
(786, 'Prix de base', 'fr', '2019-01-02 14:57:28', '2019-01-02 14:57:28', NULL),
(787, 'inkl.', 'de', '2018-11-26 10:10:38', '2018-11-26 10:10:38', NULL),
(787, 'incl.', 'en', '2018-11-26 10:10:38', '2018-11-26 10:10:38', NULL),
(787, 'incl.', 'fr', '2019-01-02 14:57:36', '2019-01-02 14:57:36', NULL),
(788, 'MWST', 'de', '2018-11-26 10:10:38', '2019-01-02 14:57:54', NULL),
(788, 'VAT', 'en', '2018-11-26 10:10:38', '2018-11-26 10:10:38', NULL),
(788, 'TVA', 'fr', '2019-01-02 14:57:54', '2019-01-02 14:57:54', NULL),
(789, 'zzgl.', 'de', '2018-11-26 10:10:38', '2018-11-26 10:10:38', NULL),
(789, 'plus', 'en', '2018-11-26 10:10:38', '2018-11-26 10:10:38', NULL),
(789, 'et en plus', 'fr', '2019-01-02 14:58:22', '2019-01-02 14:58:22', NULL),
(790, 'Zwischensumme', 'de', '2018-11-26 10:10:38', '2018-11-26 10:10:38', NULL),
(790, 'Subtotal', 'en', '2018-11-26 10:10:38', '2018-11-26 10:10:38', NULL),
(790, 'Sous-total', 'fr', '2019-01-02 14:58:47', '2019-01-02 14:58:47', NULL),
(791, 'inklusive', 'de', '2018-11-26 10:10:38', '2018-11-26 10:10:38', NULL),
(791, 'included', 'en', '2018-11-26 10:10:38', '2018-11-26 10:10:38', NULL),
(791, 'inclusif', 'fr', '2019-01-02 14:59:31', '2019-01-02 14:59:31', NULL),
(792, 'Bezahlmethode wählen', 'de', '2018-11-26 10:10:38', '2018-11-26 10:10:38', NULL),
(792, 'Choose payment method', 'en', '2018-11-26 10:10:38', '2018-11-26 10:10:38', NULL),
(792, 'Choisir le mode de paiement', 'fr', '2019-01-02 14:59:51', '2019-01-02 14:59:51', NULL),
(793, 'Adresse eingeben', 'de', '2018-11-26 10:10:38', '2018-11-26 10:10:38', NULL),
(793, 'Enter address', 'en', '2018-11-26 10:10:38', '2018-11-26 10:10:38', NULL),
(793, 'Entrez votre adresse', 'fr', '2019-01-02 15:00:14', '2019-01-02 15:00:14', NULL),
(794, 'Einkauf abgeschlossen', 'de', '2018-11-26 10:10:38', '2019-01-02 15:00:46', NULL),
(794, 'Purchase completed', 'en', '2018-11-26 10:10:38', '2018-11-26 10:10:38', NULL),
(794, 'Achat complété', 'fr', '2019-01-02 15:00:46', '2019-01-02 15:00:46', NULL),
(795, 'Einkaufsschritte', 'de', '2018-11-26 10:10:38', '2018-11-26 10:10:38', NULL),
(795, 'Buy steps', 'en', '2018-11-26 10:10:38', '2018-11-26 10:10:38', NULL),
(795, 'Étapes d\'achat', 'fr', '2019-01-02 15:02:19', '2019-01-02 15:45:55', NULL),
(796, 'Kartennummer', 'de', '2018-11-26 10:10:38', '2018-11-26 10:10:38', NULL),
(796, 'Card number', 'en', '2018-11-26 10:10:38', '2018-11-26 10:10:38', NULL),
(796, 'Numéro de carte', 'fr', '2019-01-02 15:02:47', '2019-01-02 15:02:47', NULL),
(797, 'Gültig bis', 'de', '2018-11-26 10:10:38', '2018-11-26 10:10:38', NULL),
(797, 'Valid to', 'en', '2018-11-26 10:10:38', '2018-11-26 10:10:38', NULL),
(797, 'Valide jusqu\'au', 'fr', '2019-01-02 15:03:15', '2019-01-02 15:03:15', NULL),
(798, 'Sicherheitscode', 'de', '2018-11-26 10:10:38', '2018-11-26 10:10:38', NULL),
(798, 'Security code', 'en', '2018-11-26 10:10:38', '2018-11-26 10:10:38', NULL),
(798, 'Code de sécurité', 'fr', '2019-01-02 15:03:45', '2019-01-02 15:03:45', NULL),
(799, 'Ich habe die %s gelesen und akzeptiere diese.', 'de', '2018-11-26 10:10:38', '2018-11-26 10:10:38', NULL),
(799, 'I have read the %s and I accept them.', 'en', '2018-11-26 10:10:38', '2018-11-26 10:10:38', NULL),
(799, 'J\'ai lu les %s et je les accepte.', 'fr', '2019-01-02 15:04:08', '2019-01-02 15:04:08', NULL),
(800, 'Weiter zur Bestellübersicht', 'de', '2018-11-26 10:10:38', '2018-11-26 10:10:38', NULL),
(800, 'Proceed to order summary', 'en', '2018-11-26 10:10:38', '2018-11-26 10:10:38', NULL),
(800, 'Continuer vers l\'aperçu des commandes', 'fr', '2019-01-02 15:04:39', '2019-01-02 15:04:39', NULL),
(801, 'Weiter zur Bestellung', 'de', '2018-11-26 10:10:38', '2018-11-26 10:10:38', NULL),
(801, 'Proceed to Order', 'en', '2018-11-26 10:10:38', '2018-11-26 10:10:38', NULL),
(801, 'Continuer à la commande', 'fr', '2019-01-02 15:05:48', '2019-01-02 15:05:48', NULL),
(802, 'Bestellinformationen ändern', 'de', '2018-11-26 10:10:38', '2018-11-26 10:10:38', NULL),
(802, 'Change ordering information', 'en', '2018-11-26 10:10:38', '2018-11-26 10:10:38', NULL),
(802, 'Modifier les informations de la commande', 'fr', '2019-01-02 15:06:21', '2019-01-02 15:06:21', NULL),
(803, 'Bestellung abbrechen', 'de', '2018-11-26 10:10:38', '2018-11-26 10:10:38', NULL),
(803, 'Cancel order', 'en', '2018-11-26 10:10:38', '2018-11-26 10:10:38', NULL),
(803, 'Annuler la commande', 'fr', '2019-01-02 15:07:48', '2019-01-02 15:07:48', NULL),
(804, 'Bezahlmethode ändern', 'de', '2018-11-26 10:10:38', '2018-11-26 10:10:38', NULL),
(804, 'Change of payment method', 'en', '2018-11-26 10:10:38', '2018-11-26 10:10:38', NULL),
(804, 'Modifier le mode de paiement', 'fr', '2019-01-02 15:08:06', '2019-01-02 15:08:06', NULL),
(805, 'Rechnungsinformationen', 'de', '2018-11-26 10:10:38', '2018-11-26 10:10:38', NULL),
(805, 'Billing information', 'en', '2018-11-26 10:10:38', '2018-11-26 10:10:38', NULL),
(805, 'Informations de facturation', 'fr', '2019-01-02 15:14:25', '2019-01-02 15:14:25', NULL),
(806, 'Versandinformationen', 'de', '2018-11-26 10:10:38', '2018-11-26 10:10:38', NULL),
(806, 'Shipping information', 'en', '2018-11-26 10:10:38', '2018-11-26 10:10:38', NULL),
(806, 'Informations d\'expédition', 'fr', '2019-01-02 15:15:04', '2019-01-02 15:15:04', NULL),
(807, 'Artikel', 'de', '2018-11-26 10:10:38', '2018-11-26 10:10:38', NULL),
(807, 'Article', 'en', '2018-11-26 10:10:38', '2018-11-26 10:10:38', NULL),
(807, 'Article', 'fr', '2019-01-02 15:15:15', '2019-01-02 15:15:15', NULL),
(808, 'Artikelnummer', 'de', '2018-11-26 10:10:38', '2018-11-26 10:10:38', NULL),
(808, 'Article number', 'en', '2018-11-26 10:10:38', '2018-11-26 10:10:38', NULL),
(808, 'Numéro d\'article', 'fr', '2019-01-02 15:15:29', '2019-01-02 15:15:29', NULL),
(809, 'Stk.', 'de', '2018-11-26 10:10:38', '2018-11-26 10:10:38', NULL),
(809, 'pcs', 'en', '2018-11-26 10:10:38', '2018-11-26 10:10:38', NULL),
(809, 'Pièce', 'fr', '2019-01-02 15:30:59', '2019-01-02 15:30:59', NULL),
(810, 'Stk', 'de', '2018-11-26 10:10:38', '2018-11-26 10:10:38', NULL),
(810, 'pcs', 'en', '2018-11-26 10:10:38', '2018-11-26 10:10:38', NULL),
(810, 'Pcs', 'fr', '2019-01-02 15:31:25', '2019-01-02 15:31:25', NULL),
(811, 'Versand & Bearbeitung', 'de', '2018-11-26 10:10:38', '2018-11-26 10:10:38', NULL),
(811, 'Shipping & handling', 'en', '2018-11-26 10:10:38', '2018-11-26 10:10:38', NULL),
(811, 'Livraison et manutention', 'fr', '2019-01-02 15:31:57', '2019-01-02 15:31:57', NULL),
(812, 'Steuern', 'de', '2018-11-26 10:10:38', '2018-11-26 10:10:38', NULL),
(812, 'Taxes', 'en', '2018-11-26 10:10:38', '2018-11-26 10:10:38', NULL),
(812, 'Taxes', 'fr', '2019-01-02 15:35:34', '2019-01-02 15:35:34', NULL),
(813, 'Gesamtsumme', 'de', '2018-11-26 10:10:38', '2018-11-26 10:10:38', NULL),
(813, 'Total', 'en', '2018-11-26 10:10:38', '2018-11-26 10:10:38', NULL),
(813, 'Montant total', 'fr', '2019-01-02 15:36:15', '2019-01-02 15:36:15', NULL),
(814, 'Rechnungs - Strasse', 'de', '2018-11-26 10:10:38', '2019-01-02 15:36:44', NULL),
(814, 'Billing - street', 'en', '2018-11-26 10:10:38', '2018-11-26 10:10:38', NULL),
(814, 'Facture - Rue', 'fr', '2019-01-02 15:36:44', '2019-01-02 15:36:44', NULL),
(815, 'Rechnungs - Hausnummer', 'de', '2018-11-26 10:10:38', '2018-11-26 10:10:38', NULL),
(815, 'Billing - street number', 'en', '2018-11-26 10:10:38', '2018-11-26 10:10:38', NULL),
(815, 'Facture - Numéro de rue', 'fr', '2019-01-02 15:37:12', '2019-01-02 15:37:12', NULL),
(816, 'Rechnungs - Adresszeile 1', 'de', '2018-11-26 10:10:38', '2018-11-26 10:10:38', NULL),
(816, 'Billing - address line 1', 'en', '2018-11-26 10:10:38', '2018-11-26 10:10:38', NULL),
(816, 'Facture - ligne d\'adresse 1', 'fr', '2019-01-02 15:37:40', '2019-01-02 15:37:40', NULL),
(817, 'Rechnungs - Adresszeile 2', 'de', '2018-11-26 10:10:38', '2018-11-26 10:10:38', NULL),
(817, 'Billing - address line 2', 'en', '2018-11-26 10:10:38', '2018-11-26 10:10:38', NULL),
(817, 'Facture - ligne d\'adresse 2', 'fr', '2019-01-02 15:37:48', '2019-01-02 15:37:48', NULL),
(818, 'Bitte beachten Sie die nachfolgenden Daten, mit denen Sie sich bei uns registriert haben.', 'de', '2018-11-26 10:10:38', '2018-11-26 10:10:38', NULL),
(818, 'Please note the following data that you used to register with us.', 'en', '2018-11-26 10:10:38', '2018-11-26 10:10:38', NULL),
(818, 'Veuillez noter les données suivantes avec lesquelles vous vous êtes enregistré auprès de nous.', 'fr', '2019-01-02 15:38:17', '2019-01-02 15:38:17', NULL),
(819, 'Rechnungs - Postleitzahl', 'de', '2018-11-26 10:10:38', '2018-11-26 10:10:38', NULL),
(819, 'Billing - zip code', 'en', '2018-11-26 10:10:38', '2018-11-26 10:10:38', NULL),
(819, 'Facture - Code postal', 'fr', '2019-01-02 15:42:24', '2019-01-02 15:42:24', NULL),
(820, 'Rechnungs - Stadt', 'de', '2018-11-26 10:10:38', '2018-11-26 10:10:38', NULL),
(820, 'Billing - city', 'en', '2018-11-26 10:10:38', '2018-11-26 10:10:38', NULL),
(820, 'Facture - Ville', 'fr', '2019-01-02 15:42:47', '2019-01-02 15:42:47', NULL),
(821, 'Liefer - Vorname', 'de', '2018-11-26 10:10:38', '2018-11-26 10:10:38', NULL),
(821, 'Delivery - firstname', 'en', '2018-11-26 10:10:38', '2018-11-26 10:10:38', NULL),
(821, 'Livraison - Prénom', 'fr', '2019-01-02 15:42:58', '2019-01-02 15:53:33', NULL),
(822, 'Liefer - Nachname', 'de', '2018-11-26 10:10:38', '2018-11-26 10:10:38', NULL),
(822, 'Delivery - lastname', 'en', '2018-11-26 10:10:38', '2018-11-26 10:10:38', NULL),
(822, 'Livraison - Nom de famille', 'fr', '2019-01-02 15:43:08', '2019-01-02 15:53:55', NULL),
(823, 'Liefer - Straße', 'de', '2018-11-26 10:10:38', '2018-11-26 10:10:38', NULL),
(823, 'Delivery - street', 'en', '2018-11-26 10:10:38', '2018-11-26 10:10:38', NULL),
(823, 'Livraison - Rue', 'fr', '2019-01-02 15:54:06', '2019-01-02 15:54:06', NULL),
(824, 'Liefer - Hausnummer', 'de', '2018-11-26 10:10:38', '2018-11-26 10:10:38', NULL),
(824, 'Delivery - street number', 'en', '2018-11-26 10:10:38', '2018-11-26 10:10:38', NULL),
(824, 'Livraison - Numéro de rue', 'fr', '2019-01-02 15:54:20', '2019-01-02 15:54:20', NULL),
(825, 'Liefer - Adresszeile 1', 'de', '2018-11-26 10:10:38', '2018-11-26 10:10:38', NULL),
(825, 'Delivery - address line 1', 'en', '2018-11-26 10:10:38', '2018-11-26 10:10:38', NULL),
(825, 'Livraison - Ligne d\'adresse 1', 'fr', '2019-01-02 15:54:35', '2019-01-02 15:54:35', NULL),
(826, 'Liefer - Adresszeile 2', 'de', '2018-11-26 10:10:38', '2018-11-26 10:10:38', NULL),
(826, 'Delivery - address line 2', 'en', '2018-11-26 10:10:38', '2018-11-26 10:10:38', NULL),
(826, 'Livraison - Ligne d\'adresse 2', 'fr', '2019-01-02 15:54:48', '2019-01-02 15:54:48', NULL),
(827, 'Liefer - Postleitzahl', 'de', '2018-11-26 10:10:38', '2018-11-26 10:10:38', NULL),
(827, 'Delivery - zip code', 'en', '2018-11-26 10:10:38', '2018-11-26 10:10:38', NULL),
(827, 'Livraison - Code postale', 'fr', '2019-01-02 15:55:02', '2019-01-02 15:55:02', NULL),
(828, 'Liefer - Stadt', 'de', '2018-11-26 10:10:38', '2018-11-26 10:10:38', NULL),
(828, 'Delivery - city', 'en', '2018-11-26 10:10:38', '2018-11-26 10:10:38', NULL),
(828, 'Livraison - Ville', 'fr', '2019-01-02 15:55:11', '2019-01-02 15:55:11', NULL),
(829, 'Kommentar zur Bestellung', 'de', '2018-11-26 10:10:38', '2018-11-26 10:10:38', NULL),
(829, 'Comment the order', 'en', '2018-11-26 10:10:38', '2018-11-26 10:10:38', NULL),
(829, 'Commentaire sur la commande', 'fr', '2019-01-02 15:55:39', '2019-01-02 15:55:39', NULL),
(830, 'Interne Notizen', 'de', '2018-11-26 10:10:38', '2018-11-26 10:10:38', NULL),
(830, 'Internal notes', 'en', '2018-11-26 10:10:38', '2018-11-26 10:10:38', NULL),
(830, 'Notes internes', 'fr', '2019-01-02 15:56:03', '2019-01-02 15:56:03', NULL),
(831, 'Anzahl', 'de', '2018-11-26 10:10:38', '2018-11-26 10:10:38', NULL),
(831, 'Quantity', 'en', '2018-11-26 10:10:38', '2018-11-26 10:10:38', NULL),
(831, 'Quantité', 'fr', '2019-01-02 16:01:08', '2019-01-02 16:01:08', NULL),
(832, 'Art.-Nr.:', 'de', '2018-11-26 10:10:38', '2018-11-26 10:10:38', NULL),
(832, 'Art.-No.:', 'en', '2018-11-26 10:10:38', '2018-11-26 10:10:38', NULL),
(832, 'No. d\'article', 'fr', '2019-01-02 16:01:21', '2019-01-02 16:01:21', NULL),
(833, 'Storno', 'de', '2018-11-26 10:10:38', '2018-11-26 10:10:38', NULL),
(833, 'Cancellation', 'en', '2018-11-26 10:10:38', '2018-11-26 10:10:38', NULL),
(833, 'Storno', 'fr', '2019-01-02 16:01:39', '2019-01-02 16:01:39', NULL),
(834, 'Angegebene Zahlungsinformationen', 'de', '2018-11-26 10:10:38', '2018-11-26 10:10:38', NULL),
(834, 'Specified payment information', 'en', '2018-11-26 10:10:38', '2018-11-26 10:10:38', NULL),
(834, 'Informations de paiement spécifiées', 'fr', '2019-01-02 16:02:03', '2019-01-02 16:02:03', NULL),
(835, 'Informationen', 'de', '2018-11-26 10:10:38', '2018-11-26 10:10:38', NULL),
(835, 'Information', 'en', '2018-11-26 10:10:38', '2018-11-26 10:10:38', NULL),
(835, 'Informations', 'fr', '2019-01-02 16:02:13', '2019-01-02 16:02:13', NULL),
(836, 'Für die laufende Bestellung', 'de', '2018-11-26 10:10:38', '2019-01-02 16:02:56', NULL),
(836, 'For the current work order', 'en', '2018-11-26 10:10:38', '2018-11-26 10:10:38', NULL),
(836, 'Pour la commande en cours', 'fr', '2019-01-02 16:02:56', '2019-01-02 16:02:56', NULL),
(837, 'Auftragsbestätigung per E-Mail senden', 'de', '2018-11-26 10:10:38', '2019-01-02 16:09:04', NULL),
(837, 'Send order confirmation email', 'en', '2018-11-26 10:10:38', '2018-11-26 10:10:38', NULL),
(837, 'Envoyer un e-mail de confirmation de commande', 'fr', '2019-01-02 16:09:04', '2019-01-02 16:09:04', NULL),
(838, 'Zahlungseingang bestätigen', 'de', '2018-11-26 10:10:38', '2018-11-26 10:10:38', NULL),
(838, 'Confirm receipt of payment', 'en', '2018-11-26 10:10:38', '2018-11-26 10:10:38', NULL),
(838, 'Confirmer la réception du paiement', 'fr', '2019-01-02 16:09:30', '2019-01-02 16:09:30', NULL),
(839, 'Versandbestätigung per E-Mail senden', 'de', '2018-11-26 10:10:38', '2019-01-02 16:10:11', NULL),
(839, 'Send shipping confirmation email', 'en', '2018-11-26 10:10:38', '2018-11-26 10:10:38', NULL),
(839, 'Envoyer un courriel de confirmation d\'expédition', 'fr', '2019-01-02 16:10:11', '2019-01-02 16:10:11', NULL),
(840, 'Lieferschein anzeigen', 'de', '2018-11-26 10:10:38', '2018-11-26 10:10:38', NULL),
(840, 'View Slip', 'en', '2018-11-26 10:10:38', '2018-11-26 10:10:38', NULL),
(840, 'Afficher le bon de livraison', 'fr', '2019-01-02 16:10:40', '2019-01-02 16:10:40', NULL),
(841, 'Rechnung anzeigen', 'de', '2018-11-26 10:10:38', '2018-11-26 10:10:38', NULL),
(841, 'View Bill', 'en', '2018-11-26 10:10:38', '2018-11-26 10:10:38', NULL),
(841, 'Afficher la facture', 'fr', '2019-01-02 16:12:10', '2019-01-02 16:12:10', NULL),
(842, 'Sind sie sicher?', 'de', '2018-11-26 10:10:38', '2018-11-26 10:10:38', NULL),
(842, 'Are you sure?', 'en', '2018-11-26 10:10:38', '2018-11-26 10:10:38', NULL),
(842, 'Vous êtes sûr?', 'fr', '2019-01-02 16:12:42', '2019-01-02 16:12:42', NULL),
(843, 'Änderungen gehen verloren. Sind sie sicher?', 'de', '2018-11-26 10:10:38', '2018-11-26 10:10:38', NULL),
(843, 'Changes are lost. Are you sure?', 'en', '2018-11-26 10:10:38', '2018-11-26 10:10:38', NULL),
(843, 'Les changements sont perdus. Vous en êtes sûr?', 'fr', '2019-01-02 16:13:36', '2019-01-02 16:13:36', NULL),
(844, 'Dies ist nicht unumkehrbar. Sind sie sicher?', 'de', '2018-11-26 10:10:38', '2018-11-26 10:10:38', NULL),
(844, 'This is not irreversible. Are you sure?', 'en', '2018-11-26 10:10:38', '2018-11-26 10:10:38', NULL),
(844, 'Ce n\'est pas irréversible. Vous en êtes sûr?', 'fr', '2019-01-02 16:13:38', '2019-01-02 16:48:23', NULL),
(845, 'Zahlungsmethode', 'de', '2018-11-26 10:10:38', '2018-11-26 10:10:38', NULL),
(845, 'Payment method', 'en', '2018-11-26 10:10:38', '2018-11-26 10:10:38', NULL),
(845, 'Mode de paiement', 'fr', '2019-01-02 16:48:55', '2019-01-02 16:48:55', NULL),
(846, 'Kartenbesitzer', 'de', '2018-11-26 10:10:38', '2018-11-26 10:10:38', NULL),
(846, 'Card holder', 'en', '2018-11-26 10:10:38', '2018-11-26 10:10:38', NULL),
(846, 'Détenteur de carte', 'fr', '2019-01-02 16:49:31', '2019-01-02 16:50:37', NULL),
(847, 'Kreditkartentyp', 'de', '2018-11-26 10:10:38', '2018-11-26 10:10:38', NULL),
(847, 'Credit card type', 'en', '2018-11-26 10:10:38', '2018-11-26 10:10:38', NULL),
(847, 'Type de carte de crédit', 'fr', '2019-01-02 16:51:01', '2019-01-02 16:51:01', NULL),
(848, 'Kreditkartennummer', 'de', '2018-11-26 10:10:38', '2018-11-26 10:10:38', NULL),
(848, 'Credit card number', 'en', '2018-11-26 10:10:38', '2018-11-26 10:10:38', NULL),
(848, 'Numéro de carte de crédit', 'fr', '2019-01-02 16:51:23', '2019-01-02 16:51:23', NULL),
(849, 'Ablaufdatum', 'de', '2018-11-26 10:10:38', '2018-11-26 10:10:38', NULL),
(849, 'expiration date', 'en', '2018-11-26 10:10:38', '2018-11-26 10:10:38', NULL),
(849, 'Date d\'expiration', 'fr', '2019-01-02 16:51:57', '2019-01-02 16:51:57', NULL),
(850, 'Lieferung', 'de', '2018-11-26 10:10:38', '2019-01-02 16:52:59', NULL),
(850, 'Shipping', 'en', '2018-11-26 10:10:38', '2018-11-26 10:10:38', NULL),
(850, 'Livraison', 'fr', '2019-01-02 16:52:59', '2019-01-02 16:52:59', NULL),
(851, 'Versandkosten', 'de', '2018-11-26 10:10:38', '2019-01-02 16:54:13', NULL),
(851, 'Freight charges - Shipping & Handling', 'en', '2018-11-26 10:10:38', '2018-11-26 10:10:38', NULL),
(851, 'Frais de transport - Expédition et manutention', 'fr', '2019-01-02 16:54:13', '2019-01-02 16:54:13', NULL),
(852, 'Zahlungsdaten', 'de', '2018-11-26 10:10:38', '2019-01-02 17:04:55', NULL),
(852, 'payment data', 'en', '2018-11-26 10:10:38', '2018-11-26 10:10:38', NULL),
(852, 'Données de paiement', 'fr', '2019-01-02 17:04:55', '2019-01-02 17:04:55', NULL),
(853, 'Ihre bestellten Produkte', 'de', '2018-11-26 10:10:38', '2018-11-26 10:10:38', NULL),
(853, 'Your ordered products', 'en', '2018-11-26 10:10:38', '2018-11-26 10:10:38', NULL),
(853, 'Vos produits commandés', 'fr', '2019-01-02 17:05:22', '2019-01-02 17:05:22', NULL),
(854, 'Eine Auftragsbestätigung per E-Mail wurde versendet.', 'de', '2018-11-26 10:10:38', '2019-01-02 17:08:29', NULL),
(854, 'Order confirmation email has been sent.', 'en', '2018-11-26 10:10:38', '2018-11-26 10:10:38', NULL),
(854, 'Un courriel de confirmation de commande a été envoyé.', 'fr', '2019-01-02 17:06:13', '2019-01-02 17:06:13', NULL),
(855, 'Eine Auftragsbestätigung per E-Mail wurde bereits versendet.', 'de', '2018-11-26 10:10:38', '2019-01-02 17:09:14', NULL),
(855, 'There an order confirmation email has been sent', 'en', '2018-11-26 10:10:38', '2018-11-26 10:10:38', NULL),
(855, 'Une confirmation de commande par e-mail a déjà été envoyée.', 'fr', '2019-01-02 17:09:14', '2019-01-02 17:09:14', NULL),
(856, 'In Ihrer Kontoübersicht haben Sie die Möglichkeit, Ihre letzten Transaktionen einzusehen und Ihre Kontoinformationen zu bearbeiten. Um dies zu tun, wählen Sie einen der folgenden Links, um Informationen anzuzeigen oder zu bearbeiten.', 'de', '2018-11-26 10:10:38', '2019-01-02 17:10:22', NULL),
(856, 'From your Account Overview, you have the possibility to view your recent transactions and edit your account information. To do this, one of the links to view or edit information below.', 'en', '2018-11-26 10:10:38', '2018-11-26 10:10:38', NULL),
(856, 'À partir de l\'aperçu de votre compte, vous avez la possibilité d\'afficher vos transactions récentes et de modifier les informations relatives à votre compte. Pour ce faire, cliquez sur l\'un des liens ci-dessous pour afficher ou modifier les informations.', 'fr', '2019-01-02 17:10:22', '2019-01-02 17:10:22', NULL),
(857, 'Übersicht Bestellungen', 'de', '2018-11-26 10:10:38', '2018-11-26 10:10:38', NULL),
(857, 'Overview orders', 'en', '2018-11-26 10:10:38', '2018-11-26 10:10:38', NULL),
(857, 'Aperçu des commandes', 'fr', '2019-01-02 17:10:49', '2019-01-02 17:10:49', NULL),
(858, 'Daten bearbeiten', 'de', '2018-11-26 10:10:38', '2019-01-02 17:14:45', NULL),
(858, 'Edit data', 'en', '2018-11-26 10:10:38', '2018-11-26 10:10:38', NULL),
(858, 'Modifier les données', 'fr', '2019-01-02 17:14:45', '2019-01-02 17:14:45', NULL),
(859, 'Die Bestätigungs-E-Mail für die Zahlung wurde verschickt.', 'de', '2018-11-26 10:10:38', '2019-01-02 17:15:55', NULL),
(859, 'Receipt confirmation email has been sent.', 'en', '2018-11-26 10:10:38', '2018-11-26 10:10:38', NULL),
(859, 'Un courriel de confirmation de réception a été envoyé.', 'fr', '2019-01-02 17:15:55', '2019-01-02 17:15:55', NULL),
(860, 'Zahlungseingang wurde bestätigt', 'de', '2018-11-26 10:10:38', '2018-11-26 10:10:38', NULL),
(860, 'Payment was confirmed', 'en', '2018-11-26 10:10:38', '2018-11-26 10:10:38', NULL),
(860, 'Le paiement a été confirmé', 'fr', '2019-01-02 17:16:30', '2019-01-02 17:16:30', NULL),
(861, 'Die Versandbestätigung wurde per E-Mail verschickt.', 'de', '2018-11-26 10:10:38', '2019-01-02 17:18:33', NULL),
(861, 'Shipping confirmation email has been sent.', 'en', '2018-11-26 10:10:38', '2018-11-26 10:10:38', NULL),
(861, 'Un courriel de confirmation de livraison a été envoyé.', 'fr', '2019-01-02 17:18:33', '2019-01-02 17:18:33', NULL),
(862, 'Eine Versandbestätigung per E-Mail wurde bereits versendet.', 'de', '2018-11-26 10:10:38', '2019-01-02 17:20:05', NULL),
(862, 'There a shipping confirmation email has been sent', 'en', '2018-11-26 10:10:38', '2018-11-26 10:10:38', NULL),
(862, 'Un courriel de confirmation de livraison a déjà été envoyé', 'fr', '2019-01-02 17:20:05', '2019-01-02 17:20:05', NULL),
(863, 'Die Zahlung ist eingegangen', 'de', '2018-11-26 10:10:38', '2019-01-02 17:20:46', NULL),
(863, 'Payment is received', 'en', '2018-11-26 10:10:38', '2018-11-26 10:10:38', NULL),
(863, 'Le paiement a été reçu', 'fr', '2019-01-02 17:20:46', '2019-01-02 17:20:46', NULL),
(864, 'Paket erstellt', 'de', '2018-11-26 10:10:38', '2019-01-02 17:21:26', NULL),
(864, 'Package created', 'en', '2018-11-26 10:10:38', '2018-11-26 10:10:38', NULL),
(864, 'Paquet créé', 'fr', '2019-01-02 17:21:26', '2019-01-02 17:21:26', NULL),
(865, 'Verschickt', 'de', '2018-11-26 10:10:38', '2019-01-02 17:23:52', NULL),
(865, 'Shipped', 'en', '2018-11-26 10:10:38', '2018-11-26 10:10:38', NULL),
(865, 'Expédié', 'fr', '2019-01-02 17:23:52', '2019-01-02 17:23:52', NULL),
(866, 'für', 'de', '2018-11-26 10:10:38', '2018-11-26 10:10:38', NULL),
(866, 'for', 'en', '2018-11-26 10:10:38', '2018-11-26 10:10:38', NULL),
(866, 'pour', 'fr', '2019-01-02 17:23:59', '2019-01-02 17:23:59', NULL),
(867, 'Status', 'de', '2018-11-26 10:10:38', '2018-11-26 10:10:38', NULL),
(867, 'Status', 'en', '2018-11-26 10:10:38', '2018-11-26 10:10:38', NULL),
(867, 'Statut', 'fr', '2019-01-02 17:24:22', '2019-01-02 17:24:22', NULL),
(868, 'Der Status Ihrer ausgewählten Bestellung', 'de', '2018-11-26 10:10:38', '2019-01-02 17:25:05', NULL),
(868, 'The status of your selected order', 'en', '2018-11-26 10:10:38', '2018-11-26 10:10:38', NULL),
(868, 'Le statut de votre commande sélectionnée', 'fr', '2019-01-02 17:25:05', '2019-01-02 17:25:05', NULL),
(869, 'Ihre gewählte Bestellung beinhaltet folgende Produkte', 'de', '2018-11-26 10:10:38', '2018-11-26 10:10:38', NULL),
(869, 'Your selected order includes the following products', 'en', '2018-11-26 10:10:38', '2018-11-26 10:10:38', NULL),
(869, 'Votre commande sélectionnée comprend les produits suivants', 'fr', '2019-01-02 17:25:43', '2019-01-02 17:25:43', NULL),
(870, 'Produktname', 'de', '2018-11-26 10:10:38', '2018-11-26 10:10:38', NULL),
(870, 'Product name', 'en', '2018-11-26 10:10:38', '2018-11-26 10:10:38', NULL),
(870, 'Nom du produit', 'fr', '2019-01-02 17:25:58', '2019-01-02 17:25:58', NULL),
(871, 'Anz.', 'de', '2018-11-26 10:10:38', '2018-11-26 10:10:38', NULL),
(871, 'Num.', 'en', '2018-11-26 10:10:38', '2018-11-26 10:10:38', NULL),
(871, 'Quant.', 'fr', '2019-01-02 17:26:20', '2019-01-02 17:26:20', NULL),
(872, 'Preis', 'de', '2018-11-26 10:10:38', '2019-01-02 17:26:43', NULL),
(872, 'Price', 'en', '2018-11-26 10:10:38', '2018-11-26 10:10:38', NULL),
(872, 'Prix', 'fr', '2019-01-02 17:26:43', '2019-01-02 17:26:43', NULL),
(873, 'Gesamtpreis', 'de', '2018-11-26 10:10:38', '2018-11-26 10:10:38', NULL),
(873, 'Total', 'en', '2018-11-26 10:10:38', '2018-11-26 10:10:38', NULL),
(873, 'Montant total', 'fr', '2019-01-02 17:26:53', '2019-01-02 17:26:53', NULL),
(874, 'Zurück zur Übersicht', 'de', '2018-11-26 10:10:38', '2018-11-26 10:10:38', NULL),
(874, 'Back to Overview', 'en', '2018-11-26 10:10:38', '2018-11-26 10:10:38', NULL),
(874, 'Retour à l\'aperçu', 'fr', '2019-01-02 17:27:46', '2019-01-02 17:27:46', NULL),
(875, 'Permanente Informationen', 'de', '2018-11-26 10:10:38', '2019-01-02 17:28:30', NULL),
(875, 'Permanent information', 'en', '2018-11-26 10:10:38', '2018-11-26 10:10:38', NULL),
(875, 'Information permanente', 'fr', '2019-01-02 17:28:30', '2019-01-02 17:28:30', NULL),
(876, 'Persönliche Daten ändern', 'de', '2018-11-26 10:10:38', '2019-01-02 17:29:12', NULL),
(876, 'Change personal data', 'en', '2018-11-26 10:10:38', '2018-11-26 10:10:38', NULL),
(876, 'Modifier les données personnelles', 'fr', '2019-01-02 17:29:12', '2019-01-02 17:29:12', NULL),
(877, 'Ihr Warenkorb ist leer, bitte suchen Sie sich etwas schönes in unserem Shop aus.', 'de', '2018-11-26 10:10:38', '2018-11-26 10:10:38', NULL),
(877, 'Your cart is empty. You may pick something nice from our shop.', 'en', '2018-11-26 10:10:38', '2018-11-26 10:10:38', NULL),
(877, 'Votre panier est vide. Vous pouvez choisir quelque chose de beau dans notre boutique.', 'fr', '2019-01-02 17:29:54', '2019-01-02 17:29:54', NULL),
(878, 'Details', 'de', '2018-11-26 10:10:38', '2018-11-26 10:10:38', NULL),
(878, 'Details', 'en', '2018-11-26 10:10:38', '2018-11-26 10:10:38', NULL),
(878, 'Détails', 'fr', '2019-01-02 17:30:21', '2019-01-02 17:30:21', NULL),
(879, 'MWST', 'de', '2018-11-26 10:10:38', '2019-01-02 17:30:35', NULL),
(879, ' VAT', 'en', '2018-11-26 10:10:38', '2018-11-26 10:10:38', NULL),
(879, 'TVA', 'fr', '2019-01-02 17:30:35', '2019-01-02 17:30:35', NULL),
(880, 'Bewertungen', 'de', '2018-11-26 10:10:38', '2018-11-26 10:10:38', NULL),
(880, 'Reviews', 'en', '2018-11-26 10:10:38', '2018-11-26 10:10:38', NULL),
(880, 'Revues', 'fr', '2019-01-02 17:31:36', '2019-01-02 17:31:36', NULL),
(881, 'Sofort verfügbar.', 'de', '2018-11-26 10:10:38', '2018-11-26 10:10:38', NULL),
(881, 'Immediately available.', 'en', '2018-11-26 10:10:38', '2018-11-26 10:10:38', NULL),
(881, 'Disponible immédiatement.', 'fr', '2019-01-02 17:32:04', '2019-01-02 17:32:04', NULL),
(882, 'Registrieren', 'de', '2018-11-26 10:10:38', '2018-11-26 10:10:38', NULL),
(882, 'Register', 'en', '2018-11-26 10:10:38', '2018-11-26 10:10:38', NULL),
(882, 'Enregistrer', 'fr', '2019-01-02 17:32:19', '2019-01-02 17:32:19', NULL),
(883, '-', 'de', '2018-11-26 10:10:38', '2018-11-26 10:10:38', NULL),
(883, '-', 'en', '2018-11-26 10:10:38', '2018-11-26 10:10:38', NULL),
(883, '-', 'fr', '2019-01-02 17:32:31', '2019-01-02 17:32:31', NULL),
(884, 'WWW', 'de', '2018-11-26 10:10:38', '2018-11-26 10:10:38', NULL),
(884, 'WWW', 'en', '2018-11-26 10:10:38', '2018-11-26 10:10:38', NULL),
(884, 'WWW', 'fr', '2019-01-02 17:32:39', '2019-01-02 17:32:39', NULL),
(885, 'Ihre Registrierungsdaten', 'de', '2018-11-26 10:10:38', '2018-11-26 10:10:38', NULL),
(885, 'Your Registration Data', 'en', '2018-11-26 10:10:38', '2018-11-26 10:10:38', NULL),
(885, 'Vos données d\'enregistrement', 'fr', '2019-01-02 17:33:08', '2019-01-02 17:33:08', NULL),
(886, 'Registrierung abgeschlossen', 'de', '2018-11-26 10:10:38', '2018-11-26 10:10:38', NULL),
(886, 'Registration Complete', 'en', '2018-11-26 10:10:38', '2018-11-26 10:10:38', NULL),
(886, 'Inscription complétée', 'fr', '2019-01-02 17:33:41', '2019-01-02 17:33:41', NULL),
(887, 'Benutzerkonto aktiviert', 'de', '2018-11-26 10:10:38', '2018-11-26 10:10:38', NULL),
(887, 'Account Activated', 'en', '2018-11-26 10:10:38', '2018-11-26 10:10:38', NULL),
(887, 'Compte activé', 'fr', '2019-01-02 17:34:55', '2019-01-02 17:34:55', NULL),
(888, 'Benutzerkonto reaktivieren?', 'de', '2018-11-26 10:10:38', '2018-11-26 10:10:38', NULL),
(888, 'Re-activate account?', 'en', '2018-11-26 10:10:38', '2018-11-26 10:10:38', NULL),
(888, 'Réactiver le compte ?', 'fr', '2019-01-02 17:35:22', '2019-01-02 17:35:22', NULL),
(889, 'Aktiviert am', 'de', '2018-11-26 10:10:38', '2018-11-26 10:10:38', NULL),
(889, 'Activated at', 'en', '2018-11-26 10:10:38', '2018-11-26 10:10:38', NULL),
(889, 'Activé le', 'fr', '2019-01-02 17:35:36', '2019-01-02 17:35:36', NULL),
(890, 'Passwort vergessen?', 'de', '2018-11-26 10:10:38', '2018-11-26 10:10:38', NULL),
(890, 'Forgotten your password?', 'en', '2018-11-26 10:10:38', '2018-11-26 10:10:38', NULL),
(890, 'Oublié votre mot de passe ?', 'fr', '2019-01-02 17:36:06', '2019-01-02 17:36:06', NULL),
(891, 'Jetzt zahlungspflichtig bestellen', 'de', '2018-11-26 10:10:38', '2018-11-26 10:10:38', NULL),
(891, 'Order with obligation to pay', 'en', '2018-11-26 10:10:38', '2018-11-26 10:10:38', NULL),
(891, 'Commande avec obligation de paiement', 'fr', '2019-01-02 17:36:48', '2019-01-02 17:36:48', NULL),
(892, 'Wir haben Ihnen eine E-Mail zum Zurücksetzen Ihres Passwortes geschickt.', 'de', '2018-11-26 10:10:38', '2018-11-26 10:10:38', NULL),
(892, 'We sent you an email with the link to reset your password.', 'en', '2018-11-26 10:10:38', '2018-11-26 10:10:38', NULL),
(892, 'Nous vous avons envoyé un email avec le lien pour réinitialiser votre mot de passe.', 'fr', '2019-01-02 17:37:26', '2019-01-02 17:37:26', NULL),
(893, 'Wir haben Ihnen eine E-Mail mit Ihrem neuen Passwort geschickt.', 'de', '2018-11-26 10:10:38', '2018-11-26 10:10:38', NULL),
(893, 'We sent you an email with your new password.', 'en', '2018-11-26 10:10:38', '2018-11-26 10:10:38', NULL),
(893, 'Nous vous avons envoyé un email avec votre nouveau mot de passe.', 'fr', '2019-01-02 17:38:00', '2019-01-02 17:38:00', NULL),
(894, 'Altes Passwort', 'de', '2018-11-26 10:10:38', '2018-11-26 10:10:38', NULL),
(894, 'Old password', 'en', '2018-11-26 10:10:38', '2018-11-26 10:10:38', NULL),
(894, 'Ancien mot de passe', 'fr', '2019-01-02 17:38:15', '2019-01-02 17:38:15', NULL),
(895, 'Neues Passwort', 'de', '2018-11-26 10:10:38', '2018-11-26 10:10:38', NULL),
(895, 'New password', 'en', '2018-11-26 10:10:38', '2018-11-26 10:10:38', NULL),
(895, 'Nouveau mot de passe', 'fr', '2019-01-02 17:38:28', '2019-01-02 17:38:28', NULL),
(896, 'Neues Passwort wiederholen', 'de', '2018-11-26 10:10:38', '2018-11-26 10:10:38', NULL),
(896, 'Repeat new password', 'en', '2018-11-26 10:10:38', '2018-11-26 10:10:38', NULL),
(896, 'Répéter le nouveau mot de passe', 'fr', '2019-01-02 17:38:58', '2019-01-02 17:38:58', NULL),
(897, 'Bestellung - Details', 'de', '2018-11-26 10:10:38', '2018-11-26 10:10:38', NULL),
(897, 'Order Details', 'en', '2018-11-26 10:10:38', '2018-11-26 10:10:38', NULL),
(897, 'Details de la commande', 'fr', '2019-01-02 17:39:18', '2019-01-02 17:39:18', NULL),
(898, 'Bitte auswählen', 'de', '2018-11-26 10:10:38', '2018-11-26 10:10:38', NULL),
(898, 'Please select', 'en', '2018-11-26 10:10:38', '2018-11-26 10:10:38', NULL),
(898, 'Veuillez sélectionner', 'fr', '2019-01-02 17:40:01', '2019-01-02 17:40:01', NULL),
(899, 'Zurück', 'de', '2018-11-26 10:10:38', '2018-11-26 10:10:38', NULL),
(899, 'Previous', 'en', '2018-11-26 10:10:38', '2018-11-26 10:10:38', NULL),
(899, 'Retour', 'fr', '2019-01-02 17:40:10', '2019-01-02 17:40:10', NULL),
(900, 'Letzte', 'de', '2018-11-26 10:10:38', '2018-11-26 10:10:38', NULL),
(900, 'Last', 'en', '2018-11-26 10:10:38', '2018-11-26 10:10:38', NULL),
(900, 'Dernier', 'fr', '2019-01-02 17:40:19', '2019-01-02 17:40:19', NULL),
(901, 'Erste', 'de', '2018-11-26 10:10:38', '2018-11-26 10:10:38', NULL),
(901, 'First', 'en', '2018-11-26 10:10:38', '2018-11-26 10:10:38', NULL),
(901, 'Premier', 'fr', '2019-01-02 17:40:29', '2019-01-02 17:40:29', NULL),
(902, 'Einheit', 'de', '2018-11-26 10:10:38', '2018-11-26 10:10:38', NULL),
(902, 'Unit', 'en', '2018-11-26 10:10:38', '2018-11-26 10:10:38', NULL),
(902, 'Unité', 'fr', '2019-01-02 17:40:37', '2019-01-02 17:40:37', NULL),
(903, 'Leider gibt es für die gewählte Kategorie keine Produkte.', 'de', '2018-11-26 10:10:39', '2018-11-26 10:10:39', NULL),
(903, 'Unfortunately, there are no products for the selected category.', 'en', '2018-11-26 10:10:39', '2018-11-26 10:10:39', NULL),
(903, 'Malheureusement, il n\'y a pas de produits pour la catégorie sélectionnée.', 'fr', '2019-01-02 17:41:11', '2019-01-02 17:41:11', NULL),
(904, 'Preis', 'de', '2018-11-26 10:10:39', '2018-11-26 10:10:39', NULL),
(904, 'Price', 'en', '2018-11-26 10:10:39', '2018-11-26 10:10:39', NULL),
(904, 'Prix', 'fr', '2019-01-02 17:41:21', '2019-01-02 17:41:21', NULL),
(905, 'Kategorie', 'de', '2018-11-26 10:10:39', '2018-11-26 10:10:39', NULL),
(905, 'Category', 'en', '2018-11-26 10:10:39', '2018-11-26 10:10:39', NULL),
(905, 'Catégorie', 'fr', '2019-01-02 17:41:36', '2019-01-02 17:41:36', NULL),
(906, 'Hersteller', 'de', '2018-11-26 10:10:39', '2018-11-26 10:10:39', NULL),
(906, 'Producer', 'en', '2018-11-26 10:10:39', '2018-11-26 10:10:39', NULL),
(906, 'Producteur', 'fr', '2019-01-02 17:42:03', '2019-01-02 17:42:03', NULL),
(907, 'Kundenservice', 'de', '2018-11-26 10:10:39', '2018-11-26 10:10:39', NULL),
(907, 'Customer Service', 'en', '2018-11-26 10:10:39', '2018-11-26 10:10:39', NULL),
(907, 'Service clientèle', 'fr', '2019-01-02 17:42:40', '2019-01-02 17:42:40', NULL),
(908, 'Größentabelle', 'de', '2018-11-26 10:10:39', '2018-11-26 10:10:39', NULL),
(908, 'Sizing Chart', 'en', '2018-11-26 10:10:39', '2018-11-26 10:10:39', NULL),
(908, 'Tableau des tailles', 'fr', '2019-01-02 17:43:14', '2019-01-02 17:43:14', NULL),
(909, 'Rückgabebestimmungen', 'de', '2018-11-26 10:10:39', '2019-01-02 17:44:03', NULL),
(909, 'Returns Policy', 'en', '2018-11-26 10:10:39', '2018-11-26 10:10:39', NULL),
(909, 'Politique de retour', 'fr', '2019-01-02 17:44:03', '2019-01-02 17:44:03', NULL),
(910, 'Zahlung & Versand', 'de', '2018-11-26 10:10:39', '2018-11-26 10:10:39', NULL),
(910, 'Payment & Shipping', 'en', '2018-11-26 10:10:39', '2018-11-26 10:10:39', NULL),
(910, 'Paiement et livraison', 'fr', '2019-01-02 17:44:20', '2019-01-02 17:44:20', NULL),
(911, 'Rollover Bild', 'de', '2018-11-26 10:10:39', '2018-11-26 10:10:39', NULL),
(911, 'Rollover Image', 'en', '2018-11-26 10:10:39', '2018-11-26 10:10:39', NULL),
(911, 'Rollover Image', 'fr', '2019-01-02 17:44:51', '2019-01-02 17:44:51', NULL),
(912, 'Rollover Bild', 'de', '2018-11-26 10:10:39', '2018-11-26 10:10:39', NULL),
(912, 'Rollover Image', 'en', '2018-11-26 10:10:39', '2018-11-26 10:10:39', NULL),
(912, 'Rollover Image', 'fr', '2019-01-02 17:45:04', '2019-01-02 17:45:04', NULL),
(913, 'Schuhe', 'de', '2018-11-26 10:10:39', '2018-11-26 10:10:39', NULL),
(913, 'Shoes', 'en', '2018-11-26 10:10:39', '2018-11-26 10:10:39', NULL),
(913, 'Chaussures', 'fr', '2019-01-02 17:45:43', '2019-01-02 17:45:43', NULL),
(914, 'Kleidung', 'de', '2018-11-26 10:10:39', '2018-11-26 10:10:39', NULL),
(914, 'Clothes', 'en', '2018-11-26 10:10:39', '2018-11-26 10:10:39', NULL),
(914, 'Vêtements', 'fr', '2019-01-02 17:46:12', '2019-01-02 17:46:12', NULL),
(915, 'Abmessungen', 'de', '2018-11-26 10:10:39', '2019-01-02 17:46:55', NULL),
(915, 'Measurements', 'en', '2018-11-26 10:10:39', '2018-11-26 10:10:39', NULL),
(915, 'Les mesures', 'fr', '2019-01-02 17:46:55', '2019-01-02 17:46:55', NULL),
(916, 'Jetzt bei %1s anmelden', 'de', '2018-11-26 10:10:39', '2018-11-26 10:10:39', NULL),
(916, 'Login now at %1s', 'en', '2018-11-26 10:10:39', '2018-11-26 10:10:39', NULL),
(916, 'Connectez-vous maintenant à %1s', 'fr', '2019-01-02 17:47:36', '2019-01-02 17:47:36', NULL),
(917, 'Jetzt mit %1s bezahlen', 'de', '2018-11-26 10:10:39', '2018-11-26 10:10:39', NULL),
(917, 'Pay now with %1s', 'en', '2018-11-26 10:10:39', '2018-11-26 10:10:39', NULL),
(917, 'Payez maintenant avec %1s', 'fr', '2019-01-02 17:48:02', '2019-01-02 17:48:02', NULL),
(918, 'Zur Startseite', 'de', '2018-11-26 10:10:39', '2018-11-26 10:10:39', NULL),
(918, 'To the Home', 'en', '2018-11-26 10:10:39', '2018-11-26 10:10:39', NULL),
(918, 'À la page d\'accueil', 'fr', '2019-01-02 17:59:56', '2019-01-02 17:59:56', NULL),
(919, 'Für den Newsletter anmelden.', 'de', '2018-11-26 10:10:39', '2019-01-02 18:00:38', NULL),
(919, 'Signup for newsletter.', 'en', '2018-11-26 10:10:39', '2018-11-26 10:10:39', NULL),
(919, 'Inscrivez-vous à la newsletter.', 'fr', '2019-01-02 18:00:38', '2019-01-02 18:00:38', NULL),
(920, 'bisher', 'de', '2018-11-26 10:10:39', '2018-11-26 10:10:39', NULL),
(920, 'so far', 'en', '2018-11-26 10:10:39', '2018-11-26 10:10:39', NULL),
(920, 'jusqu\'à', 'fr', '2019-01-02 18:14:14', '2019-01-02 18:14:14', NULL),
(921, 'jetzt', 'de', '2018-11-26 10:10:39', '2018-11-26 10:10:39', NULL),
(921, 'now', 'en', '2018-11-26 10:10:39', '2018-11-26 10:10:39', NULL),
(921, 'maintenant', 'fr', '2019-01-02 18:14:27', '2019-01-02 18:14:27', NULL),
(922, 'Sie sparen %1s %2s (%3s%%)', 'de', '2018-11-26 10:10:39', '2018-11-26 10:10:39', NULL),
(922, 'You save %1s %2s (%3s%%)', 'en', '2018-11-26 10:10:39', '2018-11-26 10:10:39', NULL),
(922, 'Vous économisez %1s %2s (%3s%%%)', 'fr', '2019-01-02 18:14:59', '2019-01-02 18:14:59', NULL),
(923, 'Leider ausverkauft!', 'de', '2018-11-26 10:10:39', '2018-11-26 10:10:39', NULL),
(923, 'Sold out!', 'en', '2018-11-26 10:10:39', '2018-11-26 10:10:39', NULL),
(923, 'Malheureusement épuisé!', 'fr', '2019-01-02 18:17:23', '2019-01-02 18:17:23', NULL);
INSERT INTO `translator_translation` (`id`, `text`, `lang`, `created_at`, `updated_at`, `deleted_at`) VALUES
(924, 'Dieses Produkt ist leider ausverkauft!', 'de', '2018-11-26 10:10:39', '2018-11-26 10:10:39', NULL),
(924, 'This product is currently sold out!', 'en', '2018-11-26 10:10:39', '2018-11-26 10:10:39', NULL),
(924, 'Ce produit est malheureusement épuisé !', 'fr', '2019-01-02 18:17:57', '2019-01-02 18:17:57', NULL),
(925, 'Rückerstattung', 'de', '2018-11-26 10:10:39', '2019-01-02 18:18:46', NULL),
(925, 'Refund', 'en', '2018-11-26 10:10:39', '2018-11-26 10:10:39', NULL),
(925, 'Remboursement', 'fr', '2019-01-02 18:18:46', '2019-01-02 18:18:46', NULL),
(926, 'Pfand gesamt', 'de', '2018-11-26 10:10:39', '2018-11-26 10:10:39', NULL),
(926, 'Rückerstattung total', 'en', '2018-11-26 10:10:39', '2019-01-02 18:19:24', NULL),
(926, 'Remboursement total', 'fr', '2019-01-02 18:19:24', '2019-01-02 18:19:24', NULL),
(927, 'Der Artikel wurde dem Warenkorb hinzugefügt.', 'de', '2018-11-26 10:10:39', '2018-11-26 10:10:39', NULL),
(927, 'The item has been added to the cart.', 'en', '2018-11-26 10:10:39', '2018-11-26 10:10:39', NULL),
(927, 'L\'article a été ajouté au panier.', 'fr', '2019-01-02 18:19:57', '2019-01-02 18:19:57', NULL),
(928, 'Bitte spezifizieren Sie den Artikel genauer, bevor Sie ihn in den Warenkorb legen.', 'de', '2018-11-26 10:10:39', '2019-01-02 18:21:41', NULL),
(928, 'Specify the exact item, before adding it to the cart, please.', 'en', '2018-11-26 10:10:39', '2018-11-26 10:10:39', NULL),
(928, 'Spécifiez l\'article exact, avant de l\'ajouter au panier, s\'il vous plaît.', 'fr', '2019-01-02 18:21:41', '2019-01-02 18:21:41', NULL),
(929, 'Kunden, die dieses Produkt gekauft haben, haben auch folgende Artikel gekauft', 'de', '2018-11-26 10:10:39', '2019-01-02 18:22:36', NULL),
(929, 'Customers, who bought this product, also bought the following products', 'en', '2018-11-26 10:10:39', '2018-11-26 10:10:39', NULL),
(929, 'Les clients qui ont acheté ce produit ont également acheté les produits suivants', 'fr', '2019-01-02 18:22:36', '2019-01-02 18:22:36', NULL),
(930, 'Hausnummer', 'de', '2018-11-26 10:10:39', '2018-11-26 10:10:39', NULL),
(930, 'Street Number', 'en', '2018-11-26 10:10:39', '2018-11-26 10:10:39', NULL),
(930, 'Numéro de rue', 'fr', '2019-01-02 18:23:33', '2019-01-02 18:23:33', NULL),
(931, 'Adresszeile 1', 'de', '2018-11-26 10:10:39', '2019-01-02 18:24:59', NULL),
(931, 'Address Line 1', 'en', '2018-11-26 10:10:39', '2018-11-26 10:10:39', NULL),
(931, 'Adresse Ligne 1', 'fr', '2019-01-02 18:24:59', '2019-01-02 18:24:59', NULL),
(932, 'Adresszeile 2', 'de', '2018-11-26 10:10:39', '2019-01-02 18:25:18', NULL),
(932, 'Address Line 2', 'en', '2018-11-26 10:10:39', '2018-11-26 10:10:39', NULL),
(932, 'Adresse Ligne 2', 'fr', '2019-01-02 18:25:18', '2019-01-02 18:25:18', NULL),
(933, 'Postleitzahl', 'de', '2018-11-26 10:10:39', '2018-11-26 10:10:39', NULL),
(933, 'Zip Code', 'en', '2018-11-26 10:10:39', '2018-11-26 10:10:39', NULL),
(933, 'Code postale', 'fr', '2019-01-02 18:25:28', '2019-01-02 18:25:28', NULL),
(934, 'Mobilrufnummer', 'de', '2018-11-26 10:10:39', '2018-11-26 10:10:39', NULL),
(934, 'Mobile Number', 'en', '2018-11-26 10:10:39', '2018-11-26 10:10:39', NULL),
(934, 'Numéro de portable', 'fr', '2019-01-02 18:26:09', '2019-01-02 18:26:09', NULL),
(935, 'Telefonnummer', 'de', '2018-11-26 10:10:39', '2018-11-26 10:10:39', NULL),
(935, 'Phone Number', 'en', '2018-11-26 10:10:39', '2018-11-26 10:10:39', NULL),
(935, 'Numéro de téléphone', 'fr', '2019-01-02 18:26:25', '2019-01-02 18:26:25', NULL),
(936, 'Melden Sie sich jetzt an, wenn Sie über die neuesten Produkte, Angebote und Aktionen informiert werden möchten.', 'de', '2018-11-26 10:10:39', '2019-01-02 18:34:10', NULL),
(936, 'Subscribe now, if you want to be informed about the latest products, offers and promotions.', 'en', '2018-11-26 10:10:39', '2018-11-26 10:10:39', NULL),
(936, 'Inscrivez-vous dès maintenant, si vous voulez être informé des derniers produits, offres et promotions.', 'fr', '2019-01-02 18:34:10', '2019-01-02 18:34:10', NULL),
(937, 'Dieser News-Eintrag ist nicht verfügbar.', 'de', '2018-11-26 10:10:39', '2019-01-02 18:34:57', NULL),
(937, 'This news item is not available.', 'en', '2018-11-26 10:10:39', '2018-11-26 10:10:39', NULL),
(937, 'Cette nouvelle n\'est pas disponible.', 'fr', '2019-01-02 18:34:57', '2019-01-02 18:34:57', NULL),
(938, 'mehr', 'de', '2018-11-26 10:10:39', '2018-11-26 10:10:39', NULL),
(938, 'more', 'en', '2018-11-26 10:10:39', '2018-11-26 10:10:39', NULL),
(938, 'plus', 'fr', '2019-01-02 18:35:04', '2019-01-02 18:35:04', NULL),
(939, 'mehr', 'de', '2018-11-26 10:10:39', '2018-11-26 10:10:39', NULL),
(939, 'more', 'en', '2018-11-26 10:10:39', '2018-11-26 10:10:39', NULL),
(939, 'plus', 'fr', '2019-01-02 18:35:11', '2019-01-02 18:35:11', NULL),
(940, 'Flüssigkeitsmenge', 'de', '2018-11-26 10:10:39', '2019-01-02 18:35:59', NULL),
(940, 'Amount Liquid', 'en', '2018-11-26 10:10:39', '2018-11-26 10:10:39', NULL),
(940, 'Quantité de liquide', 'fr', '2019-01-02 18:35:59', '2019-01-02 18:35:59', NULL),
(941, 'Anzahl Stück', 'de', '2018-11-26 10:10:39', '2019-01-02 18:36:46', NULL),
(941, 'Amount Piece', 'en', '2018-11-26 10:10:39', '2018-11-26 10:10:39', NULL),
(941, 'Quantité Pièce', 'fr', '2019-01-02 18:36:46', '2019-01-02 18:36:46', NULL),
(942, 'Farbe', 'de', '2018-11-26 10:10:39', '2018-11-26 10:10:39', NULL),
(942, 'Color', 'en', '2018-11-26 10:10:39', '2018-11-26 10:10:39', NULL),
(942, 'Couleur', 'fr', '2019-01-02 18:36:56', '2019-01-02 18:36:56', NULL),
(943, 'Größe Kleidung Umfang', 'de', '2018-11-26 10:10:39', '2018-11-26 10:10:39', NULL),
(943, 'Size Clothes Girth', 'en', '2018-11-26 10:10:39', '2018-11-26 10:10:39', NULL),
(943, 'Taille Vêtements Sangle abdominale', 'fr', '2019-01-02 18:39:03', '2019-01-02 18:39:03', NULL),
(944, 'Form', 'de', '2018-11-26 10:10:39', '2018-11-26 10:10:39', NULL),
(944, 'Form', 'en', '2018-11-26 10:10:39', '2018-11-26 10:10:39', NULL),
(944, 'Forme', 'fr', '2019-01-02 18:39:11', '2019-01-02 18:39:11', NULL),
(945, 'Allgemein', 'de', '2018-11-26 10:10:39', '2018-11-26 10:10:39', NULL),
(945, 'General', 'en', '2018-11-26 10:10:39', '2018-11-26 10:10:39', NULL),
(945, 'général', 'fr', '2019-01-02 18:39:58', '2019-01-02 18:39:58', NULL),
(946, 'Abmessung Umfang', 'de', '2018-11-26 10:10:39', '2018-11-26 10:10:39', NULL),
(946, 'Measure Circumference', 'en', '2018-11-26 10:10:39', '2018-11-26 10:10:39', NULL),
(946, 'Mesure de la circonférence', 'fr', '2019-01-02 18:40:45', '2019-01-02 18:40:45', NULL),
(947, 'Abmessung Tiefe', 'de', '2018-11-26 10:10:39', '2018-11-26 10:10:39', NULL),
(947, 'Measure Depth', 'en', '2018-11-26 10:10:39', '2018-11-26 10:10:39', NULL),
(947, 'Mesure de la profondeur', 'fr', '2019-01-02 18:41:16', '2019-01-02 18:41:16', NULL),
(948, 'Abmessung Höhe', 'de', '2018-11-26 10:10:39', '2018-11-26 10:10:39', NULL),
(948, 'Measure Height', 'en', '2018-11-26 10:10:39', '2018-11-26 10:10:39', NULL),
(948, 'Mesure de la hauteur', 'fr', '2019-01-02 18:41:38', '2019-01-02 18:41:38', NULL),
(949, 'Abmessung Durchmesser', 'de', '2018-11-26 10:10:39', '2018-11-26 10:10:39', NULL),
(949, 'Measure Diameter', 'en', '2018-11-26 10:10:39', '2018-11-26 10:10:39', NULL),
(949, 'Mesure du diamètre', 'fr', '2019-01-02 18:42:15', '2019-01-02 18:42:15', NULL),
(950, 'Abmessung Länge', 'de', '2018-11-26 10:10:39', '2018-11-26 10:10:39', NULL),
(950, 'Measure Length', 'en', '2018-11-26 10:10:39', '2018-11-26 10:10:39', NULL),
(950, 'Mesure de la longeur', 'fr', '2019-01-02 18:43:01', '2019-01-02 18:43:01', NULL),
(951, 'Abmessung Breite', 'de', '2018-11-26 10:10:39', '2018-11-26 10:10:39', NULL),
(951, 'Measure Width', 'en', '2018-11-26 10:10:39', '2018-11-26 10:10:39', NULL),
(951, 'Mesure de la largeur', 'fr', '2019-01-02 18:43:50', '2019-01-02 18:43:50', NULL),
(952, 'Grösse', 'de', '2018-11-26 10:10:39', '2019-01-02 18:44:27', NULL),
(952, 'Size', 'en', '2018-11-26 10:10:39', '2018-11-26 10:10:39', NULL),
(952, 'Taille', 'fr', '2019-01-02 18:44:27', '2019-01-02 18:44:27', NULL),
(953, 'Größe Kleidung BH-Körbchen', 'de', '2018-11-26 10:10:39', '2019-01-02 18:45:22', NULL),
(953, 'Size Clothes Bra Cup', 'en', '2018-11-26 10:10:39', '2018-11-26 10:10:39', NULL),
(953, 'Taille Vêtements Soutien-gorge Coupe', 'fr', '2019-01-02 18:45:22', '2019-01-02 18:45:22', NULL),
(954, 'Größe Kleidung BH-Größe', 'de', '2018-11-26 10:10:39', '2018-11-26 10:10:39', NULL),
(954, 'Size Clothes Bra Cup', 'en', '2018-11-26 10:10:39', '2018-11-26 10:10:39', NULL),
(954, 'Taille Vêtements Soutien-gorge Coupe', 'fr', '2019-01-02 18:45:34', '2019-01-02 18:45:34', NULL),
(955, 'Größe Kleidung Allgemein', 'de', '2018-11-26 10:10:39', '2018-11-26 10:10:39', NULL),
(955, 'Size Clothes General', 'en', '2018-11-26 10:10:39', '2018-11-26 10:10:39', NULL),
(955, 'Taille Vêtements Général', 'fr', '2019-01-02 18:45:40', '2019-01-03 08:18:44', NULL),
(956, 'Grösse Kleidung Schuhe', 'de', '2018-11-26 10:10:39', '2019-01-03 08:19:16', NULL),
(956, 'Size Clothes Shoes', 'en', '2018-11-26 10:10:39', '2018-11-26 10:10:39', NULL),
(956, NULL, 'fr', '2019-01-03 08:19:16', '2019-01-03 08:19:16', NULL),
(957, 'Gewicht', 'de', '2018-11-26 10:10:39', '2018-11-26 10:10:39', NULL),
(957, 'Weight', 'en', '2018-11-26 10:10:39', '2018-11-26 10:10:39', NULL),
(957, 'Poids', 'fr', '2019-01-03 08:19:44', '2019-01-03 08:19:44', NULL),
(958, 'Konfigurieren Sie die Produkt-Optionen', 'de', '2018-11-26 10:10:39', '2018-11-26 10:10:39', NULL),
(958, 'Configurate your Product Options', 'en', '2018-11-26 10:10:39', '2018-11-26 10:10:39', NULL),
(958, 'Configurez vos options de produit', 'fr', '2019-01-03 08:20:18', '2019-01-03 08:20:18', NULL),
(959, 'Das Passwort ist zwingend erforderlich in', 'de', '2018-11-26 10:10:39', '2019-01-03 08:22:04', NULL),
(959, 'The password is forceable in', 'en', '2018-11-26 10:10:39', '2018-11-26 10:10:39', NULL),
(959, 'Le mot de passe peut être obligatoire dans le', 'fr', '2019-01-03 08:22:04', '2019-01-03 08:22:04', NULL),
(960, '1 Jahr', 'de', '2018-11-26 10:10:39', '2019-01-03 08:22:31', NULL),
(960, '1 year', 'en', '2018-11-26 10:10:39', '2018-11-26 10:10:39', NULL),
(960, '1 année', 'fr', '2019-01-03 08:22:31', '2019-01-03 08:22:31', NULL),
(961, 'Jahre', 'de', '2018-11-26 10:10:39', '2018-11-26 10:10:39', NULL),
(961, 'years', 'en', '2018-11-26 10:10:39', '2018-11-26 10:10:39', NULL),
(961, 'ans', 'fr', '2019-01-03 08:22:38', '2019-01-03 08:22:38', NULL),
(962, '1 Monat', 'de', '2018-11-26 10:10:39', '2019-01-03 08:22:51', NULL),
(962, '1 month', 'en', '2018-11-26 10:10:39', '2018-11-26 10:10:39', NULL),
(962, '1 mois', 'fr', '2019-01-03 08:22:51', '2019-01-03 08:22:51', NULL),
(963, 'Monate', 'de', '2018-11-26 10:10:39', '2018-11-26 10:10:39', NULL),
(963, 'months', 'en', '2018-11-26 10:10:39', '2018-11-26 10:10:39', NULL),
(963, 'des mois', 'fr', '2019-01-03 08:23:10', '2019-01-03 08:23:10', NULL),
(964, '1 Tag', 'de', '2018-11-26 10:10:39', '2019-01-03 08:26:55', NULL),
(964, '1 day', 'en', '2018-11-26 10:10:39', '2018-11-26 10:10:39', NULL),
(964, '1 jour', 'fr', '2019-01-03 08:26:55', '2019-01-03 08:26:55', NULL),
(965, 'Tage', 'de', '2018-11-26 10:10:39', '2018-11-26 10:10:39', NULL),
(965, 'days', 'en', '2018-11-26 10:10:39', '2018-11-26 10:10:39', NULL),
(965, 'jours', 'fr', '2019-01-03 08:27:05', '2019-01-03 08:27:05', NULL),
(966, '1 Stunde', 'de', '2018-11-26 10:10:39', '2019-01-03 08:27:19', NULL),
(966, '1 hour', 'en', '2018-11-26 10:10:39', '2018-11-26 10:10:39', NULL),
(966, '1 heure', 'fr', '2019-01-03 08:27:19', '2019-01-03 08:27:19', NULL),
(967, 'Stunden', 'de', '2018-11-26 10:10:39', '2018-11-26 10:10:39', NULL),
(967, 'hours', 'en', '2018-11-26 10:10:39', '2018-11-26 10:10:39', NULL),
(967, 'heures', 'fr', '2019-01-03 08:27:27', '2019-01-03 08:27:27', NULL),
(968, '1 Minute', 'de', '2018-11-26 10:10:39', '2019-01-03 08:27:37', NULL),
(968, '1 minute', 'en', '2018-11-26 10:10:39', '2018-11-26 10:10:39', NULL),
(968, '1 minute', 'fr', '2019-01-03 08:27:37', '2019-01-03 08:27:37', NULL),
(969, 'Minuten', 'de', '2018-11-26 10:10:39', '2018-11-26 10:10:39', NULL),
(969, 'minutes', 'en', '2018-11-26 10:10:39', '2018-11-26 10:10:39', NULL),
(969, 'minutes', 'fr', '2019-01-03 08:27:46', '2019-01-03 08:27:46', NULL),
(970, '1 Sekunde', 'de', '2018-11-26 10:10:39', '2019-01-03 08:28:02', NULL),
(970, '1 second', 'en', '2018-11-26 10:10:39', '2018-11-26 10:10:39', NULL),
(970, '1 seconde', 'fr', '2019-01-03 08:28:02', '2019-01-03 08:28:02', NULL),
(971, 'Sekunden', 'de', '2018-11-26 10:10:39', '2018-11-26 10:10:39', NULL),
(971, 'seconds', 'en', '2018-11-26 10:10:39', '2018-11-26 10:10:39', NULL),
(971, 'secondes', 'fr', '2019-01-03 08:28:10', '2019-01-03 08:28:10', NULL),
(972, 'weniger als eine Sekunde', 'de', '2018-11-26 10:10:39', '2018-11-26 10:10:39', NULL),
(972, 'less than one second', 'en', '2018-11-26 10:10:39', '2018-11-26 10:10:39', NULL),
(972, 'moins qu\'une seconde', 'fr', '2019-01-03 08:28:26', '2019-01-03 08:28:26', NULL),
(973, 'Wiederherstellen', 'de', '2018-11-26 10:10:39', '2018-11-26 10:10:39', NULL),
(973, 'Restore', 'en', '2018-11-26 10:10:39', '2018-11-26 10:10:39', NULL),
(973, 'Restaurer', 'fr', '2019-01-03 08:29:09', '2019-01-03 08:29:09', NULL),
(974, 'Bankkonto IBAN', 'de', '2018-11-26 10:10:39', '2018-11-26 10:10:39', NULL),
(974, 'Bank Account IBAN', 'en', '2018-11-26 10:10:39', '2018-11-26 10:10:39', NULL),
(974, 'Compte bancaire IBAN', 'fr', '2019-01-03 08:29:31', '2019-01-03 08:29:31', NULL),
(975, 'Bankkonto BIC', 'de', '2018-11-26 10:10:39', '2018-11-26 10:10:39', NULL),
(975, 'Bank Account BIC', 'en', '2018-11-26 10:10:39', '2018-11-26 10:10:39', NULL),
(975, 'Compte bancaire BIC', 'fr', '2019-01-03 08:29:58', '2019-01-03 08:29:58', NULL),
(976, 'Wenn nicht anders deklariert, sind alle Preise inkl. MWST und zzgl. evtl. %1s zu verstehen.', 'de', '2018-11-26 10:10:39', '2019-01-03 08:31:17', NULL),
(976, 'If not stated in another way, all prices are to be understood including value added tax and plus %1s.', 'en', '2018-11-26 10:10:39', '2018-11-26 10:10:39', NULL),
(976, 'Sauf indication contraire, tous les prix s\'entendent TVA comprise et plus %1s si applicable.', 'fr', '2019-01-03 08:31:17', '2019-01-03 08:31:17', NULL),
(977, 'Versandkosten', 'de', '2018-11-26 10:10:39', '2018-11-26 10:10:39', NULL),
(977, 'shipping costs', 'en', '2018-11-26 10:10:39', '2018-11-26 10:10:39', NULL),
(977, 'Frais de livraison', 'fr', '2019-01-03 08:31:36', '2019-01-03 08:31:36', NULL),
(978, 'HTML-Vorlage', 'de', '2018-11-26 10:10:39', '2018-11-26 10:10:39', NULL),
(978, 'HTML-Template', 'en', '2018-11-26 10:10:39', '2018-11-26 10:10:39', NULL),
(978, 'modèle HTML', 'fr', '2019-01-03 08:31:58', '2019-01-03 08:31:58', NULL),
(979, 'Einträge', 'de', '2018-11-26 10:10:39', '2018-11-26 10:10:39', NULL),
(979, 'Entries', 'en', '2018-11-26 10:10:39', '2018-11-26 10:10:39', NULL),
(979, 'Entrées', 'fr', '2019-01-03 08:32:31', '2019-01-03 08:32:31', NULL),
(980, 'Autor', 'de', '2018-11-26 10:10:39', '2018-11-26 10:10:39', NULL),
(980, 'Author', 'en', '2018-11-26 10:10:39', '2018-11-26 10:10:39', NULL),
(980, 'Auteur', 'fr', '2019-01-03 08:32:49', '2019-01-03 08:32:49', NULL),
(981, 'Es wurde ein Datensatz mit der übereinstimmenden Zeichenfolge \'%s\' gefunden.', 'de', '2018-11-26 10:10:39', '2019-01-03 08:34:21', NULL),
(981, 'A record matching \'%s\' was found', 'en', '2018-11-26 10:10:39', '2018-11-26 10:10:39', NULL),
(981, 'Un enregistrement correspondant aux \'%s\' a été trouvé', 'fr', '2019-01-03 08:34:21', '2019-01-03 08:34:21', NULL),
(982, 'Die Anfragedaten', 'de', '2018-11-26 10:10:39', '2018-11-26 10:10:39', NULL),
(982, 'The request data', 'en', '2018-11-26 10:10:39', '2018-11-26 10:10:39', NULL),
(982, 'Les données de la demande', 'fr', '2019-01-03 08:35:01', '2019-01-03 08:35:01', NULL),
(983, 'Bitte beachten Sie die folgenden Daten, die in das Kontaktformular eingegeben wurden.', 'de', '2018-11-26 10:10:39', '2018-11-26 10:10:39', NULL),
(983, 'Please note the following dates that were entered in the contact form.', 'en', '2018-11-26 10:10:39', '2018-11-26 10:10:39', NULL),
(983, 'Veuillez noter les dates suivantes qui ont été entrées dans le formulaire de contact.', 'fr', '2019-01-03 08:35:40', '2019-01-03 08:35:40', NULL),
(984, 'Den Gutschein gibt es leider nicht', 'de', '2018-11-26 10:10:39', '2018-11-26 10:10:39', NULL),
(984, 'This coupon does not exist', 'en', '2018-11-26 10:10:39', '2018-11-26 10:10:39', NULL),
(984, 'Ce coupon n\'existe pas', 'fr', '2019-01-03 08:36:00', '2019-01-03 08:36:00', NULL),
(985, 'Einloggen über Facebook', 'de', '2018-11-26 10:10:39', '2018-11-26 10:10:39', NULL),
(985, 'Login with Facebook', 'en', '2018-11-26 10:10:39', '2018-11-26 10:10:39', NULL),
(985, 'Se connecter avec Facebook', 'fr', '2019-01-03 08:36:28', '2019-01-03 08:36:28', NULL),
(986, 'Lieferland', 'de', '2018-11-26 10:10:39', '2019-01-03 08:38:04', NULL),
(986, 'ShippingCountry', 'en', '2018-11-26 10:10:39', '2018-11-26 10:10:39', NULL),
(986, 'pays de livraison', 'fr', '2019-01-03 08:38:04', '2019-01-03 08:38:04', NULL),
(987, 'Kosten', 'de', '2018-11-26 10:10:39', '2018-11-26 10:10:39', NULL),
(987, 'Costs', 'en', '2018-11-26 10:10:39', '2018-11-26 10:10:39', NULL),
(987, 'Charges', 'fr', '2019-01-03 08:38:19', '2019-01-03 08:38:19', NULL),
(988, 'Einheitliche Kosten', 'de', '2018-11-26 10:10:39', '2018-11-26 10:10:39', NULL),
(988, 'Consistent costs', 'en', '2018-11-26 10:10:39', '2018-11-26 10:10:39', NULL),
(988, 'Coûts cohérents', 'fr', '2019-01-03 08:39:13', '2019-01-03 08:39:13', NULL),
(989, 'Ausgewähltes Land wird bereits in einem anderen Model verwendet.', 'de', '2018-11-26 10:10:39', '2018-11-26 10:10:39', NULL),
(989, 'Choosen country already used for another model.', 'en', '2018-11-26 10:10:39', '2018-11-26 10:10:39', NULL),
(989, 'Pays choisi déjà utilisé pour un autre modèle.', 'fr', '2019-01-03 08:40:07', '2019-01-03 08:40:07', NULL),
(990, 'Zeige %1s', 'de', '2018-11-26 10:10:39', '2018-11-26 10:10:39', NULL),
(990, 'Show %1s', 'en', '2018-11-26 10:10:39', '2018-11-26 10:10:39', NULL),
(990, 'Afficher %1s', 'fr', '2019-01-03 08:40:38', '2019-01-03 08:40:38', NULL),
(991, 'Breite von %1s', 'de', '2018-11-26 10:10:39', '2018-11-26 10:10:39', NULL),
(991, 'Width of %1s', 'en', '2018-11-26 10:10:39', '2018-11-26 10:10:39', NULL),
(991, 'Largeur de %1s', 'fr', '2019-01-03 08:41:10', '2019-01-03 08:41:10', NULL),
(992, 'Herunterladen', 'de', '2018-11-26 10:10:39', '2018-11-26 10:10:39', NULL),
(992, 'Download', 'en', '2018-11-26 10:10:39', '2018-11-26 10:10:39', NULL),
(992, 'Télécharger', 'fr', '2019-01-03 08:41:37', '2019-01-03 08:41:37', NULL),
(993, 'Typ', 'de', '2018-11-26 10:10:39', '2018-11-26 10:10:39', NULL),
(993, 'Type', 'en', '2018-11-26 10:10:39', '2018-11-26 10:10:39', NULL),
(993, 'Type', 'fr', '2019-01-03 08:41:47', '2019-01-03 08:41:47', NULL),
(994, 'Exportieren als', 'de', '2018-11-26 10:10:39', '2018-11-26 10:10:39', NULL),
(994, 'Export as', 'en', '2018-11-26 10:10:39', '2018-11-26 10:10:39', NULL),
(994, 'Exporter comme', 'fr', '2019-01-03 08:42:26', '2019-01-03 08:42:26', NULL),
(995, 'Export', 'de', '2018-11-26 10:10:39', '2019-01-03 08:42:56', NULL),
(995, 'Export', 'en', '2018-11-26 10:10:39', '2018-11-26 10:10:39', NULL),
(995, 'Export', 'fr', '2019-01-03 08:42:56', '2019-01-03 08:42:56', NULL),
(996, 'Export', 'de', '2018-11-26 10:10:39', '2019-01-03 08:43:10', NULL),
(996, 'Export', 'en', '2018-11-26 10:10:39', '2018-11-26 10:10:39', NULL),
(996, 'Export', 'fr', '2019-01-03 08:43:10', '2019-01-03 08:43:10', NULL),
(997, 'Ab: %1s', 'de', '2018-11-26 10:10:39', '2019-01-03 08:43:59', NULL),
(997, 'As of: %1s', 'en', '2018-11-26 10:10:39', '2018-11-26 10:10:39', NULL),
(997, 'A partir de: %1s', 'fr', '2019-01-03 08:43:59', '2019-01-03 08:43:59', NULL),
(998, 'Konto aktivieren', 'de', '2018-11-26 10:10:39', '2019-01-03 08:44:41', NULL),
(998, 'Enable Account', 'en', '2018-11-26 10:10:39', '2018-11-26 10:10:39', NULL),
(998, 'Activer le compte', 'fr', '2019-01-03 08:44:41', '2019-01-03 08:44:41', NULL),
(999, 'Ihr Benutzerkonto wurde reaktiviert.', 'de', '2018-11-26 10:10:39', '2018-11-26 10:10:39', NULL),
(999, 'Your account has been re-activated.', 'en', '2018-11-26 10:10:39', '2018-11-26 10:10:39', NULL),
(999, 'Votre compte d\'utilisateur a été réactivé.', 'fr', '2019-01-03 08:45:21', '2019-01-03 08:45:21', NULL),
(1000, 'Wenn es ein Benutzerkonto mit diesem Namen gibt, wird Ihnen eine E-Mail mit Anweisungen zur Reaktivierung zugesandt.', 'de', '2018-11-26 10:10:39', '2018-11-26 10:10:39', NULL),
(1000, 'If there is an account with that login existing, you\'ll retrive an email with instructions on how to re-activate your account.', 'en', '2018-11-26 10:10:39', '2018-11-26 10:10:39', NULL),
(1000, 'S\'il y existe un compte avec ce Login, vous recevrez un email avec des instructions sur la façon de réactiver votre compte.', 'fr', '2019-01-03 08:46:58', '2019-01-03 08:46:58', NULL),
(1001, 'Leider konnten an den dafür vorgesehenen Stellen keine Symbole gefunden werden.', 'de', '2018-11-26 10:10:39', '2019-01-03 08:47:51', NULL),
(1001, 'Unfortunately, no icons could be found in the designated icon locations.', 'en', '2018-11-26 10:10:39', '2018-11-26 10:10:39', NULL),
(1001, 'Malheureusement, aucune icône n\'a pu être trouvée dans les endroits désignés à cet effet.', 'fr', '2019-01-03 08:47:51', '2019-01-03 08:47:51', NULL),
(1002, 'Erfolgreich generiertes CSS für %1s %2s Symbole.', 'de', '2018-11-26 10:10:39', '2018-11-26 10:10:39', NULL),
(1002, 'Successfully generated CSS for %1s %2s icons.', 'en', '2018-11-26 10:10:39', '2018-11-26 10:10:39', NULL),
(1002, 'CSS généré avec succès pour les icônes %1s %2s.', 'fr', '2019-01-03 08:48:44', '2019-01-03 08:48:44', NULL),
(1003, 'Abbrechen', 'de', '2018-11-26 10:10:39', '2018-11-26 10:10:39', NULL),
(1003, 'Cancel', 'en', '2018-11-26 10:10:39', '2018-11-26 10:10:39', NULL),
(1003, 'Annuler', 'fr', '2019-01-03 08:49:22', '2019-01-03 08:49:22', NULL),
(1004, 'Dies wirkt sich auf einen Datensatz aus. Sind Sie sicher?', 'de', '2018-11-26 10:10:39', '2019-01-03 08:50:38', NULL),
(1004, 'This will affect one record. Are you sure?', 'en', '2018-11-26 10:10:39', '2018-11-26 10:10:39', NULL),
(1004, 'Cela affectera un enregistrement. Vous êtes sûr ?', 'fr', '2019-01-03 08:50:38', '2019-01-03 08:50:38', NULL),
(1005, 'Dies wirkt sich auf einige Datensätze aus. Sind Sie sicher?', 'de', '2018-11-26 10:10:39', '2019-01-03 08:51:36', NULL),
(1005, 'This will affect some records. Are you sure?', 'en', '2018-11-26 10:10:39', '2018-11-26 10:10:39', NULL),
(1005, 'Cela affectera certains enregistrements. Vous êtes sûr ?', 'fr', '2019-01-03 08:51:36', '2019-01-03 08:52:55', NULL),
(1006, 'Dieser Datensatz wird dauerhaft gelöscht und kann nicht wiederhergestellt werden. Sind Sie sicher?', 'de', '2018-11-26 10:10:39', '2019-01-03 08:54:15', NULL),
(1006, 'This record will be permanently deleted and cannot be recovered. Are you sure?', 'en', '2018-11-26 10:10:39', '2018-11-26 10:10:39', NULL),
(1006, 'Cet enregistrement sera définitivement supprimé et ne pourra pas être récupéré. Vous êtes sûr?', 'fr', '2019-01-03 08:51:37', '2019-01-03 08:54:15', NULL),
(1007, 'Diese Datensätze werden unwiderruflich gelöscht und können nicht wiederhergestellt werden. Sind Sie sicher?', 'de', '2018-11-26 10:10:39', '2018-11-26 10:10:39', NULL),
(1007, 'These records will be permanently deleted and cannot be recovered. Are you sure?', 'en', '2018-11-26 10:10:39', '2018-11-26 10:10:39', NULL),
(1007, 'Ces enregistrements sera définitivement supprimé et ne pourra pas être récupéré. Vous êtes sûr ?', 'fr', '2019-01-03 08:54:47', '2019-01-03 08:54:47', NULL),
(1008, 'Auswahl', 'de', '2018-11-26 10:10:39', '2018-11-26 10:10:39', NULL),
(1008, 'Selection', 'en', '2018-11-26 10:10:39', '2018-11-26 10:10:39', NULL),
(1008, 'Sélection', 'fr', '2019-01-03 08:55:13', '2019-01-03 08:55:13', NULL),
(1009, 'Sie müssen ein oder mehrere Datensätze auswählen, um diese Funktion zu nutzen.', 'de', '2018-11-26 10:10:39', '2018-11-26 10:10:39', NULL),
(1009, 'You need to select one or more items, when using this function.', 'en', '2018-11-26 10:10:39', '2018-11-26 10:10:39', NULL),
(1009, 'Vous devez sélectionner un ou plusieurs postes lorsque vous utilisez cette fonction.', 'fr', '2019-01-03 08:55:52', '2019-01-03 08:55:52', NULL),
(1010, 'Um diese Funktion zu nutzen, darf kein Datensatz ausgewählt sein.', 'de', '2018-11-26 10:10:39', '2018-11-26 10:10:39', NULL),
(1010, 'It\'s not allowed to select an item, when using this function.', 'en', '2018-11-26 10:10:39', '2018-11-26 10:10:39', NULL),
(1010, 'Il n\'est pas permis de sélectionner un élément en utilisant cette fonction.', 'fr', '2019-01-03 08:57:20', '2019-01-03 08:57:20', NULL),
(1011, 'Sie müssen einen Datensatz auswählen, um diese Funktion nutzen zu können.', 'de', '2018-11-26 10:10:39', '2018-11-26 10:10:39', NULL),
(1011, 'You need to select one item, when using this function.', 'en', '2018-11-26 10:10:39', '2018-11-26 10:10:39', NULL),
(1011, 'Vous devez sélectionner un élément lorsque vous utilisez cette fonction.', 'fr', '2019-01-03 08:57:47', '2019-01-03 08:57:47', NULL),
(1012, 'E-Mail - Vorlagen - Ersetzung', 'de', '2018-11-26 10:10:39', '2018-11-26 10:10:39', NULL),
(1012, 'Email - Template - Replacement', 'en', '2018-11-26 10:10:39', '2018-11-26 10:10:39', NULL),
(1012, 'Email - Gabarit - Remplacement', 'fr', '2019-01-03 08:58:53', '2019-01-03 08:58:53', NULL),
(1013, 'Bevor Sie fortfahren', 'de', '2018-11-26 10:10:39', '2018-11-26 10:10:39', NULL),
(1013, 'Before you proceed', 'en', '2018-11-26 10:10:39', '2018-11-26 10:10:39', NULL),
(1013, 'Avant de procéder', 'fr', '2019-01-03 08:59:19', '2019-01-03 08:59:19', NULL),
(1014, 'Damit diese Anwendung funktioniert, muss das System konfiguriert sein. Stellen Sie sicher, dass Sie die folgenden Punkte verstehen, bevor Sie fortfahren:', 'de', '2018-11-26 10:10:39', '2019-01-03 09:01:29', NULL),
(1014, 'In order to make this application work, the system needs to be set up. Make sure that you understand the following before you proceed:', 'en', '2018-11-26 10:10:39', '2019-01-03 09:01:29', NULL),
(1014, 'Pour que cette application fonctionne, le système doit être paramétré. Vérifiez que vous comprenez ce qui suit avant de continuer:', 'fr', '2019-01-03 09:01:29', '2019-01-03 09:01:29', NULL),
(1015, 'Breitengrad', 'de', '2018-11-26 10:10:39', '2018-11-26 10:10:39', NULL),
(1015, 'Latitude', 'en', '2018-11-26 10:10:39', '2018-11-26 10:10:39', NULL),
(1015, 'Latidude', 'fr', '2019-01-03 09:01:41', '2019-01-03 09:01:41', NULL),
(1016, 'Längengrad', 'de', '2018-11-26 10:10:39', '2018-11-26 10:10:39', NULL),
(1016, 'Longitude', 'en', '2018-11-26 10:10:39', '2018-11-26 10:10:39', NULL),
(1016, 'Longitude', 'fr', '2019-01-03 09:02:04', '2019-01-03 09:02:04', NULL),
(1017, 'Urheberrecht', 'de', '2018-11-26 10:10:39', '2018-11-26 10:10:39', NULL),
(1017, 'Copyright', 'en', '2018-11-26 10:10:39', '2018-11-26 10:10:39', NULL),
(1017, 'Droits d\'auteur', 'fr', '2019-01-03 09:02:28', '2019-01-03 09:02:28', NULL),
(1018, 'Verwalte Produkt-Optionen', 'de', '2018-11-26 10:10:39', '2018-11-26 10:10:39', NULL),
(1018, 'Manage Product-Options', 'en', '2018-11-26 10:10:39', '2018-11-26 10:10:39', NULL),
(1018, 'Gérer les options de produit', 'fr', '2019-01-03 09:02:57', '2019-01-03 09:02:57', NULL),
(1019, '\"%1s\" wurde generiert.', 'de', '2018-11-26 10:10:39', '2018-11-26 10:10:39', NULL),
(1019, '\"%1s\" has been generated.', 'en', '2018-11-26 10:10:39', '2018-11-26 10:10:39', NULL),
(1019, '\"%1s\" a été généré.', 'fr', '2019-01-03 09:03:22', '2019-01-03 09:03:22', NULL),
(1020, 'Telefon', 'de', '2018-11-26 10:10:39', '2018-11-26 10:10:39', NULL),
(1020, 'Telephone', 'en', '2018-11-26 10:10:39', '2018-11-26 10:10:39', NULL),
(1020, 'Téléphone', 'fr', '2019-01-03 09:03:57', '2019-01-03 09:03:57', NULL),
(1021, 'Firma', 'de', '2018-11-26 10:10:39', '2018-11-26 10:10:39', NULL),
(1021, 'Company', 'en', '2018-11-26 10:10:39', '2018-11-26 10:10:39', NULL),
(1021, 'Société', 'fr', '2019-01-03 09:04:31', '2019-01-03 09:04:31', NULL),
(1022, 'Firma', 'de', '2018-11-26 10:10:39', '2018-11-26 10:10:39', NULL),
(1022, 'Company', 'en', '2018-11-26 10:10:39', '2018-11-26 10:10:39', NULL),
(1022, 'Société', 'fr', '2019-01-03 09:05:34', '2019-01-03 09:05:34', NULL),
(1023, 'Schiebe nach links', 'de', '2018-11-26 10:10:39', '2018-11-26 10:10:39', NULL),
(1023, 'Slide to the left', 'en', '2018-11-26 10:10:39', '2018-11-26 10:10:39', NULL),
(1023, 'Glisser vers la gauche', 'fr', '2019-01-03 09:10:19', '2019-01-03 09:10:19', NULL),
(1024, 'Schiebe nach rechts', 'de', '2018-11-26 10:10:39', '2018-11-26 10:10:39', NULL),
(1024, 'Slide to the right', 'en', '2018-11-26 10:10:39', '2018-11-26 10:10:39', NULL),
(1024, 'Glisser vers la droite', 'fr', '2019-01-03 09:11:33', '2019-01-03 09:11:33', NULL),
(1025, 'Kunde', 'de', '2018-11-26 10:10:39', '2018-11-26 10:10:39', NULL),
(1025, 'Customer', 'en', '2018-11-26 10:10:39', '2018-11-26 10:10:39', NULL),
(1025, 'Client', 'fr', '2019-01-03 09:11:58', '2019-01-03 09:11:58', NULL),
(1026, 'Auftraggeber', 'de', '2018-11-26 10:10:39', '2018-11-26 10:10:39', NULL),
(1026, 'Client', 'en', '2018-11-26 10:10:39', '2018-11-26 10:10:39', NULL),
(1026, 'Client', 'fr', '2019-01-03 09:12:51', '2019-01-03 09:12:51', NULL),
(1027, 'Schalter', 'de', '2018-11-26 10:10:39', '2019-01-03 09:13:35', NULL),
(1027, 'Counter', 'en', '2018-11-26 10:10:39', '2018-11-26 10:10:39', NULL),
(1027, 'Guichet', 'fr', '2019-01-03 09:13:35', '2019-01-03 09:13:35', NULL),
(1028, 'Beispiele', 'de', '2018-11-26 10:10:39', '2018-11-26 10:10:39', NULL),
(1028, 'Examples', 'en', '2018-11-26 10:10:39', '2018-11-26 10:10:39', NULL),
(1028, 'Exemples', 'fr', '2019-01-03 09:13:59', '2019-01-03 09:13:59', NULL),
(1029, 'Beispiel', 'de', '2018-11-26 10:10:39', '2018-11-26 10:10:39', NULL),
(1029, 'Example', 'en', '2018-11-26 10:10:39', '2018-11-26 10:10:39', NULL),
(1029, 'Exemple', 'fr', '2019-01-03 09:14:09', '2019-01-03 09:14:09', NULL),
(1030, 'Adresse', 'de', '2018-11-26 10:10:39', '2018-11-26 10:10:39', NULL),
(1030, 'Address', 'en', '2018-11-26 10:10:39', '2018-11-26 10:10:39', NULL),
(1030, 'Adresse', 'fr', '2019-01-03 09:14:18', '2019-01-03 09:14:18', NULL),
(1031, 'Adresse', 'de', '2018-11-26 10:10:39', '2018-11-26 10:10:39', NULL),
(1031, 'Address', 'en', '2018-11-26 10:10:39', '2018-11-26 10:10:39', NULL),
(1031, 'Adresse', 'fr', '2019-01-03 09:14:25', '2019-01-03 09:14:25', NULL),
(1032, 'Anzeigen', 'de', '2018-11-26 10:10:39', '2018-11-26 10:10:39', NULL),
(1032, 'Show', 'en', '2018-11-26 10:10:39', '2018-11-26 10:10:39', NULL),
(1032, 'Afficher', 'fr', '2019-01-03 09:14:36', '2019-01-03 09:14:36', NULL),
(1033, 'Notizen', 'de', '2018-11-26 10:10:39', '2018-11-26 10:10:39', NULL),
(1033, 'Notes', 'en', '2018-11-26 10:10:39', '2018-11-26 10:10:39', NULL),
(1033, 'Notes', 'fr', '2019-01-03 09:14:43', '2019-01-03 09:14:43', NULL),
(1034, 'Datenschutzerklärung', 'de', '2018-11-26 10:10:39', '2019-01-03 09:15:35', NULL),
(1034, 'Privacy Policy', 'en', '2018-11-26 10:10:39', '2018-11-26 10:10:39', NULL),
(1034, 'Politique de confidentialité', 'fr', '2019-01-03 09:15:35', '2019-01-03 09:15:35', NULL),
(1035, 'Anleitungen zur Stornierung', 'de', '2018-11-26 10:10:39', '2019-01-03 09:30:27', NULL),
(1035, 'Instructions of Cancellation', 'en', '2018-11-26 10:10:39', '2018-11-26 10:10:39', NULL),
(1035, 'Instructions d\'annulation', 'fr', '2019-01-03 09:30:27', '2019-01-03 09:30:27', NULL),
(1036, 'Rückgaberecht', 'de', '2018-11-26 10:10:39', '2018-11-26 10:10:39', NULL),
(1036, 'Return Policy', 'en', '2018-11-26 10:10:39', '2018-11-26 10:10:39', NULL),
(1036, 'Politique de retour', 'fr', '2019-01-03 09:30:55', '2019-01-03 09:30:55', NULL),
(1037, 'Rechtliche Hinweise', 'de', '2018-11-26 10:10:39', '2018-11-26 10:10:39', NULL),
(1037, 'Legal Issues', 'en', '2018-11-26 10:10:39', '2018-11-26 10:10:39', NULL),
(1037, 'Enjeux juridiques', 'fr', '2019-01-03 09:31:50', '2019-01-03 09:31:50', NULL),
(1038, 'Zahlungsdienste', 'de', '2018-11-26 10:10:39', '2019-01-03 09:32:28', NULL),
(1038, 'Payment Services', 'en', '2018-11-26 10:10:39', '2018-11-26 10:10:39', NULL),
(1038, 'Services de paiement', 'fr', '2019-01-03 09:32:28', '2019-01-03 09:32:28', NULL),
(1039, 'Prozent', 'de', '2018-11-26 10:10:39', '2018-11-26 10:10:39', NULL),
(1039, 'Percent', 'en', '2018-11-26 10:10:39', '2018-11-26 10:10:39', NULL),
(1039, 'Pourcent', 'fr', '2019-01-03 09:32:38', '2019-01-03 09:32:38', NULL),
(1040, 'Feststehend', 'de', '2018-11-26 10:10:40', '2018-11-26 10:10:40', NULL),
(1040, 'Fixed', 'en', '2018-11-26 10:10:40', '2018-11-26 10:10:40', NULL),
(1040, 'Fixe', 'fr', '2019-01-03 09:33:03', '2019-01-03 09:33:03', NULL),
(1041, 'Kann nicht Null sein', 'de', '2018-11-26 10:10:40', '2018-11-26 10:10:40', NULL),
(1041, 'Can\'t be null', 'en', '2018-11-26 10:10:40', '2019-01-03 09:33:44', NULL),
(1041, 'Ne peut pas être nul', 'fr', '2019-01-03 09:33:44', '2019-01-03 09:33:44', NULL),
(1042, 'Hat interne Überprüfung', 'de', '2018-11-26 10:10:40', '2018-11-26 10:10:40', NULL),
(1042, 'Has internal review', 'en', '2018-11-26 10:10:40', '2018-11-26 10:10:40', NULL),
(1042, 'Fait l\'objet d\'un examen interne', 'fr', '2019-01-03 09:34:13', '2019-01-03 09:34:13', NULL),
(1043, 'Klassen-Name', 'de', '2018-11-26 10:10:40', '2019-01-03 09:34:48', NULL),
(1043, 'Class-Name', 'en', '2018-11-26 10:10:40', '2018-11-26 10:10:40', NULL),
(1043, 'Nom de la classe', 'fr', '2019-01-03 09:34:48', '2019-01-03 09:34:48', NULL),
(1044, 'Benötigt Bankkonto-Informationen', 'de', '2018-11-26 10:10:40', '2019-01-03 09:36:26', NULL),
(1044, 'Need bank account infos', 'en', '2018-11-26 10:10:40', '2018-11-26 10:10:40', NULL),
(1044, 'Besoin d\'infos sur les comptes bancaires', 'fr', '2019-01-03 09:36:26', '2019-01-03 09:36:26', NULL),
(1045, 'Benötigt Kreditkarten-Informationen', 'de', '2018-11-26 10:10:40', '2019-01-03 09:37:08', NULL),
(1045, 'Need creditcard infos', 'en', '2018-11-26 10:10:40', '2018-11-26 10:10:40', NULL),
(1045, 'Besoin d\'infos sur les cartes de crédit', 'fr', '2019-01-03 09:37:08', '2019-01-03 09:37:08', NULL),
(1046, 'Hat Zahlung nach Bestellung', 'de', '2018-11-26 10:10:40', '2018-11-26 10:10:40', NULL),
(1046, 'Has payment after order', 'en', '2018-11-26 10:10:40', '2018-11-26 10:10:40', NULL),
(1046, 'A le paiement après la commande', 'fr', '2019-01-03 09:37:49', '2019-01-03 09:37:49', NULL),
(1047, 'Veröffentlichungsdatum', 'de', '2018-11-26 10:10:40', '2018-11-26 10:10:40', NULL),
(1047, 'Publish datetime', 'en', '2018-11-26 10:10:40', '2018-11-26 10:10:40', NULL),
(1047, 'Date de publication', 'fr', '2019-01-03 09:40:26', '2019-01-03 09:46:22', NULL),
(1048, 'Leider haben wir aktuell keine News.', 'de', '2018-11-26 10:10:40', '2018-11-26 10:10:40', NULL),
(1048, 'Sorry, there are no news at the moment.', 'en', '2018-11-26 10:10:40', '2018-11-26 10:10:40', NULL),
(1048, 'Désolé, il n\'y a pas de nouvelles pour le moment.', 'fr', '2019-01-03 09:40:54', '2019-01-03 09:40:54', NULL),
(1049, 'News nicht vorhanden oder nicht gefunden.', 'de', '2018-11-26 10:10:40', '2018-11-26 10:10:40', NULL),
(1049, 'News not available or not found.', 'en', '2018-11-26 10:10:40', '2018-11-26 10:10:40', NULL),
(1049, 'Nouvelles non disponibles ou non trouvées.', 'fr', '2019-01-03 09:41:14', '2019-01-03 09:41:14', NULL),
(1050, 'Das Medium (ID: %1s) ist nicht vom Typ Bild und kann nicht zugeschnitten werden.', 'de', '2018-11-26 10:10:40', '2018-11-26 10:10:40', NULL),
(1050, 'The media (ID: %1s) is not type of an image and can not be cropped.', 'en', '2018-11-26 10:10:40', '2018-11-26 10:10:40', NULL),
(1050, 'Le média (ID : %1s) n\'est pas un type d\'image et ne peut pas être rogné.', 'fr', '2019-01-03 09:41:50', '2019-01-03 09:41:50', NULL),
(1051, 'Das Medium muss spezifiziert werden.', 'de', '2018-11-26 10:10:40', '2018-11-26 10:10:40', NULL),
(1051, 'Media needs to be specified.', 'en', '2018-11-26 10:10:40', '2018-11-26 10:10:40', NULL),
(1051, 'Les médias doivent être précisés.', 'fr', '2019-01-03 09:42:26', '2019-01-03 09:42:26', NULL),
(1052, 'leer', 'de', '2018-11-26 10:10:40', '2018-11-26 10:10:40', NULL),
(1052, 'empty', 'en', '2018-11-26 10:10:40', '2018-11-26 10:10:40', NULL),
(1052, 'vide', 'fr', '2019-01-03 09:42:34', '2019-01-03 09:42:34', NULL),
(1053, 'Shop Zahlungsdienste', 'de', '2018-11-26 10:10:40', '2019-01-03 09:43:43', NULL),
(1053, 'Shop PaymentServices', 'en', '2018-11-26 10:10:40', '2018-11-26 10:10:40', NULL),
(1053, 'Boutique Services de paiement', 'fr', '2019-01-03 09:43:43', '2019-01-03 09:43:43', NULL),
(1054, 'Ihre gewählte stornierte Bestellung beinhaltet', 'de', '2018-11-26 10:10:40', '2018-11-26 10:10:40', NULL),
(1054, 'Your chosen canceled order includes', 'en', '2018-11-26 10:10:40', '2018-11-26 10:10:40', NULL),
(1054, 'La commande annulée que vous avez choisie comprend', 'fr', '2019-01-03 09:44:23', '2019-01-03 09:44:23', NULL),
(1055, 'Aktionen für die stornierte Bestellung', 'de', '2018-11-26 10:10:40', '2018-11-26 10:10:40', NULL),
(1055, 'Actions for the canceled order', 'en', '2018-11-26 10:10:40', '2018-11-26 10:10:40', NULL),
(1055, 'Actions pour la commande annulée', 'fr', '2019-01-03 09:44:27', '2019-01-03 09:47:09', NULL),
(1056, 'Kunden, die diese Produkte gekauft haben, haben auch folgende Produkte gekauft', 'de', '2018-11-26 10:10:40', '2018-11-26 10:10:40', NULL),
(1056, 'Customers who bought this, also bought the following products', 'en', '2018-11-26 10:10:40', '2018-11-26 10:10:40', NULL),
(1056, 'Les clients qui ont acheté ce produit ont également acheté les produits suivants', 'fr', '2019-01-03 09:45:08', '2019-01-03 09:45:08', NULL),
(1057, 'Dein Gutschein hat jetzt noch einen Wert von', 'de', '2018-11-26 10:10:40', '2019-01-03 09:47:55', NULL),
(1057, 'Your coupon has now still a value of', 'en', '2018-11-26 10:10:40', '2018-11-26 10:10:40', NULL),
(1057, 'Votre coupon a toujours une valeur de', 'fr', '2019-01-03 09:45:10', '2019-01-03 09:47:55', NULL),
(1058, 'Eingelöster Gutschein', 'de', '2018-11-26 10:10:40', '2018-11-26 10:10:40', NULL),
(1058, 'Used coupon', 'en', '2018-11-26 10:10:40', '2018-11-26 10:10:40', NULL),
(1058, 'Coupon utilisé', 'fr', '2019-01-03 09:48:17', '2019-01-03 09:48:17', NULL),
(1059, 'Der Gutschein hat nun noch einen Wert von ', 'de', '2018-11-26 10:10:40', '2019-01-03 09:48:59', NULL),
(1059, 'The coupon has now still a value of', 'en', '2018-11-26 10:10:40', '2018-11-26 10:10:40', NULL),
(1059, 'Le coupon a maintenant encore une valeur de', 'fr', '2019-01-03 09:48:59', '2019-01-03 09:48:59', NULL),
(1060, 'Versandadresse', 'de', '2018-11-26 10:10:40', '2018-11-26 10:10:40', NULL),
(1060, 'Shipping address', 'en', '2018-11-26 10:10:40', '2018-11-26 10:10:40', NULL),
(1060, 'Adresse de livraison', 'fr', '2019-01-03 09:49:15', '2019-01-03 09:49:15', NULL),
(1061, 'Bestätigen', 'de', '2018-11-26 10:10:40', '2018-11-26 10:10:40', NULL),
(1061, 'Confirm', 'en', '2018-11-26 10:10:40', '2018-11-26 10:10:40', NULL),
(1061, 'Confirmer', 'fr', '2019-01-03 09:49:23', '2019-01-03 09:49:23', NULL),
(1062, 'Rechnungsnummer', 'de', '2018-11-26 10:10:40', '2018-11-26 10:10:40', NULL),
(1062, 'Billing Number', 'en', '2018-11-26 10:10:40', '2018-11-26 10:10:40', NULL),
(1062, 'Numéro de facture', 'fr', '2019-01-03 09:49:53', '2019-01-03 09:49:53', NULL),
(1063, 'Rechnungsnummer', 'de', '2018-11-26 10:10:40', '2018-11-26 10:10:40', NULL),
(1063, 'Billing number', 'en', '2018-11-26 10:10:40', '2018-11-26 10:10:40', NULL),
(1063, 'Numéro de facture', 'fr', '2019-01-03 09:50:01', '2019-01-03 09:50:01', NULL),
(1064, 'Datei auswählen', 'de', '2018-11-26 10:10:40', '2018-11-26 10:10:40', NULL),
(1064, 'Select File', 'en', '2018-11-26 10:10:40', '2018-11-26 10:10:40', NULL),
(1064, 'Choisir fichier', 'fr', '2019-01-03 09:50:13', '2019-01-03 09:50:13', NULL),
(1065, 'Eine Mediadatei, die für ein Produkt benötigt wird, wurde noch nicht hochgeladen.', 'de', '2018-11-26 10:10:40', '2018-11-26 10:10:40', NULL),
(1065, 'A media file, which is required for a product, has not been uploaded yet.', 'en', '2018-11-26 10:10:40', '2018-11-26 10:10:40', NULL),
(1065, 'Un fichier multimédia requis pour un produit n\'a pas encore été téléchargé.', 'fr', '2019-01-03 09:50:50', '2019-01-03 09:50:50', NULL),
(1066, 'Versandkosten', 'de', '2018-11-26 10:10:40', '2018-11-26 10:10:40', NULL),
(1066, 'Shipping costs', 'en', '2018-11-26 10:10:40', '2018-11-26 10:10:40', NULL),
(1066, 'Frais de livraison', 'fr', '2019-01-03 09:51:02', '2019-01-03 09:51:02', NULL),
(1067, 'Zahlungskosten', 'de', '2018-11-26 10:10:40', '2019-01-03 09:51:41', NULL),
(1067, 'Payment costs', 'en', '2018-11-26 10:10:40', '2018-11-26 10:10:40', NULL),
(1067, 'Frais de paiement', 'fr', '2019-01-03 09:51:41', '2019-01-03 09:51:41', NULL),
(1068, 'Lieferfirma', 'de', '2018-11-26 10:10:40', '2019-01-03 09:52:23', NULL),
(1068, 'Delivery company', 'en', '2018-11-26 10:10:40', '2018-11-26 10:10:40', NULL),
(1068, 'Entreprise de livraison', 'fr', '2019-01-03 09:52:23', '2019-01-03 09:52:23', NULL),
(1069, 'Benötigt Media-Upload', 'de', '2018-11-26 10:10:40', '2019-01-03 09:53:05', NULL),
(1069, 'Need media upload', 'en', '2018-11-26 10:10:40', '2018-11-26 10:10:40', NULL),
(1069, 'Besoin de téléchargement de médias', 'fr', '2019-01-03 09:53:05', '2019-01-03 09:53:05', NULL),
(1070, 'Datei auswählen', 'de', '2018-11-26 10:10:40', '2018-11-26 10:10:40', NULL),
(1070, 'Select File', 'en', '2018-11-26 10:10:40', '2018-11-26 10:10:40', NULL),
(1070, 'Choisir fichier', 'fr', '2019-01-03 09:53:16', '2019-01-03 09:53:16', NULL),
(1071, 'Weiterleiten', 'de', '2018-11-26 10:10:40', '2019-01-03 09:56:53', NULL),
(1071, 'Forward', 'en', '2018-11-26 10:10:40', '2018-11-26 10:10:40', NULL),
(1071, 'Expédier', 'fr', '2019-01-03 09:56:53', '2019-01-03 09:56:53', NULL),
(1072, 'Medium bearbeiten', 'de', '2018-11-26 10:10:40', '2018-11-26 10:10:40', NULL),
(1072, 'Edit Media', 'en', '2018-11-26 10:10:40', '2018-11-26 10:10:40', NULL),
(1072, 'Modifier le média', 'fr', '2019-01-03 09:57:20', '2019-01-03 09:57:20', NULL),
(1073, 'Medium hochladen', 'de', '2018-11-26 10:10:40', '2018-11-26 10:10:40', NULL),
(1073, 'Upload Media', 'en', '2018-11-26 10:10:40', '2018-11-26 10:10:40', NULL),
(1073, 'Télécharger le média', 'fr', '2019-01-03 09:57:43', '2019-01-03 09:57:43', NULL),
(1074, 'Ein Medium, welches für ein Produkt benötigt wird, wurde noch nicht hochgeladen.', 'de', '2018-11-26 10:10:40', '2018-11-26 10:10:40', NULL),
(1074, 'A media file, which is required for a product, has not been uploaded yet.', 'en', '2018-11-26 10:10:40', '2018-11-26 10:10:40', NULL),
(1074, 'Un fichier multimédia requis pour un produit n\'a pas encore été téléchargé.', 'fr', '2019-01-03 09:58:18', '2019-01-03 09:58:18', NULL),
(1075, 'Medium angehängt', 'de', '2018-11-26 10:10:40', '2019-01-03 09:58:58', NULL),
(1075, 'Media appended', 'en', '2018-11-26 10:10:40', '2018-11-26 10:10:40', NULL),
(1075, 'Média en annexe', 'fr', '2019-01-03 09:58:58', '2019-01-03 09:58:58', NULL),
(1076, 'Medium herunterladen', 'de', '2018-11-26 10:10:40', '2018-11-26 10:10:40', NULL),
(1076, 'Download Media', 'en', '2018-11-26 10:10:40', '2018-11-26 10:10:40', NULL),
(1076, 'Télécharger les médias', 'fr', '2019-01-03 09:59:20', '2019-01-03 09:59:20', NULL),
(1077, 'Warten auf die Zahlung', 'de', '2018-11-26 10:10:40', '2019-01-03 09:59:58', NULL),
(1077, 'Wait for payment', 'en', '2018-11-26 10:10:40', '2018-11-26 10:10:40', NULL),
(1077, 'Attendre le paiement', 'fr', '2019-01-03 09:59:58', '2019-01-03 09:59:58', NULL),
(1078, 'Gesamtpreis', 'de', '2018-11-26 10:10:40', '2019-01-03 10:00:19', NULL),
(1078, 'Total price', 'en', '2018-11-26 10:10:40', '2018-11-26 10:10:40', NULL),
(1078, 'Prix total', 'fr', '2019-01-03 10:00:19', '2019-01-03 10:00:19', NULL),
(1079, 'Den Gutschein gibt es leider nicht.', 'de', '2018-11-26 10:10:40', '2018-11-26 10:10:40', NULL),
(1079, 'Sorry, this coupon doesn\'t exist.', 'en', '2018-11-26 10:10:40', '2018-11-26 10:10:40', NULL),
(1079, 'Désolé, ce coupon n\'existe pas.', 'fr', '2019-01-03 10:00:42', '2019-01-03 10:00:42', NULL),
(1080, 'Etikette zum Produkt', 'de', '2018-11-26 10:10:40', '2019-01-03 10:01:24', NULL),
(1080, 'Tag to product', 'en', '2018-11-26 10:10:40', '2018-11-26 10:10:40', NULL),
(1080, 'Étiquette au produit', 'fr', '2019-01-03 10:01:24', '2019-01-03 10:01:24', NULL),
(1081, 'Lieferung an', 'de', '2018-11-26 10:10:40', '2019-01-03 10:01:53', NULL),
(1081, 'Delivery to', 'en', '2018-11-26 10:10:40', '2018-11-26 10:10:40', NULL),
(1081, 'Livraison à', 'fr', '2019-01-03 10:01:53', '2019-01-03 10:01:53', NULL),
(1082, 'Produkt-Etiketten', 'de', '2018-11-26 10:10:40', '2019-01-03 10:02:26', NULL),
(1082, 'Product-Tags', 'en', '2018-11-26 10:10:40', '2018-11-26 10:10:40', NULL),
(1082, 'Étiquettes de produit', 'fr', '2019-01-03 10:02:26', '2019-01-03 10:02:26', NULL),
(1083, 'Produkt-Etiketten', 'de', '2018-11-26 10:10:40', '2019-01-03 10:02:47', NULL),
(1083, 'Product-Tags', 'en', '2018-11-26 10:10:40', '2018-11-26 10:10:40', NULL),
(1083, 'Étiquettes de produit', 'fr', '2019-01-03 10:02:47', '2019-01-03 10:02:47', NULL),
(1084, 'Feiertag', 'de', '2018-11-26 10:10:40', '2019-01-03 10:03:21', NULL),
(1084, 'Holiday', 'en', '2018-11-26 10:10:40', '2018-11-26 10:10:40', NULL),
(1084, 'Jour férié', 'fr', '2019-01-03 10:03:21', '2019-01-03 10:03:21', NULL),
(1085, 'Feiertag', 'de', '2018-11-26 10:10:40', '2019-01-03 10:03:37', NULL),
(1085, 'Holiday', 'en', '2018-11-26 10:10:40', '2018-11-26 10:10:40', NULL),
(1085, 'Jour férié', 'fr', '2019-01-03 10:03:37', '2019-01-03 10:03:37', NULL),
(1086, 'Feiertag', 'de', '2018-11-26 10:10:40', '2019-01-03 10:03:49', NULL),
(1086, 'Holiday', 'en', '2018-11-26 10:10:40', '2018-11-26 10:10:40', NULL),
(1086, 'Jour férié', 'fr', '2019-01-03 10:03:49', '2019-01-03 10:03:49', NULL),
(1087, 'Tage bis zur Auslieferung', 'de', '2018-11-26 10:10:40', '2019-01-03 10:05:16', NULL),
(1087, 'Days until delivered', 'en', '2018-11-26 10:10:40', '2018-11-26 10:10:40', NULL),
(1087, 'Jours jusqu\'à la livraison', 'fr', '2019-01-03 10:05:16', '2019-01-03 10:05:16', NULL),
(1088, 'Kleines Bild', 'de', '2018-11-26 10:10:40', '2018-11-26 10:10:40', NULL),
(1088, 'Small Image', 'en', '2018-11-26 10:10:40', '2018-11-26 10:10:40', NULL),
(1088, 'Petite image', 'fr', '2019-01-03 10:05:44', '2019-01-03 10:05:44', NULL),
(1089, 'Übersetzter Parameter', 'de', '2018-11-26 10:10:40', '2018-11-26 10:10:40', NULL),
(1089, 'Translated Parameter', 'en', '2018-11-26 10:10:40', '2018-11-26 10:10:40', NULL),
(1089, 'Paramètre traduit', 'fr', '2019-01-03 10:05:46', '2019-01-03 10:07:37', NULL),
(1090, 'Parameter', 'de', '2018-11-26 10:10:40', '2018-11-26 10:10:40', NULL),
(1090, 'Parameter', 'en', '2018-11-26 10:10:40', '2018-11-26 10:10:40', NULL),
(1090, 'Paramètre', 'fr', '2019-01-03 10:07:52', '2019-01-03 10:07:52', NULL),
(1091, 'Parameter-Übersetzung', 'de', '2018-11-26 10:10:40', '2018-11-26 10:10:40', NULL),
(1091, 'Parameter-Translation', 'en', '2018-11-26 10:10:40', '2018-11-26 10:10:40', NULL),
(1091, 'Paramètre-Translation', 'fr', '2019-01-03 10:08:29', '2019-01-03 10:08:29', NULL),
(1092, 'Parameter-Übersetzung', 'de', '2018-11-26 10:10:40', '2018-11-26 10:10:40', NULL),
(1092, 'Parameter-Translation', 'en', '2018-11-26 10:10:40', '2018-11-26 10:10:40', NULL),
(1092, 'Paramètre-Translation', 'fr', '2019-01-03 10:08:42', '2019-01-03 10:08:42', NULL),
(1093, 'Parameter-Übersetzungen', 'de', '2018-11-26 10:10:40', '2018-11-26 10:10:40', NULL),
(1093, 'Parameter-Translations', 'en', '2018-11-26 10:10:40', '2018-11-26 10:10:40', NULL),
(1093, 'Paramètre-Translations', 'fr', '2019-01-03 10:08:52', '2019-01-03 10:08:52', NULL),
(1094, 'Übersetzter Parameter', 'de', '2018-11-26 10:10:40', '2018-11-26 10:10:40', NULL),
(1094, 'Translated Parameter', 'en', '2018-11-26 10:10:40', '2018-11-26 10:10:40', NULL),
(1094, 'Paramètre traduit', 'fr', '2019-01-03 10:09:17', '2019-01-03 10:09:17', NULL),
(1095, 'Übersetzte Ressource', 'de', '2018-11-26 10:10:40', '2019-01-03 10:09:45', NULL),
(1095, 'Translated Resource', 'en', '2018-11-26 10:10:40', '2018-11-26 10:10:40', NULL),
(1095, 'Ressource traduite', 'fr', '2019-01-03 10:09:45', '2019-01-03 10:09:45', NULL),
(1096, 'Ressourcen-Übersetzung', 'de', '2018-11-26 10:10:40', '2019-01-03 10:11:09', NULL),
(1096, 'Resource-Translation', 'en', '2018-11-26 10:10:40', '2018-11-26 10:10:40', NULL),
(1096, 'Traduction des ressources', 'fr', '2019-01-03 10:10:12', '2019-01-03 10:10:12', NULL),
(1097, 'Ressourcen-Übersetzung', 'de', '2018-11-26 10:10:40', '2019-01-03 10:11:30', NULL),
(1097, 'Resource-Translation', 'en', '2018-11-26 10:10:40', '2018-11-26 10:10:40', NULL),
(1097, 'Traduction des ressources', 'fr', '2019-01-03 10:11:30', '2019-01-03 10:11:30', NULL),
(1098, 'Ressourcen-Übersetzungen', 'de', '2018-11-26 10:10:40', '2019-01-03 10:12:01', NULL),
(1098, 'Resource-Translations', 'en', '2018-11-26 10:10:40', '2018-11-26 10:10:40', NULL),
(1098, 'Traduction des ressources', 'fr', '2019-01-03 10:12:01', '2019-01-03 10:12:01', NULL),
(1099, 'Übersetzte Ressource', 'de', '2018-11-26 10:10:40', '2019-01-03 10:12:28', NULL),
(1099, 'Translated Resource', 'en', '2018-11-26 10:10:40', '2018-11-26 10:10:40', NULL),
(1099, 'Ressource traduite', 'fr', '2019-01-03 10:12:28', '2019-01-03 10:12:28', NULL),
(1100, 'Was sehen Sie?', 'de', '2018-11-26 10:10:40', '2018-11-26 10:10:40', NULL),
(1100, 'What do you see?', 'en', '2018-11-26 10:10:40', '2018-11-26 10:10:40', NULL),
(1100, 'Qu\'est-ce que vous voyez ?', 'fr', '2019-01-03 10:12:57', '2019-01-03 10:12:57', NULL),
(1101, 'Im Lager', 'de', '2018-11-26 10:10:40', '2018-11-26 10:10:40', NULL),
(1101, 'In Stock', 'en', '2018-11-26 10:10:40', '2018-11-26 10:10:40', NULL),
(1101, 'En stock', 'fr', '2019-01-03 10:13:10', '2019-01-03 10:13:10', NULL),
(1102, 'Lagerbestand mit eingehender Bestellung nicht ändern.', 'de', '2018-11-26 10:10:40', '2018-11-26 10:10:40', NULL),
(1102, 'Do not change stock on placed order.', 'en', '2018-11-26 10:10:40', '2018-11-26 10:10:40', NULL),
(1102, 'Ne pas modifier le stock à la commande passée.', 'fr', '2019-01-03 10:13:43', '2019-01-03 10:13:43', NULL),
(1103, 'Produktinformations-Seiten', 'de', '2018-11-26 10:10:40', '2018-11-26 10:10:40', NULL),
(1103, 'Product-Information Pages', 'en', '2018-11-26 10:10:40', '2018-11-26 10:10:40', NULL),
(1103, 'Pages d\'information sur les produits', 'fr', '2019-01-03 10:14:17', '2019-01-03 10:14:17', NULL),
(1104, 'CSS Hintergrund-Anhang', 'de', '2018-11-26 10:10:40', '2019-01-03 10:15:03', NULL),
(1104, 'CSS background-attachment', 'en', '2018-11-26 10:10:40', '2018-11-26 10:10:40', NULL),
(1104, 'Pièce jointe au fond CSS', 'fr', '2019-01-03 10:15:03', '2019-01-03 10:15:03', NULL),
(1105, 'CSS Hintergrund-Grösse', 'de', '2018-11-26 10:10:40', '2019-01-03 10:15:51', NULL),
(1105, 'CSS background-size', 'en', '2018-11-26 10:10:40', '2018-11-26 10:10:40', NULL);
INSERT INTO `translator_translation` (`id`, `text`, `lang`, `created_at`, `updated_at`, `deleted_at`) VALUES
(1105, 'Taille du fond CSS', 'fr', '2019-01-03 10:15:51', '2019-01-03 10:15:51', NULL),
(1106, 'Detail', 'de', '2018-11-26 10:10:40', '2018-11-26 10:10:40', NULL),
(1106, 'Detail', 'en', '2018-11-26 10:10:40', '2018-11-26 10:10:40', NULL),
(1106, 'Détail', 'fr', '2019-01-03 10:16:00', '2019-01-03 10:16:00', NULL),
(1107, 'Mehr erfahren ', 'de', '2018-11-26 10:10:40', '2019-01-03 10:16:33', NULL),
(1107, 'Read more', 'en', '2018-11-26 10:10:40', '2018-11-26 10:10:40', NULL),
(1107, 'En savoir plus...', 'fr', '2019-01-03 10:16:33', '2019-01-03 10:16:33', NULL),
(1108, 'Warenkorb', 'de', '2018-11-26 10:10:40', '2018-11-26 10:10:40', NULL),
(1108, 'Cart', 'en', '2018-11-26 10:10:40', '2018-11-26 10:10:40', NULL),
(1108, 'Panier', 'fr', '2019-01-03 10:16:42', '2019-01-03 10:16:42', NULL),
(1109, 'Home', 'de', '2018-11-26 10:10:40', '2018-11-26 10:10:40', NULL),
(1109, 'Home', 'en', '2018-11-26 10:10:40', '2018-11-26 10:10:40', NULL),
(1109, 'Acceuil', 'fr', '2018-12-31 17:48:09', '2019-01-03 10:17:12', NULL),
(1110, 'Willkommen in unserem Shop', 'de', '2018-11-26 10:10:40', '2018-11-26 10:10:40', NULL),
(1110, 'Welcome in our shop', 'en', '2018-11-26 10:10:40', '2018-11-26 10:10:40', NULL),
(1110, 'Bienvenue dans notre boutique', 'fr', '2019-01-03 10:17:34', '2019-01-03 10:17:34', NULL),
(1111, 'Kategorien', 'de', '2018-11-26 10:10:40', '2018-11-26 10:10:40', NULL),
(1111, 'Categories', 'en', '2018-11-26 10:10:40', '2018-11-26 10:10:40', NULL),
(1111, 'Catégories', 'fr', '2019-01-03 10:17:57', '2019-01-03 10:17:57', NULL),
(1112, 'Service Hotline', 'de', '2018-11-26 10:10:40', '2018-11-26 10:10:40', NULL),
(1112, 'Service Hotline', 'en', '2018-11-26 10:10:40', '2018-11-26 10:10:40', NULL),
(1112, 'Service Hotline', 'fr', '2019-01-03 15:51:18', '2019-01-03 15:51:18', NULL),
(1113, 'Telefonische Unterstützung und Beratung unter:', 'de', '2018-11-26 10:10:40', '2018-11-26 10:10:40', NULL),
(1113, 'Telephone assistance and inquiries:', 'en', '2018-11-26 10:10:40', '2018-11-26 10:10:40', NULL),
(1113, 'Assistance téléphonique et demandes de renseignements:', 'fr', '2019-01-03 15:52:00', '2019-01-03 15:52:00', NULL),
(1114, 'Shop Service', 'de', '2018-11-26 10:10:40', '2018-11-26 10:10:40', NULL),
(1114, 'Shop Service', 'en', '2018-11-26 10:10:40', '2018-11-26 10:10:40', NULL),
(1114, 'Service de la boutique', 'fr', '2019-01-03 15:52:23', '2019-01-03 15:52:23', NULL),
(1115, 'Versand und Zahlungsbedingungen', 'de', '2018-11-26 10:10:40', '2018-11-26 10:10:40', NULL),
(1115, 'Shipping and payment', 'en', '2018-11-26 10:10:40', '2018-11-26 10:10:40', NULL),
(1115, 'Livraison et paiement', 'fr', '2019-01-03 15:52:52', '2019-01-03 15:52:52', NULL),
(1116, 'Information', 'de', '2018-11-26 10:10:40', '2018-11-26 10:10:40', NULL),
(1116, 'Information', 'en', '2018-11-26 10:10:40', '2018-11-26 10:10:40', NULL),
(1116, 'Information', 'fr', '2019-01-03 15:53:01', '2019-01-03 15:53:01', NULL),
(1117, 'Melden Sie sich an, wenn Sie über die neuesten Waren, Angebote und Aktionen informiert werden möchten.', 'de', '2018-11-26 10:10:40', '2018-11-26 10:10:40', NULL),
(1117, 'Sign in if you want to be informed on the latest products, offers and promotions.', 'en', '2018-11-26 10:10:40', '2018-11-26 10:10:40', NULL),
(1117, 'Inscrivez-vous si vous voulez être informé des derniers produits, offres et promotions.', 'fr', '2019-01-03 15:53:25', '2019-01-03 15:53:25', NULL),
(1118, 'Datenschutzhinweise', 'de', '2018-11-26 10:10:40', '2019-01-03 15:53:58', NULL),
(1118, 'Privacy Policy', 'en', '2018-11-26 10:10:40', '2018-11-26 10:10:40', NULL),
(1118, 'Politique de confidentialité', 'fr', '2018-12-31 17:48:10', '2019-01-03 15:53:58', NULL),
(1119, 'Widerrufsbelehrung', 'de', '2018-11-26 10:10:40', '2018-11-26 10:10:40', NULL),
(1119, 'Revocation instruction', 'en', '2018-11-26 10:10:40', '2018-11-26 10:10:40', NULL),
(1119, 'Instruction de révocation', 'fr', '2019-01-03 15:54:54', '2019-01-03 15:54:54', NULL),
(1120, 'Richtlinie akzeptieren', 'de', '2018-11-26 10:10:40', '2018-11-26 10:10:40', NULL),
(1120, 'Accept policy', 'en', '2018-11-26 10:10:40', '2018-11-26 10:10:40', NULL),
(1120, 'Accepter la politique', 'fr', '2019-01-03 15:55:35', '2019-01-03 15:55:35', NULL),
(1121, 'Zahlungspflichtig bestellen', 'de', '2018-11-26 10:10:40', '2018-11-26 10:10:40', NULL),
(1121, 'Order with obligation to pay', 'en', '2018-11-26 10:10:40', '2018-11-26 10:10:40', NULL),
(1121, 'Commande avec obligation de paiement', 'fr', '2019-01-03 15:57:52', '2019-01-03 15:57:52', NULL),
(1122, 'Zurück zum Gutschein', 'de', '2018-11-26 10:10:40', '2018-11-26 10:10:40', NULL),
(1122, 'Back to coupon', 'en', '2018-11-26 10:10:40', '2018-11-26 10:10:40', NULL),
(1122, 'Retour au coupon', 'fr', '2019-01-03 15:58:13', '2019-01-03 15:58:13', NULL),
(1123, 'Bitte wählen Sie eine Zahlungsmethode aus.', 'de', '2018-11-26 10:10:40', '2018-11-26 10:10:40', NULL),
(1123, 'Select a payment method, please.', 'en', '2018-11-26 10:10:40', '2018-11-26 10:10:40', NULL),
(1123, 'Sélectionnez un mode de paiement, s\'il vous plaît.', 'fr', '2019-01-03 15:58:39', '2019-01-03 15:58:39', NULL),
(1124, 'Bestellung bestätigen', 'de', '2018-11-26 10:10:40', '2019-01-03 15:59:33', NULL),
(1124, 'Confirm order', 'en', '2018-11-26 10:10:40', '2018-11-26 10:10:40', NULL),
(1124, 'Confirmer la commande', 'fr', '2019-01-03 15:59:33', '2019-01-03 15:59:33', NULL),
(1125, 'Informationen des Anbieters', 'de', '2018-11-26 10:10:40', '2019-01-03 16:00:45', NULL),
(1125, 'Information of the provider', 'en', '2018-11-26 10:10:40', '2018-11-26 10:10:40', NULL),
(1125, 'Information du fournisseur', 'fr', '2019-01-03 16:00:45', '2019-01-03 16:00:45', NULL),
(1126, 'Allgemeine Geschäftsbedingungen', 'de', '2018-11-26 10:10:40', '2018-11-26 10:10:40', NULL),
(1126, 'Terms and conditions', 'en', '2018-11-26 10:10:40', '2018-11-26 10:10:40', NULL),
(1126, 'Termes et conditions', 'fr', '2019-01-03 16:01:14', '2019-01-03 16:01:14', NULL),
(1127, 'Datenschutzerklärung', 'de', '2018-11-26 10:10:40', '2018-11-26 10:10:40', NULL),
(1127, 'Privacy policy', 'en', '2018-11-26 10:10:40', '2018-11-26 10:10:40', NULL),
(1127, 'Politique de confidentialité', 'fr', '2019-01-03 16:01:43', '2019-01-03 16:01:43', NULL),
(1128, 'Datenschutzerklärung', 'de', '2018-11-26 10:10:40', '2018-11-26 10:10:40', NULL),
(1128, 'privacy policy', 'en', '2018-11-26 10:10:40', '2018-11-26 10:10:40', NULL),
(1128, 'Politique de confidentialité', 'fr', '2019-01-03 16:01:57', '2019-01-03 16:01:57', NULL),
(1129, 'Ich bin über die %1s informiert und erkenne diese an.', 'de', '2018-11-26 10:10:40', '2018-11-26 10:10:40', NULL),
(1129, 'I am aware of the %1s and accept them.', 'en', '2018-11-26 10:10:40', '2018-11-26 10:10:40', NULL),
(1129, 'Je suis au courant des %1s et je les accepte.', 'fr', '2019-01-03 16:02:32', '2019-01-03 16:02:32', NULL),
(1130, 'Bitte bestätigen Sie, dass Sie über die Datenschutzerklärung informiert sind und diese anerkennen.', 'de', '2018-11-26 10:10:40', '2018-11-26 10:10:40', NULL),
(1130, 'Please confirm that you are aware of the privacy statements and such parties.', 'en', '2018-11-26 10:10:40', '2018-11-26 10:10:40', NULL),
(1130, 'Veuillez confirmer que vous connaissez et acceptez la Politique de confidentialité.', 'fr', '2019-01-03 16:04:24', '2019-01-03 16:04:24', NULL),
(1131, 'Weiter zum Überblick Ihrer Bestellung', 'de', '2018-11-26 10:10:40', '2018-11-26 10:10:40', NULL),
(1131, 'Continue to overview of your order', 'en', '2018-11-26 10:10:40', '2018-11-26 10:10:40', NULL),
(1131, 'Continuer vers l\'aperçu de votre commande', 'fr', '2019-01-03 16:05:05', '2019-01-03 16:05:05', NULL),
(1132, 'Bezahlung vornehmen', 'de', '2018-11-26 10:10:40', '2018-11-26 10:10:40', NULL),
(1132, 'Make payment', 'en', '2018-11-26 10:10:40', '2018-11-26 10:10:40', NULL),
(1132, 'Effectuer le paiement', 'fr', '2019-01-03 16:05:47', '2019-01-03 16:05:47', NULL),
(1133, 'Um Ihren Einkauf abzuschliessen, sollten Sie jetzt bezahlen', 'de', '2018-11-26 10:10:40', '2019-01-03 16:06:23', NULL),
(1133, 'To complete your purchase, you should pay now', 'en', '2018-11-26 10:10:40', '2018-11-26 10:10:40', NULL),
(1133, 'Pour finaliser votre achat, vous devez payer maintenant', 'fr', '2019-01-03 16:06:23', '2019-01-03 16:06:23', NULL),
(1134, 'Benutzerkonto', 'de', '2018-11-26 10:10:40', '2018-11-26 10:10:40', NULL),
(1134, 'user account', 'en', '2018-11-26 10:10:40', '2018-11-26 10:10:40', NULL),
(1134, 'Compte utilisateur', 'fr', '2019-01-03 16:06:36', '2019-01-03 16:07:51', NULL),
(1135, 'Vielen Dank für Ihre Bestellung!', 'de', '2018-11-26 10:10:40', '2018-11-26 10:10:40', NULL),
(1135, 'Thank you for your order!', 'en', '2018-11-26 10:10:40', '2018-11-26 10:10:40', NULL),
(1135, 'Merci pour votre commande!', 'fr', '2019-01-03 16:07:04', '2019-01-03 16:07:04', NULL),
(1136, 'Grundpreis ist %1s %2s / %3s', 'de', '2018-11-26 10:10:40', '2018-11-26 10:10:40', NULL),
(1136, 'Base price is %1s %2s / %3s', 'en', '2018-11-26 10:10:40', '2018-11-26 10:10:40', NULL),
(1136, 'Prix de base est %1s %2s / %3s', 'fr', '2019-01-03 16:07:08', '2019-01-03 16:08:25', NULL),
(1137, 'Produkt Information', 'de', '2018-11-26 10:10:40', '2018-11-26 10:10:40', NULL),
(1137, 'Product information', 'en', '2018-11-26 10:10:40', '2018-11-26 10:10:40', NULL),
(1137, 'Information du produit', 'fr', '2019-01-03 16:08:40', '2019-01-03 16:08:40', NULL),
(1138, 'Leider ergab die Suche keine Treffer.', 'de', '2018-11-26 10:10:40', '2018-11-26 10:10:40', NULL),
(1138, 'Sorry, the search returned no results.', 'en', '2018-11-26 10:10:40', '2018-11-26 10:10:40', NULL),
(1138, 'Désolé, la recherche n\'a donné aucun résultat.', 'fr', '2019-01-03 16:09:00', '2019-01-03 16:09:00', NULL),
(1139, 'Ihre Bewertung \"%1s\" für \"%2s\" wurde gespeichert. Danke für Ihre Bewertung.', 'de', '2018-11-26 10:10:40', '2018-11-26 10:10:40', NULL),
(1139, 'Your rating \"%1s\" for \"%2s\" has been saved. Thank you for your rating.', 'en', '2018-11-26 10:10:40', '2018-11-26 10:10:40', NULL),
(1139, 'Votre note \"%1s\" pour \"%2s\" a été enregistrée. Merci pour votre évaluation.', 'fr', '2019-01-03 16:09:31', '2019-01-03 16:09:31', NULL),
(1140, 'Weitere Kategorien', 'de', '2018-11-26 10:10:40', '2018-11-26 10:10:40', NULL),
(1140, 'Other Categories', 'en', '2018-11-26 10:10:40', '2018-11-26 10:10:40', NULL),
(1140, 'Autres catégories', 'fr', '2019-01-03 16:09:46', '2019-01-03 16:09:46', NULL),
(1141, 'Zur Kategorie', 'de', '2018-11-26 10:10:40', '2018-11-26 10:10:40', NULL),
(1141, 'To the Category', 'en', '2018-11-26 10:10:40', '2018-11-26 10:10:40', NULL),
(1141, 'Vers la catégorie', 'fr', '2019-01-03 16:10:16', '2019-01-03 16:10:16', NULL),
(1142, 'Bezahlen', 'de', '2018-11-26 10:10:40', '2018-11-26 10:10:40', NULL),
(1142, 'Pay', 'en', '2018-11-26 10:10:40', '2018-11-26 10:10:40', NULL),
(1142, 'Payer', 'fr', '2019-01-03 16:10:26', '2019-01-03 16:10:26', NULL),
(1143, 'Vielen Dank für Ihre Bestellung!', 'de', '2018-11-26 10:10:40', '2018-11-26 10:10:40', NULL),
(1143, 'Thank you for your order!', 'en', '2018-11-26 10:10:40', '2018-11-26 10:10:40', NULL),
(1143, 'Merci pour votre commande!', 'fr', '2019-01-03 16:10:53', '2019-01-03 16:10:53', NULL),
(1144, 'Profil', 'de', '2018-11-26 10:10:40', '2018-11-26 10:10:40', NULL),
(1144, 'Profile', 'en', '2018-11-26 10:10:40', '2018-11-26 10:10:40', NULL),
(1144, 'Profil', 'fr', '2019-01-03 16:11:14', '2019-01-03 16:11:14', NULL),
(1145, 'Datum', 'de', '2018-11-26 10:10:40', '2018-11-26 10:10:40', NULL),
(1145, 'Date', 'en', '2018-11-26 10:10:40', '2018-11-26 10:10:40', NULL),
(1145, 'Date', 'fr', '2019-01-03 16:11:21', '2019-01-03 16:11:21', NULL),
(1146, 'Jetzt Bezahlen', 'de', '2018-11-26 10:10:40', '2018-11-26 10:10:40', NULL),
(1146, 'Pay Now', 'en', '2018-11-26 10:10:40', '2018-11-26 10:10:40', NULL),
(1146, 'Payer maintenant', 'fr', '2019-01-03 16:11:38', '2019-01-03 16:11:38', NULL),
(1147, 'In den Warenkorb hinzufügen', 'de', '2018-11-26 10:10:40', '2018-11-26 10:10:40', NULL),
(1147, 'Add to cart', 'en', '2018-11-26 10:10:40', '2018-11-26 10:10:40', NULL),
(1147, 'Ajouter au panier', 'fr', '2019-01-03 16:12:06', '2019-01-03 16:12:06', NULL),
(1148, 'Nochmal bestellen', 'de', '2018-11-26 10:10:40', '2018-11-26 10:10:40', NULL),
(1148, 'Order again', 'en', '2018-11-26 10:10:40', '2018-11-26 10:10:40', NULL),
(1148, 'Commander à nouveau', 'fr', '2019-01-03 16:12:35', '2019-01-03 16:12:35', NULL),
(1149, 'Ansehen', 'de', '2018-11-26 10:10:40', '2018-11-26 10:10:40', NULL),
(1149, 'Show', 'en', '2018-11-26 10:10:40', '2018-11-26 10:10:40', NULL),
(1149, 'Afficher', 'fr', '2019-01-03 16:13:09', '2019-01-03 16:13:09', NULL),
(1150, 'Bestellung ist akzeptiert', 'de', '2018-11-26 10:10:40', '2019-01-03 16:13:57', NULL),
(1150, 'Order is accepted', 'en', '2018-11-26 10:10:40', '2018-11-26 10:10:40', NULL),
(1150, 'La commande est acceptée', 'fr', '2019-01-03 16:13:57', '2019-01-03 16:13:57', NULL),
(1151, 'Die Summe versteht sich inkl. Mehrwertsteuer und eventueller Versandkosten.', 'de', '2018-11-26 10:10:40', '2019-01-03 16:14:56', NULL),
(1151, 'The sum is to be understood incl. VAT and any delivery costs.', 'en', '2018-11-26 10:10:40', '2018-11-26 10:10:40', NULL),
(1151, 'Le montant s\'entend TVA et frais de livraison éventuels inclus.', 'fr', '2019-01-03 16:14:56', '2019-01-03 16:14:56', NULL),
(1152, 'Nach dem Speichervorgang zu diesem Formular zurück umleiten.', 'de', '2018-11-26 10:10:40', '2018-11-26 10:10:40', NULL),
(1152, 'Redirect back to that form after saveing.', 'en', '2018-11-26 10:10:40', '2018-11-26 10:10:40', NULL),
(1152, 'Rediriger vers ce formulaire après l\'enregistrement.', 'fr', '2019-01-03 16:15:47', '2019-01-03 16:15:47', NULL),
(1153, 'Hochladen', 'de', '2018-11-26 10:10:40', '2018-11-26 10:10:40', NULL),
(1153, 'Upload', 'en', '2018-11-26 10:10:40', '2018-11-26 10:10:40', NULL),
(1153, 'Télécharger', 'fr', '2019-01-03 16:16:00', '2019-01-03 16:16:00', NULL),
(1154, 'Hochladen & Installieren', 'de', '2018-11-26 10:10:40', '2018-11-26 10:10:40', NULL),
(1154, 'Upload & Install', 'en', '2018-11-26 10:10:40', '2018-11-26 10:10:40', NULL),
(1154, 'Télécharger et installer', 'fr', '2019-01-03 16:16:19', '2019-01-03 16:16:19', NULL),
(1155, 'Warten', 'de', '2018-11-26 10:10:40', '2018-11-26 10:10:40', NULL),
(1155, 'Wait', 'en', '2018-11-26 10:10:40', '2018-11-26 10:10:40', NULL),
(1155, 'Attendez', 'fr', '2019-01-03 16:16:30', '2019-01-03 16:16:30', NULL),
(1156, 'Bitte warten. Dies dauert eine Weile.', 'de', '2018-11-26 10:10:40', '2018-11-26 10:10:40', NULL),
(1156, 'Please wait. This takes a little while.', 'en', '2018-11-26 10:10:40', '2018-11-26 10:10:40', NULL),
(1156, 'S\'il vous plaît, attendez. Cela prend un peu de temps.', 'fr', '2019-01-03 16:16:56', '2019-01-03 16:16:56', NULL),
(1157, 'Leider sind nur Buchstaben (a-z) und Zahlen (0-9) erlaubt.', 'de', '2018-11-26 10:10:40', '2018-11-26 10:10:40', NULL),
(1157, 'Sorry, only letters (a-z) and numbers (0-9) are allowed.', 'en', '2018-11-26 10:10:40', '2018-11-26 10:10:40', NULL),
(1157, 'Désolé, seules les lettres (a-z) et les chiffres (0-9) sont autorisés.', 'fr', '2019-01-03 16:17:25', '2019-01-03 16:17:25', NULL),
(1158, 'Leider sind nur Buchstaben (a-z, A-Z and ä, Ä, ö, Ö, ü, Ü, é, É, è, È, ê, Ê, í, Í, ì, Ì, î, Î, ñ, Ñ, ó, Ó, ò, Ò, ô, Ô, ß, ú, Ù, ù, Ù, û, Û), Zahlen (0-9), Zeichen (-, _, \') und Leerzeichen in Kombination mit Wörtern erlaubt.', 'de', '2018-11-26 10:10:40', '2018-11-26 10:10:40', NULL),
(1158, 'Sorry, only letters (a-z, A-Z and ä, Ä, ö, Ö, ü, Ü, é, É, è, È, ê, Ê, í, Í, ì, Ì, î, Î, ñ, Ñ, ó, Ó, ò, Ò, ô, Ô, ß, ú, Ù, ù, Ù, û, Û), numbers (0-9), signs (-, _, \') and whitespaces in combination with words are allowed.', 'en', '2018-11-26 10:10:40', '2018-11-26 10:10:40', NULL),
(1158, 'Désolé, seulement les lettres (a-z, A-Z et ä, Ä, ö, Ö, ü, Ü, é, É, è, è, È, ê, Ê, Ê, í, Í, ì, ì, Ì, î, Î, ñ, Ñ, ó, Ó, ò, Ò, ô, Ô, ß, ú, Ù, Ù, ù, ù, Ù, û, Û), les nombres (0-9), les signes (-, _, \') et les espaces en combinaison avec des mots sont autorisés.', 'fr', '2019-01-03 16:18:09', '2019-01-03 16:18:09', NULL),
(1159, 'Unterordner müssen zuerst gelöscht werden.', 'de', '2018-11-26 10:10:40', '2018-11-26 10:10:40', NULL),
(1159, 'Subdirectories have to be deleted first.', 'en', '2018-11-26 10:10:40', '2018-11-26 10:10:40', NULL),
(1159, 'Les sous-répertoires doivent d\'abord être supprimés.', 'fr', '2019-01-03 16:18:51', '2019-01-03 16:18:51', NULL),
(1160, 'Ersetzen', 'de', '2018-11-26 10:10:40', '2018-11-26 10:10:40', NULL),
(1160, 'Replace', 'en', '2018-11-26 10:10:40', '2018-11-26 10:10:40', NULL),
(1160, 'Remplacer', 'fr', '2019-01-03 16:19:09', '2019-01-03 16:19:09', NULL),
(1161, 'Fix Medien', 'de', '2018-11-26 10:10:40', '2018-11-26 10:10:40', NULL),
(1161, 'Fix Medias', 'en', '2018-11-26 10:10:40', '2018-11-26 10:10:40', NULL),
(1161, 'FixMédias', 'fr', '2019-01-03 16:19:31', '2019-01-03 16:19:31', NULL),
(1162, 'Alle Löschen', 'de', '2018-11-26 10:10:40', '2018-11-26 10:10:40', NULL),
(1162, 'Delete All', 'en', '2018-11-26 10:10:40', '2018-11-26 10:10:40', NULL),
(1162, 'Supprimer tout', 'fr', '2019-01-03 16:19:58', '2019-01-03 16:19:58', NULL),
(1163, 'Kanonisch', 'de', '2018-11-26 10:10:40', '2019-01-03 16:20:51', NULL),
(1163, 'Canonical', 'en', '2018-11-26 10:10:40', '2018-11-26 10:10:40', NULL),
(1163, 'Canonique', 'fr', '2019-01-03 16:20:51', '2019-01-03 16:20:51', NULL),
(1164, 'Kanonisch für die Sprache', 'de', '2018-11-26 10:10:40', '2019-01-03 16:21:45', NULL),
(1164, 'Canonical for Language', 'en', '2018-11-26 10:10:40', '2018-11-26 10:10:40', NULL),
(1164, 'Canonique pour la langue', 'fr', '2019-01-03 16:21:45', '2019-01-03 16:21:45', NULL),
(1165, 'Material', 'de', '2018-11-26 10:10:40', '2018-11-26 10:10:40', NULL),
(1165, 'Material', 'en', '2018-11-26 10:10:40', '2018-11-26 10:10:40', NULL),
(1165, 'Matériel', 'fr', '2019-01-03 16:22:07', '2019-01-03 16:22:07', NULL),
(1166, 'Bitte verwenden Sie als Referenz \"%s\".', 'de', '2018-11-26 10:10:40', '2019-01-03 16:23:04', NULL),
(1166, 'Please use \"%s\" as reference.', 'en', '2018-11-26 10:10:40', '2018-11-26 10:10:40', NULL),
(1166, 'Veuillez utiliser \"%s\" comme référence.', 'fr', '2019-01-03 16:23:04', '2019-01-03 16:23:04', NULL),
(1167, 'Grundkonfiguration', 'de', '2018-11-26 10:10:40', '2018-11-26 10:10:40', NULL),
(1167, 'Basic Configuration', 'en', '2018-11-26 10:10:40', '2018-11-26 10:10:40', NULL),
(1167, 'Configuration de base', 'fr', '2019-01-03 16:23:16', '2019-01-03 16:23:16', NULL),
(1168, 'Plugins', 'de', '2018-11-26 10:10:40', '2018-11-26 10:10:40', NULL),
(1168, 'Plugins', 'en', '2018-11-26 10:10:40', '2018-11-26 10:10:40', NULL),
(1168, 'Plugins', 'fr', '2019-01-03 16:23:45', '2019-01-03 16:23:45', NULL),
(1169, 'Plugin', 'de', '2018-11-26 10:10:40', '2018-11-26 10:10:40', NULL),
(1169, 'Plugin', 'en', '2018-11-26 10:10:40', '2018-11-26 10:10:40', NULL),
(1169, 'Plugin', 'fr', '2019-01-03 16:23:59', '2019-01-03 16:23:59', NULL),
(1170, 'Plugin installieren', 'de', '2018-11-26 10:10:40', '2018-11-26 10:10:40', NULL),
(1170, 'Install Plugin', 'en', '2018-11-26 10:10:40', '2018-11-26 10:10:40', NULL),
(1170, 'Installer le plugin', 'fr', '2019-01-03 16:24:21', '2019-01-03 16:24:21', NULL),
(1171, 'Plugin ist fehlerhaft.', 'de', '2018-11-26 10:10:40', '2018-11-26 10:10:40', NULL),
(1171, 'Plugin is faulty.', 'en', '2018-11-26 10:10:40', '2018-11-26 10:10:40', NULL),
(1171, 'Le plugin est défectueux.', 'fr', '2019-01-03 16:43:29', '2019-01-03 16:43:29', NULL),
(1172, 'Version', 'de', '2018-11-26 10:10:40', '2018-11-26 10:10:40', NULL),
(1172, 'Version', 'en', '2018-11-26 10:10:40', '2018-11-26 10:10:40', NULL),
(1172, 'Version', 'fr', '2019-01-03 16:43:55', '2019-01-03 16:43:55', NULL),
(1173, 'Robots', 'de', '2018-11-26 10:10:40', '2018-11-26 10:10:40', NULL),
(1173, 'Robots', 'en', '2018-11-26 10:10:40', '2018-11-26 10:10:40', NULL),
(1173, 'Robots', 'fr', '2019-01-03 16:44:16', '2019-01-03 16:44:16', NULL),
(1174, 'SiteRights-Parameter \"%1s\" noch nicht gesetzt.', 'de', '2018-11-26 10:10:40', '2018-11-26 10:10:40', NULL),
(1174, 'SiteRights-Parameter \"%1s\" not yet set.', 'en', '2018-11-26 10:10:40', '2018-11-26 10:10:40', NULL),
(1174, 'SiteRights-Paramètre \"%1s\" pas encore réglé.', 'fr', '2019-01-03 16:44:44', '2019-01-03 16:44:44', NULL),
(1175, 'SiteRights', 'de', '2018-11-26 10:10:40', '2018-11-26 10:10:40', NULL),
(1175, 'SiteRights', 'en', '2018-11-26 10:10:40', '2018-11-26 10:10:40', NULL),
(1175, 'SiteRights', 'fr', '2019-01-03 16:44:55', '2019-01-03 16:44:55', NULL),
(1176, 'E-Mail - Text (plain)', 'de', '2018-11-26 10:10:40', '2018-11-26 10:10:40', NULL),
(1176, 'E-mail - Text (plain)', 'en', '2018-11-26 10:10:40', '2018-11-26 10:10:40', NULL),
(1176, 'E-mail - Texte (en clair)', 'fr', '2019-01-03 16:45:21', '2019-01-03 16:45:21', NULL),
(1177, 'E-Mail - Text (HTML)', 'de', '2018-11-26 10:10:40', '2018-11-26 10:10:40', NULL),
(1177, 'E-mail - Text (HTML)', 'en', '2018-11-26 10:10:40', '2018-11-26 10:10:40', NULL),
(1177, 'E-mail - Texte (HTML)', 'fr', '2019-01-03 16:45:45', '2019-01-03 16:45:45', NULL),
(1178, 'Webseiten - Text (HTML)', 'de', '2018-11-26 10:10:40', '2018-11-26 10:10:40', NULL),
(1178, 'Website - Text (HTML)', 'en', '2018-11-26 10:10:40', '2018-11-26 10:10:40', NULL),
(1178, 'Site Internet - Texte (HTML)', 'fr', '2019-01-03 16:46:18', '2019-01-03 16:46:18', NULL),
(1179, 'Roboterprüfung fehlgeschlagen, bitte versuchen Sie es erneut.', 'de', '2018-11-26 10:10:40', '2018-11-26 10:10:40', NULL),
(1179, 'Robot verification failed, please try again.', 'en', '2018-11-26 10:10:40', '2018-11-26 10:10:40', NULL),
(1179, 'La vérification du robot a échoué, veuillez réessayer.', 'fr', '2019-01-03 16:46:42', '2019-01-03 16:46:42', NULL),
(1180, 'Bitte klicken Sie auf die reCAPTCHA Box.', 'de', '2018-11-26 10:10:40', '2018-11-26 10:10:40', NULL),
(1180, 'Please click on the reCAPTCHA box.', 'en', '2018-11-26 10:10:40', '2018-11-26 10:10:40', NULL),
(1180, 'Veuillez cliquer sur la case reCAPTCHA.', 'fr', '2019-01-03 16:47:14', '2019-01-03 16:47:14', NULL),
(1181, 'Termine', 'de', '2018-11-26 10:10:46', '2018-11-26 10:10:46', NULL),
(1181, 'Dates and Events', 'en', '2018-11-26 10:10:46', '2019-01-03 16:48:22', NULL),
(1181, 'Dates et événements', 'fr', '2018-12-31 17:48:09', '2019-01-03 16:48:22', NULL),
(1182, 'Region', 'de', '2018-11-26 10:10:46', '2019-01-25 14:32:24', NULL),
(1182, 'Sales Statistics', 'en', '2018-11-26 10:10:46', '2019-01-03 16:51:22', NULL),
(1182, 'Région', 'fr', '2018-12-31 17:48:09', '2019-01-25 14:32:24', NULL),
(1183, 'Kommissionen', 'de', '2018-11-26 10:10:46', '2018-11-26 10:10:46', NULL),
(1183, 'Commissions', 'en', '2018-11-26 10:10:46', '2019-01-03 16:50:09', NULL),
(1183, 'Commissions', 'fr', '2018-12-31 17:48:09', '2019-01-03 16:50:09', NULL),
(1184, 'Adressverwaltung', 'de', '2018-11-26 10:10:46', '2018-11-26 10:10:46', NULL),
(1184, 'Address administration', 'en', '2018-11-26 10:10:46', '2019-01-03 16:56:18', NULL),
(1184, 'Gestion des adresses', 'fr', '2019-01-03 16:50:11', '2019-01-03 16:56:18', NULL),
(1185, 'Archiv', 'de', '2018-11-26 10:10:46', '2018-11-26 10:10:46', NULL),
(1185, 'Archive', 'en', '2018-11-26 10:10:46', '2019-01-03 16:58:00', NULL),
(1185, 'Archives', 'fr', '2018-12-31 17:48:08', '2019-01-03 16:58:00', NULL),
(1186, 'Footer-Text', 'de', '2018-11-26 10:10:46', '2018-11-26 10:10:46', NULL),
(1186, 'Footer-Text', 'en', '2018-11-26 10:10:46', '2019-01-03 16:58:56', NULL),
(1186, 'Pied de page', 'fr', '2018-12-31 17:48:10', '2019-01-03 16:58:56', NULL),
(1187, 'Verband Schweizer Opel Händler. All Rights Reserved', 'de', '2018-11-26 10:10:46', '2019-01-03 16:59:39', NULL),
(1187, 'Verband Schweizer Opel Händler. All Rights Reserved', 'en', '2018-11-26 10:10:46', '2019-01-03 16:59:39', NULL),
(1187, 'Verband Schweizer Opel Händler. All Rights Reserved', 'fr', '2018-12-31 17:48:10', '2019-01-03 16:59:39', NULL),
(1188, 'Top', 'de', '2018-11-26 10:10:46', '2018-11-26 10:10:46', NULL),
(1188, 'Top', 'en', '2018-11-26 10:10:46', '2019-01-03 16:59:50', NULL),
(1188, 'Top', 'fr', '2018-12-31 17:48:10', '2019-01-03 16:59:50', NULL),
(1189, 'Suchen', 'de', '2018-11-26 10:10:47', '2018-11-26 10:10:47', NULL),
(1189, 'Search', 'en', '2018-11-26 10:10:47', '2019-01-03 17:00:23', NULL),
(1189, 'Recherche', 'fr', '2018-12-31 17:48:11', '2019-01-03 17:00:23', NULL),
(1190, 'Links', 'de', '2018-11-26 10:10:47', '2018-11-26 10:10:47', NULL),
(1190, 'Links', 'en', '2018-11-26 10:10:47', '2019-01-03 17:00:36', NULL),
(1190, 'Liens', 'fr', '2018-12-31 17:48:11', '2019-01-03 17:00:36', NULL),
(1191, 'Mitgliedschaft', 'de', '2018-11-26 10:40:02', '2018-11-26 10:40:02', NULL),
(1191, 'Membership', 'en', '2018-11-26 10:40:02', '2019-01-03 17:10:48', NULL),
(1191, 'Devenir membre', 'fr', '2018-12-31 17:48:09', '2019-01-22 13:48:02', NULL),
(1192, 'Statuten', 'de', '2018-11-26 10:40:02', '2019-01-22 13:48:55', NULL),
(1192, 'Partner', 'en', '2018-11-26 10:40:02', '2019-01-03 17:11:04', NULL),
(1192, 'Statuts', 'fr', '2018-12-31 17:48:09', '2019-01-22 13:48:55', NULL),
(1193, 'Kanonische Sprache', 'de', '2018-11-30 13:20:41', '2019-01-03 17:12:32', NULL),
(1193, 'Canonical lang', 'en', '2018-11-30 13:20:41', '2018-11-30 13:20:41', NULL),
(1193, 'Langue canonique', 'fr', '2019-01-03 17:12:32', '2019-01-03 17:12:32', NULL),
(1194, 'Kein Protokoll verfügbar.', 'de', '2018-11-30 13:23:58', '2018-11-30 13:23:58', NULL),
(1194, 'No protocol available.', 'en', '2018-11-30 13:23:58', '2019-01-03 17:13:21', NULL),
(1194, 'Aucun protocole disponible.', 'fr', '2019-01-03 17:13:21', '2019-01-03 17:13:21', NULL),
(1195, 'Nutzungsbedingungen', 'de', '2018-11-30 15:15:34', '2018-11-30 15:15:34', NULL),
(1195, 'Terms of use', 'en', '2018-11-30 15:15:34', '2019-01-03 17:14:03', NULL),
(1195, 'Conditions d\'utilisation', 'fr', '2018-12-31 17:48:11', '2019-01-03 17:14:03', NULL),
(1196, 'Abteilung', 'de', '2018-12-07 12:07:44', '2018-12-18 19:21:28', NULL),
(1196, 'Department', 'en', '2018-12-07 12:07:44', '2018-12-07 12:07:44', NULL),
(1196, 'Département', 'fr', '2019-01-03 17:14:47', '2019-01-03 17:14:47', NULL),
(1197, 'Vertrieb', 'de', '2018-12-07 12:14:38', '2018-12-18 19:21:54', NULL),
(1197, 'Sales', 'en', '2018-12-07 12:14:38', '2018-12-18 19:21:54', NULL),
(1197, 'Vente', 'fr', '2019-01-03 17:15:20', '2019-01-03 17:15:20', NULL),
(1198, 'Marketing', 'de', '2018-12-07 12:14:38', '2018-12-18 19:22:09', NULL),
(1198, 'Marketing', 'en', '2018-12-07 12:14:38', '2018-12-07 12:14:38', NULL),
(1198, 'Marketing', 'fr', '2019-01-03 17:15:40', '2019-01-03 17:15:40', NULL),
(1199, 'Teile & Zubehör', 'de', '2018-12-07 12:14:38', '2018-12-18 19:22:52', NULL),
(1199, 'Parts & Accessories', 'en', '2018-12-07 12:14:38', '2018-12-18 19:22:52', NULL),
(1199, 'Pièces et accessoires', 'fr', '2019-01-03 17:15:59', '2019-01-03 17:15:59', NULL),
(1200, 'After-Sales', 'de', '2018-12-07 12:14:38', '2018-12-18 19:22:19', NULL),
(1200, 'After-Sales', 'en', '2018-12-07 12:14:38', '2018-12-07 12:14:38', NULL),
(1200, 'Service Après-Vente', 'fr', '2019-01-03 17:16:12', '2019-01-03 17:16:12', NULL),
(1201, 'Management', 'de', '2018-12-07 12:14:38', '2018-12-18 19:23:04', NULL),
(1201, 'Management', 'en', '2018-12-07 12:14:38', '2018-12-07 12:14:38', NULL),
(1201, 'Direction', 'fr', '2019-01-03 17:16:42', '2019-01-03 17:16:42', NULL),
(1202, 'Neueste Nachrichten zu', 'de', '2018-12-17 16:04:28', '2019-01-03 17:17:52', NULL),
(1202, 'Lastest news on', 'en', '2018-12-17 16:04:28', '2018-12-17 16:04:28', NULL),
(1202, 'Dernières nouvelles sur', 'fr', '2019-01-03 17:17:52', '2019-01-03 17:17:52', NULL),
(1203, 'Hallo,', 'de', '2018-12-17 16:04:28', '2019-01-03 17:18:26', NULL),
(1203, 'Hello, ', 'en', '2018-12-17 16:04:28', '2019-01-03 17:18:26', NULL),
(1203, 'Bonjour, ', 'fr', '2019-01-03 17:18:26', '2019-01-03 17:18:26', NULL),
(1204, 'Startseite', 'de', '2018-12-17 16:05:16', '2018-12-17 16:05:16', NULL),
(1204, 'Homepage', 'en', '2018-12-17 16:05:16', '2019-01-03 17:19:21', NULL),
(1204, 'page d\'accueil', 'fr', '2018-12-31 17:48:10', '2019-01-03 17:19:21', NULL),
(1206, 'Kommission-Protokolle', 'de', '2018-12-17 16:26:03', '2018-12-18 19:25:01', NULL),
(1206, 'Commission Protocols', 'en', '2018-12-17 16:26:03', '2019-01-03 17:21:34', NULL),
(1206, 'Procès-verbal de la Commission', 'fr', '2019-01-03 17:21:34', '2019-01-03 17:21:34', NULL),
(1207, 'Kommissionen', 'de', '2018-12-17 16:26:03', '2018-12-18 19:25:31', NULL),
(1207, 'Commissions', 'en', '2018-12-17 16:26:03', '2019-01-03 17:21:48', NULL),
(1207, 'Commissions', 'fr', '2019-01-03 17:21:48', '2019-01-03 17:21:48', NULL),
(1208, 'Region', 'de', '2018-12-17 16:26:03', '2019-01-25 14:32:09', NULL),
(1208, 'sales statistics-Locations', 'en', '2018-12-17 16:26:03', '2019-01-03 17:24:22', NULL),
(1208, 'Région', 'fr', '2019-01-03 17:24:22', '2019-01-25 14:32:09', NULL),
(1209, 'Termine', 'de', '2018-12-17 16:26:04', '2018-12-18 19:26:09', NULL),
(1209, 'Dates', 'en', '2018-12-17 16:26:04', '2018-12-17 16:26:04', NULL),
(1209, 'Dates', 'fr', '2019-01-03 17:26:32', '2019-01-03 17:26:32', NULL),
(1210, 'Media-EN', 'de', '2018-12-17 16:27:37', '2018-12-18 19:26:39', NULL),
(1210, 'Media-EN', 'en', '2018-12-17 16:27:37', '2018-12-18 19:26:39', NULL),
(1210, 'Média-EN', 'fr', '2019-01-03 17:26:59', '2019-01-03 17:27:49', NULL),
(1211, 'Media-FR', 'de', '2018-12-17 16:27:37', '2018-12-18 19:26:52', NULL),
(1211, 'Media-FR', 'en', '2018-12-17 16:27:37', '2018-12-18 19:26:52', NULL),
(1211, 'Média-FR', 'fr', '2019-01-03 17:27:18', '2019-01-03 17:27:18', NULL),
(1212, 'Media-DE', 'de', '2018-12-17 16:27:37', '2018-12-18 19:27:13', NULL),
(1212, 'Media-DE', 'en', '2018-12-17 16:27:37', '2018-12-18 19:27:13', NULL),
(1212, 'Média-DE', 'fr', '2019-01-03 17:27:20', '2019-01-03 17:28:14', NULL),
(1213, 'Media-IT', 'de', '2018-12-17 16:27:37', '2018-12-18 19:29:09', NULL),
(1213, 'Media-IT', 'en', '2018-12-17 16:27:37', '2018-12-18 19:29:09', NULL),
(1213, 'Média-IT', 'fr', '2019-01-03 17:28:25', '2019-01-03 17:28:25', NULL),
(1214, 'Abteilungen', 'de', '2018-12-17 16:27:37', '2018-12-18 19:29:32', NULL),
(1214, 'Departments', 'en', '2018-12-17 16:27:37', '2018-12-18 19:29:32', NULL),
(1214, 'Départements', 'fr', '2019-01-03 17:28:37', '2019-01-03 17:28:37', NULL),
(1215, 'Eltern-Nutzer', 'de', '2018-12-18 18:25:17', '2018-12-18 19:30:01', NULL),
(1215, 'Parent-User', 'en', '2018-12-18 18:25:17', '2018-12-18 19:30:01', NULL),
(1215, 'Utilisateur-parent', 'fr', '2019-01-03 17:29:28', '2019-01-03 17:29:28', NULL),
(1216, 'Region', 'de', '2018-12-18 18:37:09', '2019-01-25 14:32:46', NULL),
(1216, 'Sales-statistics', 'en', '2018-12-18 18:37:09', '2019-01-03 17:30:16', NULL),
(1216, 'Région', 'fr', '2019-01-03 17:30:16', '2019-01-25 14:32:46', NULL),
(1217, 'Kommissionen', 'de', '2018-12-18 18:37:15', '2019-01-03 17:30:48', NULL),
(1217, 'Commissions', 'en', '2018-12-18 18:37:15', '2019-01-03 17:30:48', NULL),
(1217, 'Commissions', 'fr', '2019-01-03 17:30:48', '2019-01-03 17:30:48', NULL),
(1218, 'Protokoll', 'de', '2018-12-18 18:37:17', '2019-01-03 17:31:32', NULL),
(1218, 'Protocol', 'en', '2018-12-18 18:37:17', '2019-01-03 17:31:32', NULL),
(1218, 'Protocoles', 'fr', '2019-01-03 17:31:32', '2019-01-03 17:31:32', NULL),
(1219, 'Adress-Management', 'de', '2018-12-18 18:37:21', '2019-01-03 17:32:25', NULL),
(1219, 'Address-Management', 'en', '2018-12-18 18:37:21', '2019-01-03 17:32:25', NULL),
(1219, 'Gestion des adresses', 'fr', '2019-01-03 17:32:25', '2019-01-03 17:32:25', NULL),
(1220, 'Bild', 'de', '2018-12-18 19:30:29', '2018-12-18 19:38:55', NULL),
(1220, 'Image', 'en', '2018-12-18 19:30:29', '2018-12-18 19:38:55', NULL),
(1220, 'Image', 'fr', '2019-01-03 17:32:33', '2019-01-03 17:32:33', NULL),
(1221, 'Bild', 'de', '2018-12-18 19:30:31', '2018-12-18 19:38:39', NULL),
(1221, 'Image', 'en', '2018-12-18 19:30:31', '2018-12-18 19:38:39', NULL),
(1221, 'Image', 'fr', '2019-01-03 17:32:41', '2019-01-03 17:32:41', NULL),
(1222, 'Bilder', 'de', '2018-12-18 19:30:32', '2018-12-18 19:38:23', NULL),
(1222, 'Images', 'en', '2018-12-18 19:30:32', '2018-12-18 19:38:23', NULL),
(1222, 'Images', 'fr', '2019-01-03 17:32:48', '2019-01-03 17:32:48', NULL),
(1223, 'Media-EN', 'de', '2018-12-18 19:30:33', '2018-12-18 19:32:33', NULL),
(1223, 'Media-EN', 'en', '2018-12-18 19:30:33', '2018-12-18 19:32:33', NULL),
(1223, 'Média-EN', 'fr', '2019-01-03 17:32:58', '2019-01-03 17:32:58', NULL),
(1224, 'Media-FR', 'de', '2018-12-18 19:30:34', '2018-12-18 19:32:49', NULL),
(1224, 'Media-FR', 'en', '2018-12-18 19:30:34', '2018-12-18 19:32:49', NULL),
(1224, 'Média-FR', 'fr', '2019-01-03 17:33:23', '2019-01-03 17:33:23', NULL),
(1225, 'Media-DE', 'de', '2018-12-18 19:30:34', '2018-12-18 19:33:13', NULL),
(1225, 'Media-DE', 'en', '2018-12-18 19:30:34', '2018-12-18 19:33:13', NULL),
(1225, 'Média-DE', 'fr', '2019-01-03 17:33:34', '2019-01-03 17:33:34', NULL),
(1226, 'Media-IT', 'de', '2018-12-18 19:30:34', '2018-12-18 19:38:04', NULL),
(1226, 'Media-IT', 'en', '2018-12-18 19:30:34', '2018-12-18 19:38:04', NULL),
(1226, 'Média-IT', 'fr', '2019-01-03 17:33:44', '2019-01-03 17:33:44', NULL),
(1227, 'Abteilungen', 'de', '2018-12-18 19:30:34', '2018-12-18 19:37:51', NULL),
(1227, 'Departments', 'en', '2018-12-18 19:30:34', '2018-12-18 19:37:51', NULL),
(1227, 'Départements', 'fr', '2019-01-03 17:33:55', '2019-01-03 17:33:55', NULL),
(1228, 'Datum', 'de', '2018-12-18 19:30:34', '2018-12-18 19:37:34', NULL),
(1228, 'Date', 'en', '2018-12-18 19:30:34', '2018-12-18 19:37:34', NULL),
(1228, 'Date', 'fr', '2019-01-03 17:34:04', '2019-01-03 17:34:04', NULL),
(1229, 'Region', 'de', '2018-12-18 19:30:36', '2019-01-25 14:32:58', NULL),
(1229, 'Sales-Statistics', 'en', '2018-12-18 19:30:36', '2018-12-18 19:34:17', NULL),
(1229, 'Région', 'fr', '2019-01-03 17:34:28', '2019-01-25 14:32:58', NULL),
(1230, 'Media-EN', 'de', '2018-12-18 19:30:36', '2018-12-18 19:35:26', NULL),
(1230, 'Media-EN', 'en', '2018-12-18 19:30:36', '2018-12-18 19:35:26', NULL),
(1230, 'Média-EN', 'fr', '2019-01-03 17:34:41', '2019-01-03 17:34:41', NULL),
(1231, 'Media-FR', 'de', '2018-12-18 19:30:36', '2018-12-18 19:35:48', NULL),
(1231, 'Media-FR', 'en', '2018-12-18 19:30:36', '2018-12-18 19:35:48', NULL),
(1231, 'Média-FR', 'fr', '2019-01-03 17:34:50', '2019-01-03 17:34:50', NULL),
(1232, 'Media-DE', 'de', '2018-12-18 19:30:36', '2018-12-18 19:36:23', NULL),
(1232, 'Media-DE', 'en', '2018-12-18 19:30:36', '2018-12-18 19:36:23', NULL),
(1232, 'Média-DE', 'fr', '2019-01-03 17:34:59', '2019-01-03 17:34:59', NULL),
(1233, 'Media-IT', 'de', '2018-12-18 19:30:36', '2018-12-18 19:36:57', NULL),
(1233, 'Media-IT', 'en', '2018-12-18 19:30:36', '2018-12-18 19:36:57', NULL),
(1233, 'Média-IT', 'fr', '2019-01-03 17:35:06', '2019-01-03 17:35:06', NULL),
(1234, 'Abteilungen', 'de', '2018-12-18 19:30:36', '2018-12-18 19:37:21', NULL),
(1234, 'Departments', 'en', '2018-12-18 19:30:36', '2018-12-18 19:37:21', NULL),
(1234, 'Départements', 'fr', '2019-01-03 17:35:18', '2019-01-03 17:35:18', NULL),
(1235, 'create-user', 'de', '2018-12-19 07:48:56', '2018-12-19 07:48:56', NULL),
(1235, 'create-user', 'en', '2018-12-19 07:48:56', '2019-01-03 17:37:05', NULL),
(1235, 'create-user', 'fr', '2019-01-03 17:37:05', '2019-01-03 17:37:05', NULL),
(1236, 'Hallo,', 'de', '2018-12-19 16:16:12', '2018-12-19 16:16:12', NULL),
(1236, 'Hello,', 'en', '2018-12-19 16:16:12', '2019-01-03 17:37:20', NULL),
(1236, 'Bonjour,', 'fr', '2019-01-03 17:37:20', '2019-01-03 17:37:20', NULL),
(1237, 'Media-EN', 'de', '2018-12-19 16:26:25', '2018-12-19 16:29:31', NULL),
(1237, 'Media-EN', 'en', '2018-12-19 16:26:25', '2018-12-19 16:29:31', NULL),
(1237, 'Média-EN', 'fr', '2019-01-03 17:37:43', '2019-01-03 17:37:43', NULL),
(1238, 'Media-FR', 'de', '2018-12-19 16:26:25', '2018-12-19 16:29:49', NULL),
(1238, 'Media-FR', 'en', '2018-12-19 16:26:25', '2018-12-19 16:29:49', NULL),
(1238, 'Média-FR', 'fr', '2019-01-03 17:37:53', '2019-01-03 17:37:53', NULL),
(1239, 'Media-DE', 'de', '2018-12-19 16:26:25', '2018-12-19 16:30:04', NULL),
(1239, 'Media-DE', 'en', '2018-12-19 16:26:25', '2018-12-19 16:30:04', NULL),
(1239, 'Média-DE', 'fr', '2019-01-03 17:37:55', '2019-01-03 17:38:53', NULL),
(1240, 'Media-IT', 'de', '2018-12-19 16:26:26', '2018-12-19 16:30:18', NULL),
(1240, 'Media-IT', 'en', '2018-12-19 16:26:26', '2018-12-19 16:30:18', NULL),
(1240, 'Média-IT', 'fr', '2019-01-03 17:38:05', '2019-01-03 17:38:05', NULL),
(1241, 'Abteilungen', 'de', '2018-12-19 16:26:26', '2018-12-19 16:30:35', NULL),
(1241, 'Departments', 'en', '2018-12-19 16:26:26', '2018-12-19 16:30:35', NULL),
(1241, 'Départements', 'fr', '2019-01-03 17:38:09', '2019-01-04 08:58:45', NULL),
(1242, 'Veröffentlicht', 'de', '2018-12-19 16:26:26', '2018-12-19 16:30:50', NULL),
(1242, 'Published', 'en', '2018-12-19 16:26:26', '2018-12-19 16:26:26', NULL),
(1242, 'Publié', 'fr', '2019-01-04 08:59:21', '2019-01-04 08:59:21', NULL),
(1243, 'Neueste Nachrichten für %1s', 'de', '2018-12-19 16:27:06', '2018-12-19 16:27:44', NULL),
(1243, 'Lastest news on %1s', 'en', '2018-12-19 16:27:06', '2018-12-19 16:27:06', NULL),
(1243, 'Dernières nouvelles sur %1s', 'fr', '2019-01-04 08:59:44', '2019-01-04 08:59:44', NULL),
(1244, 'Media-DE', 'de', '2018-12-20 09:44:24', '2018-12-20 09:44:24', NULL),
(1244, 'Media-DE', 'en', '2018-12-20 09:44:24', '2018-12-20 09:44:24', NULL),
(1244, 'Média-DE', 'fr', '2019-01-04 09:00:05', '2019-01-04 09:00:05', NULL),
(1245, 'Media-EN', 'de', '2018-12-20 09:45:39', '2018-12-20 09:45:39', NULL),
(1245, 'Media-EN', 'en', '2018-12-20 09:45:39', '2018-12-20 09:45:39', NULL),
(1245, 'Média-EN', 'fr', '2019-01-04 09:00:16', '2019-01-04 09:00:16', NULL),
(1246, 'Media-FR', 'de', '2018-12-20 09:45:39', '2018-12-20 09:45:39', NULL),
(1246, 'Media-FR', 'en', '2018-12-20 09:45:39', '2018-12-20 09:45:39', NULL),
(1246, 'Média-FR', 'fr', '2019-01-04 09:00:26', '2019-01-04 09:00:26', NULL),
(1247, 'Media-IT', 'de', '2018-12-20 09:45:39', '2018-12-20 09:45:39', NULL),
(1247, 'Media-IT', 'en', '2018-12-20 09:45:39', '2018-12-20 09:45:39', NULL),
(1247, 'Média-IT', 'fr', '2019-01-04 09:00:37', '2019-01-04 09:00:37', NULL),
(1248, 'OTC', 'de', '2019-01-13 20:31:55', '2019-01-13 20:31:55', NULL),
(1248, 'en[OTC]', 'en', '2019-01-13 20:31:55', '2019-01-13 20:31:55', NULL),
(1248, 'OTC', 'fr', '2019-01-13 20:31:55', '2019-01-18 14:26:56', NULL),
(1249, 'Mitgliederversammlung', 'de', '2019-01-13 20:31:55', '2019-01-13 20:31:55', NULL),
(1249, 'en[Mitgliederversammlung]', 'en', '2019-01-13 20:31:55', '2019-01-13 20:31:55', NULL),
(1249, 'Assemblée générale', 'fr', '2019-01-13 20:31:55', '2019-01-18 14:30:04', NULL),
(1250, 'OTC', 'de', '2019-01-13 20:36:41', '2019-01-14 09:15:20', NULL),
(1250, 'OTC', 'en', '2019-01-13 20:36:41', '2019-01-14 09:15:20', NULL),
(1250, 'OTC', 'fr', '2019-01-13 20:36:41', '2019-01-14 09:15:20', NULL),
(1251, 'Mitgliederversammlung', 'de', '2019-01-13 20:36:41', '2019-01-19 09:49:25', NULL),
(1251, 'Assembly', 'en', '2019-01-13 20:36:41', '2019-01-13 20:36:41', NULL),
(1251, 'Assemblée générale', 'fr', '2019-01-13 20:36:41', '2019-01-19 09:49:25', NULL),
(1252, 'Media-EN', 'de', '2019-01-14 08:14:14', '2019-01-18 11:56:40', NULL),
(1252, 'Media', 'en', '2019-01-14 08:14:14', '2019-01-14 09:15:43', NULL),
(1252, 'Media-EN', 'fr', '2019-01-14 08:14:14', '2019-01-18 11:56:40', NULL),
(1253, 'Media-FR', 'de', '2019-01-14 08:14:14', '2019-01-18 11:57:29', NULL),
(1253, 'Media', 'en', '2019-01-14 08:14:14', '2019-01-14 09:16:01', NULL),
(1253, 'Media-FR', 'fr', '2019-01-14 08:14:14', '2019-01-18 11:57:29', NULL),
(1254, 'Media-DE', 'de', '2019-01-14 08:14:15', '2019-01-18 11:57:11', NULL),
(1254, 'Otc de media id', 'en', '2019-01-14 08:14:15', '2019-01-14 08:14:15', NULL),
(1254, 'Media-DE', 'fr', '2019-01-14 08:14:15', '2019-01-18 11:57:11', NULL),
(1255, 'Media-IT', 'de', '2019-01-14 08:14:15', '2019-01-18 11:57:52', NULL),
(1255, 'Otc it media id', 'en', '2019-01-14 08:14:15', '2019-01-14 08:14:15', NULL),
(1255, 'Media-IT', 'fr', '2019-01-14 08:14:15', '2019-01-18 11:57:52', NULL),
(1256, 'OTC M2n Abteilung', 'de', '2019-01-14 08:14:15', '2019-01-25 13:40:11', NULL),
(1256, 'Otc M2n Department', 'en', '2019-01-14 08:14:15', '2019-01-14 08:14:15', NULL),
(1256, 'OTC M2n Département', 'fr', '2019-01-14 08:14:15', '2019-01-25 13:40:11', NULL),
(1257, 'Kanton', 'de', '2019-01-14 08:21:20', '2019-01-18 14:31:46', NULL),
(1257, 'Kanton', 'en', '2019-01-14 08:21:20', '2019-01-14 08:21:20', NULL),
(1257, 'Canton', 'fr', '2019-01-14 08:21:20', '2019-01-18 14:31:46', NULL),
(1258, 'Vertragsart', 'de', '2019-01-14 08:21:20', '2019-01-18 14:32:23', NULL),
(1258, 'Contract Type', 'en', '2019-01-14 08:21:20', '2019-01-14 08:21:20', NULL),
(1258, 'Type de contrat', 'fr', '2019-01-14 08:21:20', '2019-01-18 14:32:23', NULL),
(1259, 'CH-Code', 'de', '2019-01-14 08:21:21', '2019-01-18 14:38:25', NULL),
(1259, 'Ch code', 'en', '2019-01-14 08:21:21', '2019-01-14 08:21:21', NULL),
(1259, 'Code-CH', 'fr', '2019-01-14 08:21:21', '2019-01-18 14:38:25', NULL),
(1260, 'Telefon direkt', 'de', '2019-01-14 08:21:23', '2019-01-19 09:50:42', NULL),
(1260, 'Manager phone', 'en', '2019-01-14 08:21:23', '2019-01-14 08:21:23', NULL),
(1260, 'Téléphone direct', 'fr', '2019-01-14 08:21:23', '2019-01-19 09:50:42', NULL),
(1261, 'Registrierungsdatum', 'de', '2019-01-14 11:15:09', '2019-01-19 09:51:27', NULL),
(1261, 'Closed registration date', 'en', '2019-01-14 11:15:09', '2019-01-14 11:15:09', NULL),
(1261, 'Date de la régistration', 'fr', '2019-01-14 11:15:09', '2019-01-19 09:51:27', NULL),
(1262, 'Import', 'de', '2019-01-17 15:54:20', '2019-01-19 09:51:44', NULL),
(1262, 'Import', 'en', '2019-01-17 15:54:20', '2019-01-17 15:54:20', NULL),
(1262, 'Importation', 'fr', '2019-01-17 15:54:20', '2019-01-19 09:51:44', NULL),
(1263, 'MItgliederversammlung M2n Abteilung', 'de', '2019-01-18 12:06:39', '2019-01-25 13:37:30', NULL),
(1263, 'Assemblée générale M2n Departement', 'fr', '2019-01-18 12:06:39', '2019-01-25 13:37:30', NULL),
(1264, 'Hohlenweg 11b │ CH - 2564 Bellmund', 'de', '2019-01-18 12:14:53', '2019-01-18 14:25:18', NULL),
(1264, 'Hohlenweg 11b │ CH - 2564 Bellmund', 'fr', '2019-01-18 12:14:53', '2019-01-18 14:26:07', NULL),
(1265, 'Sprache', 'de', '2019-01-18 17:05:59', '2019-01-19 09:52:16', NULL),
(1265, 'Langue', 'fr', '2019-01-18 17:05:59', '2019-01-25 13:39:17', NULL),
(1266, 'Nutzfahrzeuge', 'de', '2019-01-21 10:40:44', '2019-01-23 17:56:52', NULL),
(1266, 'Véicules utilitaires', 'fr', '2019-01-21 10:40:44', '2019-01-23 17:56:52', NULL),
(1267, 'Präsentation-FR', 'de', '2019-01-25 14:18:48', '2019-01-25 14:28:02', NULL),
(1267, 'fr[Präsentation-FR]', 'fr', '2019-01-25 14:18:48', '2019-01-25 14:28:02', NULL),
(1268, 'Präsentation-DE', 'de', '2019-01-25 14:18:48', '2019-01-25 14:29:43', NULL),
(1268, 'fr[Präsentation-DE]', 'fr', '2019-01-25 14:18:48', '2019-01-25 14:29:43', NULL),
(1269, 'Präsentation-FR', 'de', '2019-01-25 14:23:58', '2019-01-25 14:23:58', NULL),
(1269, 'fr[Präsentation-FR]', 'fr', '2019-01-25 14:23:58', '2019-01-25 14:23:58', NULL),
(1270, 'Präsentation-DE', 'de', '2019-01-25 14:23:58', '2019-01-25 14:23:58', NULL),
(1270, 'fr[Präsentation-DE]', 'fr', '2019-01-25 14:23:58', '2019-01-25 14:23:58', NULL),
(1271, 'Präsentation-FR', 'de', '2019-01-25 14:24:21', '2019-01-25 14:28:21', NULL),
(1271, 'fr[Präsentation-FR]', 'fr', '2019-01-25 14:24:21', '2019-01-25 14:28:21', NULL),
(1272, 'Präsentation-DE', 'de', '2019-01-25 14:24:21', '2019-01-25 14:30:02', NULL),
(1272, 'fr[Präsentation-DE]', 'fr', '2019-01-25 14:24:21', '2019-01-25 14:30:02', NULL),
(1273, 'Präsentation-FR', 'de', '2019-01-25 14:24:22', '2019-01-25 14:29:21', NULL),
(1273, 'fr[Präsentation-FR]', 'fr', '2019-01-25 14:24:22', '2019-01-25 14:29:21', NULL),
(1274, 'Präsentation-DE', 'de', '2019-01-25 14:24:22', '2019-01-25 14:30:14', NULL),
(1274, 'fr[Präsentation-DE]', 'fr', '2019-01-25 14:24:22', '2019-01-25 14:30:14', NULL),
(1275, 'Präsentation-FR', 'de', '2019-01-25 14:24:28', '2019-01-25 14:29:07', NULL),
(1275, 'fr[Präsentation-FR]', 'fr', '2019-01-25 14:24:28', '2019-01-25 14:29:07', NULL),
(1276, 'Präsentation-DE', 'de', '2019-01-25 14:24:29', '2019-01-25 14:30:30', NULL),
(1276, 'fr[Präsentation-DE]', 'fr', '2019-01-25 14:24:29', '2019-01-25 14:30:30', NULL),
(1277, 'Präsentation-FR', 'de', '2019-01-25 14:25:03', '2019-01-25 14:28:53', NULL),
(1277, 'fr[Präsentation-FR]', 'fr', '2019-01-25 14:25:03', '2019-01-25 14:28:53', NULL),
(1278, 'Präsentation-DE', 'de', '2019-01-25 14:25:03', '2019-01-25 14:30:44', NULL),
(1278, 'fr[Präsentation-DE]', 'fr', '2019-01-25 14:25:03', '2019-01-25 14:30:44', NULL),
(1279, 'Präsentation-FR', 'de', '2019-01-25 14:25:10', '2019-01-25 14:28:34', NULL),
(1279, 'fr[Präsentation-FR]', 'fr', '2019-01-25 14:25:10', '2019-01-25 14:28:34', NULL),
(1280, 'Präsentation-DE', 'de', '2019-01-25 14:25:11', '2019-01-25 14:30:57', NULL),
(1280, 'fr[Präsentation-DE]', 'fr', '2019-01-25 14:25:11', '2019-01-25 14:30:57', NULL);

--
-- Indizes der exportierten Tabellen
--

--
-- Indizes für die Tabelle `action`
--
ALTER TABLE `action`
  ADD PRIMARY KEY (`id`),
  ADD UNIQUE KEY `resource` (`resource`),
  ADD KEY `controller_id_idx` (`controller_id`),
  ADD KEY `name_idx` (`name`),
  ADD KEY `role_id_idx` (`role_id`);

--
-- Indizes für die Tabelle `action_translation`
--
ALTER TABLE `action_translation`
  ADD PRIMARY KEY (`id`,`lang`);

--
-- Indizes für die Tabelle `activation`
--
ALTER TABLE `activation`
  ADD PRIMARY KEY (`id`),
  ADD UNIQUE KEY `activation_code` (`activation_code`);

--
-- Indizes für die Tabelle `address`
--
ALTER TABLE `address`
  ADD PRIMARY KEY (`id`),
  ADD KEY `etage_id` (`etage_id`),
  ADD KEY `house_type_id` (`house_type_id`),
  ADD KEY `product_order_id` (`product_order_id`);

--
-- Indizes für die Tabelle `assembly`
--
ALTER TABLE `assembly`
  ADD PRIMARY KEY (`id`),
  ADD UNIQUE KEY `short` (`short`),
  ADD KEY `de_media_id_idx_idx` (`de_media_id`),
  ADD KEY `fr_media_id_idx_idx` (`fr_media_id`),
  ADD KEY `fr_presentation_media_id_idx_idx` (`fr_presentation_media_id`),
  ADD KEY `de_presentation_media_id_idx_idx` (`de_presentation_media_id`);

--
-- Indizes für die Tabelle `assembly_m2n_department`
--
ALTER TABLE `assembly_m2n_department`
  ADD PRIMARY KEY (`id`),
  ADD KEY `assembly_id_idx_idx` (`assembly_id`),
  ADD KEY `department_id_idx_idx` (`department_id`);

--
-- Indizes für die Tabelle `assembly_translation`
--
ALTER TABLE `assembly_translation`
  ADD PRIMARY KEY (`id`,`lang`);

--
-- Indizes für die Tabelle `backend_admin_boxes`
--
ALTER TABLE `backend_admin_boxes`
  ADD PRIMARY KEY (`id`),
  ADD UNIQUE KEY `short` (`short`);

--
-- Indizes für die Tabelle `backend_admin_boxes_action`
--
ALTER TABLE `backend_admin_boxes_action`
  ADD PRIMARY KEY (`id`),
  ADD UNIQUE KEY `short` (`short`),
  ADD KEY `model_name_id` (`model_name_id`),
  ADD KEY `action_id_idx` (`action_id`);

--
-- Indizes für die Tabelle `backend_admin_boxes_action_m2n_backend_admin_boxes`
--
ALTER TABLE `backend_admin_boxes_action_m2n_backend_admin_boxes`
  ADD PRIMARY KEY (`id`),
  ADD KEY `backend_admin_boxes_action_id` (`backend_admin_boxes_action_id`),
  ADD KEY `backend_admin_boxes_id` (`backend_admin_boxes_id`),
  ADD KEY `position_idx` (`position`);

--
-- Indizes für die Tabelle `backend_admin_boxes_action_translation`
--
ALTER TABLE `backend_admin_boxes_action_translation`
  ADD PRIMARY KEY (`id`,`lang`);

--
-- Indizes für die Tabelle `backend_admin_boxes_translation`
--
ALTER TABLE `backend_admin_boxes_translation`
  ADD PRIMARY KEY (`id`,`lang`);

--
-- Indizes für die Tabelle `background_image`
--
ALTER TABLE `background_image`
  ADD PRIMARY KEY (`id`),
  ADD UNIQUE KEY `short` (`short`),
  ADD KEY `media_image_id_idx` (`media_image_id`),
  ADD KEY `action_id_idx` (`action_id`);

--
-- Indizes für die Tabelle `blog`
--
ALTER TABLE `blog`
  ADD PRIMARY KEY (`id`),
  ADD UNIQUE KEY `short` (`short`);

--
-- Indizes für die Tabelle `blog_translation`
--
ALTER TABLE `blog_translation`
  ADD PRIMARY KEY (`id`,`lang`);

--
-- Indizes für die Tabelle `commission`
--
ALTER TABLE `commission`
  ADD PRIMARY KEY (`id`),
  ADD KEY `media_image_id_idx` (`media_image_id`);

--
-- Indizes für die Tabelle `commission_m2n_media_image`
--
ALTER TABLE `commission_m2n_media_image`
  ADD PRIMARY KEY (`id`),
  ADD KEY `commission_id_idx` (`commission_id`),
  ADD KEY `media_image_id_idx` (`media_image_id`);

--
-- Indizes für die Tabelle `commission_translation`
--
ALTER TABLE `commission_translation`
  ADD PRIMARY KEY (`id`,`lang`);

--
-- Indizes für die Tabelle `content_box`
--
ALTER TABLE `content_box`
  ADD PRIMARY KEY (`id`),
  ADD UNIQUE KEY `short` (`short`),
  ADD KEY `media_image_id_idx` (`media_image_id`),
  ADD KEY `action_id_idx` (`action_id`),
  ADD KEY `position_idx` (`position`),
  ADD KEY `rollover_media_image_id_idx` (`rollover_media_image_id`);

--
-- Indizes für die Tabelle `content_box_translation`
--
ALTER TABLE `content_box_translation`
  ADD PRIMARY KEY (`id`,`lang`);

--
-- Indizes für die Tabelle `contract_type`
--
ALTER TABLE `contract_type`
  ADD PRIMARY KEY (`id`),
  ADD UNIQUE KEY `short` (`short`);

--
-- Indizes für die Tabelle `contract_type_translation`
--
ALTER TABLE `contract_type_translation`
  ADD PRIMARY KEY (`id`,`lang`);

--
-- Indizes für die Tabelle `controller`
--
ALTER TABLE `controller`
  ADD PRIMARY KEY (`id`),
  ADD UNIQUE KEY `resource` (`resource`),
  ADD KEY `module_id_idx` (`module_id`),
  ADD KEY `name_idx` (`name`);

--
-- Indizes für die Tabelle `country`
--
ALTER TABLE `country`
  ADD PRIMARY KEY (`id`),
  ADD KEY `territory_iso_nr_idx` (`territory_iso_nr`),
  ADD KEY `iso_2` (`iso_2`),
  ADD KEY `iso_3` (`iso_3`);

--
-- Indizes für die Tabelle `country_translation`
--
ALTER TABLE `country_translation`
  ADD PRIMARY KEY (`id`,`lang`);

--
-- Indizes für die Tabelle `country_zone`
--
ALTER TABLE `country_zone`
  ADD PRIMARY KEY (`id`),
  ADD KEY `country_iso_3_idx` (`country_iso_3`);

--
-- Indizes für die Tabelle `country_zone_translation`
--
ALTER TABLE `country_zone_translation`
  ADD PRIMARY KEY (`id`,`lang`);

--
-- Indizes für die Tabelle `coupon`
--
ALTER TABLE `coupon`
  ADD PRIMARY KEY (`id`),
  ADD UNIQUE KEY `code` (`code`),
  ADD KEY `user_id` (`entity_user_id`);

--
-- Indizes für die Tabelle `coupon_history`
--
ALTER TABLE `coupon_history`
  ADD PRIMARY KEY (`id`),
  ADD KEY `product_order_id` (`product_order_id`),
  ADD KEY `coupon_id` (`coupon_id`);

--
-- Indizes für die Tabelle `cross_sell`
--
ALTER TABLE `cross_sell`
  ADD PRIMARY KEY (`id`),
  ADD KEY `product1_id` (`product1_id`),
  ADD KEY `product2_id` (`product2_id`);

--
-- Indizes für die Tabelle `currency`
--
ALTER TABLE `currency`
  ADD PRIMARY KEY (`id`),
  ADD KEY `iso_3_idx` (`iso_3`),
  ADD KEY `iso_nr_idx` (`iso_nr`);

--
-- Indizes für die Tabelle `currency_translation`
--
ALTER TABLE `currency_translation`
  ADD PRIMARY KEY (`id`,`lang`);

--
-- Indizes für die Tabelle `dates`
--
ALTER TABLE `dates`
  ADD PRIMARY KEY (`id`),
  ADD UNIQUE KEY `short` (`short`),
  ADD KEY `de_media_id_idx_idx` (`de_media_id`),
  ADD KEY `fr_media_id_idx_idx` (`fr_media_id`),
  ADD KEY `fr_presentation_media_id_idx_idx` (`fr_presentation_media_id`),
  ADD KEY `de_presentation_media_id_idx_idx` (`de_presentation_media_id`);

--
-- Indizes für die Tabelle `dates_m2n_department`
--
ALTER TABLE `dates_m2n_department`
  ADD PRIMARY KEY (`id`),
  ADD KEY `dates_id_idx` (`dates_id`),
  ADD KEY `department_id_idx` (`department_id`);

--
-- Indizes für die Tabelle `dates_participants`
--
ALTER TABLE `dates_participants`
  ADD PRIMARY KEY (`id`),
  ADD KEY `user_id_idx_idx` (`user_id`),
  ADD KEY `date_id_idx_idx` (`date_id`);

--
-- Indizes für die Tabelle `dates_translation`
--
ALTER TABLE `dates_translation`
  ADD PRIMARY KEY (`id`,`lang`);

--
-- Indizes für die Tabelle `delivery_time`
--
ALTER TABLE `delivery_time`
  ADD PRIMARY KEY (`id`),
  ADD KEY `address_id` (`address_id`);

--
-- Indizes für die Tabelle `department`
--
ALTER TABLE `department`
  ADD PRIMARY KEY (`id`),
  ADD UNIQUE KEY `short` (`short`);

--
-- Indizes für die Tabelle `department_translation`
--
ALTER TABLE `department_translation`
  ADD PRIMARY KEY (`id`,`lang`);

--
-- Indizes für die Tabelle `doctrine_cache`
--
ALTER TABLE `doctrine_cache`
  ADD PRIMARY KEY (`id`);

--
-- Indizes für die Tabelle `email_template`
--
ALTER TABLE `email_template`
  ADD PRIMARY KEY (`id`),
  ADD UNIQUE KEY `short` (`short`);

--
-- Indizes für die Tabelle `email_template_m2n_email_template_part`
--
ALTER TABLE `email_template_m2n_email_template_part`
  ADD PRIMARY KEY (`id`),
  ADD KEY `email_template_id` (`email_template_id`),
  ADD KEY `email_template_part_id` (`email_template_part_id`),
  ADD KEY `position_idx` (`position`);

--
-- Indizes für die Tabelle `email_template_part`
--
ALTER TABLE `email_template_part`
  ADD PRIMARY KEY (`id`),
  ADD UNIQUE KEY `short` (`short`);

--
-- Indizes für die Tabelle `email_template_part_translation`
--
ALTER TABLE `email_template_part_translation`
  ADD PRIMARY KEY (`id`,`lang`);

--
-- Indizes für die Tabelle `email_template_replacement`
--
ALTER TABLE `email_template_replacement`
  ADD PRIMARY KEY (`id`),
  ADD UNIQUE KEY `short` (`short`);

--
-- Indizes für die Tabelle `email_template_translation`
--
ALTER TABLE `email_template_translation`
  ADD PRIMARY KEY (`id`,`lang`);

--
-- Indizes für die Tabelle `entity`
--
ALTER TABLE `entity`
  ADD PRIMARY KEY (`id`),
  ADD UNIQUE KEY `login` (`login`),
  ADD UNIQUE KEY `email` (`email`),
  ADD KEY `disabled` (`disabled`),
  ADD KEY `password` (`password`),
  ADD KEY `firstname` (`firstname`),
  ADD KEY `lastname` (`lastname`),
  ADD KEY `street` (`street`),
  ADD KEY `zip` (`zip`),
  ADD KEY `city` (`city`),
  ADD KEY `country` (`country_id`),
  ADD KEY `phone` (`phone`),
  ADD KEY `fax` (`fax`),
  ADD KEY `www` (`www`),
  ADD KEY `media_image_id` (`media_image_id`),
  ADD KEY `role_id_idx` (`role_id`),
  ADD KEY `salutation_id_idx` (`salutation_id`),
  ADD KEY `billing_country_id_idx` (`billing_country_id`),
  ADD KEY `entity_role_id` (`role_id`),
  ADD KEY `parent_user_id_idx_idx` (`parent_user_id`),
  ADD KEY `department_id_idx_idx` (`department_id`),
  ADD KEY `kanton_idx` (`kanton_id`),
  ADD KEY `contract_type_id_idx_idx` (`contract_type_id`),
  ADD KEY `sales_statistics_id_idx_idx` (`sales_statistics_id`),
  ADD KEY `entity_role_id_idx` (`role_id`);

--
-- Indizes für die Tabelle `entity_log`
--
ALTER TABLE `entity_log`
  ADD PRIMARY KEY (`id`),
  ADD KEY `entity_log_message_id_idx` (`entity_log_message_id`),
  ADD KEY `entity_id_idx` (`entity_id`);

--
-- Indizes für die Tabelle `entity_log_message`
--
ALTER TABLE `entity_log_message`
  ADD PRIMARY KEY (`id`),
  ADD UNIQUE KEY `short` (`short`);

--
-- Indizes für die Tabelle `entity_model_list_config`
--
ALTER TABLE `entity_model_list_config`
  ADD PRIMARY KEY (`id`),
  ADD UNIQUE KEY `short` (`short`),
  ADD KEY `model_list_id_idx` (`model_list_id`),
  ADD KEY `entity_id_idx` (`entity_id`);

--
-- Indizes für die Tabelle `etage`
--
ALTER TABLE `etage`
  ADD PRIMARY KEY (`id`);

--
-- Indizes für die Tabelle `events`
--
ALTER TABLE `events`
  ADD PRIMARY KEY (`id`);

--
-- Indizes für die Tabelle `faq`
--
ALTER TABLE `faq`
  ADD PRIMARY KEY (`id`),
  ADD UNIQUE KEY `short` (`short`);

--
-- Indizes für die Tabelle `faq_translation`
--
ALTER TABLE `faq_translation`
  ADD PRIMARY KEY (`id`,`lang`);

--
-- Indizes für die Tabelle `flyer`
--
ALTER TABLE `flyer`
  ADD PRIMARY KEY (`id`),
  ADD UNIQUE KEY `short` (`short`),
  ADD KEY `media_image_idx` (`media_image_id`),
  ADD KEY `media_id_idx` (`media_id`);

--
-- Indizes für die Tabelle `flyer_images`
--
ALTER TABLE `flyer_images`
  ADD PRIMARY KEY (`id`),
  ADD UNIQUE KEY `short` (`short`),
  ADD KEY `flyer_id` (`flyer_id`),
  ADD KEY `media_image_id` (`media_image_id`),
  ADD KEY `position_idx` (`position`);

--
-- Indizes für die Tabelle `flyer_translation`
--
ALTER TABLE `flyer_translation`
  ADD PRIMARY KEY (`id`,`lang`);

--
-- Indizes für die Tabelle `holiday`
--
ALTER TABLE `holiday`
  ADD PRIMARY KEY (`id`),
  ADD UNIQUE KEY `short` (`short`);

--
-- Indizes für die Tabelle `hours`
--
ALTER TABLE `hours`
  ADD PRIMARY KEY (`id`);

--
-- Indizes für die Tabelle `house_types`
--
ALTER TABLE `house_types`
  ADD PRIMARY KEY (`id`);

--
-- Indizes für die Tabelle `image_config`
--
ALTER TABLE `image_config`
  ADD PRIMARY KEY (`id`),
  ADD UNIQUE KEY `short` (`short`),
  ADD KEY `media_image_id_idx` (`media_image_id`);

--
-- Indizes für die Tabelle `info_page`
--
ALTER TABLE `info_page`
  ADD PRIMARY KEY (`id`),
  ADD UNIQUE KEY `short` (`short`),
  ADD KEY `position_idx` (`position`),
  ADD KEY `info_page_id_idx` (`info_page_id`);

--
-- Indizes für die Tabelle `info_page_translation`
--
ALTER TABLE `info_page_translation`
  ADD PRIMARY KEY (`id`,`lang`);

--
-- Indizes für die Tabelle `kanton`
--
ALTER TABLE `kanton`
  ADD PRIMARY KEY (`id`),
  ADD UNIQUE KEY `short` (`short`),
  ADD KEY `sales_statistics_id_idx_idx` (`sales_statistics_id`);

--
-- Indizes für die Tabelle `language`
--
ALTER TABLE `language`
  ADD PRIMARY KEY (`id`),
  ADD KEY `country_iso_2_idx` (`country_iso_2`),
  ADD KEY `iso_2` (`iso_2`);

--
-- Indizes für die Tabelle `language_translation`
--
ALTER TABLE `language_translation`
  ADD PRIMARY KEY (`id`,`lang`);

--
-- Indizes für die Tabelle `media`
--
ALTER TABLE `media`
  ADD PRIMARY KEY (`id`),
  ADD UNIQUE KEY `short` (`short`),
  ADD KEY `media_folder_id_idx` (`media_folder_id`),
  ADD KEY `media_type_id_idx` (`media_type_id`),
  ADD KEY `role_id_idx` (`role_id`),
  ADD KEY `entity_id_idx` (`entity_id`),
  ADD KEY `width` (`width`),
  ADD KEY `height` (`height`),
  ADD KEY `media_image_id` (`media_image_id`);

--
-- Indizes für die Tabelle `media_config`
--
ALTER TABLE `media_config`
  ADD PRIMARY KEY (`id`),
  ADD UNIQUE KEY `short` (`short`),
  ADD KEY `media_id_idx` (`media_id`);

--
-- Indizes für die Tabelle `media_folder`
--
ALTER TABLE `media_folder`
  ADD PRIMARY KEY (`id`),
  ADD KEY `media_folder_id_idx` (`media_folder_id`);

--
-- Indizes für die Tabelle `media_image_m2n_action`
--
ALTER TABLE `media_image_m2n_action`
  ADD PRIMARY KEY (`id`),
  ADD KEY `media_image_id_idx` (`media_image_id`),
  ADD KEY `action_id_idx` (`action_id`),
  ADD KEY `position_idx` (`position`);

--
-- Indizes für die Tabelle `media_image_m2n_action_translation`
--
ALTER TABLE `media_image_m2n_action_translation`
  ADD PRIMARY KEY (`id`,`lang`);

--
-- Indizes für die Tabelle `media_image_m2n_info_page`
--
ALTER TABLE `media_image_m2n_info_page`
  ADD PRIMARY KEY (`id`),
  ADD KEY `info_page_id_idx` (`info_page_id`),
  ADD KEY `media_image_id_idx` (`media_image_id`),
  ADD KEY `position_idx` (`position`);

--
-- Indizes für die Tabelle `media_translation`
--
ALTER TABLE `media_translation`
  ADD PRIMARY KEY (`id`,`lang`);

--
-- Indizes für die Tabelle `media_type`
--
ALTER TABLE `media_type`
  ADD PRIMARY KEY (`id`),
  ADD UNIQUE KEY `short` (`short`);

--
-- Indizes für die Tabelle `media_type_translation`
--
ALTER TABLE `media_type_translation`
  ADD PRIMARY KEY (`id`,`lang`);

--
-- Indizes für die Tabelle `meta_configuration`
--
ALTER TABLE `meta_configuration`
  ADD PRIMARY KEY (`id`),
  ADD UNIQUE KEY `short` (`short`);

--
-- Indizes für die Tabelle `model_column_name`
--
ALTER TABLE `model_column_name`
  ADD PRIMARY KEY (`id`),
  ADD KEY `model_column_id` (`model_name_id`),
  ADD KEY `model_column_name_edit_as_id` (`model_column_name_edit_as_id`),
  ADD KEY `position_idx` (`position`);

--
-- Indizes für die Tabelle `model_column_name_edit_as`
--
ALTER TABLE `model_column_name_edit_as`
  ADD PRIMARY KEY (`id`);

--
-- Indizes für die Tabelle `model_column_name_translation`
--
ALTER TABLE `model_column_name_translation`
  ADD PRIMARY KEY (`id`,`lang`);

--
-- Indizes für die Tabelle `model_list`
--
ALTER TABLE `model_list`
  ADD PRIMARY KEY (`id`);

--
-- Indizes für die Tabelle `model_list_column`
--
ALTER TABLE `model_list_column`
  ADD PRIMARY KEY (`id`),
  ADD KEY `model_list_id` (`model_list_id`),
  ADD KEY `model_column_name_id` (`model_column_name_id`),
  ADD KEY `model_list_connction_id` (`model_list_connection_id`),
  ADD KEY `position_idx` (`position`);

--
-- Indizes für die Tabelle `model_list_column_export`
--
ALTER TABLE `model_list_column_export`
  ADD PRIMARY KEY (`id`),
  ADD KEY `model_list_export_id_idx` (`model_list_export_id`);

--
-- Indizes für die Tabelle `model_list_connection`
--
ALTER TABLE `model_list_connection`
  ADD PRIMARY KEY (`id`),
  ADD KEY `model_name_id` (`model_name_id`);

--
-- Indizes für die Tabelle `model_list_edit_ignore`
--
ALTER TABLE `model_list_edit_ignore`
  ADD PRIMARY KEY (`id`),
  ADD KEY `model_column_name_id` (`model_column_name_id`),
  ADD KEY `model_list_id` (`model_list_id`);

--
-- Indizes für die Tabelle `model_list_export`
--
ALTER TABLE `model_list_export`
  ADD PRIMARY KEY (`id`),
  ADD KEY `model_list_id_idx` (`model_list_id`),
  ADD KEY `entity_id_idx` (`entity_id`);

--
-- Indizes für die Tabelle `model_list_translation`
--
ALTER TABLE `model_list_translation`
  ADD PRIMARY KEY (`id`,`lang`);

--
-- Indizes für die Tabelle `model_list_where`
--
ALTER TABLE `model_list_where`
  ADD PRIMARY KEY (`id`),
  ADD KEY `model_list_id` (`model_list_id`),
  ADD KEY `model_column_name_id` (`model_column_name_id`),
  ADD KEY `model_list_connction_id` (`model_list_connection_id`);

--
-- Indizes für die Tabelle `model_marked_for_editor`
--
ALTER TABLE `model_marked_for_editor`
  ADD PRIMARY KEY (`id`),
  ADD KEY `entity_id_idx` (`entity_id`),
  ADD KEY `model_name_id_idx` (`model_name_id`);

--
-- Indizes für die Tabelle `model_name`
--
ALTER TABLE `model_name`
  ADD PRIMARY KEY (`id`);

--
-- Indizes für die Tabelle `module`
--
ALTER TABLE `module`
  ADD PRIMARY KEY (`id`),
  ADD UNIQUE KEY `name` (`name`);

--
-- Indizes für die Tabelle `navigation`
--
ALTER TABLE `navigation`
  ADD PRIMARY KEY (`id`),
  ADD UNIQUE KEY `short` (`short`),
  ADD KEY `navigation_id_idx` (`navigation_id`),
  ADD KEY `role_short_idx` (`role_short`),
  ADD KEY `position_idx` (`position`),
  ADD KEY `action_resource_idx` (`action_resource`);

--
-- Indizes für die Tabelle `news`
--
ALTER TABLE `news`
  ADD PRIMARY KEY (`id`),
  ADD UNIQUE KEY `short` (`short`),
  ADD KEY `de_media_id_idx_idx` (`de_media_id`),
  ADD KEY `fr_media_id_idx_idx` (`fr_media_id`),
  ADD KEY `fr_presentation_media_id_idx_idx` (`fr_presentation_media_id`),
  ADD KEY `de_presentation_media_id_idx_idx` (`de_presentation_media_id`);

--
-- Indizes für die Tabelle `newsletter`
--
ALTER TABLE `newsletter`
  ADD PRIMARY KEY (`id`),
  ADD UNIQUE KEY `short` (`short`),
  ADD KEY `media_id_idx` (`media_id`);

--
-- Indizes für die Tabelle `newsletter_subscriber`
--
ALTER TABLE `newsletter_subscriber`
  ADD PRIMARY KEY (`id`),
  ADD KEY `newsletter_subscriber_type_id_idx` (`newsletter_subscriber_type_id`),
  ADD KEY `salutation_id_idx` (`salutation_id`);

--
-- Indizes für die Tabelle `newsletter_subscriber_type`
--
ALTER TABLE `newsletter_subscriber_type`
  ADD PRIMARY KEY (`id`),
  ADD UNIQUE KEY `short` (`short`);

--
-- Indizes für die Tabelle `newsletter_translation`
--
ALTER TABLE `newsletter_translation`
  ADD PRIMARY KEY (`id`,`lang`);

--
-- Indizes für die Tabelle `news_m2n_department`
--
ALTER TABLE `news_m2n_department`
  ADD PRIMARY KEY (`id`),
  ADD KEY `news_id_idx` (`news_id`),
  ADD KEY `department_id_idx` (`department_id`);

--
-- Indizes für die Tabelle `news_translation`
--
ALTER TABLE `news_translation`
  ADD PRIMARY KEY (`id`,`lang`);

--
-- Indizes für die Tabelle `otc`
--
ALTER TABLE `otc`
  ADD PRIMARY KEY (`id`),
  ADD UNIQUE KEY `short` (`short`),
  ADD KEY `de_media_id_idx_idx` (`de_media_id`),
  ADD KEY `fr_media_id_idx_idx` (`fr_media_id`),
  ADD KEY `fr_presentation_media_id_idx_idx` (`fr_presentation_media_id`),
  ADD KEY `de_presentation_media_id_idx_idx` (`de_presentation_media_id`);

--
-- Indizes für die Tabelle `otc_m2n_department`
--
ALTER TABLE `otc_m2n_department`
  ADD PRIMARY KEY (`id`),
  ADD KEY `otc_id_idx_idx` (`otc_id`),
  ADD KEY `department_id_idx_idx` (`department_id`);

--
-- Indizes für die Tabelle `otc_translation`
--
ALTER TABLE `otc_translation`
  ADD PRIMARY KEY (`id`,`lang`);

--
-- Indizes für die Tabelle `param_translator`
--
ALTER TABLE `param_translator`
  ADD PRIMARY KEY (`id`),
  ADD UNIQUE KEY `param` (`param`);

--
-- Indizes für die Tabelle `param_translator_translation`
--
ALTER TABLE `param_translator_translation`
  ADD PRIMARY KEY (`id`,`lang`);

--
-- Indizes für die Tabelle `payment_service`
--
ALTER TABLE `payment_service`
  ADD PRIMARY KEY (`id`),
  ADD UNIQUE KEY `short` (`short`),
  ADD KEY `media_image_id_idx` (`media_image_id`);

--
-- Indizes für die Tabelle `payment_service_translation`
--
ALTER TABLE `payment_service_translation`
  ADD PRIMARY KEY (`id`,`lang`);

--
-- Indizes für die Tabelle `plugin`
--
ALTER TABLE `plugin`
  ADD PRIMARY KEY (`id`),
  ADD UNIQUE KEY `short` (`short`);

--
-- Indizes für die Tabelle `producer`
--
ALTER TABLE `producer`
  ADD PRIMARY KEY (`id`),
  ADD UNIQUE KEY `short` (`short`),
  ADD KEY `media_image_id_idx` (`media_image_id`);

--
-- Indizes für die Tabelle `product`
--
ALTER TABLE `product`
  ADD PRIMARY KEY (`id`),
  ADD UNIQUE KEY `short` (`short`),
  ADD KEY `media_image_id` (`media_image_id`),
  ADD KEY `product_unit_id` (`product_unit_id`),
  ADD KEY `taxes_id` (`taxes_id`),
  ADD KEY `refund_id` (`refund_id`),
  ADD KEY `producer_id` (`producer_id`),
  ADD KEY `media_id_idx` (`media_id`),
  ADD KEY `product_status_id_idx` (`product_status_id`);

--
-- Indizes für die Tabelle `products_options`
--
ALTER TABLE `products_options`
  ADD PRIMARY KEY (`id`),
  ADD KEY `product_id_idx` (`product_id`),
  ADD KEY `product_options_id_idx` (`product_options_id`);

--
-- Indizes für die Tabelle `product_group`
--
ALTER TABLE `product_group`
  ADD PRIMARY KEY (`id`),
  ADD UNIQUE KEY `short` (`short`),
  ADD KEY `product_group_id` (`product_group_id`),
  ADD KEY `media_image_id` (`media_image_id`),
  ADD KEY `position_idx` (`position`),
  ADD KEY `small_media_image_id_idx` (`small_media_image_id`);

--
-- Indizes für die Tabelle `product_group_translation`
--
ALTER TABLE `product_group_translation`
  ADD PRIMARY KEY (`id`,`lang`);

--
-- Indizes für die Tabelle `product_information`
--
ALTER TABLE `product_information`
  ADD PRIMARY KEY (`id`);

--
-- Indizes für die Tabelle `product_information_translation`
--
ALTER TABLE `product_information_translation`
  ADD PRIMARY KEY (`id`,`lang`);

--
-- Indizes für die Tabelle `product_m2n_media_image`
--
ALTER TABLE `product_m2n_media_image`
  ADD PRIMARY KEY (`id`),
  ADD KEY `product_id` (`product_id`),
  ADD KEY `media_image_id` (`media_image_id`);

--
-- Indizes für die Tabelle `product_m2n_product_group`
--
ALTER TABLE `product_m2n_product_group`
  ADD PRIMARY KEY (`id`),
  ADD KEY `product_id` (`product_id`),
  ADD KEY `product_group_id` (`product_group_id`);

--
-- Indizes für die Tabelle `product_m2n_product_option_model`
--
ALTER TABLE `product_m2n_product_option_model`
  ADD PRIMARY KEY (`id`),
  ADD KEY `product_id` (`product_id`),
  ADD KEY `product_option_model_id` (`product_option_model_id`),
  ADD KEY `position_idx` (`position`);

--
-- Indizes für die Tabelle `product_m2n_product_option_model_values`
--
ALTER TABLE `product_m2n_product_option_model_values`
  ADD PRIMARY KEY (`id`),
  ADD KEY `product_m2n_product_option_model_id_idx` (`product_m2n_product_option_model_id`);

--
-- Indizes für die Tabelle `product_m2n_tag`
--
ALTER TABLE `product_m2n_tag`
  ADD PRIMARY KEY (`id`),
  ADD KEY `product_id` (`product_id`),
  ADD KEY `tag_id` (`tag_id`);

--
-- Indizes für die Tabelle `product_options`
--
ALTER TABLE `product_options`
  ADD PRIMARY KEY (`id`),
  ADD UNIQUE KEY `short` (`short`);

--
-- Indizes für die Tabelle `product_options_amount_liquid`
--
ALTER TABLE `product_options_amount_liquid`
  ADD PRIMARY KEY (`id`),
  ADD UNIQUE KEY `short` (`short`);

--
-- Indizes für die Tabelle `product_options_amount_piece`
--
ALTER TABLE `product_options_amount_piece`
  ADD PRIMARY KEY (`id`),
  ADD UNIQUE KEY `short` (`short`);

--
-- Indizes für die Tabelle `product_options_color`
--
ALTER TABLE `product_options_color`
  ADD PRIMARY KEY (`id`),
  ADD UNIQUE KEY `short` (`short`);

--
-- Indizes für die Tabelle `product_options_form`
--
ALTER TABLE `product_options_form`
  ADD PRIMARY KEY (`id`),
  ADD UNIQUE KEY `short` (`short`);

--
-- Indizes für die Tabelle `product_options_general`
--
ALTER TABLE `product_options_general`
  ADD PRIMARY KEY (`id`),
  ADD UNIQUE KEY `short` (`short`);

--
-- Indizes für die Tabelle `product_options_m2n_product_option_items`
--
ALTER TABLE `product_options_m2n_product_option_items`
  ADD PRIMARY KEY (`id`),
  ADD KEY `product_options_id_idx` (`product_options_id`),
  ADD KEY `product_option_items_id_idx` (`product_option_items_id`);

--
-- Indizes für die Tabelle `product_options_measure_circumference`
--
ALTER TABLE `product_options_measure_circumference`
  ADD PRIMARY KEY (`id`),
  ADD UNIQUE KEY `short` (`short`);

--
-- Indizes für die Tabelle `product_options_measure_depth`
--
ALTER TABLE `product_options_measure_depth`
  ADD PRIMARY KEY (`id`),
  ADD UNIQUE KEY `short` (`short`);

--
-- Indizes für die Tabelle `product_options_measure_diameter`
--
ALTER TABLE `product_options_measure_diameter`
  ADD PRIMARY KEY (`id`),
  ADD UNIQUE KEY `short` (`short`);

--
-- Indizes für die Tabelle `product_options_measure_height`
--
ALTER TABLE `product_options_measure_height`
  ADD PRIMARY KEY (`id`),
  ADD UNIQUE KEY `short` (`short`);

--
-- Indizes für die Tabelle `product_options_measure_length`
--
ALTER TABLE `product_options_measure_length`
  ADD PRIMARY KEY (`id`),
  ADD UNIQUE KEY `short` (`short`);

--
-- Indizes für die Tabelle `product_options_measure_width`
--
ALTER TABLE `product_options_measure_width`
  ADD PRIMARY KEY (`id`),
  ADD UNIQUE KEY `short` (`short`);

--
-- Indizes für die Tabelle `product_options_size`
--
ALTER TABLE `product_options_size`
  ADD PRIMARY KEY (`id`),
  ADD UNIQUE KEY `short` (`short`);

--
-- Indizes für die Tabelle `product_options_size_clothes_bra_cup`
--
ALTER TABLE `product_options_size_clothes_bra_cup`
  ADD PRIMARY KEY (`id`),
  ADD UNIQUE KEY `short` (`short`);

--
-- Indizes für die Tabelle `product_options_size_clothes_bra_size`
--
ALTER TABLE `product_options_size_clothes_bra_size`
  ADD PRIMARY KEY (`id`),
  ADD UNIQUE KEY `short` (`short`);

--
-- Indizes für die Tabelle `product_options_size_clothes_general`
--
ALTER TABLE `product_options_size_clothes_general`
  ADD PRIMARY KEY (`id`),
  ADD UNIQUE KEY `short` (`short`);

--
-- Indizes für die Tabelle `product_options_size_clothes_girth`
--
ALTER TABLE `product_options_size_clothes_girth`
  ADD PRIMARY KEY (`id`),
  ADD UNIQUE KEY `short` (`short`);

--
-- Indizes für die Tabelle `product_options_size_shoes`
--
ALTER TABLE `product_options_size_shoes`
  ADD PRIMARY KEY (`id`),
  ADD UNIQUE KEY `short` (`short`);

--
-- Indizes für die Tabelle `product_options_translation`
--
ALTER TABLE `product_options_translation`
  ADD PRIMARY KEY (`id`,`lang`);

--
-- Indizes für die Tabelle `product_options_weight`
--
ALTER TABLE `product_options_weight`
  ADD PRIMARY KEY (`id`),
  ADD UNIQUE KEY `short` (`short`);

--
-- Indizes für die Tabelle `product_option_items`
--
ALTER TABLE `product_option_items`
  ADD PRIMARY KEY (`id`),
  ADD UNIQUE KEY `short` (`short`),
  ADD KEY `media_image_id_idx` (`media_image_id`);

--
-- Indizes für die Tabelle `product_option_items_translation`
--
ALTER TABLE `product_option_items_translation`
  ADD PRIMARY KEY (`id`,`lang`);

--
-- Indizes für die Tabelle `product_option_model`
--
ALTER TABLE `product_option_model`
  ADD PRIMARY KEY (`id`),
  ADD UNIQUE KEY `short` (`short`),
  ADD KEY `model_name_id_idx` (`model_name_id`);

--
-- Indizes für die Tabelle `product_option_model_translation`
--
ALTER TABLE `product_option_model_translation`
  ADD PRIMARY KEY (`id`,`lang`);

--
-- Indizes für die Tabelle `product_order`
--
ALTER TABLE `product_order`
  ADD PRIMARY KEY (`id`),
  ADD KEY `coupon_id_idx` (`coupon_id`),
  ADD KEY `delivery_country_id_idx` (`delivery_country_id`),
  ADD KEY `billing_country_id_idx` (`billing_country_id`),
  ADD KEY `payment_service_id_idx` (`payment_service_id`),
  ADD KEY `entity_user_id_idx` (`entity_user_id`);

--
-- Indizes für die Tabelle `product_order_item`
--
ALTER TABLE `product_order_item`
  ADD PRIMARY KEY (`id`),
  ADD KEY `product_order_id` (`product_order_id`),
  ADD KEY `media_image_id_idx` (`media_image_id`),
  ADD KEY `media_id_idx` (`media_id`);

--
-- Indizes für die Tabelle `product_order_item_units`
--
ALTER TABLE `product_order_item_units`
  ADD PRIMARY KEY (`id`),
  ADD KEY `product_order_item_id` (`product_order_item_id`);

--
-- Indizes für die Tabelle `product_rating`
--
ALTER TABLE `product_rating`
  ADD PRIMARY KEY (`id`),
  ADD KEY `product_id` (`product_id`);

--
-- Indizes für die Tabelle `product_status`
--
ALTER TABLE `product_status`
  ADD PRIMARY KEY (`id`);

--
-- Indizes für die Tabelle `product_status_translation`
--
ALTER TABLE `product_status_translation`
  ADD PRIMARY KEY (`id`,`lang`);

--
-- Indizes für die Tabelle `product_translation`
--
ALTER TABLE `product_translation`
  ADD PRIMARY KEY (`id`,`lang`);

--
-- Indizes für die Tabelle `product_unit`
--
ALTER TABLE `product_unit`
  ADD PRIMARY KEY (`id`),
  ADD UNIQUE KEY `short` (`short`);

--
-- Indizes für die Tabelle `product_unit_translation`
--
ALTER TABLE `product_unit_translation`
  ADD PRIMARY KEY (`id`,`lang`);

--
-- Indizes für die Tabelle `protocol`
--
ALTER TABLE `protocol`
  ADD PRIMARY KEY (`id`),
  ADD KEY `commission_id_idx` (`commission_id`),
  ADD KEY `fr_media_id_idx` (`fr_media_id`),
  ADD KEY `de_media_id_idx` (`de_media_id`),
  ADD KEY `fr_presentation_media_id_idx` (`fr_presentation_media_id`),
  ADD KEY `de_presentation_media_id_idx` (`de_presentation_media_id`);

--
-- Indizes für die Tabelle `protocol_m2n_department`
--
ALTER TABLE `protocol_m2n_department`
  ADD PRIMARY KEY (`id`),
  ADD KEY `protocol_id_idx` (`protocol_id`),
  ADD KEY `department_id_idx` (`department_id`);

--
-- Indizes für die Tabelle `protocol_translation`
--
ALTER TABLE `protocol_translation`
  ADD PRIMARY KEY (`id`,`lang`);

--
-- Indizes für die Tabelle `refund`
--
ALTER TABLE `refund`
  ADD PRIMARY KEY (`id`),
  ADD UNIQUE KEY `short` (`short`);

--
-- Indizes für die Tabelle `remember_media_folder`
--
ALTER TABLE `remember_media_folder`
  ADD PRIMARY KEY (`id`),
  ADD KEY `entity_id_idx` (`entity_id`),
  ADD KEY `media_folder_id_idx` (`media_folder_id`),
  ADD KEY `model_column_name_id_idx` (`model_column_name_id`);

--
-- Indizes für die Tabelle `resource_translator`
--
ALTER TABLE `resource_translator`
  ADD PRIMARY KEY (`id`),
  ADD UNIQUE KEY `resource` (`resource`);

--
-- Indizes für die Tabelle `resource_translator_translation`
--
ALTER TABLE `resource_translator_translation`
  ADD PRIMARY KEY (`id`,`lang`);

--
-- Indizes für die Tabelle `role`
--
ALTER TABLE `role`
  ADD PRIMARY KEY (`id`),
  ADD UNIQUE KEY `short` (`short`),
  ADD KEY `role_id` (`role_id`),
  ADD KEY `short_idx` (`short`);

--
-- Indizes für die Tabelle `role_translation`
--
ALTER TABLE `role_translation`
  ADD PRIMARY KEY (`id`,`lang`);

--
-- Indizes für die Tabelle `sales_statistics`
--
ALTER TABLE `sales_statistics`
  ADD PRIMARY KEY (`id`),
  ADD KEY `media_image_id_idx_idx` (`media_image_id`);

--
-- Indizes für die Tabelle `sales_statistics_translation`
--
ALTER TABLE `sales_statistics_translation`
  ADD PRIMARY KEY (`id`,`lang`);

--
-- Indizes für die Tabelle `salutation`
--
ALTER TABLE `salutation`
  ADD PRIMARY KEY (`id`);

--
-- Indizes für die Tabelle `salutation_translation`
--
ALTER TABLE `salutation_translation`
  ADD PRIMARY KEY (`id`,`lang`);

--
-- Indizes für die Tabelle `shipping_cost`
--
ALTER TABLE `shipping_cost`
  ADD PRIMARY KEY (`id`),
  ADD UNIQUE KEY `short` (`short`);

--
-- Indizes für die Tabelle `shipping_country`
--
ALTER TABLE `shipping_country`
  ADD PRIMARY KEY (`id`),
  ADD KEY `country_id_idx` (`country_id`);

--
-- Indizes für die Tabelle `site_config`
--
ALTER TABLE `site_config`
  ADD PRIMARY KEY (`id`),
  ADD UNIQUE KEY `short` (`short`);

--
-- Indizes für die Tabelle `site_rights`
--
ALTER TABLE `site_rights`
  ADD PRIMARY KEY (`id`),
  ADD UNIQUE KEY `short` (`short`);

--
-- Indizes für die Tabelle `site_rights_translation`
--
ALTER TABLE `site_rights_translation`
  ADD PRIMARY KEY (`id`,`lang`);

--
-- Indizes für die Tabelle `tag`
--
ALTER TABLE `tag`
  ADD PRIMARY KEY (`id`),
  ADD UNIQUE KEY `short` (`short`);

--
-- Indizes für die Tabelle `taxes`
--
ALTER TABLE `taxes`
  ADD PRIMARY KEY (`id`);

--
-- Indizes für die Tabelle `team`
--
ALTER TABLE `team`
  ADD PRIMARY KEY (`id`),
  ADD UNIQUE KEY `short` (`short`),
  ADD KEY `media_image_id_idx` (`media_image_id`),
  ADD KEY `position_idx` (`position`);

--
-- Indizes für die Tabelle `team_translation`
--
ALTER TABLE `team_translation`
  ADD PRIMARY KEY (`id`,`lang`);

--
-- Indizes für die Tabelle `temporary_offer`
--
ALTER TABLE `temporary_offer`
  ADD PRIMARY KEY (`id`),
  ADD KEY `product_id` (`product_id`);

--
-- Indizes für die Tabelle `territory`
--
ALTER TABLE `territory`
  ADD PRIMARY KEY (`id`),
  ADD KEY `territory_iso_nr_idx` (`territory_iso_nr`),
  ADD KEY `iso_nr` (`iso_nr`);

--
-- Indizes für die Tabelle `territory_translation`
--
ALTER TABLE `territory_translation`
  ADD PRIMARY KEY (`id`,`lang`);

--
-- Indizes für die Tabelle `tinymce_template`
--
ALTER TABLE `tinymce_template`
  ADD PRIMARY KEY (`id`),
  ADD UNIQUE KEY `short` (`short`);

--
-- Indizes für die Tabelle `translator`
--
ALTER TABLE `translator`
  ADD PRIMARY KEY (`id`),
  ADD UNIQUE KEY `short` (`short`);

--
-- Indizes für die Tabelle `translator_translation`
--
ALTER TABLE `translator_translation`
  ADD PRIMARY KEY (`id`,`lang`);

--
-- AUTO_INCREMENT für exportierte Tabellen
--

--
-- AUTO_INCREMENT für Tabelle `action`
--
ALTER TABLE `action`
  MODIFY `id` bigint(20) UNSIGNED NOT NULL AUTO_INCREMENT, AUTO_INCREMENT=651;
--
-- AUTO_INCREMENT für Tabelle `activation`
--
ALTER TABLE `activation`
  MODIFY `id` bigint(20) UNSIGNED NOT NULL AUTO_INCREMENT;
--
-- AUTO_INCREMENT für Tabelle `address`
--
ALTER TABLE `address`
  MODIFY `id` bigint(20) UNSIGNED NOT NULL AUTO_INCREMENT;
--
-- AUTO_INCREMENT für Tabelle `assembly`
--
ALTER TABLE `assembly`
  MODIFY `id` bigint(20) UNSIGNED NOT NULL AUTO_INCREMENT;
--
-- AUTO_INCREMENT für Tabelle `assembly_m2n_department`
--
ALTER TABLE `assembly_m2n_department`
  MODIFY `id` bigint(20) UNSIGNED NOT NULL AUTO_INCREMENT;
--
-- AUTO_INCREMENT für Tabelle `backend_admin_boxes`
--
ALTER TABLE `backend_admin_boxes`
  MODIFY `id` bigint(20) UNSIGNED NOT NULL AUTO_INCREMENT;
--
-- AUTO_INCREMENT für Tabelle `backend_admin_boxes_action`
--
ALTER TABLE `backend_admin_boxes_action`
  MODIFY `id` bigint(20) UNSIGNED NOT NULL AUTO_INCREMENT;
--
-- AUTO_INCREMENT für Tabelle `backend_admin_boxes_action_m2n_backend_admin_boxes`
--
ALTER TABLE `backend_admin_boxes_action_m2n_backend_admin_boxes`
  MODIFY `id` bigint(20) UNSIGNED NOT NULL AUTO_INCREMENT;
--
-- AUTO_INCREMENT für Tabelle `background_image`
--
ALTER TABLE `background_image`
  MODIFY `id` bigint(20) UNSIGNED NOT NULL AUTO_INCREMENT;
--
-- AUTO_INCREMENT für Tabelle `blog`
--
ALTER TABLE `blog`
  MODIFY `id` bigint(20) UNSIGNED NOT NULL AUTO_INCREMENT;
--
-- AUTO_INCREMENT für Tabelle `commission`
--
ALTER TABLE `commission`
  MODIFY `id` bigint(20) UNSIGNED NOT NULL AUTO_INCREMENT, AUTO_INCREMENT=11;
--
-- AUTO_INCREMENT für Tabelle `commission_m2n_media_image`
--
ALTER TABLE `commission_m2n_media_image`
  MODIFY `id` bigint(20) UNSIGNED NOT NULL AUTO_INCREMENT;
--
-- AUTO_INCREMENT für Tabelle `content_box`
--
ALTER TABLE `content_box`
  MODIFY `id` bigint(20) UNSIGNED NOT NULL AUTO_INCREMENT;
--
-- AUTO_INCREMENT für Tabelle `contract_type`
--
ALTER TABLE `contract_type`
  MODIFY `id` bigint(20) UNSIGNED NOT NULL AUTO_INCREMENT, AUTO_INCREMENT=3;
--
-- AUTO_INCREMENT für Tabelle `controller`
--
ALTER TABLE `controller`
  MODIFY `id` bigint(20) UNSIGNED NOT NULL AUTO_INCREMENT, AUTO_INCREMENT=131;
--
-- AUTO_INCREMENT für Tabelle `country`
--
ALTER TABLE `country`
  MODIFY `id` bigint(20) UNSIGNED NOT NULL AUTO_INCREMENT, AUTO_INCREMENT=244;
--
-- AUTO_INCREMENT für Tabelle `country_zone`
--
ALTER TABLE `country_zone`
  MODIFY `id` bigint(20) UNSIGNED NOT NULL AUTO_INCREMENT, AUTO_INCREMENT=495;
--
-- AUTO_INCREMENT für Tabelle `coupon`
--
ALTER TABLE `coupon`
  MODIFY `id` bigint(20) UNSIGNED NOT NULL AUTO_INCREMENT;
--
-- AUTO_INCREMENT für Tabelle `coupon_history`
--
ALTER TABLE `coupon_history`
  MODIFY `id` bigint(20) UNSIGNED NOT NULL AUTO_INCREMENT;
--
-- AUTO_INCREMENT für Tabelle `cross_sell`
--
ALTER TABLE `cross_sell`
  MODIFY `id` bigint(20) UNSIGNED NOT NULL AUTO_INCREMENT;
--
-- AUTO_INCREMENT für Tabelle `currency`
--
ALTER TABLE `currency`
  MODIFY `id` bigint(20) UNSIGNED NOT NULL AUTO_INCREMENT, AUTO_INCREMENT=176;
--
-- AUTO_INCREMENT für Tabelle `dates`
--
ALTER TABLE `dates`
  MODIFY `id` bigint(20) UNSIGNED NOT NULL AUTO_INCREMENT, AUTO_INCREMENT=4;
--
-- AUTO_INCREMENT für Tabelle `dates_m2n_department`
--
ALTER TABLE `dates_m2n_department`
  MODIFY `id` bigint(20) UNSIGNED NOT NULL AUTO_INCREMENT, AUTO_INCREMENT=4;
--
-- AUTO_INCREMENT für Tabelle `dates_participants`
--
ALTER TABLE `dates_participants`
  MODIFY `id` bigint(20) UNSIGNED NOT NULL AUTO_INCREMENT;
--
-- AUTO_INCREMENT für Tabelle `delivery_time`
--
ALTER TABLE `delivery_time`
  MODIFY `id` bigint(20) UNSIGNED NOT NULL AUTO_INCREMENT;
--
-- AUTO_INCREMENT für Tabelle `department`
--
ALTER TABLE `department`
  MODIFY `id` bigint(20) UNSIGNED NOT NULL AUTO_INCREMENT, AUTO_INCREMENT=6;
--
-- AUTO_INCREMENT für Tabelle `email_template`
--
ALTER TABLE `email_template`
  MODIFY `id` bigint(20) UNSIGNED NOT NULL AUTO_INCREMENT, AUTO_INCREMENT=17;
--
-- AUTO_INCREMENT für Tabelle `email_template_m2n_email_template_part`
--
ALTER TABLE `email_template_m2n_email_template_part`
  MODIFY `id` bigint(20) UNSIGNED NOT NULL AUTO_INCREMENT, AUTO_INCREMENT=55;
--
-- AUTO_INCREMENT für Tabelle `email_template_part`
--
ALTER TABLE `email_template_part`
  MODIFY `id` bigint(20) UNSIGNED NOT NULL AUTO_INCREMENT, AUTO_INCREMENT=20;
--
-- AUTO_INCREMENT für Tabelle `email_template_replacement`
--
ALTER TABLE `email_template_replacement`
  MODIFY `id` bigint(20) UNSIGNED NOT NULL AUTO_INCREMENT, AUTO_INCREMENT=19;
--
-- AUTO_INCREMENT für Tabelle `entity`
--
ALTER TABLE `entity`
  MODIFY `id` bigint(20) UNSIGNED NOT NULL AUTO_INCREMENT, AUTO_INCREMENT=8;
--
-- AUTO_INCREMENT für Tabelle `entity_log`
--
ALTER TABLE `entity_log`
  MODIFY `id` bigint(20) UNSIGNED NOT NULL AUTO_INCREMENT, AUTO_INCREMENT=112;
--
-- AUTO_INCREMENT für Tabelle `entity_log_message`
--
ALTER TABLE `entity_log_message`
  MODIFY `id` bigint(20) UNSIGNED NOT NULL AUTO_INCREMENT, AUTO_INCREMENT=5;
--
-- AUTO_INCREMENT für Tabelle `entity_model_list_config`
--
ALTER TABLE `entity_model_list_config`
  MODIFY `id` bigint(20) UNSIGNED NOT NULL AUTO_INCREMENT, AUTO_INCREMENT=84;
--
-- AUTO_INCREMENT für Tabelle `etage`
--
ALTER TABLE `etage`
  MODIFY `id` bigint(20) UNSIGNED NOT NULL AUTO_INCREMENT;
--
-- AUTO_INCREMENT für Tabelle `events`
--
ALTER TABLE `events`
  MODIFY `id` bigint(20) UNSIGNED NOT NULL AUTO_INCREMENT;
--
-- AUTO_INCREMENT für Tabelle `faq`
--
ALTER TABLE `faq`
  MODIFY `id` bigint(20) UNSIGNED NOT NULL AUTO_INCREMENT;
--
-- AUTO_INCREMENT für Tabelle `flyer`
--
ALTER TABLE `flyer`
  MODIFY `id` bigint(20) UNSIGNED NOT NULL AUTO_INCREMENT;
--
-- AUTO_INCREMENT für Tabelle `flyer_images`
--
ALTER TABLE `flyer_images`
  MODIFY `id` bigint(20) UNSIGNED NOT NULL AUTO_INCREMENT;
--
-- AUTO_INCREMENT für Tabelle `holiday`
--
ALTER TABLE `holiday`
  MODIFY `id` bigint(20) UNSIGNED NOT NULL AUTO_INCREMENT;
--
-- AUTO_INCREMENT für Tabelle `house_types`
--
ALTER TABLE `house_types`
  MODIFY `id` bigint(20) UNSIGNED NOT NULL AUTO_INCREMENT;
--
-- AUTO_INCREMENT für Tabelle `image_config`
--
ALTER TABLE `image_config`
  MODIFY `id` bigint(20) UNSIGNED NOT NULL AUTO_INCREMENT, AUTO_INCREMENT=6;
--
-- AUTO_INCREMENT für Tabelle `info_page`
--
ALTER TABLE `info_page`
  MODIFY `id` bigint(20) UNSIGNED NOT NULL AUTO_INCREMENT, AUTO_INCREMENT=2;
--
-- AUTO_INCREMENT für Tabelle `kanton`
--
ALTER TABLE `kanton`
  MODIFY `id` bigint(20) UNSIGNED NOT NULL AUTO_INCREMENT;
--
-- AUTO_INCREMENT für Tabelle `language`
--
ALTER TABLE `language`
  MODIFY `id` bigint(20) UNSIGNED NOT NULL AUTO_INCREMENT, AUTO_INCREMENT=191;
--
-- AUTO_INCREMENT für Tabelle `media`
--
ALTER TABLE `media`
  MODIFY `id` bigint(20) UNSIGNED NOT NULL AUTO_INCREMENT, AUTO_INCREMENT=88;
--
-- AUTO_INCREMENT für Tabelle `media_config`
--
ALTER TABLE `media_config`
  MODIFY `id` bigint(20) UNSIGNED NOT NULL AUTO_INCREMENT;
--
-- AUTO_INCREMENT für Tabelle `media_folder`
--
ALTER TABLE `media_folder`
  MODIFY `id` bigint(20) UNSIGNED NOT NULL AUTO_INCREMENT, AUTO_INCREMENT=46;
--
-- AUTO_INCREMENT für Tabelle `media_image_m2n_action`
--
ALTER TABLE `media_image_m2n_action`
  MODIFY `id` bigint(20) UNSIGNED NOT NULL AUTO_INCREMENT, AUTO_INCREMENT=12;
--
-- AUTO_INCREMENT für Tabelle `media_image_m2n_info_page`
--
ALTER TABLE `media_image_m2n_info_page`
  MODIFY `id` bigint(20) UNSIGNED NOT NULL AUTO_INCREMENT;
--
-- AUTO_INCREMENT für Tabelle `media_type`
--
ALTER TABLE `media_type`
  MODIFY `id` bigint(20) UNSIGNED NOT NULL AUTO_INCREMENT, AUTO_INCREMENT=5;
--
-- AUTO_INCREMENT für Tabelle `meta_configuration`
--
ALTER TABLE `meta_configuration`
  MODIFY `id` bigint(20) UNSIGNED NOT NULL AUTO_INCREMENT, AUTO_INCREMENT=13;
--
-- AUTO_INCREMENT für Tabelle `model_column_name`
--
ALTER TABLE `model_column_name`
  MODIFY `id` bigint(20) UNSIGNED NOT NULL AUTO_INCREMENT, AUTO_INCREMENT=1734;
--
-- AUTO_INCREMENT für Tabelle `model_column_name_edit_as`
--
ALTER TABLE `model_column_name_edit_as`
  MODIFY `id` bigint(20) UNSIGNED NOT NULL AUTO_INCREMENT;
--
-- AUTO_INCREMENT für Tabelle `model_list`
--
ALTER TABLE `model_list`
  MODIFY `id` bigint(20) UNSIGNED NOT NULL AUTO_INCREMENT, AUTO_INCREMENT=1361;
--
-- AUTO_INCREMENT für Tabelle `model_list_column`
--
ALTER TABLE `model_list_column`
  MODIFY `id` bigint(20) UNSIGNED NOT NULL AUTO_INCREMENT, AUTO_INCREMENT=8287;
--
-- AUTO_INCREMENT für Tabelle `model_list_column_export`
--
ALTER TABLE `model_list_column_export`
  MODIFY `id` bigint(20) UNSIGNED NOT NULL AUTO_INCREMENT, AUTO_INCREMENT=10;
--
-- AUTO_INCREMENT für Tabelle `model_list_connection`
--
ALTER TABLE `model_list_connection`
  MODIFY `id` bigint(20) UNSIGNED NOT NULL AUTO_INCREMENT, AUTO_INCREMENT=59;
--
-- AUTO_INCREMENT für Tabelle `model_list_edit_ignore`
--
ALTER TABLE `model_list_edit_ignore`
  MODIFY `id` bigint(20) UNSIGNED NOT NULL AUTO_INCREMENT;
--
-- AUTO_INCREMENT für Tabelle `model_list_export`
--
ALTER TABLE `model_list_export`
  MODIFY `id` bigint(20) UNSIGNED NOT NULL AUTO_INCREMENT, AUTO_INCREMENT=3;
--
-- AUTO_INCREMENT für Tabelle `model_list_where`
--
ALTER TABLE `model_list_where`
  MODIFY `id` bigint(20) UNSIGNED NOT NULL AUTO_INCREMENT, AUTO_INCREMENT=2032;
--
-- AUTO_INCREMENT für Tabelle `model_marked_for_editor`
--
ALTER TABLE `model_marked_for_editor`
  MODIFY `id` bigint(20) UNSIGNED NOT NULL AUTO_INCREMENT;
--
-- AUTO_INCREMENT für Tabelle `model_name`
--
ALTER TABLE `model_name`
  MODIFY `id` bigint(20) UNSIGNED NOT NULL AUTO_INCREMENT, AUTO_INCREMENT=147;
--
-- AUTO_INCREMENT für Tabelle `module`
--
ALTER TABLE `module`
  MODIFY `id` bigint(20) UNSIGNED NOT NULL AUTO_INCREMENT, AUTO_INCREMENT=6;
--
-- AUTO_INCREMENT für Tabelle `navigation`
--
ALTER TABLE `navigation`
  MODIFY `id` bigint(20) UNSIGNED NOT NULL AUTO_INCREMENT, AUTO_INCREMENT=2;
--
-- AUTO_INCREMENT für Tabelle `news`
--
ALTER TABLE `news`
  MODIFY `id` bigint(20) UNSIGNED NOT NULL AUTO_INCREMENT, AUTO_INCREMENT=4;
--
-- AUTO_INCREMENT für Tabelle `newsletter`
--
ALTER TABLE `newsletter`
  MODIFY `id` bigint(20) UNSIGNED NOT NULL AUTO_INCREMENT;
--
-- AUTO_INCREMENT für Tabelle `newsletter_subscriber`
--
ALTER TABLE `newsletter_subscriber`
  MODIFY `id` bigint(20) UNSIGNED NOT NULL AUTO_INCREMENT;
--
-- AUTO_INCREMENT für Tabelle `newsletter_subscriber_type`
--
ALTER TABLE `newsletter_subscriber_type`
  MODIFY `id` bigint(20) UNSIGNED NOT NULL AUTO_INCREMENT;
--
-- AUTO_INCREMENT für Tabelle `news_m2n_department`
--
ALTER TABLE `news_m2n_department`
  MODIFY `id` bigint(20) UNSIGNED NOT NULL AUTO_INCREMENT, AUTO_INCREMENT=8;
--
-- AUTO_INCREMENT für Tabelle `otc`
--
ALTER TABLE `otc`
  MODIFY `id` bigint(20) UNSIGNED NOT NULL AUTO_INCREMENT, AUTO_INCREMENT=2;
--
-- AUTO_INCREMENT für Tabelle `otc_m2n_department`
--
ALTER TABLE `otc_m2n_department`
  MODIFY `id` bigint(20) UNSIGNED NOT NULL AUTO_INCREMENT, AUTO_INCREMENT=2;
--
-- AUTO_INCREMENT für Tabelle `param_translator`
--
ALTER TABLE `param_translator`
  MODIFY `id` bigint(20) UNSIGNED NOT NULL AUTO_INCREMENT, AUTO_INCREMENT=3;
--
-- AUTO_INCREMENT für Tabelle `payment_service`
--
ALTER TABLE `payment_service`
  MODIFY `id` bigint(20) UNSIGNED NOT NULL AUTO_INCREMENT;
--
-- AUTO_INCREMENT für Tabelle `plugin`
--
ALTER TABLE `plugin`
  MODIFY `id` bigint(20) UNSIGNED NOT NULL AUTO_INCREMENT;
--
-- AUTO_INCREMENT für Tabelle `producer`
--
ALTER TABLE `producer`
  MODIFY `id` bigint(20) UNSIGNED NOT NULL AUTO_INCREMENT;
--
-- AUTO_INCREMENT für Tabelle `product`
--
ALTER TABLE `product`
  MODIFY `id` bigint(20) UNSIGNED NOT NULL AUTO_INCREMENT;
--
-- AUTO_INCREMENT für Tabelle `products_options`
--
ALTER TABLE `products_options`
  MODIFY `id` bigint(20) UNSIGNED NOT NULL AUTO_INCREMENT;
--
-- AUTO_INCREMENT für Tabelle `product_group`
--
ALTER TABLE `product_group`
  MODIFY `id` bigint(20) UNSIGNED NOT NULL AUTO_INCREMENT;
--
-- AUTO_INCREMENT für Tabelle `product_information`
--
ALTER TABLE `product_information`
  MODIFY `id` bigint(20) UNSIGNED NOT NULL AUTO_INCREMENT;
--
-- AUTO_INCREMENT für Tabelle `product_m2n_media_image`
--
ALTER TABLE `product_m2n_media_image`
  MODIFY `id` bigint(20) UNSIGNED NOT NULL AUTO_INCREMENT;
--
-- AUTO_INCREMENT für Tabelle `product_m2n_product_group`
--
ALTER TABLE `product_m2n_product_group`
  MODIFY `id` bigint(20) UNSIGNED NOT NULL AUTO_INCREMENT;
--
-- AUTO_INCREMENT für Tabelle `product_m2n_product_option_model`
--
ALTER TABLE `product_m2n_product_option_model`
  MODIFY `id` bigint(20) UNSIGNED NOT NULL AUTO_INCREMENT;
--
-- AUTO_INCREMENT für Tabelle `product_m2n_product_option_model_values`
--
ALTER TABLE `product_m2n_product_option_model_values`
  MODIFY `id` bigint(20) UNSIGNED NOT NULL AUTO_INCREMENT;
--
-- AUTO_INCREMENT für Tabelle `product_m2n_tag`
--
ALTER TABLE `product_m2n_tag`
  MODIFY `id` bigint(20) UNSIGNED NOT NULL AUTO_INCREMENT;
--
-- AUTO_INCREMENT für Tabelle `product_options`
--
ALTER TABLE `product_options`
  MODIFY `id` bigint(20) UNSIGNED NOT NULL AUTO_INCREMENT;
--
-- AUTO_INCREMENT für Tabelle `product_options_amount_liquid`
--
ALTER TABLE `product_options_amount_liquid`
  MODIFY `id` bigint(20) UNSIGNED NOT NULL AUTO_INCREMENT;
--
-- AUTO_INCREMENT für Tabelle `product_options_amount_piece`
--
ALTER TABLE `product_options_amount_piece`
  MODIFY `id` bigint(20) UNSIGNED NOT NULL AUTO_INCREMENT;
--
-- AUTO_INCREMENT für Tabelle `product_options_color`
--
ALTER TABLE `product_options_color`
  MODIFY `id` bigint(20) UNSIGNED NOT NULL AUTO_INCREMENT;
--
-- AUTO_INCREMENT für Tabelle `product_options_form`
--
ALTER TABLE `product_options_form`
  MODIFY `id` bigint(20) UNSIGNED NOT NULL AUTO_INCREMENT;
--
-- AUTO_INCREMENT für Tabelle `product_options_general`
--
ALTER TABLE `product_options_general`
  MODIFY `id` bigint(20) UNSIGNED NOT NULL AUTO_INCREMENT;
--
-- AUTO_INCREMENT für Tabelle `product_options_m2n_product_option_items`
--
ALTER TABLE `product_options_m2n_product_option_items`
  MODIFY `id` bigint(20) UNSIGNED NOT NULL AUTO_INCREMENT;
--
-- AUTO_INCREMENT für Tabelle `product_options_measure_circumference`
--
ALTER TABLE `product_options_measure_circumference`
  MODIFY `id` bigint(20) UNSIGNED NOT NULL AUTO_INCREMENT;
--
-- AUTO_INCREMENT für Tabelle `product_options_measure_depth`
--
ALTER TABLE `product_options_measure_depth`
  MODIFY `id` bigint(20) UNSIGNED NOT NULL AUTO_INCREMENT;
--
-- AUTO_INCREMENT für Tabelle `product_options_measure_diameter`
--
ALTER TABLE `product_options_measure_diameter`
  MODIFY `id` bigint(20) UNSIGNED NOT NULL AUTO_INCREMENT;
--
-- AUTO_INCREMENT für Tabelle `product_options_measure_height`
--
ALTER TABLE `product_options_measure_height`
  MODIFY `id` bigint(20) UNSIGNED NOT NULL AUTO_INCREMENT;
--
-- AUTO_INCREMENT für Tabelle `product_options_measure_length`
--
ALTER TABLE `product_options_measure_length`
  MODIFY `id` bigint(20) UNSIGNED NOT NULL AUTO_INCREMENT;
--
-- AUTO_INCREMENT für Tabelle `product_options_measure_width`
--
ALTER TABLE `product_options_measure_width`
  MODIFY `id` bigint(20) UNSIGNED NOT NULL AUTO_INCREMENT;
--
-- AUTO_INCREMENT für Tabelle `product_options_size`
--
ALTER TABLE `product_options_size`
  MODIFY `id` bigint(20) UNSIGNED NOT NULL AUTO_INCREMENT;
--
-- AUTO_INCREMENT für Tabelle `product_options_size_clothes_bra_cup`
--
ALTER TABLE `product_options_size_clothes_bra_cup`
  MODIFY `id` bigint(20) UNSIGNED NOT NULL AUTO_INCREMENT;
--
-- AUTO_INCREMENT für Tabelle `product_options_size_clothes_bra_size`
--
ALTER TABLE `product_options_size_clothes_bra_size`
  MODIFY `id` bigint(20) UNSIGNED NOT NULL AUTO_INCREMENT;
--
-- AUTO_INCREMENT für Tabelle `product_options_size_clothes_general`
--
ALTER TABLE `product_options_size_clothes_general`
  MODIFY `id` bigint(20) UNSIGNED NOT NULL AUTO_INCREMENT;
--
-- AUTO_INCREMENT für Tabelle `product_options_size_clothes_girth`
--
ALTER TABLE `product_options_size_clothes_girth`
  MODIFY `id` bigint(20) UNSIGNED NOT NULL AUTO_INCREMENT;
--
-- AUTO_INCREMENT für Tabelle `product_options_size_shoes`
--
ALTER TABLE `product_options_size_shoes`
  MODIFY `id` bigint(20) UNSIGNED NOT NULL AUTO_INCREMENT;
--
-- AUTO_INCREMENT für Tabelle `product_options_weight`
--
ALTER TABLE `product_options_weight`
  MODIFY `id` bigint(20) UNSIGNED NOT NULL AUTO_INCREMENT;
--
-- AUTO_INCREMENT für Tabelle `product_option_items`
--
ALTER TABLE `product_option_items`
  MODIFY `id` bigint(20) UNSIGNED NOT NULL AUTO_INCREMENT;
--
-- AUTO_INCREMENT für Tabelle `product_option_model`
--
ALTER TABLE `product_option_model`
  MODIFY `id` bigint(20) UNSIGNED NOT NULL AUTO_INCREMENT;
--
-- AUTO_INCREMENT für Tabelle `product_order`
--
ALTER TABLE `product_order`
  MODIFY `id` bigint(20) UNSIGNED NOT NULL AUTO_INCREMENT;
--
-- AUTO_INCREMENT für Tabelle `product_order_item`
--
ALTER TABLE `product_order_item`
  MODIFY `id` bigint(20) UNSIGNED NOT NULL AUTO_INCREMENT;
--
-- AUTO_INCREMENT für Tabelle `product_order_item_units`
--
ALTER TABLE `product_order_item_units`
  MODIFY `id` bigint(20) UNSIGNED NOT NULL AUTO_INCREMENT;
--
-- AUTO_INCREMENT für Tabelle `product_rating`
--
ALTER TABLE `product_rating`
  MODIFY `id` bigint(20) UNSIGNED NOT NULL AUTO_INCREMENT;
--
-- AUTO_INCREMENT für Tabelle `product_status`
--
ALTER TABLE `product_status`
  MODIFY `id` bigint(20) UNSIGNED NOT NULL AUTO_INCREMENT;
--
-- AUTO_INCREMENT für Tabelle `product_unit`
--
ALTER TABLE `product_unit`
  MODIFY `id` bigint(20) UNSIGNED NOT NULL AUTO_INCREMENT;
--
-- AUTO_INCREMENT für Tabelle `protocol`
--
ALTER TABLE `protocol`
  MODIFY `id` bigint(20) UNSIGNED NOT NULL AUTO_INCREMENT, AUTO_INCREMENT=8;
--
-- AUTO_INCREMENT für Tabelle `protocol_m2n_department`
--
ALTER TABLE `protocol_m2n_department`
  MODIFY `id` bigint(20) UNSIGNED NOT NULL AUTO_INCREMENT, AUTO_INCREMENT=8;
--
-- AUTO_INCREMENT für Tabelle `refund`
--
ALTER TABLE `refund`
  MODIFY `id` bigint(20) UNSIGNED NOT NULL AUTO_INCREMENT;
--
-- AUTO_INCREMENT für Tabelle `remember_media_folder`
--
ALTER TABLE `remember_media_folder`
  MODIFY `id` bigint(20) UNSIGNED NOT NULL AUTO_INCREMENT, AUTO_INCREMENT=27;
--
-- AUTO_INCREMENT für Tabelle `resource_translator`
--
ALTER TABLE `resource_translator`
  MODIFY `id` bigint(20) UNSIGNED NOT NULL AUTO_INCREMENT, AUTO_INCREMENT=7;
--
-- AUTO_INCREMENT für Tabelle `role`
--
ALTER TABLE `role`
  MODIFY `id` int(10) UNSIGNED NOT NULL AUTO_INCREMENT, AUTO_INCREMENT=7;
--
-- AUTO_INCREMENT für Tabelle `sales_statistics`
--
ALTER TABLE `sales_statistics`
  MODIFY `id` bigint(20) UNSIGNED NOT NULL AUTO_INCREMENT, AUTO_INCREMENT=18;
--
-- AUTO_INCREMENT für Tabelle `salutation`
--
ALTER TABLE `salutation`
  MODIFY `id` bigint(20) UNSIGNED NOT NULL AUTO_INCREMENT, AUTO_INCREMENT=3;
--
-- AUTO_INCREMENT für Tabelle `shipping_cost`
--
ALTER TABLE `shipping_cost`
  MODIFY `id` bigint(20) UNSIGNED NOT NULL AUTO_INCREMENT;
--
-- AUTO_INCREMENT für Tabelle `shipping_country`
--
ALTER TABLE `shipping_country`
  MODIFY `id` bigint(20) UNSIGNED NOT NULL AUTO_INCREMENT;
--
-- AUTO_INCREMENT für Tabelle `site_config`
--
ALTER TABLE `site_config`
  MODIFY `id` bigint(20) UNSIGNED NOT NULL AUTO_INCREMENT, AUTO_INCREMENT=21;
--
-- AUTO_INCREMENT für Tabelle `site_rights`
--
ALTER TABLE `site_rights`
  MODIFY `id` bigint(20) UNSIGNED NOT NULL AUTO_INCREMENT, AUTO_INCREMENT=8;
--
-- AUTO_INCREMENT für Tabelle `tag`
--
ALTER TABLE `tag`
  MODIFY `id` bigint(20) UNSIGNED NOT NULL AUTO_INCREMENT;
--
-- AUTO_INCREMENT für Tabelle `taxes`
--
ALTER TABLE `taxes`
  MODIFY `id` bigint(20) UNSIGNED NOT NULL AUTO_INCREMENT;
--
-- AUTO_INCREMENT für Tabelle `team`
--
ALTER TABLE `team`
  MODIFY `id` bigint(20) UNSIGNED NOT NULL AUTO_INCREMENT;
--
-- AUTO_INCREMENT für Tabelle `temporary_offer`
--
ALTER TABLE `temporary_offer`
  MODIFY `id` bigint(20) UNSIGNED NOT NULL AUTO_INCREMENT;
--
-- AUTO_INCREMENT für Tabelle `territory`
--
ALTER TABLE `territory`
  MODIFY `id` bigint(20) UNSIGNED NOT NULL AUTO_INCREMENT, AUTO_INCREMENT=31;
--
-- AUTO_INCREMENT für Tabelle `tinymce_template`
--
ALTER TABLE `tinymce_template`
  MODIFY `id` bigint(20) UNSIGNED NOT NULL AUTO_INCREMENT;
--
-- AUTO_INCREMENT für Tabelle `translator`
--
ALTER TABLE `translator`
  MODIFY `id` bigint(20) UNSIGNED NOT NULL AUTO_INCREMENT, AUTO_INCREMENT=1281;
--
-- Constraints der exportierten Tabellen
--

--
-- Constraints der Tabelle `action`
--
ALTER TABLE `action`
  ADD CONSTRAINT `action_controller_id_controller_id` FOREIGN KEY (`controller_id`) REFERENCES `controller` (`id`),
  ADD CONSTRAINT `action_role_id_role_id` FOREIGN KEY (`role_id`) REFERENCES `role` (`id`);

--
-- Constraints der Tabelle `action_translation`
--
ALTER TABLE `action_translation`
  ADD CONSTRAINT `action_translation_id_action_id` FOREIGN KEY (`id`) REFERENCES `action` (`id`) ON DELETE CASCADE ON UPDATE CASCADE;

--
-- Constraints der Tabelle `address`
--
ALTER TABLE `address`
  ADD CONSTRAINT `address_etage_id_etage_id` FOREIGN KEY (`etage_id`) REFERENCES `etage` (`id`),
  ADD CONSTRAINT `address_house_type_id_house_types_id` FOREIGN KEY (`house_type_id`) REFERENCES `house_types` (`id`),
  ADD CONSTRAINT `address_product_order_id_product_order_id` FOREIGN KEY (`product_order_id`) REFERENCES `product_order` (`id`);

--
-- Constraints der Tabelle `assembly`
--
ALTER TABLE `assembly`
  ADD CONSTRAINT `assembly_de_media_id_media_id` FOREIGN KEY (`de_media_id`) REFERENCES `media` (`id`),
  ADD CONSTRAINT `assembly_de_presentation_media_id_media_id` FOREIGN KEY (`de_presentation_media_id`) REFERENCES `media` (`id`),
  ADD CONSTRAINT `assembly_fr_media_id_media_id` FOREIGN KEY (`fr_media_id`) REFERENCES `media` (`id`),
  ADD CONSTRAINT `assembly_fr_presentation_media_id_media_id` FOREIGN KEY (`fr_presentation_media_id`) REFERENCES `media` (`id`);

--
-- Constraints der Tabelle `assembly_m2n_department`
--
ALTER TABLE `assembly_m2n_department`
  ADD CONSTRAINT `assembly_m2n_department_assembly_id_assembly_id` FOREIGN KEY (`assembly_id`) REFERENCES `assembly` (`id`),
  ADD CONSTRAINT `assembly_m2n_department_department_id_department_id` FOREIGN KEY (`department_id`) REFERENCES `department` (`id`);

--
-- Constraints der Tabelle `assembly_translation`
--
ALTER TABLE `assembly_translation`
  ADD CONSTRAINT `assembly_translation_id_assembly_id` FOREIGN KEY (`id`) REFERENCES `assembly` (`id`) ON DELETE CASCADE ON UPDATE CASCADE;

--
-- Constraints der Tabelle `backend_admin_boxes_action`
--
ALTER TABLE `backend_admin_boxes_action`
  ADD CONSTRAINT `backend_admin_boxes_action_action_id_action_id` FOREIGN KEY (`action_id`) REFERENCES `action` (`id`),
  ADD CONSTRAINT `backend_admin_boxes_action_model_name_id_model_name_id` FOREIGN KEY (`model_name_id`) REFERENCES `model_name` (`id`);

--
-- Constraints der Tabelle `backend_admin_boxes_action_m2n_backend_admin_boxes`
--
ALTER TABLE `backend_admin_boxes_action_m2n_backend_admin_boxes`
  ADD CONSTRAINT `bbbi` FOREIGN KEY (`backend_admin_boxes_action_id`) REFERENCES `backend_admin_boxes_action` (`id`),
  ADD CONSTRAINT `bbbi_1` FOREIGN KEY (`backend_admin_boxes_id`) REFERENCES `backend_admin_boxes` (`id`);

--
-- Constraints der Tabelle `backend_admin_boxes_action_translation`
--
ALTER TABLE `backend_admin_boxes_action_translation`
  ADD CONSTRAINT `bibi_1` FOREIGN KEY (`id`) REFERENCES `backend_admin_boxes_action` (`id`) ON DELETE CASCADE ON UPDATE CASCADE;

--
-- Constraints der Tabelle `backend_admin_boxes_translation`
--
ALTER TABLE `backend_admin_boxes_translation`
  ADD CONSTRAINT `backend_admin_boxes_translation_id_backend_admin_boxes_id` FOREIGN KEY (`id`) REFERENCES `backend_admin_boxes` (`id`) ON DELETE CASCADE ON UPDATE CASCADE;

--
-- Constraints der Tabelle `background_image`
--
ALTER TABLE `background_image`
  ADD CONSTRAINT `background_image_action_id_action_id` FOREIGN KEY (`action_id`) REFERENCES `action` (`id`),
  ADD CONSTRAINT `background_image_media_image_id_media_id` FOREIGN KEY (`media_image_id`) REFERENCES `media` (`id`);

--
-- Constraints der Tabelle `blog_translation`
--
ALTER TABLE `blog_translation`
  ADD CONSTRAINT `blog_translation_id_blog_id` FOREIGN KEY (`id`) REFERENCES `blog` (`id`) ON DELETE CASCADE ON UPDATE CASCADE;

--
-- Constraints der Tabelle `commission`
--
ALTER TABLE `commission`
  ADD CONSTRAINT `commission_media_image_id_media_id` FOREIGN KEY (`media_image_id`) REFERENCES `media` (`id`);

--
-- Constraints der Tabelle `commission_m2n_media_image`
--
ALTER TABLE `commission_m2n_media_image`
  ADD CONSTRAINT `commission_m2n_media_image_commission_id_commission_id` FOREIGN KEY (`commission_id`) REFERENCES `commission` (`id`),
  ADD CONSTRAINT `commission_m2n_media_image_media_image_id_media_id` FOREIGN KEY (`media_image_id`) REFERENCES `media` (`id`);

--
-- Constraints der Tabelle `commission_translation`
--
ALTER TABLE `commission_translation`
  ADD CONSTRAINT `commission_translation_id_commission_id` FOREIGN KEY (`id`) REFERENCES `commission` (`id`) ON DELETE CASCADE ON UPDATE CASCADE;

--
-- Constraints der Tabelle `content_box`
--
ALTER TABLE `content_box`
  ADD CONSTRAINT `content_box_action_id_action_id` FOREIGN KEY (`action_id`) REFERENCES `action` (`id`),
  ADD CONSTRAINT `content_box_media_image_id_media_id` FOREIGN KEY (`media_image_id`) REFERENCES `media` (`id`),
  ADD CONSTRAINT `content_box_rollover_media_image_id_media_id` FOREIGN KEY (`rollover_media_image_id`) REFERENCES `media` (`id`);

--
-- Constraints der Tabelle `content_box_translation`
--
ALTER TABLE `content_box_translation`
  ADD CONSTRAINT `content_box_translation_id_content_box_id` FOREIGN KEY (`id`) REFERENCES `content_box` (`id`) ON DELETE CASCADE ON UPDATE CASCADE;

--
-- Constraints der Tabelle `contract_type_translation`
--
ALTER TABLE `contract_type_translation`
  ADD CONSTRAINT `contract_type_translation_id_contract_type_id` FOREIGN KEY (`id`) REFERENCES `contract_type` (`id`) ON DELETE CASCADE ON UPDATE CASCADE;

--
-- Constraints der Tabelle `controller`
--
ALTER TABLE `controller`
  ADD CONSTRAINT `controller_module_id_module_id` FOREIGN KEY (`module_id`) REFERENCES `module` (`id`);

--
-- Constraints der Tabelle `country`
--
ALTER TABLE `country`
  ADD CONSTRAINT `country_territory_iso_nr_territory_iso_nr` FOREIGN KEY (`territory_iso_nr`) REFERENCES `territory` (`iso_nr`);

--
-- Constraints der Tabelle `country_translation`
--
ALTER TABLE `country_translation`
  ADD CONSTRAINT `country_translation_id_country_id` FOREIGN KEY (`id`) REFERENCES `country` (`id`) ON DELETE CASCADE ON UPDATE CASCADE;

--
-- Constraints der Tabelle `country_zone`
--
ALTER TABLE `country_zone`
  ADD CONSTRAINT `country_zone_country_iso_3_country_iso_3` FOREIGN KEY (`country_iso_3`) REFERENCES `country` (`iso_3`);

--
-- Constraints der Tabelle `country_zone_translation`
--
ALTER TABLE `country_zone_translation`
  ADD CONSTRAINT `country_zone_translation_id_country_zone_id` FOREIGN KEY (`id`) REFERENCES `country_zone` (`id`) ON DELETE CASCADE ON UPDATE CASCADE;

--
-- Constraints der Tabelle `coupon`
--
ALTER TABLE `coupon`
  ADD CONSTRAINT `coupon_entity_user_id_entity_id` FOREIGN KEY (`entity_user_id`) REFERENCES `entity` (`id`);

--
-- Constraints der Tabelle `coupon_history`
--
ALTER TABLE `coupon_history`
  ADD CONSTRAINT `coupon_history_coupon_id_coupon_id` FOREIGN KEY (`coupon_id`) REFERENCES `coupon` (`id`),
  ADD CONSTRAINT `coupon_history_product_order_id_product_order_id` FOREIGN KEY (`product_order_id`) REFERENCES `product_order` (`id`);

--
-- Constraints der Tabelle `cross_sell`
--
ALTER TABLE `cross_sell`
  ADD CONSTRAINT `cross_sell_product1_id_product_id` FOREIGN KEY (`product1_id`) REFERENCES `product` (`id`),
  ADD CONSTRAINT `cross_sell_product2_id_product_id` FOREIGN KEY (`product2_id`) REFERENCES `product` (`id`);

--
-- Constraints der Tabelle `currency_translation`
--
ALTER TABLE `currency_translation`
  ADD CONSTRAINT `currency_translation_id_currency_id` FOREIGN KEY (`id`) REFERENCES `currency` (`id`) ON DELETE CASCADE ON UPDATE CASCADE;

--
-- Constraints der Tabelle `dates`
--
ALTER TABLE `dates`
  ADD CONSTRAINT `dates_de_media_id_media_id` FOREIGN KEY (`de_media_id`) REFERENCES `media` (`id`),
  ADD CONSTRAINT `dates_de_presentation_media_id_media_id` FOREIGN KEY (`de_presentation_media_id`) REFERENCES `media` (`id`),
  ADD CONSTRAINT `dates_fr_media_id_media_id` FOREIGN KEY (`fr_media_id`) REFERENCES `media` (`id`),
  ADD CONSTRAINT `dates_fr_presentation_media_id_media_id` FOREIGN KEY (`fr_presentation_media_id`) REFERENCES `media` (`id`);

--
-- Constraints der Tabelle `dates_m2n_department`
--
ALTER TABLE `dates_m2n_department`
  ADD CONSTRAINT `dates_m2n_department_dates_id_dates_id` FOREIGN KEY (`dates_id`) REFERENCES `dates` (`id`),
  ADD CONSTRAINT `dates_m2n_department_department_id_department_id` FOREIGN KEY (`department_id`) REFERENCES `department` (`id`);

--
-- Constraints der Tabelle `dates_participants`
--
ALTER TABLE `dates_participants`
  ADD CONSTRAINT `dates_participants_date_id_dates_id` FOREIGN KEY (`date_id`) REFERENCES `dates` (`id`),
  ADD CONSTRAINT `dates_participants_user_id_entity_id` FOREIGN KEY (`user_id`) REFERENCES `entity` (`id`);

--
-- Constraints der Tabelle `dates_translation`
--
ALTER TABLE `dates_translation`
  ADD CONSTRAINT `dates_translation_id_dates_id` FOREIGN KEY (`id`) REFERENCES `dates` (`id`) ON DELETE CASCADE ON UPDATE CASCADE;

--
-- Constraints der Tabelle `delivery_time`
--
ALTER TABLE `delivery_time`
  ADD CONSTRAINT `delivery_time_address_id_address_id` FOREIGN KEY (`address_id`) REFERENCES `address` (`id`);

--
-- Constraints der Tabelle `department_translation`
--
ALTER TABLE `department_translation`
  ADD CONSTRAINT `department_translation_id_department_id` FOREIGN KEY (`id`) REFERENCES `department` (`id`) ON DELETE CASCADE ON UPDATE CASCADE;

--
-- Constraints der Tabelle `email_template_m2n_email_template_part`
--
ALTER TABLE `email_template_m2n_email_template_part`
  ADD CONSTRAINT `eeei` FOREIGN KEY (`email_template_id`) REFERENCES `email_template` (`id`),
  ADD CONSTRAINT `eeei_1` FOREIGN KEY (`email_template_part_id`) REFERENCES `email_template_part` (`id`);

--
-- Constraints der Tabelle `email_template_part_translation`
--
ALTER TABLE `email_template_part_translation`
  ADD CONSTRAINT `email_template_part_translation_id_email_template_part_id` FOREIGN KEY (`id`) REFERENCES `email_template_part` (`id`) ON DELETE CASCADE ON UPDATE CASCADE;

--
-- Constraints der Tabelle `email_template_translation`
--
ALTER TABLE `email_template_translation`
  ADD CONSTRAINT `email_template_translation_id_email_template_id` FOREIGN KEY (`id`) REFERENCES `email_template` (`id`) ON DELETE CASCADE ON UPDATE CASCADE;

--
-- Constraints der Tabelle `entity`
--
ALTER TABLE `entity`
  ADD CONSTRAINT `entity_billing_country_id_country_id` FOREIGN KEY (`billing_country_id`) REFERENCES `country` (`id`),
  ADD CONSTRAINT `entity_contract_type_id_contract_type_id` FOREIGN KEY (`contract_type_id`) REFERENCES `contract_type` (`id`),
  ADD CONSTRAINT `entity_country_id_country_id` FOREIGN KEY (`country_id`) REFERENCES `country` (`id`),
  ADD CONSTRAINT `entity_department_id_department_id` FOREIGN KEY (`department_id`) REFERENCES `department` (`id`),
  ADD CONSTRAINT `entity_kanton_id_kanton_id` FOREIGN KEY (`kanton_id`) REFERENCES `kanton` (`id`),
  ADD CONSTRAINT `entity_media_image_id_media_id` FOREIGN KEY (`media_image_id`) REFERENCES `media` (`id`),
  ADD CONSTRAINT `entity_parent_user_id_entity_id` FOREIGN KEY (`parent_user_id`) REFERENCES `entity` (`id`),
  ADD CONSTRAINT `entity_role_id_role_id` FOREIGN KEY (`role_id`) REFERENCES `role` (`id`),
  ADD CONSTRAINT `entity_sales_statistics_id_sales_statistics_id` FOREIGN KEY (`sales_statistics_id`) REFERENCES `sales_statistics` (`id`),
  ADD CONSTRAINT `entity_salutation_id_salutation_id` FOREIGN KEY (`salutation_id`) REFERENCES `salutation` (`id`);

--
-- Constraints der Tabelle `entity_log`
--
ALTER TABLE `entity_log`
  ADD CONSTRAINT `entity_log_entity_id_entity_id` FOREIGN KEY (`entity_id`) REFERENCES `entity` (`id`),
  ADD CONSTRAINT `entity_log_entity_log_message_id_entity_log_message_id` FOREIGN KEY (`entity_log_message_id`) REFERENCES `entity_log_message` (`id`);

--
-- Constraints der Tabelle `entity_model_list_config`
--
ALTER TABLE `entity_model_list_config`
  ADD CONSTRAINT `entity_model_list_config_entity_id_entity_id` FOREIGN KEY (`entity_id`) REFERENCES `entity` (`id`),
  ADD CONSTRAINT `entity_model_list_config_model_list_id_model_list_id` FOREIGN KEY (`model_list_id`) REFERENCES `model_list` (`id`);

--
-- Constraints der Tabelle `faq_translation`
--
ALTER TABLE `faq_translation`
  ADD CONSTRAINT `faq_translation_id_faq_id` FOREIGN KEY (`id`) REFERENCES `faq` (`id`) ON DELETE CASCADE ON UPDATE CASCADE;

--
-- Constraints der Tabelle `flyer`
--
ALTER TABLE `flyer`
  ADD CONSTRAINT `flyer_media_id_media_id` FOREIGN KEY (`media_id`) REFERENCES `media` (`id`),
  ADD CONSTRAINT `flyer_media_image_id_media_id` FOREIGN KEY (`media_image_id`) REFERENCES `media` (`id`);

--
-- Constraints der Tabelle `flyer_images`
--
ALTER TABLE `flyer_images`
  ADD CONSTRAINT `flyer_images_flyer_id_flyer_id` FOREIGN KEY (`flyer_id`) REFERENCES `flyer` (`id`),
  ADD CONSTRAINT `flyer_images_media_image_id_media_id` FOREIGN KEY (`media_image_id`) REFERENCES `media` (`id`);

--
-- Constraints der Tabelle `flyer_translation`
--
ALTER TABLE `flyer_translation`
  ADD CONSTRAINT `flyer_translation_id_flyer_id` FOREIGN KEY (`id`) REFERENCES `flyer` (`id`) ON DELETE CASCADE ON UPDATE CASCADE;

--
-- Constraints der Tabelle `image_config`
--
ALTER TABLE `image_config`
  ADD CONSTRAINT `image_config_media_image_id_media_id` FOREIGN KEY (`media_image_id`) REFERENCES `media` (`id`);

--
-- Constraints der Tabelle `info_page`
--
ALTER TABLE `info_page`
  ADD CONSTRAINT `info_page_info_page_id_info_page_id` FOREIGN KEY (`info_page_id`) REFERENCES `info_page` (`id`);

--
-- Constraints der Tabelle `info_page_translation`
--
ALTER TABLE `info_page_translation`
  ADD CONSTRAINT `info_page_translation_id_info_page_id` FOREIGN KEY (`id`) REFERENCES `info_page` (`id`) ON DELETE CASCADE ON UPDATE CASCADE;

--
-- Constraints der Tabelle `kanton`
--
ALTER TABLE `kanton`
  ADD CONSTRAINT `kanton_sales_statistics_id_sales_statistics_id` FOREIGN KEY (`sales_statistics_id`) REFERENCES `sales_statistics` (`id`);

--
-- Constraints der Tabelle `language`
--
ALTER TABLE `language`
  ADD CONSTRAINT `language_country_iso_2_country_iso_2` FOREIGN KEY (`country_iso_2`) REFERENCES `country` (`iso_2`);

--
-- Constraints der Tabelle `language_translation`
--
ALTER TABLE `language_translation`
  ADD CONSTRAINT `language_translation_id_language_id` FOREIGN KEY (`id`) REFERENCES `language` (`id`) ON DELETE CASCADE ON UPDATE CASCADE;

--
-- Constraints der Tabelle `media`
--
ALTER TABLE `media`
  ADD CONSTRAINT `media_entity_id_entity_id` FOREIGN KEY (`entity_id`) REFERENCES `entity` (`id`),
  ADD CONSTRAINT `media_media_folder_id_media_folder_id` FOREIGN KEY (`media_folder_id`) REFERENCES `media_folder` (`id`),
  ADD CONSTRAINT `media_media_image_id_media_id` FOREIGN KEY (`media_image_id`) REFERENCES `media` (`id`),
  ADD CONSTRAINT `media_media_type_id_media_type_id` FOREIGN KEY (`media_type_id`) REFERENCES `media_type` (`id`),
  ADD CONSTRAINT `media_role_id_role_id` FOREIGN KEY (`role_id`) REFERENCES `role` (`id`);

--
-- Constraints der Tabelle `media_config`
--
ALTER TABLE `media_config`
  ADD CONSTRAINT `media_config_media_id_media_id` FOREIGN KEY (`media_id`) REFERENCES `media` (`id`);

--
-- Constraints der Tabelle `media_folder`
--
ALTER TABLE `media_folder`
  ADD CONSTRAINT `media_folder_media_folder_id_media_folder_id` FOREIGN KEY (`media_folder_id`) REFERENCES `media_folder` (`id`);

--
-- Constraints der Tabelle `media_image_m2n_action`
--
ALTER TABLE `media_image_m2n_action`
  ADD CONSTRAINT `media_image_m2n_action_action_id_action_id` FOREIGN KEY (`action_id`) REFERENCES `action` (`id`),
  ADD CONSTRAINT `media_image_m2n_action_media_image_id_media_id` FOREIGN KEY (`media_image_id`) REFERENCES `media` (`id`);

--
-- Constraints der Tabelle `media_image_m2n_action_translation`
--
ALTER TABLE `media_image_m2n_action_translation`
  ADD CONSTRAINT `media_image_m2n_action_translation_id_media_image_m2n_action_id` FOREIGN KEY (`id`) REFERENCES `media_image_m2n_action` (`id`) ON DELETE CASCADE ON UPDATE CASCADE;

--
-- Constraints der Tabelle `media_image_m2n_info_page`
--
ALTER TABLE `media_image_m2n_info_page`
  ADD CONSTRAINT `media_image_m2n_info_page_info_page_id_info_page_id` FOREIGN KEY (`info_page_id`) REFERENCES `info_page` (`id`),
  ADD CONSTRAINT `media_image_m2n_info_page_media_image_id_media_id` FOREIGN KEY (`media_image_id`) REFERENCES `media` (`id`);

--
-- Constraints der Tabelle `media_translation`
--
ALTER TABLE `media_translation`
  ADD CONSTRAINT `media_translation_id_media_id` FOREIGN KEY (`id`) REFERENCES `media` (`id`) ON DELETE CASCADE ON UPDATE CASCADE;

--
-- Constraints der Tabelle `media_type_translation`
--
ALTER TABLE `media_type_translation`
  ADD CONSTRAINT `media_type_translation_id_media_type_id` FOREIGN KEY (`id`) REFERENCES `media_type` (`id`) ON DELETE CASCADE ON UPDATE CASCADE;

--
-- Constraints der Tabelle `model_column_name`
--
ALTER TABLE `model_column_name`
  ADD CONSTRAINT `mmmi_1` FOREIGN KEY (`model_column_name_edit_as_id`) REFERENCES `model_column_name_edit_as` (`id`),
  ADD CONSTRAINT `model_column_name_model_name_id_model_name_id` FOREIGN KEY (`model_name_id`) REFERENCES `model_name` (`id`);

--
-- Constraints der Tabelle `model_column_name_translation`
--
ALTER TABLE `model_column_name_translation`
  ADD CONSTRAINT `model_column_name_translation_id_model_column_name_id` FOREIGN KEY (`id`) REFERENCES `model_column_name` (`id`) ON DELETE CASCADE ON UPDATE CASCADE;

--
-- Constraints der Tabelle `model_list_column`
--
ALTER TABLE `model_list_column`
  ADD CONSTRAINT `mmmi` FOREIGN KEY (`model_list_connection_id`) REFERENCES `model_list_connection` (`id`),
  ADD CONSTRAINT `model_list_column_model_column_name_id_model_column_name_id` FOREIGN KEY (`model_column_name_id`) REFERENCES `model_column_name` (`id`),
  ADD CONSTRAINT `model_list_column_model_list_id_model_list_id` FOREIGN KEY (`model_list_id`) REFERENCES `model_list` (`id`);

--
-- Constraints der Tabelle `model_list_column_export`
--
ALTER TABLE `model_list_column_export`
  ADD CONSTRAINT `mmmi_3` FOREIGN KEY (`model_list_export_id`) REFERENCES `model_list_export` (`id`);

--
-- Constraints der Tabelle `model_list_connection`
--
ALTER TABLE `model_list_connection`
  ADD CONSTRAINT `model_list_connection_model_name_id_model_name_id` FOREIGN KEY (`model_name_id`) REFERENCES `model_name` (`id`);

--
-- Constraints der Tabelle `model_list_edit_ignore`
--
ALTER TABLE `model_list_edit_ignore`
  ADD CONSTRAINT `model_list_edit_ignore_model_column_name_id_model_column_name_id` FOREIGN KEY (`model_column_name_id`) REFERENCES `model_column_name` (`id`),
  ADD CONSTRAINT `model_list_edit_ignore_model_list_id_model_list_id` FOREIGN KEY (`model_list_id`) REFERENCES `model_list` (`id`);

--
-- Constraints der Tabelle `model_list_export`
--
ALTER TABLE `model_list_export`
  ADD CONSTRAINT `model_list_export_entity_id_entity_id` FOREIGN KEY (`entity_id`) REFERENCES `entity` (`id`),
  ADD CONSTRAINT `model_list_export_model_list_id_model_list_id` FOREIGN KEY (`model_list_id`) REFERENCES `model_list` (`id`);

--
-- Constraints der Tabelle `model_list_translation`
--
ALTER TABLE `model_list_translation`
  ADD CONSTRAINT `model_list_translation_id_model_list_id` FOREIGN KEY (`id`) REFERENCES `model_list` (`id`) ON DELETE CASCADE ON UPDATE CASCADE;

--
-- Constraints der Tabelle `model_list_where`
--
ALTER TABLE `model_list_where`
  ADD CONSTRAINT `mmmi_2` FOREIGN KEY (`model_list_connection_id`) REFERENCES `model_list_connection` (`id`),
  ADD CONSTRAINT `model_list_where_model_column_name_id_model_column_name_id` FOREIGN KEY (`model_column_name_id`) REFERENCES `model_column_name` (`id`),
  ADD CONSTRAINT `model_list_where_model_list_id_model_list_id` FOREIGN KEY (`model_list_id`) REFERENCES `model_list` (`id`);

--
-- Constraints der Tabelle `model_marked_for_editor`
--
ALTER TABLE `model_marked_for_editor`
  ADD CONSTRAINT `model_marked_for_editor_entity_id_entity_id` FOREIGN KEY (`entity_id`) REFERENCES `entity` (`id`),
  ADD CONSTRAINT `model_marked_for_editor_model_name_id_model_name_id` FOREIGN KEY (`model_name_id`) REFERENCES `model_name` (`id`);

--
-- Constraints der Tabelle `navigation`
--
ALTER TABLE `navigation`
  ADD CONSTRAINT `navigation_action_resource_action_resource` FOREIGN KEY (`action_resource`) REFERENCES `action` (`resource`),
  ADD CONSTRAINT `navigation_navigation_id_navigation_id` FOREIGN KEY (`navigation_id`) REFERENCES `navigation` (`id`),
  ADD CONSTRAINT `navigation_role_short_role_short` FOREIGN KEY (`role_short`) REFERENCES `role` (`short`);

--
-- Constraints der Tabelle `news`
--
ALTER TABLE `news`
  ADD CONSTRAINT `news_de_media_id_media_id` FOREIGN KEY (`de_media_id`) REFERENCES `media` (`id`),
  ADD CONSTRAINT `news_de_presentation_media_id_media_id` FOREIGN KEY (`de_presentation_media_id`) REFERENCES `media` (`id`),
  ADD CONSTRAINT `news_fr_media_id_media_id` FOREIGN KEY (`fr_media_id`) REFERENCES `media` (`id`),
  ADD CONSTRAINT `news_fr_presentation_media_id_media_id` FOREIGN KEY (`fr_presentation_media_id`) REFERENCES `media` (`id`);

--
-- Constraints der Tabelle `newsletter`
--
ALTER TABLE `newsletter`
  ADD CONSTRAINT `newsletter_media_id_media_id` FOREIGN KEY (`media_id`) REFERENCES `media` (`id`);

--
-- Constraints der Tabelle `newsletter_subscriber`
--
ALTER TABLE `newsletter_subscriber`
  ADD CONSTRAINT `newsletter_subscriber_salutation_id_salutation_id` FOREIGN KEY (`salutation_id`) REFERENCES `salutation` (`id`),
  ADD CONSTRAINT `nnni` FOREIGN KEY (`newsletter_subscriber_type_id`) REFERENCES `newsletter_subscriber_type` (`id`);

--
-- Constraints der Tabelle `newsletter_translation`
--
ALTER TABLE `newsletter_translation`
  ADD CONSTRAINT `newsletter_translation_id_newsletter_id` FOREIGN KEY (`id`) REFERENCES `newsletter` (`id`) ON DELETE CASCADE ON UPDATE CASCADE;

--
-- Constraints der Tabelle `news_m2n_department`
--
ALTER TABLE `news_m2n_department`
  ADD CONSTRAINT `news_m2n_department_department_id_department_id` FOREIGN KEY (`department_id`) REFERENCES `department` (`id`),
  ADD CONSTRAINT `news_m2n_department_news_id_news_id` FOREIGN KEY (`news_id`) REFERENCES `news` (`id`);

--
-- Constraints der Tabelle `news_translation`
--
ALTER TABLE `news_translation`
  ADD CONSTRAINT `news_translation_id_news_id` FOREIGN KEY (`id`) REFERENCES `news` (`id`) ON DELETE CASCADE ON UPDATE CASCADE;

--
-- Constraints der Tabelle `otc`
--
ALTER TABLE `otc`
  ADD CONSTRAINT `otc_de_media_id_media_id` FOREIGN KEY (`de_media_id`) REFERENCES `media` (`id`),
  ADD CONSTRAINT `otc_de_presentation_media_id_media_id` FOREIGN KEY (`de_presentation_media_id`) REFERENCES `media` (`id`),
  ADD CONSTRAINT `otc_fr_media_id_media_id` FOREIGN KEY (`fr_media_id`) REFERENCES `media` (`id`),
  ADD CONSTRAINT `otc_fr_presentation_media_id_media_id` FOREIGN KEY (`fr_presentation_media_id`) REFERENCES `media` (`id`);

--
-- Constraints der Tabelle `otc_m2n_department`
--
ALTER TABLE `otc_m2n_department`
  ADD CONSTRAINT `otc_m2n_department_department_id_department_id` FOREIGN KEY (`department_id`) REFERENCES `department` (`id`),
  ADD CONSTRAINT `otc_m2n_department_otc_id_otc_id` FOREIGN KEY (`otc_id`) REFERENCES `otc` (`id`);

--
-- Constraints der Tabelle `otc_translation`
--
ALTER TABLE `otc_translation`
  ADD CONSTRAINT `otc_translation_id_otc_id` FOREIGN KEY (`id`) REFERENCES `otc` (`id`) ON DELETE CASCADE ON UPDATE CASCADE;

--
-- Constraints der Tabelle `param_translator_translation`
--
ALTER TABLE `param_translator_translation`
  ADD CONSTRAINT `param_translator_translation_id_param_translator_id` FOREIGN KEY (`id`) REFERENCES `param_translator` (`id`) ON DELETE CASCADE ON UPDATE CASCADE;

--
-- Constraints der Tabelle `payment_service`
--
ALTER TABLE `payment_service`
  ADD CONSTRAINT `payment_service_media_image_id_media_id` FOREIGN KEY (`media_image_id`) REFERENCES `media` (`id`);

--
-- Constraints der Tabelle `payment_service_translation`
--
ALTER TABLE `payment_service_translation`
  ADD CONSTRAINT `payment_service_translation_id_payment_service_id` FOREIGN KEY (`id`) REFERENCES `payment_service` (`id`) ON DELETE CASCADE ON UPDATE CASCADE;

--
-- Constraints der Tabelle `producer`
--
ALTER TABLE `producer`
  ADD CONSTRAINT `producer_media_image_id_media_id` FOREIGN KEY (`media_image_id`) REFERENCES `media` (`id`);

--
-- Constraints der Tabelle `product`
--
ALTER TABLE `product`
  ADD CONSTRAINT `product_media_id_media_id` FOREIGN KEY (`media_id`) REFERENCES `media` (`id`),
  ADD CONSTRAINT `product_media_image_id_media_id` FOREIGN KEY (`media_image_id`) REFERENCES `media` (`id`),
  ADD CONSTRAINT `product_producer_id_producer_id` FOREIGN KEY (`producer_id`) REFERENCES `producer` (`id`),
  ADD CONSTRAINT `product_product_status_id_product_status_id` FOREIGN KEY (`product_status_id`) REFERENCES `product_status` (`id`),
  ADD CONSTRAINT `product_product_unit_id_product_unit_id` FOREIGN KEY (`product_unit_id`) REFERENCES `product_unit` (`id`),
  ADD CONSTRAINT `product_refund_id_refund_id` FOREIGN KEY (`refund_id`) REFERENCES `refund` (`id`),
  ADD CONSTRAINT `product_taxes_id_taxes_id` FOREIGN KEY (`taxes_id`) REFERENCES `taxes` (`id`);

--
-- Constraints der Tabelle `products_options`
--
ALTER TABLE `products_options`
  ADD CONSTRAINT `products_options_product_id_product_id` FOREIGN KEY (`product_id`) REFERENCES `product` (`id`),
  ADD CONSTRAINT `products_options_product_options_id_product_options_id` FOREIGN KEY (`product_options_id`) REFERENCES `product_options` (`id`);

--
-- Constraints der Tabelle `product_group`
--
ALTER TABLE `product_group`
  ADD CONSTRAINT `product_group_media_image_id_media_id` FOREIGN KEY (`media_image_id`) REFERENCES `media` (`id`),
  ADD CONSTRAINT `product_group_product_group_id_product_group_id` FOREIGN KEY (`product_group_id`) REFERENCES `product_group` (`id`),
  ADD CONSTRAINT `product_group_small_media_image_id_media_id` FOREIGN KEY (`small_media_image_id`) REFERENCES `media` (`id`);

--
-- Constraints der Tabelle `product_group_translation`
--
ALTER TABLE `product_group_translation`
  ADD CONSTRAINT `product_group_translation_id_product_group_id` FOREIGN KEY (`id`) REFERENCES `product_group` (`id`) ON DELETE CASCADE ON UPDATE CASCADE;

--
-- Constraints der Tabelle `product_information_translation`
--
ALTER TABLE `product_information_translation`
  ADD CONSTRAINT `product_information_translation_id_product_information_id` FOREIGN KEY (`id`) REFERENCES `product_information` (`id`) ON DELETE CASCADE ON UPDATE CASCADE;

--
-- Constraints der Tabelle `product_m2n_media_image`
--
ALTER TABLE `product_m2n_media_image`
  ADD CONSTRAINT `product_m2n_media_image_media_image_id_media_id` FOREIGN KEY (`media_image_id`) REFERENCES `media` (`id`),
  ADD CONSTRAINT `product_m2n_media_image_product_id_product_id` FOREIGN KEY (`product_id`) REFERENCES `product` (`id`);

--
-- Constraints der Tabelle `product_m2n_product_group`
--
ALTER TABLE `product_m2n_product_group`
  ADD CONSTRAINT `product_m2n_product_group_product_group_id_product_group_id` FOREIGN KEY (`product_group_id`) REFERENCES `product_group` (`id`),
  ADD CONSTRAINT `product_m2n_product_group_product_id_product_id` FOREIGN KEY (`product_id`) REFERENCES `product` (`id`);

--
-- Constraints der Tabelle `product_m2n_product_option_model`
--
ALTER TABLE `product_m2n_product_option_model`
  ADD CONSTRAINT `pppi` FOREIGN KEY (`product_option_model_id`) REFERENCES `product_option_model` (`id`),
  ADD CONSTRAINT `product_m2n_product_option_model_product_id_product_id` FOREIGN KEY (`product_id`) REFERENCES `product` (`id`);

--
-- Constraints der Tabelle `product_m2n_product_option_model_values`
--
ALTER TABLE `product_m2n_product_option_model_values`
  ADD CONSTRAINT `pppi_2` FOREIGN KEY (`product_m2n_product_option_model_id`) REFERENCES `product_m2n_product_option_model` (`id`);

--
-- Constraints der Tabelle `product_m2n_tag`
--
ALTER TABLE `product_m2n_tag`
  ADD CONSTRAINT `product_m2n_tag_product_id_product_id` FOREIGN KEY (`product_id`) REFERENCES `product` (`id`),
  ADD CONSTRAINT `product_m2n_tag_tag_id_tag_id` FOREIGN KEY (`tag_id`) REFERENCES `tag` (`id`);

--
-- Constraints der Tabelle `product_options_m2n_product_option_items`
--
ALTER TABLE `product_options_m2n_product_option_items`
  ADD CONSTRAINT `pppi_3` FOREIGN KEY (`product_options_id`) REFERENCES `product_options` (`id`),
  ADD CONSTRAINT `pppi_4` FOREIGN KEY (`product_option_items_id`) REFERENCES `product_option_items` (`id`);

--
-- Constraints der Tabelle `product_options_translation`
--
ALTER TABLE `product_options_translation`
  ADD CONSTRAINT `product_options_translation_id_product_options_id` FOREIGN KEY (`id`) REFERENCES `product_options` (`id`) ON DELETE CASCADE ON UPDATE CASCADE;

--
-- Constraints der Tabelle `product_option_items`
--
ALTER TABLE `product_option_items`
  ADD CONSTRAINT `product_option_items_media_image_id_media_id` FOREIGN KEY (`media_image_id`) REFERENCES `media` (`id`);

--
-- Constraints der Tabelle `product_option_items_translation`
--
ALTER TABLE `product_option_items_translation`
  ADD CONSTRAINT `product_option_items_translation_id_product_option_items_id` FOREIGN KEY (`id`) REFERENCES `product_option_items` (`id`) ON DELETE CASCADE ON UPDATE CASCADE;

--
-- Constraints der Tabelle `product_option_model`
--
ALTER TABLE `product_option_model`
  ADD CONSTRAINT `product_option_model_model_name_id_model_name_id` FOREIGN KEY (`model_name_id`) REFERENCES `model_name` (`id`);

--
-- Constraints der Tabelle `product_option_model_translation`
--
ALTER TABLE `product_option_model_translation`
  ADD CONSTRAINT `product_option_model_translation_id_product_option_model_id` FOREIGN KEY (`id`) REFERENCES `product_option_model` (`id`) ON DELETE CASCADE ON UPDATE CASCADE;

--
-- Constraints der Tabelle `product_order`
--
ALTER TABLE `product_order`
  ADD CONSTRAINT `product_order_billing_country_id_country_id` FOREIGN KEY (`billing_country_id`) REFERENCES `country` (`id`),
  ADD CONSTRAINT `product_order_coupon_id_coupon_id` FOREIGN KEY (`coupon_id`) REFERENCES `coupon` (`id`),
  ADD CONSTRAINT `product_order_delivery_country_id_country_id` FOREIGN KEY (`delivery_country_id`) REFERENCES `country` (`id`),
  ADD CONSTRAINT `product_order_entity_user_id_entity_id` FOREIGN KEY (`entity_user_id`) REFERENCES `entity` (`id`),
  ADD CONSTRAINT `product_order_payment_service_id_payment_service_id` FOREIGN KEY (`payment_service_id`) REFERENCES `payment_service` (`id`);

--
-- Constraints der Tabelle `product_order_item`
--
ALTER TABLE `product_order_item`
  ADD CONSTRAINT `product_order_item_media_id_media_id` FOREIGN KEY (`media_id`) REFERENCES `media` (`id`),
  ADD CONSTRAINT `product_order_item_media_image_id_media_id` FOREIGN KEY (`media_image_id`) REFERENCES `media` (`id`),
  ADD CONSTRAINT `product_order_item_product_order_id_product_order_id` FOREIGN KEY (`product_order_id`) REFERENCES `product_order` (`id`);

--
-- Constraints der Tabelle `product_order_item_units`
--
ALTER TABLE `product_order_item_units`
  ADD CONSTRAINT `pppi_1` FOREIGN KEY (`product_order_item_id`) REFERENCES `product_order_item` (`id`);

--
-- Constraints der Tabelle `product_rating`
--
ALTER TABLE `product_rating`
  ADD CONSTRAINT `product_rating_product_id_product_id` FOREIGN KEY (`product_id`) REFERENCES `product` (`id`);

--
-- Constraints der Tabelle `product_status_translation`
--
ALTER TABLE `product_status_translation`
  ADD CONSTRAINT `product_status_translation_id_product_status_id` FOREIGN KEY (`id`) REFERENCES `product_status` (`id`) ON DELETE CASCADE ON UPDATE CASCADE;

--
-- Constraints der Tabelle `product_translation`
--
ALTER TABLE `product_translation`
  ADD CONSTRAINT `product_translation_id_product_id` FOREIGN KEY (`id`) REFERENCES `product` (`id`) ON DELETE CASCADE ON UPDATE CASCADE;

--
-- Constraints der Tabelle `product_unit_translation`
--
ALTER TABLE `product_unit_translation`
  ADD CONSTRAINT `product_unit_translation_id_product_unit_id` FOREIGN KEY (`id`) REFERENCES `product_unit` (`id`) ON DELETE CASCADE ON UPDATE CASCADE;

--
-- Constraints der Tabelle `protocol`
--
ALTER TABLE `protocol`
  ADD CONSTRAINT `protocol_commission_id_commission_id` FOREIGN KEY (`commission_id`) REFERENCES `commission` (`id`),
  ADD CONSTRAINT `protocol_de_media_id_media_id` FOREIGN KEY (`de_media_id`) REFERENCES `media` (`id`),
  ADD CONSTRAINT `protocol_de_presentation_media_id_media_id` FOREIGN KEY (`de_presentation_media_id`) REFERENCES `media` (`id`),
  ADD CONSTRAINT `protocol_fr_media_id_media_id` FOREIGN KEY (`fr_media_id`) REFERENCES `media` (`id`),
  ADD CONSTRAINT `protocol_fr_presentation_media_id_media_id` FOREIGN KEY (`fr_presentation_media_id`) REFERENCES `media` (`id`);

--
-- Constraints der Tabelle `protocol_m2n_department`
--
ALTER TABLE `protocol_m2n_department`
  ADD CONSTRAINT `protocol_m2n_department_department_id_department_id` FOREIGN KEY (`department_id`) REFERENCES `department` (`id`),
  ADD CONSTRAINT `protocol_m2n_department_protocol_id_protocol_id` FOREIGN KEY (`protocol_id`) REFERENCES `protocol` (`id`);

--
-- Constraints der Tabelle `protocol_translation`
--
ALTER TABLE `protocol_translation`
  ADD CONSTRAINT `protocol_translation_id_protocol_id` FOREIGN KEY (`id`) REFERENCES `protocol` (`id`) ON DELETE CASCADE ON UPDATE CASCADE;

--
-- Constraints der Tabelle `remember_media_folder`
--
ALTER TABLE `remember_media_folder`
  ADD CONSTRAINT `remember_media_folder_entity_id_entity_id` FOREIGN KEY (`entity_id`) REFERENCES `entity` (`id`),
  ADD CONSTRAINT `remember_media_folder_media_folder_id_media_folder_id` FOREIGN KEY (`media_folder_id`) REFERENCES `media_folder` (`id`),
  ADD CONSTRAINT `remember_media_folder_model_column_name_id_model_column_name_id` FOREIGN KEY (`model_column_name_id`) REFERENCES `model_column_name` (`id`);

--
-- Constraints der Tabelle `resource_translator_translation`
--
ALTER TABLE `resource_translator_translation`
  ADD CONSTRAINT `resource_translator_translation_id_resource_translator_id` FOREIGN KEY (`id`) REFERENCES `resource_translator` (`id`) ON DELETE CASCADE ON UPDATE CASCADE;

--
-- Constraints der Tabelle `role`
--
ALTER TABLE `role`
  ADD CONSTRAINT `role_role_id_role_id` FOREIGN KEY (`role_id`) REFERENCES `role` (`id`);

--
-- Constraints der Tabelle `role_translation`
--
ALTER TABLE `role_translation`
  ADD CONSTRAINT `role_translation_id_role_id` FOREIGN KEY (`id`) REFERENCES `role` (`id`) ON DELETE CASCADE ON UPDATE CASCADE;

--
-- Constraints der Tabelle `sales_statistics`
--
ALTER TABLE `sales_statistics`
  ADD CONSTRAINT `sales_statistics_media_image_id_media_id` FOREIGN KEY (`media_image_id`) REFERENCES `media` (`id`);

--
-- Constraints der Tabelle `sales_statistics_translation`
--
ALTER TABLE `sales_statistics_translation`
  ADD CONSTRAINT `sales_statistics_translation_id_sales_statistics_id` FOREIGN KEY (`id`) REFERENCES `sales_statistics` (`id`) ON DELETE CASCADE ON UPDATE CASCADE;

--
-- Constraints der Tabelle `salutation_translation`
--
ALTER TABLE `salutation_translation`
  ADD CONSTRAINT `salutation_translation_id_salutation_id` FOREIGN KEY (`id`) REFERENCES `salutation` (`id`) ON DELETE CASCADE ON UPDATE CASCADE;

--
-- Constraints der Tabelle `shipping_country`
--
ALTER TABLE `shipping_country`
  ADD CONSTRAINT `shipping_country_country_id_country_id` FOREIGN KEY (`country_id`) REFERENCES `country` (`id`);

--
-- Constraints der Tabelle `site_rights_translation`
--
ALTER TABLE `site_rights_translation`
  ADD CONSTRAINT `site_rights_translation_id_site_rights_id` FOREIGN KEY (`id`) REFERENCES `site_rights` (`id`) ON DELETE CASCADE ON UPDATE CASCADE;

--
-- Constraints der Tabelle `team`
--
ALTER TABLE `team`
  ADD CONSTRAINT `team_media_image_id_media_id` FOREIGN KEY (`media_image_id`) REFERENCES `media` (`id`);

--
-- Constraints der Tabelle `team_translation`
--
ALTER TABLE `team_translation`
  ADD CONSTRAINT `team_translation_id_team_id` FOREIGN KEY (`id`) REFERENCES `team` (`id`) ON DELETE CASCADE ON UPDATE CASCADE;

--
-- Constraints der Tabelle `temporary_offer`
--
ALTER TABLE `temporary_offer`
  ADD CONSTRAINT `temporary_offer_product_id_product_id` FOREIGN KEY (`product_id`) REFERENCES `product` (`id`);

--
-- Constraints der Tabelle `territory`
--
ALTER TABLE `territory`
  ADD CONSTRAINT `territory_territory_iso_nr_territory_iso_nr` FOREIGN KEY (`territory_iso_nr`) REFERENCES `territory` (`iso_nr`);

--
-- Constraints der Tabelle `territory_translation`
--
ALTER TABLE `territory_translation`
  ADD CONSTRAINT `territory_translation_id_territory_id` FOREIGN KEY (`id`) REFERENCES `territory` (`id`) ON DELETE CASCADE ON UPDATE CASCADE;

--
-- Constraints der Tabelle `translator_translation`
--
ALTER TABLE `translator_translation`
  ADD CONSTRAINT `translator_translation_id_translator_id` FOREIGN KEY (`id`) REFERENCES `translator` (`id`) ON DELETE CASCADE ON UPDATE CASCADE;

/*!40101 SET CHARACTER_SET_CLIENT=@OLD_CHARACTER_SET_CLIENT */;
/*!40101 SET CHARACTER_SET_RESULTS=@OLD_CHARACTER_SET_RESULTS */;
/*!40101 SET COLLATION_CONNECTION=@OLD_COLLATION_CONNECTION */;
